ID, Time, Theta_1, Theta_2, D_Theta_1, D_Theta_2, DD_Theta_1, DD_Theta_2, Torque_1, Torque_2, Theta_N_1, Theta_N_2
1, 0.0, 1.1653832963277695, -0.1282452257157422, -0.0663612702844344, -0.003319121639061692, -6.636127028443434, -0.33191216390616884, 1.0999989553646305, 0.2885607353690385, 1.1653806601906689, -0.1282462137292349
2, 0.010002177700348431, 1.164387877273503, -0.12829501254032813, -0.1327225405688688, -0.006638243278123384, -6.636127028443434, -0.33191216390616884, 1.070841974926789, 0.28774981122660787, 1.1643881241596894, -0.12829396517118313
3, 0.020004355400696863, 1.162728845516392, -0.12837799058130467, -0.1990838108533032, -0.009957364917185076, -6.636127028443434, -0.33191216390616884, 1.0443632383930554, 0.28750337476384025, 1.1627293266143137, -0.1283780687761522
4, 0.030006533101045292, 1.1604062010564369, -0.12849415983867182, -0.2654450811377376, -0.013276486556246768, -6.636127028443434, -0.33191216390616884, 1.020556425274397, 0.28781951334194, 1.1604052710529227, -0.12849366389670444
5, 0.040008710801393725, 1.1574199438936374, -0.12864352031242962, -0.331806351422172, -0.016595608195308458, -6.636127028443434, -0.33191216390616884, 0.9994126236768544, 0.28869553432656314, 1.1574191592303136, -0.12864318225886182
6, 0.05001088850174216, 1.1537700740279935, -0.128826072002578, -0.3981676217066064, -0.019914729834370152, -6.636127028443434, -0.33191216390616884, 0.9809202672618808, 0.2901279502001678, 1.1537694740224185, -0.12882600444668255
7, 0.060013066202090584, 1.1494565914595052, -0.129041814909117, -0.4645288919910408, -0.023233851473431842, -6.636127028443434, -0.33191216390616884, 0.9650650544401501, 0.2921124594962001, 1.1494568354509984, -0.12904189210430994
8, 0.07001524390243902, 1.1444794961881726, -0.12929074903204665, -0.5308901622754753, -0.026552973112493536, -6.636127028443434, -0.33191216390616884, 0.9518298499866416, 0.29464392361277153, 1.1444788139670568, -0.12928923958330737
9, 0.08001742160278745, 1.1388387882139956, -0.1295728743713669, -0.5972514325599096, -0.029872094751555226, -6.636127028443434, -0.33191216390616884, 0.9411945693112134, 0.2977163395774825, 1.1388400688142908, -0.1295730773884528
10, 0.09001959930313588, 1.1325344675369744, -0.12988819092707773, -0.663612702844344, -0.033191216390616916, -6.636127028443434, -0.33191216390616884, 0.9331360456680666, 0.30132280884975216, 1.13253337895006, -0.12988696026304739
11, 0.10002177700348432, 1.1255665341571088, -0.13023669869917923, -0.7299739731287785, -0.03651033802967861, -6.636127028443434, -0.33191216390616884, 0.9276278806399236, 0.3054555022625289, 1.1255665561631343, -0.13023653382070596
12, 0.11002395470383275, 1.1179349880743987, -0.1306183976876713, -0.7963352434132128, -0.039829459668740304, -6.636127028443434, -0.33191216390616884, 0.9246402782888969, 0.3101056212217243, 1.1179349036189783, -0.13061724020760154
13, 0.12002613240418117, 1.1096398292888445, -0.13103328789255403, -0.8626965136976473, -0.04314858130780199, -6.636127028443434, -0.33191216390616884, 0.9241398634263516, 0.3152633552992137, 1.1096389117124563, -0.13103255218299523
14, 0.13002831010452962, 1.1006810578004458, -0.13148136931382737, -0.9290577839820816, -0.046467702946863684, -6.636127028443434, -0.33191216390616884, 0.9260894845189802, 0.3209178363739064, 1.100681717244159, -0.13148168800582066
15, 0.14003048780487803, 1.091058673609203, -0.1319626419514913, -0.9954190542665161, -0.04978682458592538, -6.636127028443434, -0.33191216390616884, 0.930448001818247, 0.3270570894952999, 1.0910585246404747, -0.13196231719084645
16, 0.15003266550522648, 1.0807726767151156, -0.13247710580554586, -1.0617803245509505, -0.05310594622498707, -6.636127028443434, -0.33191216390616884, 0.937170061375682, 0.33366798066516956, 1.0807709958406477, -0.132476985143811
17, 0.1600348432055749, 1.0698230671181839, -0.13302476087599105, -1.128141594835385, -0.05642506786404876, -6.636127028443434, -0.33191216390616884, 0.946205855687578, 0.34073616175571264, 1.0698233388252107, -0.13302408146934433
18, 0.17003702090592332, 1.0582098448184079, -0.13360560716282685, -1.1945028651198193, -0.05974418950311045, -6.636127028443434, -0.33191216390616884, 0.9575008717998319, 0.34824601280662176, 1.0582107689217997, -0.13360476835876517
19, 0.18003919860627177, 1.0459330098157875, -0.13421964466605327, -1.2608641354042538, -0.06306331114217215, -6.636127028443434, -0.33191216390616884, 0.9709956277971308, 0.3561805819692473, 1.045934156356038, -0.13421870228835137
20, 0.19004137630662019, 1.0329925621103226, -0.1348668733856703, -1.327225405688688, -0.06638243278123383, -6.636127028443434, -0.33191216390616884, 0.9866253987008452, 0.36452152339331245, 1.0329923506927383, -0.13486817265207973
21, 0.20004355400696863, 1.0193885017020137, -0.13554729332167795, -1.3935866759731224, -0.06970155442029553, -6.636127028443434, -0.33191216390616884, 1.004319932906868, 0.37324903338054494, 1.019388404715169, -0.1355477261211373
22, 0.21004573170731705, 1.0051208285908602, -0.1362609044740762, -1.459947946257557, -0.07302067605935722, -6.636127028443434, -0.33191216390616884, 1.0240031604085331, 0.3823417851601517, 1.005122603313394, -0.13626081775390322
23, 0.2200479094076655, 0.9901895427768626, -0.1370077068428651, -1.5263092165419914, -0.07633979769841891, -6.636127028443434, -0.33191216390616884, 1.0455928941705834, 0.3917768626732363, 0.9901880268465787, -0.1370057728165117
24, 0.23005008710801392, 0.9745946442600204, -0.13778770042804458, -1.5926704868264256, -0.07965891933748061, -6.636127028443434, -0.33191216390616884, 1.0690005261481144, 0.4015296937870703, 0.9745942286350431, -0.1377884111703044
25, 0.24005226480836234, 0.9583361330403339, -0.1386008852296147, -1.65903175711086, -0.08297804097654228, -6.636127028443434, -0.33191216390616884, 1.094130719579325, 0.4115739833954912, 0.9583360418864689, -0.13859826241184234
26, 0.2500544425087108, 0.9414140091178032, -0.13944726124757542, -1.7253930273952947, -0.08629716261560398, -6.636127028443434, -0.33191216390616884, 1.1208810993226996, 0.42188164689857716, 0.9414138640579686, -0.13944759550481606
27, 0.26005662020905923, 0.923828272492428, -0.1403268284819268, -1.791754297679729, -0.08961628425466567, -6.636127028443434, -0.33191216390616884, 1.1491419421576516, 0.4324227445930314, 0.9238281453287298, -0.14032704833123355
28, 0.2700587979094076, 0.9055789231642086, -0.14123958693266875, -1.8581155679641632, -0.09293540589372737, -6.636127028443434, -0.33191216390616884, 1.1787958691224438, 0.44316541754428884, 0.9055786561927095, -0.14123908837300955
29, 0.28006097560975607, 0.8866659611331447, -0.14218553659980132, -1.9244768382485977, -0.09625452753278906, -6.636127028443434, -0.33191216390616884, 1.209717542123864, 0.4540758255520775, 0.886664592687388, -0.1421842344923934
30, 0.2900631533101045, 0.8670893863992366, -0.14316467748332454, -1.9908381085330322, -0.09957364917185076, -6.636127028443434, -0.33191216390616884, 1.2417733672192162, 0.46511808786285086, 0.8670905917882048, -0.14316540903919217
31, 0.30006533101045296, 0.846849198962484, -0.14417700958323834, -2.0571993788174665, -0.10289277081091244, -6.636127028443434, -0.33191216390616884, 1.2748212071420653, 0.4762542273249526, 0.8468488759988445, -0.14417786058856585
32, 0.31006750871080135, 0.8259453988228872, -0.1452225328995428, -2.123560649101901, -0.10621189244997414, -6.636127028443434, -0.33191216390616884, 1.308710105817921, 0.4874441187252939, 0.8259442089992115, -0.14522163184890405
33, 0.3200696864111498, 0.8043779859804461, -0.14630124743223782, -2.189921919386335, -0.10953101408903582, -6.636127028443434, -0.33191216390616884, 1.343280027794072, 0.4986454420894897, 0.8043769082548702, -0.14630136624471748
34, 0.33007186411149825, 0.7821469604351605, -0.1474131531813235, -2.25628318967077, -0.11285013572809752, -6.636127028443434, -0.33191216390616884, 1.3783616156876406, 0.5098136417704177, 0.782146656767544, -0.14741411790416428
35, 0.34007404181184664, 0.7592523221870305, -0.14855825014679977, -2.322644459955204, -0.1161692573671592, -6.636127028443434, -0.33191216390616884, 1.4137759689368026, 0.5209018921927224, 0.7592507566321895, -0.14855812693956089
36, 0.3500762195121951, 0.7356940712360562, -0.14973653832866668, -2.3890057302396386, -0.1194883790062209, -6.636127028443434, -0.33191216390616884, 1.4493344473203558, 0.5318610711624224, 0.7356938656218398, -0.14973543654393784
37, 0.36007839721254353, 0.7114722075822377, -0.1509480177269242, -2.4553670005240726, -0.12280750064528259, -6.636127028443434, -0.33191216390616884, 1.4848385028890962, 0.5426397416910761, 0.7114712520397158, -0.15094748385872472
38, 0.370080574912892, 0.6865867312255749, -0.15219268834157235, -2.5217282708085076, -0.1261266222843443, -6.636127028443434, -0.33191216390616884, 1.520079544126944, 0.5531841433223796, 0.6865860131315276, -0.152194252039369
39, 0.38008275261324037, 0.6610376421660676, -0.15347055017261108, -2.5880895410929416, -0.12944574392340596, -6.636127028443434, -0.33191216390616884, 1.5548388363286516, 0.5634381939850743, 0.6610386656612226, -0.15347194921124727
40, 0.3900849303135888, 0.634824940403716, -0.15478160322004045, -2.654450811377376, -0.13276486556246767, -6.636127028443434, -0.33191216390616884, 1.5888874423421206, 0.5733435034290252, 0.6348242251866503, -0.1547809743192229
41, 0.40008710801393726, 0.6082804322899431, -0.1561092518756651, -2.654450811377374, -0.13276486556246755, 0.0, 0.0, 2.371299066821401, 0.793218136215911, 0.6082808524621489, -0.15611184994633584
42, 0.41008928571428566, 0.5817359241761693, -0.15743690053128975, -2.654450811377374, -0.13276486556246755, 0.0, 0.0, 2.4339405507978316, 0.804623740828398, 0.5817357102270948, -0.15743608291778804
43, 0.4200914634146341, 0.5551914160623955, -0.15876454918691443, -2.654450811377374, -0.13276486556246755, 0.0, 0.0, 2.4938691087923313, 0.8153356174390929, 0.5551894137221514, -0.15876315339461997
44, 0.43009364111498255, 0.5286469079486218, -0.1600921978425391, -2.654450811377374, -0.13276486556246755, 0.0, 0.0, 2.5510417431389256, 0.8253453017905806, 0.5286454887438709, -0.16009126390522782
45, 0.440095818815331, 0.5021023998348481, -0.1614198464981638, -2.654450811377374, -0.13276486556246755, 0.0, 0.0, 2.6054174486359707, 0.8346448751236283, 0.5021025160024393, -0.16142019735625016
46, 0.4500979965156794, 0.4755578917210742, -0.16274749515378847, -2.654450811377374, -0.13276486556246755, 0.0, 0.0, 2.6569572420091965, 0.843226970328782, 0.47555829368199243, -0.1627466345333858
47, 0.46010017421602784, 0.4490133836073005, -0.16407514380941315, -2.654450811377374, -0.13276486556246755, 0.0, 0.0, 2.7056241899103166, 0.8510847776694416, 0.4490119161454709, -0.1640762291432309
48, 0.4701023519163763, 0.42246887549352674, -0.16540279246503783, -2.654450811377374, -0.13276486556246755, 0.0, 0.0, 2.7513834354310522, 0.8582120500719613, 0.42246827976227036, -0.165402797550923
49, 0.4801045296167247, 0.395924367379753, -0.1667304411206625, -2.654450811377374, -0.13276486556246755, 0.0, 0.0, 2.794202223113531, 0.8646031079786736, 0.3959249986505652, -0.16673058460293627
50, 0.4901067073170731, 0.36937985926597916, -0.16805808977628717, -2.654450811377374, -0.13276486556246755, 0.0, 0.0, 2.834049922439046, 0.8702528437600581, 0.36938007519321575, -0.16805809915753242
51, 0.5001088850174216, 0.3428353511522054, -0.16938573843191185, -2.654450811377374, -0.13276486556246755, 0.0, 0.0, 2.8708980497783583, 0.8751567256826362, 0.34283498476741897, -0.1693839899021267
52, 0.51011106271777, 0.3162908430384317, -0.17071338708753653, -2.654450811377374, -0.13276486556246755, 0.0, 0.0, 2.9047202887877526, 0.8793108014295058, 0.31629111020802686, -0.17071279630589486
53, 0.5201132404181185, 0.28974633492465796, -0.1720410357431612, -2.654450811377374, -0.13276486556246755, 0.0, 0.0, 2.935492509236233, 0.8827117011707777, 0.2897480934917041, -0.17204035186302624
54, 0.5301154181184669, 0.2632018268108841, -0.1733686843987859, -2.654450811377374, -0.13276486556246755, 0.0, 0.0, 2.9631927842503774, 0.8853566401815361, 0.2632024489740221, -0.17336858093367916
55, 0.5401175958188152, 0.23665731869711037, -0.17469633305441057, -2.654450811377374, -0.13276486556246755, 0.0, 0.0, 2.987801405964509, 0.8872434210052841, 0.23665669808935977, -0.17469492732523548
56, 0.5501197735191637, 0.21011281058333664, -0.17602398171003525, -2.654450811377374, -0.13276486556246755, 0.0, 0.0, 3.0093008995649915, 0.8883704351611926, 0.2101123906825972, -0.17602374718962288
57, 0.5601219512195121, 0.1835683024695629, -0.17735163036565993, -2.654450811377374, -0.13276486556246755, 0.0, 0.0, 3.027676035718645, 0.8887366643938327, 0.18356901618227234, -0.1773521736718992
58, 0.5701241289198605, 0.15702379435578906, -0.17867927902128458, -2.654450811377374, -0.13276486556246755, 0.0, 0.0, 3.0429138413764316, 0.8883416814644155, 0.15702297559037834, -0.1786785949318967
59, 0.580126306620209, 0.13047928624201544, -0.18000692767690926, -2.654450811377374, -0.13276486556246755, 0.0, 0.0, 3.0550036089447192, 0.8871856504829239, 0.1304797590724258, -0.18000740658706874
60, 0.5901284843205574, 0.10393477812824159, -0.18133457633253394, -2.654450811377374, -0.13276486556246755, 0.0, 0.0, 3.063936903817685, 0.8852693267808837, 0.10393486655522767, -0.18133420129168887
61, 0.6001306620209059, 0.07739027001446774, -0.18266222498815862, -2.654450811377374, -0.13276486556246755, 0.0, 0.0, 3.069707570265519, 0.882594056324869, 0.07739081519670242, -0.18266232748617967
62, 0.6101328397212543, 0.05084576190069412, -0.1839898736437833, -2.654450811377374, -0.13276486556246755, 0.0, 0.0, 3.0723117356743184, 0.8791617746711953, 0.050845092357859514, -0.18398996302832396
63, 0.6201350174216027, 0.024301253786920274, -0.18531752229940798, -2.654450811377374, -0.13276486556246755, 0.0, 0.0, 3.0717478131348126, 0.8749750054626201, 0.02430205460790111, -0.18531770227060193
64, 0.6301371951219512, -0.002243254326853572, -0.18664517095503264, -2.654450811377374, -0.13276486556246755, 0.0, 0.0, 3.0680165023781405, 0.8700368584682098, -0.002240968613049357, -0.18664568510264926
65, 0.6401393728222996, -0.028787762440627196, -0.18797281961065732, -2.654450811377374, -0.13276486556246755, 0.0, 0.0, 3.061120789058204, 0.8643510271679016, -0.02878731060828392, -0.18797297935997812
66, 0.650141550522648, -0.05533227055440104, -0.189300468266282, -2.654450811377374, -0.13276486556246755, 0.0, 0.0, 3.0510659423812556, 0.8579217858836337, -0.05533153118658916, -0.18929953588089793
67, 0.6601437282229965, -0.08187677866817467, -0.19062811692190668, -2.654450811377374, -0.13276486556246755, 0.0, 0.0, 3.037859511084615, 0.8507539864592744, -0.08187826685322339, -0.1906291057637867
68, 0.6701459059233449, -0.10842128678194851, -0.19195576557753136, -2.654450811377374, -0.13276486556246755, 0.0, 0.0, 3.021511317767574, 0.8428530544919276, -0.10842019819233858, -0.19195524645787362
69, 0.6801480836236933, -0.13496579489572236, -0.19328341423315604, -2.654450811377374, -0.13276486556246755, 0.0, 0.0, 3.002033451578759, 0.8342249851175433, -0.13496727651339557, -0.19328255318325066
70, 0.6901502613240418, -0.16151030300949598, -0.19461106288878072, -2.654450811377374, -0.13276486556246755, 0.0, 0.0, 2.9794402592654206, 0.8248763383541057, -0.16150932019997302, -0.19461239141295109
71, 0.7001524390243902, -0.1880548111232696, -0.1959387115444054, -2.654450811377374, -0.13276486556246755, 0.0, 0.0, 2.953748334591262, 0.8148142340060162, -0.18805526077325052, -0.195939137382294
72, 0.7101546167247387, -0.21459931923704345, -0.19726636020003008, -2.654450811377374, -0.13276486556246755, 0.0, 0.0, 2.924976506130672, 0.8040463461336331, -0.2145983328312538, -0.1972670984802403
73, 0.7201567944250871, -0.2411438273508173, -0.19859400885565473, -2.654450811377374, -0.13276486556246755, 0.0, 0.0, 2.8931458234483354, 0.7925808970922595, -0.2411440321021539, -0.19859311786509432
74, 0.7301589721254355, -0.2676883354645909, -0.1999216575112794, -2.654450811377374, -0.13276486556246755, 0.0, 0.0, 2.8582795416743765, 0.7804266511452113, -0.2676903344743077, -0.19992078162850635
75, 0.740161149825784, -0.29423284357836477, -0.2012493061669041, -2.654450811377374, -0.13276486556246755, 0.0, 0.0, 2.820403104486411, 0.767592907655929, -0.29423320070354686, -0.20124838924871974
76, 0.7501633275261324, -0.3207773516921384, -0.20257695482252877, -2.654450811377374, -0.13276486556246755, 0.0, 0.0, 2.7795441255109368, 0.7540894938644193, -0.32077755428426763, -0.2025763796592257
77, 0.7601655052264807, -0.34732185980591224, -0.20390460347815342, -2.654450811377374, -0.13276486556246755, 0.0, 0.0, 2.7357323681577204, 0.7399267572536373, -0.34732220895363103, -0.20390484530545672
78, 0.7701676829268292, -0.3738663679196861, -0.2052322521337781, -2.654450811377374, -0.13276486556246755, 0.0, 0.0, 2.688999723901936, 0.7251155575117428, -0.3738669423785699, -0.20523212417013273
79, 0.7801698606271776, -0.4004108760334597, -0.20655990078940278, -2.654450811377374, -0.13276486556246755, 0.0, 0.0, 2.639380189029924, 0.7096672580964702, -0.4004130566600194, -0.20656192402630907
80, 0.790172038327526, -0.42695538414723355, -0.20788754944502746, -2.654450811377374, -0.13276486556246755, 0.0, 0.0, 2.5869098398655814, 0.6935937174081664, -0.42695706459948307, -0.20788811597531956
81, 0.8001742160278745, -0.4534998922610074, -0.20921519810065214, -2.654450811377374, -0.13276486556246755, 0.0, 0.0, 2.5316268064954612, 0.676907279578356, -0.45350078857517484, -0.20921380162327194
82, 0.8101763937282229, -0.480044400374781, -0.21054284675627682, -2.654450811377374, -0.13276486556246755, 0.0, 0.0, 2.473571245011772, 0.6596207648809843, -0.48004291140082306, -0.2105439699622533
83, 0.8201785714285713, -0.5065889084885549, -0.2118704954119015, -2.654450811377374, -0.13276486556246755, 0.0, 0.0, 2.4127853082935116, 0.6417474597737917, -0.5065893210294672, -0.21187066292526124
84, 0.8301807491289198, -0.5331334166023285, -0.21319814406752619, -2.654450811377374, -0.13276486556246755, 0.0, 0.0, 2.349313115347063, 0.6233011065775533, -0.5331348731049632, -0.2132006461106639
85, 0.8401829268292682, -0.5596779247161023, -0.21452579272315087, -2.654450811377374, -0.13276486556246755, 0.0, 0.0, 2.2832007192285677, 0.6042958928011986, -0.5596783435796476, -0.21452621153529383
86, 0.8501851045296167, -0.5862224328298762, -0.21585344137877555, -2.654450811377374, -0.13276486556246755, 0.0, 0.0, 2.214496073571486, 0.5847464401211077, -0.5862228323571942, -0.21585313379043405
87, 0.8601872822299651, -0.6127669409436498, -0.21718109003440023, -2.654450811377374, -0.13276486556246755, 0.0, 0.0, 2.143248997743696, 0.5646677930231451, -0.6127677190969625, -0.2171814208213386
88, 0.8701894599303135, -0.6393114490574237, -0.2185087386900249, -2.654450811377374, -0.13276486556246755, 0.0, 0.0, 2.069511140659509, 0.5440754071162462, -0.6393092002877974, -0.21850994111753974
89, 0.880191637630662, -0.6658559571711975, -0.21983638734564956, -2.654450811377374, -0.13276486556246755, 0.0, 0.0, 1.9933359432729474, 0.5229851371266485, -0.6658560722167329, -0.21983558173228324
90, 0.8901938153310104, -0.6924004652849711, -0.22116403600127424, -2.654450811377374, -0.13276486556246755, 0.0, 0.0, 1.9147785997795785, 0.5014132245820787, -0.6923998901200524, -0.22116349005519126
91, 0.9001959930313588, -0.718944973398745, -0.22249168465689892, -2.654450811377374, -0.13276486556246755, 0.0, 0.0, 1.8338960175551118, 0.4793762851954728, -0.7189457628496139, -0.22249445623041111
92, 0.9101981707317073, -0.7454894815125186, -0.2238193333125236, -2.654450811377374, -0.13276486556246755, 0.0, 0.0, 1.7507467758599327, 0.45689129595802724, -0.7454907826839571, -0.22381951871674421
93, 0.9202003484320557, -0.7720339896262924, -0.22514698196814825, -2.654450811377374, -0.13276486556246755, 0.0, 0.0, 1.6653910833395593, 0.43397558195160446, -0.7720341867110877, -0.2251470213350849
94, 0.9302025261324041, -0.7985784977400663, -0.22647463062377293, -2.654450811377374, -0.13276486556246755, 0.0, 0.0, 1.577890734351953, 0.4106468028907412, -0.7985798468905544, -0.22647406897625913
95, 0.9402047038327526, -0.8251230058538399, -0.2278022792793976, -2.654450811377374, -0.13276486556246755, 0.0, 0.0, 1.488309064153405, 0.38692293940470973, -0.8251217776565518, -0.22780451106447003
96, 0.950206881533101, -0.8516675139676135, -0.2291299279350223, -2.654450811377374, -0.13276486556246755, 0.0, 0.0, 1.3967109029755695, 0.36282227907029185, -0.851667528772603, -0.22913134578385272
97, 0.9602090592334493, -0.8782120220813876, -0.23045757659064697, -2.654450811377374, -0.13276486556246755, 0.0, 0.0, 1.303162529027015, 0.33836340220611283, -0.878212263574795, -0.23045750976481272
98, 0.9702112369337978, -0.9047565301951612, -0.23178522524627165, -2.654450811377374, -0.13276486556246755, 0.0, 0.0, 1.2077316204534312, 0.3135651674395742, -0.9047570523241095, -0.23178466031925662
99, 0.9802134146341462, -0.9313010383089348, -0.23311287390189633, -2.654450811377374, -0.13276486556246755, 0.0, 0.0, 1.1104872062913564, 0.2884466970575876, -0.9313022154676709, -0.23311352843612412
100, 0.9902155923344947, -0.9578455464227089, -0.23444052255752101, -2.654450811377374, -0.13276486556246755, 0.0, 0.0, 1.0114996164510952, 0.2630273621525042, -0.9578456131796568, -0.23443979192800593
101, 1.0002177700348431, -0.9843900545364825, -0.2357681712131457, -2.654450811377374, -0.13276486556246755, 0.0, 0.0, 0.9108404307650875, 0.23732676757476623, -0.9843896276910084, -0.23576809380759964
102, 1.0102199477351916, -1.0109345626502562, -0.23709581986877037, -2.654450811377374, -0.13276486556246755, 0.0, 0.0, 0.8085824271387283, 0.21136473670397166, -1.0109346576078924, -0.2370954448623903
103, 1.02022212543554, -1.0374790707640302, -0.23842346852439505, -2.654450811377374, -0.13276486556246755, 0.0, 0.0, 0.704799528841296, 0.18516129605018772, -1.0374787226412308, -0.23842205794488242
104, 1.0302243031358884, -1.0640235788778039, -0.2397511171800197, -2.654450811377374, -0.13276486556246755, 0.0, 0.0, 0.5995667509752063, 0.15873665969747008, -1.0640234693286224, -0.23975150320267846
105, 1.040226480836237, -1.0905680869915775, -0.2410787658356444, -2.654450811377374, -0.13276486556246755, 0.0, 0.0, 0.4929601461624371, 0.1321112136016705, -1.0905694714369087, -0.24108028197223472
106, 1.0502286585365852, -1.1171125951053515, -0.24240641449126907, -2.654450811377374, -0.13276486556246755, 0.0, 0.0, 0.38505674948754987, 0.10530549975473726, -1.1171119263586873, -0.2424055229151876
107, 1.0602308362369337, -1.1436571032191252, -0.24373406314689375, -2.654450811377374, -0.13276486556246755, 0.0, 0.0, 0.27593452273721875, 0.07834020022780379, -1.1436578883506832, -0.2437315706796656
108, 1.0702330139372822, -1.1702016113328988, -0.2450617118025184, -2.654450811377374, -0.13276486556246755, 0.0, 0.0, 0.1656722979767049, 0.05123612110546105, -1.1702023008199234, -0.24506235590799388
109, 1.0802351916376305, -1.1967461194466729, -0.24638936045814308, -2.654450811377374, -0.13276486556246755, 0.0, 0.0, 0.05434972050421605, 0.024014176323697886, -1.196746972148537, -0.24638975498087626
110, 1.090237369337979, -1.2232906275604465, -0.24771700911376776, -2.654450811377374, -0.13276486556246755, 0.0, 0.0, -0.05795280877550857, -0.0033046285759382177, -1.2232927948464212, -0.24771557641406214
111, 1.1002395470383275, -1.24983513567422, -0.24904465776939244, -2.654450811377374, -0.13276486556246755, 0.0, 0.0, -0.17115419151661637, -0.03069921276334347, -1.249835037483726, -0.24904393917736303
112, 1.1102417247386758, -1.2763796437879937, -0.2503723064250171, -2.654450811377374, -0.13276486556246755, 0.0, 0.0, -0.2851726905943841, -0.05814843649534139, -1.2763815222389796, -0.25037236555196746
113, 1.1202439024390243, -1.3029241519017678, -0.2516999550806418, -2.654450811377374, -0.13276486556246755, 0.0, 0.0, -0.3999259892217868, -0.08563111753693314, -1.3029230426860923, -0.2517014140559807
114, 1.1302460801393728, -1.3294686600155414, -0.2530276037362665, -2.654450811377374, -0.13276486556246755, 0.0, 0.0, -0.5153312504775365, -0.11312604761555232, -1.329468470890949, -0.25302796370448266
115, 1.140248257839721, -1.356013168129315, -0.25435525239189116, -2.654450811377374, -0.13276486556246755, 0.0, 0.0, -0.6313051772024945, -0.1406120088955515, -1.3560122551638814, -0.2543565688151277
116, 1.1502504355400696, -1.3825576762430891, -0.25568290104751584, -2.654450811377374, -0.13276486556246755, 0.0, 0.0, -0.7477640722210259, -0.16806779046011308, -1.382558788622145, -0.2556822420602743
117, 1.160252613240418, -1.4091021843568627, -0.2570105497031405, -2.654450811377374, -0.13276486556246755, 0.0, 0.0, -0.8646238988436926, -0.19547220478778526, -1.4091007922424, -0.2570111851459336
118, 1.1702547909407666, -1.4356466924706364, -0.25833819835876515, -2.654450811377374, -0.13276486556246755, 0.0, 0.0, -0.9818003416074861, -0.22280410421084917, -1.435646077278743, -0.2583378380080702
119, 1.1802569686411148, -1.4621912005844104, -0.2596658470143899, -2.654450811377374, -0.13276486556246755, 0.0, 0.0, -1.099208867209579, -0.2500423973427234, -1.4621912812588027, -0.25966640838141897
120, 1.1902591463414633, -1.488735708698184, -0.2609934956700145, -2.654450811377374, -0.13276486556246755, 0.0, 0.0, -1.2167647855904926, -0.27716606546164724, -1.4887356007216672, -0.26099294648525545
121, 1.2002613240418119, -1.5152802168119577, -0.26232114432563924, -2.654450811377374, -0.13276486556246755, 0.0, 0.0, -1.3343833111224819, -0.304154178837925, -1.5152793055034304, -0.2623194054304454
122, 1.2102635017421601, -1.5418247249257317, -0.26364879298126387, -2.654450811377374, -0.13276486556246755, 0.0, 0.0, -1.451979623858807, -0.33098591299203295, -1.5418232650496118, -0.2636493106749421
123, 1.2202656794425086, -1.5683692330395054, -0.2649764416368886, -2.654450811377374, -0.13276486556246755, 0.0, 0.0, -1.5694689307995815, -0.35764056487097023, -1.5683680115137528, -0.264975390860554
124, 1.2302678571428571, -1.594913741153279, -0.26630409029251323, -2.654450811377374, -0.13276486556246755, 0.0, 0.0, -1.6867665271298808, -0.3840975689302869, -1.5949133164483587, -0.26630435702837846
125, 1.2402700348432054, -1.621458249267053, -0.26763173894813796, -2.654450811377374, -0.13276486556246755, 0.0, 0.0, -1.8037878573857706, -0.410336513109292, -1.6214568984693651, -0.2676319778128794
126, 1.250272212543554, -1.6480027573808267, -0.2689593876037626, -2.654450811377374, -0.13276486556246755, 0.0, 0.0, -1.9204485765040136, -0.43633715468703305, -1.6480025394722397, -0.26895963975338666
127, 1.2602743902439024, -1.6745472654946003, -0.27028703625938727, -2.654450811377374, -0.13276486556246755, 0.0, 0.0, -2.0366646107113255, -0.46207943600673695, -1.6745470609243764, -0.2702872338153985
128, 1.2702765679442507, -1.701091773608374, -0.27161468491501195, -2.654450811377374, -0.13276486556246755, 0.0, 0.0, -2.152352218209097, -0.48754350005648606, -1.7010913377799226, -0.27161553922516085
129, 1.2802787456445992, -1.727636281722148, -0.27294233357063663, -2.654450811377374, -0.13276486556246755, 0.0, 0.0, -2.267428049609734, -0.512709705894035, -1.727637811231004, -0.2729412505276495
130, 1.2902809233449477, -1.7541807898359216, -0.2742699822262613, -2.654450811377374, -0.13276486556246755, 0.0, 0.0, -2.381809208080899, -0.5375586439037814, -1.754179496395423, -0.2742681741370993
131, 1.300283101045296, -1.7807252979496953, -0.275597630881886, -2.654450811377374, -0.13276486556246755, 0.0, 0.0, -2.4954133091542023, -0.562071150874044, -1.780724196632267, -0.2755984087862188
132, 1.3102852787456445, -1.8072698060634693, -0.27692527953751067, -2.654450811377374, -0.13276486556246755, 0.0, 0.0, -2.6081585401550837, -0.586228324882929, -1.8072695753678591, -0.2769257362875475
133, 1.320287456445993, -1.833814314177243, -0.27825292819313535, -2.654450811377374, -0.13276486556246755, 0.0, 0.0, -2.719963719210948, -0.6100115399812247, -1.8338134030647526, -0.2782534727743065
134, 1.3302896341463413, -1.8596792834486342, -0.2792067852586386, -2.494896654863375, -0.056823851096651265, 18.320054455150963, 7.71237109073482, -0.5852963555341686, 0.04858570825820952, -1.8596787689501424, -0.27920624276515255
135, 1.3402918118466898, -1.8837122472745105, -0.2793894052150684, -2.3116961103118654, 0.020299859810697013, 18.320054455150963, 7.71237109073482, -0.5944114845380801, 0.07211667204115492, -1.8837132633634754, -0.27938953821750556
136, 1.3502939895470383, -1.9059132056548718, -0.27880078806242464, -2.1284955657603555, 0.09742357071804526, 18.320054455150963, 7.71237109073482, -0.5940108456516819, 0.09783261869556178, -1.905913073250364, -0.2787998520474341
137, 1.3602961672473866, -1.9262821585897176, -0.27744093380070745, -1.9452950212088456, 0.17454728162539357, 18.320054455150963, 7.71237109073482, -0.5842668104117609, 0.1256137099594293, -1.926282018710122, -0.27743978707082645
138, 1.370298344947735, -1.9448191060790485, -0.2753098424299168, -1.7620944766573354, 0.25167099253274183, 18.320054455150963, 7.71237109073482, -0.5653582367232055, 0.1553516339565664, -1.9448194210545298, -0.2753102722690475
139, 1.3803005226480836, -1.9615240481228644, -0.27240751395005264, -1.578893932105826, 0.3287947034400901, 18.320054455150963, 7.71237109073482, -0.5374653520402212, 0.18695121953413596, -1.9615253481030994, -0.2724090306620545
140, 1.3903027003484318, -1.976396984721165, -0.26873394836111497, -1.395693387554316, 0.40591841434743825, 18.320054455150963, 7.71237109073482, -0.5007652616068865, 0.22033179853186388, -1.976397026191806, -0.2687317634327361
141, 1.4003048780487803, -1.9894379158739508, -0.26428914566310385, -1.2124928430028066, 0.4830421252547866, 18.320054455150963, 7.71237109073482, -0.4554280590105987, 0.2554283312696536, -1.9894370509667436, -0.2642895049226457
142, 1.4103070557491288, -2.0006468415812213, -0.2590731058560192, -1.0292922984512967, 0.5601658361621348, 18.320054455150963, 7.71237109073482, -0.4016135162877421, 0.29219230884912173, -2.0006479170641045, -0.2590737874758066
143, 1.4203092334494773, -2.0100237618429766, -0.25308582893986115, -0.8460917538997865, 0.6372895470694832, 18.320054455150963, 7.71237109073482, -0.33946833191443593, 0.33059244367052293, -2.010022349728022, -0.25308560708042827
144, 1.4303114111498256, -2.017568676659217, -0.24632731491462956, -0.6628912093482773, 0.7144132579768313, 18.320054455150963, 7.71237109073482, -0.269123917033669, 0.37061515697616465, -2.0175676883419, -0.24632680250928965
145, 1.4403135888501741, -2.0232815860299422, -0.23879756378032452, -0.47969066479676714, 0.7915369688841797, 18.320054455150963, 7.71237109073482, -0.19069470304048203, 0.41226486934388046, -2.023281913539518, -0.2387983427281488
146, 1.4503157665505226, -2.0271624899551526, -0.23049657553694597, -0.29649012024525745, 0.868660679791528, 18.320054455150963, 7.71237109073482, -0.10427695700443328, 0.4555640969625904, -2.027161981216612, -0.23049535527026616
147, 1.460317944250871, -2.0292113884348475, -0.22142435018449394, -0.11328957569374754, 0.9457843906988761, 18.320054455150963, 7.71237109073482, -0.009948095195729298, 0.5005533533153307, -2.0292092105058757, -0.2214265281667883
148, 1.4703201219512194, -2.0294282814690274, -0.21158088772296843, 0.06991096885776238, 1.0229081016062245, 18.320054455150963, 7.71237109073482, 0.09223351095432743, 0.5472908526597601, -2.0294280637308817, -0.21158062254708493
149, 1.480322299651568, -2.0278131690576924, -0.20096618815236944, 0.25311151340927207, 1.1000318125135728, 18.320054455150963, 7.71237109073482, 0.2022282379363779, 0.5958520085180717, -2.027813609693046, -0.20096595162811468
150, 1.4903244773519162, -2.024366051200842, -0.18958025147269694, 0.43631205796078176, 1.177155523420921, 18.320054455150963, 7.71237109073482, 0.3200144195975579, 0.6463287173549258, -2.0243669576022487, -0.18957963102900788
151, 1.5003266550522647, -2.0190869278984764, -0.17742307768395096, 0.6195126025122915, 1.2542792343282692, 18.320054455150963, 7.71237109073482, 0.44558705623871964, 0.6988284148245133, -2.0190861900022097, -0.17742510245697174
152, 1.5103288327526132, -2.011975799150596, -0.16449466678613156, 0.8027131470638018, 1.3314029452356175, 18.320054455150963, 7.71237109073482, 0.5789560130167225, 0.7534728895024606, -2.0119756901114227, -0.16449371727366868
153, 1.5203310104529615, -2.0030326649572006, -0.15079501877923862, 0.9859136916153115, 1.408526656142966, 18.320054455150963, 7.71237109073482, 0.7201436941149325, 0.8103968369881474, -2.0030309227573917, -0.15079535215284626
154, 1.53033318815331, -1.9922575253182897, -0.13632413366327217, 1.1691142361668212, 1.4856503670503143, 18.320054455150963, 7.71237109073482, 0.8691821766249243, 0.8697461357794367, -1.9922569510831702, -0.13632405089351385
155, 1.5403353658536585, -1.979650380233864, -0.1210820114382323, 1.3523147807183307, 1.5627740779576622, 18.320054455150963, 7.71237109073482, 1.0261097864000148, 0.9316758255049328, -1.9796508764947767, -0.12108432346121262
156, 1.5503375435540068, -1.965211229703923, -0.10506865210411895, 1.5355153252698408, 1.6398977888650106, 18.320054455150963, 7.71237109073482, 1.1909670974857107, 0.9963477680780637, -1.9652100807332933, -0.10506802852788505
157, 1.5603397212543553, -1.9489400737284672, -0.08828405566093206, 1.7187158698213505, 1.717021499772359, 18.320054455150963, 7.71237109073482, 1.3637923373019583, 1.0639279732504918, -1.9489392978034261, -0.08828497113512598
158, 1.5703418989547038, -1.9308369123074962, -0.07072822210867172, 1.9019164143728604, 1.7941452106797071, 18.320054455150963, 7.71237109073482, 1.5446161817554025, 1.134583572035198, -1.930837941189531, -0.07072768704714137
159, 1.580344076655052, -1.91090174544101, -0.052401151447337924, 2.0851169589243703, 1.8712689215870555, 18.320054455150963, 7.71237109073482, 1.7334559281109614, 1.2084794246927661, -1.9109028073150014, -0.05240099259706784
160, 1.5903462543554006, -1.8891345731290086, -0.03330284367693054, 2.26831750347588, 1.9483926324944039, 18.320054455150963, 7.71237109073482, 1.9303090389695678, 1.285774354580813, -1.8891344916846189, -0.0333017771002636
161, 1.600348432055749, -1.8655353953714924, -0.01343329879744981, 2.4515180480273897, 2.0255163434017516, 18.320054455150963, 7.71237109073482, 2.135146058299541, 1.366617005306372, -1.8655360442784736, -0.01343286190854662
162, 1.6103506097560973, -1.8401042121684608, 0.00720748319110448, 2.634718592578899, 2.1026400543091, 18.320054455150963, 7.71237109073482, 2.3479029103621953, 1.4511413264362085, -1.8401041696392981, 0.007209071776841219
163, 1.6203527874564458, -1.8128410235199142, 0.028619502288732224, 2.817919137130409, 2.1797637652164483, 18.320054455150963, 7.71237109073482, 2.568472604751164, 1.5394617026364208, -1.8128417499046632, 0.02861941511970173
164, 1.6303549651567943, -1.7837458294258526, 0.05080275849543353, 3.001119681681919, 2.2568874761237967, 18.320054455150963, 7.71237109073482, 2.7966963857968006, 1.6316677526313865, -1.783746081580071, 0.050801598108126796
165, 1.6403571428571426, -1.752818629886276, 0.07375725181120824, 3.184320226233429, 2.334011187031145, 18.320054455150963, 7.71237109073482, 3.032354382400772, 1.7278188378585224, -1.7528179372800947, 0.07375658278019023
166, 1.6503593205574911, -1.720059424901184, 0.09748298223605645, 3.3675207707849384, 2.411134897938493, 18.320054455150963, 7.71237109073482, 3.275155835038174, 1.8279383361671049, -1.7200598965532556, 0.09748103496483815
167, 1.6603614982578396, -1.685468214470577, 0.12197994976997817, 3.5507213153364483, 2.4882586088458414, 18.320054455150963, 7.71237109073482, 3.5247290002030223, 1.9320077533222837, -1.6854685000381444, 0.121979827851448
168, 1.6703636759581881, -1.649044998594455, 0.1472481544129733, 3.733921859887958, 2.5653823197531898, 18.320054455150963, 7.71237109073482, 3.780610858899114, 2.0399607643081787, -1.6490445958717892, 0.14724920663789584
169, 1.6803658536585364, -1.6107897772728177, 0.17328759616504202, 3.9171224044394677, 2.6425060306605377, 18.320054455150963, 7.71237109073482, 4.0422367847071285, 2.1516772972619274, -1.6107891985174076, 0.17328898922181254
170, 1.690368031358885, -1.5707025505056655, 0.20009827502618416, 4.100322948990978, 2.719629741567886, 18.320054455150963, 7.71237109073482, 4.308930358178845, 2.2669777949886694, -1.5707019240263371, 0.2000985936430871
171, 1.7003702090592334, -1.5287833182929984, 0.2276801909963997, 4.283523493542488, 2.7967534524752344, 18.320054455150963, 7.71237109073482, 4.579893547361062, 2.3856178119534133, -1.528784180494902, 0.22767988179709062
172, 1.7103723867595817, -1.4850320806348156, 0.2560333440756888, 4.466724038093998, 2.8738771633825824, 18.320054455150963, 7.71237109073482, 4.854197508506845, 2.507283127823424, -1.4850306169730874, 0.2560323887115578
173, 1.7203745644599302, -1.439448837531118, 0.28515773426405144, 4.649924582645508, 2.951000874289931, 18.320054455150963, 7.71237109073482, 5.130774295674256, 2.631585581290384, -1.4394481361343787, 0.28515798709338835
174, 1.7303767421602787, -1.3929495917046646, 0.3146677430069498, 4.649924582645501, 2.9510008742899285, 0.0, 0.0, 3.171369141227783, 2.0727257510720367, -1.3929511084289714, 0.3146680429855602
175, 1.740378919860627, -1.3464503458782096, 0.3441777517498491, 4.649924582645501, 2.9510008742899285, 0.0, 0.0, 3.3716790541252504, 2.1490349972695375, -1.346450216225977, 0.3441774942749513
176, 1.7503810975609755, -1.2999511000517545, 0.37368776049274843, 4.649924582645501, 2.9510008742899285, 0.0, 0.0, 3.567505006702035, 2.2221703722951043, -1.299949537113797, 0.37368849755096156
177, 1.760383275261324, -1.2534518542252995, 0.40319776923564776, 4.649924582645501, 2.9510008742899285, 0.0, 0.0, 3.7581768126060746, 2.2917681355234034, -1.2534524280055015, 0.4031979741828235
178, 1.7703854529616723, -1.2069526083988444, 0.432707777978547, 4.649924582645501, 2.9510008742899285, 0.0, 0.0, 3.943048008578333, 2.3574843006204977, -1.2069527276107364, 0.4327074605934594
179, 1.7803876306620208, -1.1604533625723894, 0.4622177867214463, 4.649924582645501, 2.9510008742899285, 0.0, 0.0, 4.121498479781707, 2.418996571505385, -1.1604520736587367, 0.462219527957387
180, 1.7903898083623693, -1.1139541167459344, 0.49172779546434564, 4.649924582645501, 2.9510008742899285, 0.0, 0.0, 4.292936949993923, 2.476006153689336, -1.1139540016704983, 0.49172819100983406
181, 1.8003919860627176, -1.0674548709194793, 0.521237804207245, 4.649924582645501, 2.9510008742899285, 0.0, 0.0, 4.456803324749984, 2.5282394305765967, -1.0674565337667503, 0.5212383072175542
182, 1.810394163763066, -1.0209556250930243, 0.5507478129501443, 4.649924582645501, 2.9510008742899285, 0.0, 0.0, 4.612570876325231, 2.5754494950892273, -1.0209552365800993, 0.5507473877466451
183, 1.8203963414634146, -0.9744563792665693, 0.5802578216930436, 4.649924582645501, 2.9510008742899285, 0.0, 0.0, 4.7597482603145504, 2.617417527813658, -0.9744546425827789, 0.5802577072386867
184, 1.8303985191637628, -0.927957133440114, 0.6097678304359428, 4.649924582645501, 2.9510008742899285, 0.0, 0.0, 4.897881354481619, 2.653954013752183, -0.9279578878623272, 0.6097673027868429
185, 1.8404006968641113, -0.881457887613659, 0.6392778391788422, 4.649924582645501, 2.9510008742899285, 0.0, 0.0, 5.026554911519099, 2.684899790693902, -0.8814581917036498, 0.639275876366289
186, 1.8504028745644598, -0.8349586417872039, 0.6687878479217415, 4.649924582645501, 2.9510008742899285, 0.0, 0.0, 5.1453940183712135, 2.7101269231912175, -0.8349589609356444, 0.668787494176744
187, 1.8604050522648081, -0.7884593959607489, 0.6982978566646408, 4.649924582645501, 2.9510008742899285, 0.0, 0.0, 5.254065355818019, 2.729539397134295, -0.7884603030221825, 0.6982975894650931
188, 1.8704072299651566, -0.7419601501342938, 0.7278078654075401, 4.649924582645501, 2.9510008742899285, 0.0, 0.0, 5.352278253100481, 2.7430736309510806, -0.7419609840254565, 0.7278079956148693
189, 1.8804094076655051, -0.6954609043078388, 0.7573178741504395, 4.649924582645501, 2.9510008742899285, 0.0, 0.0, 5.439785533470761, 2.7506988005185296, -0.6954602872049055, 0.7573175717609438
190, 1.8904115853658534, -0.6489616584813838, 0.7868278828933387, 4.649924582645501, 2.9510008742899285, 0.0, 0.0, 5.51638414767684, 2.7524169759456054, -0.6489612315551678, 0.786828868426308
191, 1.900413763066202, -0.6024624126549287, 0.8163378916362382, 4.649924582645501, 2.9510008742899285, 0.0, 0.0, 5.581915593528533, 2.7482630694740653, -0.6024621624836997, 0.816337765558406
192, 1.9104159407665504, -0.5559631668284737, 0.8458479003791374, 4.649924582645501, 2.9510008742899285, 0.0, 0.0, 5.636266120836426, 2.7383045948328375, -0.5559626031831588, 0.8458478038756349
193, 1.9204181184668987, -0.5094639210020186, 0.8753579091220368, 4.649924582645501, 2.9510008742899285, 0.0, 0.0, 5.679366722160232, 2.722641239469633, -0.5094618057489716, 0.8753576614905835
194, 1.9304202961672472, -0.4629646751755636, 0.904867917864936, 4.649924582645501, 2.9510008742899285, 0.0, 0.0, 5.711192910941788, 2.701404252162993, -0.4629658097137935, 0.9048662352038201
195, 1.9404224738675957, -0.4164654293491086, 0.9343779266078353, 4.649924582645501, 2.9510008742899285, 0.0, 0.0, 5.731764289724276, 2.674755649583064, -0.41646185160953914, 0.9343778961200977
196, 1.9504246515679442, -0.36996618352265354, 0.9638879353507347, 4.649924582645501, 2.9510008742899285, 0.0, 0.0, 5.741143912266811, 2.6428872464138617, -0.3699656392416001, 0.9638867503336311
197, 1.9604268292682925, -0.3234669376961983, 0.9933979440936339, 4.649924582645501, 2.9510008742899285, 0.0, 0.0, 5.7394374444462635, 2.6060195146675547, -0.3234679076199823, 0.9933978383599051
198, 1.970429006968641, -0.27696769186974324, 1.0229079528365332, 4.649924582645501, 2.9510008742899285, 0.0, 0.0, 5.726792129889882, 2.5644002788065636, -0.2769668922379186, 1.0229080216904463
199, 1.9804311846689895, -0.2304684460432882, 1.0524179615794327, 4.649924582645501, 2.9510008742899285, 0.0, 0.0, 5.703395567297309, 2.518303254236296, -0.23046855414948503, 1.0524185052048678
200, 1.9904333623693378, -0.18396920021683316, 1.0819279703223317, 4.649924582645501, 2.9510008742899285, 0.0, 0.0, 5.669474307383219, 2.468026437634652, -0.1839698165643344, 1.0819277361950919
201, 2.0004355400696863, -0.13746995439037812, 1.1114379790652311, 4.649924582645501, 2.9510008742899285, 0.0, 0.0, 5.625292278296655, 2.4138903584388594, -0.1374698472088334, 1.111437720082047
202, 2.0104377177700345, -0.09097070856392309, 1.1409479878081306, 4.649924582645501, 2.9510008742899285, 0.0, 0.0, 5.571149049245237, 2.35623620161076, -0.09097040311839127, 1.1409484633002842
203, 2.0204398954703833, -0.04447146273746849, 1.1704579965510296, 4.649924582645501, 2.9510008742899285, 0.0, 0.0, 5.5073779428668335, 2.2954238125437807, -0.04447310072217644, 1.170458798608968
204, 2.0304420731707316, 0.0020277830889865456, 1.199968005293929, 4.649924582645501, 2.9510008742899285, 0.0, 0.0, 5.434344007643734, 2.2318295956541507, 0.0020290354076963374, 1.199969265795562
205, 2.04044425087108, 0.048527028915441583, 1.2294780140368284, 4.649924582645501, 2.9510008742899285, 0.0, 0.0, 5.352441862340637, 2.165844318811651, 0.048527233854262136, 1.2294780498856974
206, 2.0504464285714286, 0.09502627474189662, 1.2589880227797274, 4.649924582645501, 2.9510008742899285, 0.0, 0.0, 5.2620934250642115, 2.0978708363075906, 0.0950262383897173, 1.258987308862326
207, 2.060448606271777, 0.14152552056835166, 1.2884980315226269, 4.649924582645501, 2.9510008742899285, 0.0, 0.0, 5.163745540085383, 2.0283217435268828, 0.14152502160614736, 1.288499346839059
208, 2.070450783972125, 0.1880247663948067, 1.3180080402655263, 4.649924582645501, 2.9510008742899285, 0.0, 0.0, 5.057867516032845, 1.9576169768841496, 0.18802641242938029, 1.3180084888148316
209, 2.080452961672474, 0.23452401222126218, 1.3475180490084253, 4.649924582645501, 2.9510008742899285, 0.0, 0.0, 4.944948589455235, 1.8861813728985395, 0.23452386825358787, 1.3475176453556432
210, 2.090455139372822, 0.2810232580477172, 1.3770280577513248, 4.649924582645501, 2.9510008742899285, 0.0, 0.0, 4.825495328058027, 1.8144422005165843, 0.2810236675273244, 1.3770275141440782
211, 2.1004573170731704, 0.32752250387417225, 1.4065380664942242, 4.649924582645501, 2.9510008742899285, 0.0, 0.0, 4.7000289881478095, 1.7428266809455477, 0.32752232622679445, 1.4065383355373975
212, 2.110459494773519, 0.3740217497006273, 1.4360480752371236, 4.649924582645501, 2.9510008742899285, 0.0, 0.0, 4.569082840960368, 1.6717595093304864, 0.3740222177273898, 1.436048483995602
213, 2.1204616724738674, 0.42052099552708233, 1.4655580839800226, 4.649924582645501, 2.9510008742899285, 0.0, 0.0, 4.433199482609158, 1.6016603925962372, 0.42052124912794686, 1.4655563201142396
214, 2.1304638501742157, 0.46702024135353737, 1.495068092722922, 4.649924582645501, 2.9510008742899285, 0.0, 0.0, 4.2929281423673915, 1.5329416176808164, 0.4670191982577464, 1.495068144566965
215, 2.1404660278745644, 0.5135194871799924, 1.5245781014658215, 4.649924582645501, 2.9510008742899285, 0.0, 0.0, 4.148822003890325, 1.4660056642098467, 0.5135211074030753, 1.5245765935626223
216, 2.1504682055749127, 0.5600187330064474, 1.5540881102087205, 4.649924582645501, 2.9510008742899285, 0.0, 0.0, 4.0014355537954005, 1.401242875403595, 0.5600184883607664, 1.5540862023714979
217, 2.160470383275261, 0.6065179788329025, 1.58359811895162, 4.649924582645501, 2.9510008742899285, 0.0, 0.0, 3.851321971747968, 1.3390292006705549, 0.60651731639457, 1.5835977015799128
218, 2.1704725609756097, 0.6530172246593575, 1.6131081276945194, 4.649924582645501, 2.9510008742899285, 0.0, 0.0, 3.6990305758511517, 1.2797240229261435, 0.6530172988293905, 1.613108238116638
219, 2.180474738675958, 0.6995164704858126, 1.6426181364374188, 4.649924582645501, 2.9510008742899285, 0.0, 0.0, 3.5451043367123987, 1.2236680831844204, 0.6995158416086411, 1.6426172993594548
220, 2.1904769163763063, 0.7460157163122676, 1.6721281451803178, 4.649924582645501, 2.9510008742899285, 0.0, 0.0, 3.3900774730588905, 1.171181514407634, 0.7460165924034283, 1.6721281091412714
221, 2.200479094076655, 0.7925149621387226, 1.7016381539232173, 4.649924582645501, 2.9510008742899285, 0.0, 0.0, 3.234473141202595, 1.1225619959660653, 0.7925149134752153, 1.7016386669681987
222, 2.2104812717770033, 0.8390142079651777, 1.7311481626661163, 4.649924582645501, 2.9510008742899285, 0.0, 0.0, 3.078801230016685, 1.078083039362774, 0.8390141191855671, 1.7311480379822028
223, 2.2204834494773515, 0.8855134537916327, 1.7606581714090157, 4.649924582645501, 2.9510008742899285, 0.0, 0.0, 2.923556272382286, 1.0379924151184339, 0.8855111153686056, 1.7606585619354242
224, 2.2304856271777003, 0.9320126996180877, 1.7901681801519151, 4.649924582645501, 2.9510008742899285, 0.0, 0.0, 2.7692154833023563, 1.0025107298949187, 0.9320124501144578, 1.7901685154204263
225, 2.2404878048780485, 0.9785119454445428, 1.8196781888948146, 4.649924582645501, 2.9510008742899285, 0.0, 0.0, 2.6162369340624556, 0.9718301620673313, 0.9785124518165683, 1.8196768867406863
226, 2.250489982578397, 1.0250111912709978, 1.8491881976377136, 4.649924582645501, 2.9510008742899285, 0.0, 0.0, 2.4650578709512088, 0.9461133630378077, 1.0250110492800968, 1.8491870558475834
227, 2.2604921602787456, 1.0715104370974529, 1.878698206380613, 4.649924582645501, 2.9510008742899285, 0.0, 0.0, 2.316093186141544, 0.9254925306259578, 1.0715117729422714, 1.8786993094648547
228, 2.270494337979094, 1.118009682923908, 1.9082082151235125, 4.649924582645501, 2.9510008742899285, 0.0, 0.0, 2.169734047382772, 0.9100686598757578, 1.1180118003297352, 1.9082076111134891
229, 2.280496515679442, 1.164508928750363, 1.9377182238664115, 4.649924582645501, 2.9510008742899285, 0.0, 0.0, 2.0263466921688593, 0.8999109755928383, 1.164508556385251, 1.9377189600208382
230, 2.290498693379791, 1.211008174576818, 1.967228232609311, 4.649924582645501, 2.9510008742899285, 0.0, 0.0, 1.8862713910357463, 0.8950565498753437, 1.2110088428599592, 1.9672294347675332
231, 2.300500871080139, 1.257507420403273, 1.9967382413522103, 4.649924582645501, 2.9510008742899285, 0.0, 0.0, 1.7498215836061632, 0.8955101068319304, 1.2575069526928802, 1.9967379406443688
232, 2.310503048780488, 1.304006666229728, 2.02624825009511, 4.649924582645501, 2.9510008742899285, 0.0, 0.0, 1.617283189950328, 0.9012440155982232, 1.3040056866732246, 2.026247793096311
233, 2.320505226480836, 1.350505912056183, 2.055758258838009, 4.649924582645501, 2.9510008742899285, 0.0, 0.0, 1.488914098771178, 0.9121984716743757, 1.3505081001533414, 2.055759310067662
234, 2.3305074041811844, 1.3970051578826381, 2.085268267580908, 4.649924582645501, 2.9510008742899285, 0.0, 0.0, 1.3649438328598311, 0.9282818655176204, 1.3970048094117695, 2.085268207685614
235, 2.340509581881533, 1.4435044037090932, 2.1147782763238077, 4.649924582645501, 2.9510008742899285, 0.0, 0.0, 1.2455733912068103, 0.9493713362410802, 1.443505854020511, 2.1147775778243068
236, 2.3505117595818814, 1.4900036495355482, 2.1442882850667067, 4.649924582645501, 2.9510008742899285, 0.0, 0.0, 1.13097526610356, 0.9753135071999396, 1.490003901861437, 2.1442882613058964
237, 2.3605139372822297, 1.5365028953620032, 2.173798293809606, 4.649924582645501, 2.9510008742899285, 0.0, 0.0, 1.0212936325329942, 1.0059253991945076, 1.5365030911929738, 2.1737977609724366
238, 2.3705161149825784, 1.5830021411884583, 2.2033083025525055, 4.649924582645501, 2.9510008742899285, 0.0, 0.0, 0.9166447061332896, 1.0409955159928086, 1.58300125983464, 2.2033071275839666
239, 2.3805182926829267, 1.6295013870149138, 2.232818311295405, 4.649924582645501, 2.9510008742899285, 0.0, 0.0, 0.817117265031811, 1.0802850958790593, 1.6295018386515934, 2.232819122522401
240, 2.390520470383275, 1.6760006328413684, 2.262328320038304, 4.649924582645501, 2.9510008742899285, 0.0, 0.0, 0.7227733298916375, 1.1235295219744819, 1.675999347815779, 2.2623277554840064
241, 2.4005226480836237, 1.7224998786678234, 2.2918383287812034, 4.649924582645501, 2.9510008742899285, 0.0, 0.0, 0.6336489955971327, 1.1704398831588965, 1.7224994765105126, 2.291838996318161
242, 2.410524825783972, 1.7689991244942784, 2.321348337524103, 4.649924582645501, 2.9510008742899285, 0.0, 0.0, 0.5497554071328361, 1.2207046765507341, 1.7689988106401204, 2.321349927610347
243, 2.4205270034843203, 1.8154983703207335, 2.350858346267002, 4.649924582645501, 2.9510008742899285, 0.0, 0.0, 0.47107987138640306, 1.2739916416845796, 1.8154980566971806, 2.350859316750054
244, 2.430529181184669, 1.8619976161471885, 2.3803683550099013, 4.649924582645501, 2.9510008742899285, 0.0, 0.0, 0.39758709583640406, 1.3299497157637545, 1.8619981098908496, 2.380366127179618
245, 2.4405313588850173, 1.9084968619736435, 2.4098783637528007, 4.649924582645501, 2.9510008742899285, 0.0, 0.0, 0.32922054437375703, 1.388211098665241, 1.9084995474839677, 2.409878986236057
246, 2.4505335365853655, 1.9549961078000986, 2.4393883724956997, 4.649924582645501, 2.9510008742899285, 0.0, 0.0, 0.26590389985551033, 1.4483934157394487, 1.954996237447184, 2.439388202766497
247, 2.4605357142857143, 2.0014953536265536, 2.468898381238599, 4.649924582645501, 2.9510008742899285, 0.0, 0.0, 0.20754262240537225, 1.5101019658815964, 2.0014942105937403, 2.4688982469996335
248, 2.4705378919860626, 2.0479945994530087, 2.4984083899814986, 4.649924582645501, 2.9510008742899285, 0.0, 0.0, 0.15402559196000576, 1.5729320418581068, 2.0479946643939475, 2.49840771304915
249, 2.480540069686411, 2.0944938452794637, 2.527918398724398, 4.649924582645501, 2.9510008742899285, 0.0, 0.0, 0.10522682311670861, 1.63647130945323, 2.094495540434934, 2.5279192652493654
250, 2.4905422473867596, 2.140633835645852, 2.557434415990656, 4.509381175365542, 2.9086080907487846, -20.923572254655323, -8.598727175397919, -0.6473133995025071, 1.6888926913998579, 2.1406323698454353, 2.557434364015493
251, 2.500544425087108, 2.1846814687867746, 2.5860905605393736, 4.300145452818989, 2.8226208189948045, -20.923572254655323, -8.598727175397919, -0.7479156172161252, 1.6943309152638952, 2.184682891114193, 2.5860924597083867
252, 2.510546602787456, 2.2266367447022315, 2.613886832370552, 4.090909730272435, 2.7366335472408254, -20.923572254655323, -8.598727175397919, -0.8467355630596494, 1.6988890684608302, 2.22663840491202, 2.613886808592788
253, 2.520548780487805, 2.2664996633922234, 2.64082323148419, 3.8816740077258816, 2.650646275486846, -20.923572254655323, -8.598727175397919, -0.9441913357704665, 1.7021715774881536, 2.2664978334915387, 2.6408229115159605
254, 2.530550958188153, 2.3042702248567495, 2.666899757880289, 3.6724382851793287, 2.564659003732867, -20.923572254655323, -8.598727175397919, -1.0406479100256045, 1.7038578610683794, 2.304269964303656, 2.6669002601664533
255, 2.5405531358885014, 2.33994842909581, 2.692116411558848, 3.463202562632775, 2.4786717319788876, -20.923572254655323, -8.598727175397919, -1.136418261320086, 1.7036953427984525, 2.3399472920534317, 2.6921171631719267
256, 2.55055531358885, 2.373534276109405, 2.716473192519867, 3.2539668400862216, 2.3926844602249084, -20.923572254655323, -8.598727175397919, -1.2317652514983621, 1.7014922253855165, 2.373534108404007, 2.7164734195096716
257, 2.5605574912891984, 2.4050277658975343, 2.739970100763346, 3.044731117539669, 2.3066971884709293, -20.923572254655323, -8.598727175397919, -1.3269040687288824, 1.697110230882535, 2.40502704296729, 2.7399701245689783
258, 2.5705596689895467, 2.4344288984601983, 2.7626071362892852, 2.8354953949931154, 2.2207099167169497, -20.923572254655323, -8.598727175397919, -1.4220050445612071, 1.690457472228341, 2.434428614662738, 2.762608171260898
259, 2.5805618466898954, 2.461737673797397, 2.784384299097685, 2.6262596724465617, 2.1347226449629706, -20.923572254655323, -8.598727175397919, -1.5171966985757943, 1.6814815855287497, 2.461739824003516, 2.7843850009868505
260, 2.5905640243902437, 2.48695409190913, 2.8053015891885447, 2.417023949900009, 2.048735373208991, -20.923572254655323, -8.598727175397919, -1.612568887380326, 1.6701632203257704, 2.486955907704297, 2.8053012913224613
261, 2.600566202090592, 2.510078152795397, 2.8253590065618646, 2.207788227353455, 1.9627481014550119, -20.923572254655323, -8.598727175397919, -1.7081759588843868, 1.6565099568151043, 2.510079515614805, 2.8253596146555804
262, 2.6105683797909407, 2.531109856456199, 2.844556551217645, 1.9985525048069015, 1.8767608297010325, -20.923572254655323, -8.598727175397919, -1.8040398346324418, 1.640550694640632, 2.531109712197784, 2.8445561456889052
263, 2.620570557491289, 2.550049202891535, 2.8628942231558856, 1.7893167822603482, 1.7907735579470534, -20.923572254655323, -8.598727175397919, -1.9001529623710165, 1.6223305374371906, 2.5500502777542233, 2.862894169730536
264, 2.6305727351916373, 2.5668961921014057, 2.8803720223765863, 1.580081059713795, 1.704786286193074, -20.923572254655323, -8.598727175397919, -1.9964810979588432, 1.6019061805281583, 2.56689527192588, 2.880374154318521
265, 2.640574912891986, 2.581650824085811, 2.896989948879747, 1.3708453371672413, 1.618799014439095, -20.923572254655323, -8.598727175397919, -2.0929658902717545, 1.5793417958604086, 2.5816531493661823, 2.8969891035479653
266, 2.6505770905923343, 2.5943130988447507, 2.912748002665368, 1.1616096146206878, 1.5328117426851158, -20.923572254655323, -8.598727175397919, -2.189527255041281, 1.5547053980791328, 2.5943141542333352, 2.9127473372281907
267, 2.6605792682926825, 2.604883016378225, 2.927646183733449, 0.9523738920741347, 1.4468244709311364, -20.923572254655323, -8.598727175397919, -2.2860655337712688, 1.5280656682872487, 2.604882771002025, 2.9276457782556733
268, 2.6705814459930313, 2.6133605766862336, 2.941684492083991, 0.7431381695275814, 1.360837199177157, -20.923572254655323, -8.598727175397919, -2.3824634421985746, 1.4994892071694832, 2.6133608424847905, 2.94168511959834
269, 2.6805836236933795, 2.6197457797687767, 2.9548629277169924, 0.5339024469810276, 1.274849927423178, -20.923572254655323, -8.598727175397919, -2.4785878194101847, 1.4690381864652537, 2.6197451881444866, 2.9548617433959605
270, 2.690585801393728, 2.624038625625854, 2.9671814906324543, 0.3246667244344743, 1.1888626556691984, -20.923572254655323, -8.598727175397919, -2.57429119390798, 1.436768366937257, 2.6240387141746706, 2.9671802080875733
271, 2.7005879790940766, 2.6262391142574657, 2.9786401808303764, 0.11543100188792099, 1.1028753839152192, -20.923572254655323, -8.598727175397919, -2.6694131868239817, 1.4027274517147614, 2.626238274352188, 2.978639483839719
272, 2.710590156794425, 2.6263472456636126, 2.989238998310759, -0.09380472065863232, 1.0168881121612396, -20.923572254655323, -8.598727175397919, -2.7637817753194156, 1.366953745926971, 2.6263472258388494, 2.989240217206003
273, 2.720592334494773, 2.624363019844293, 2.9989779430736014, -0.30304044320518564, 0.9309008404072607, -20.923572254655323, -8.598727175397919, -2.8572144411196203, 1.3294750966434457, 2.624362295461977, 2.998977402531045
274, 2.730594512195122, 2.6202864367995087, 3.007857015118904, -0.5122761657517385, 0.8449135686532814, -20.923572254655323, -8.598727175397919, -2.9495192302933435, 1.2903080910919735, 2.620285198144048, 3.007856647745841
275, 2.74059668989547, 2.6141174965292584, 3.015876214446667, -0.7215118882982927, 0.758926296899302, -20.923572254655323, -8.598727175397919, -3.040495750909227, 1.2494574957400788, 2.6141178584205904, 3.0158756048200144
276, 2.7505988675958184, 2.6058561990335427, 3.02303554105689, -0.930747610844846, 0.6729390251453229, -20.923572254655323, -8.598727175397919, -3.129936135204606, 1.206915923936208, 2.605855398355764, 3.023038114801037
277, 2.760601045296167, 2.5955025443123616, 3.0293349949495734, -1.1399833333913993, 0.5869517533913438, -20.923572254655323, -8.598727175397919, -3.2176259924740274, 1.1626637252595533, 2.595503827250607, 3.0293344062729823
278, 2.7706032229965154, 2.5830565323657146, 3.034774576124717, -1.3492190559379529, 0.5009644816373644, -20.923572254655323, -8.598727175397919, -3.303345378102903, 1.116669095385419, 2.583055483307117, 3.034772978780022
279, 2.7806054006968637, 2.5685181631936027, 3.0393542845823207, -1.5584547784845058, 0.41497720988338505, -20.923572254655323, -8.598727175397919, -3.386869803096953, 1.0688884110060681, 2.568516996504668, 3.0393543575867565
280, 2.7906075783972124, 2.551887436796025, 3.043074120322385, -1.7676905010310593, 0.32898993812940586, -20.923572254655323, -8.598727175397919, -3.467971307141117, 1.0192668000280798, 2.551886001442299, 3.043074515462401
281, 2.8006097560975607, 2.5331643531729813, 3.0459340833449087, -1.9769262235776126, 0.2430026663754265, -20.923572254655323, -8.598727175397919, -3.546419616704645, 0.9677389627671567, 2.53316461013349, 3.045934287027482
282, 2.810611933797909, 2.512348912324472, 3.0479341736498933, -2.186161946124166, 0.1570153946214472, -20.923572254655323, -8.598727175397919, -3.621983408029226, 0.9142302650432971, 2.5123465920231896, 3.0479341008702803
283, 2.8206141114982577, 2.489441114250498, 3.0490743912373377, -2.3953976686707197, 0.07102812286746796, -20.923572254655323, -8.598727175397919, -3.6944316930296037, 0.8586581287942043, 2.489442425009517, 3.049075273389402
284, 2.830616289198606, 2.464440958951058, 3.0493547361072424, -2.604633391217273, -0.014959148886511231, -20.923572254655323, -8.598727175397919, -3.763535344237474, 0.8009337499067706, 2.4644426306978033, 3.049354462709026
285, 2.8406184668989547, 2.4373484464261526, 3.0487752082596073, -2.8138691137638263, -0.10094642064049059, -20.923572254655323, -8.598727175397919, -3.8290687729699653, 0.7409641762285131, 2.4373471525478534, 3.0487747714585702
286, 2.850620644599303, 2.4081635766757814, 3.0473358076944326, -3.0231048363103796, -0.1869336923944698, -20.923572254655323, -8.598727175397919, -3.8908117729505065, 0.6786547809522226, 2.408162644913939, 3.047335504758908
287, 2.8606228222996513, 2.376886349699945, 3.045036534411718, -3.232340558856933, -0.27292096414844913, -20.923572254655323, -8.598727175397919, -3.9485515397080433, 0.613912167530998, 2.3768872690657075, 3.0450358455339304
288, 2.870625, 2.343516765498643, 3.041877388411464, -3.4415762814034863, -0.3589082359024284, -20.923572254655323, -8.598727175397919, -4.002084874295606, 0.5466475417139207, 2.3435163998761595, 3.041876279926056
289, 2.8806271777003483, 2.308054824071875, 3.0378583696936694, -3.65081200395004, -0.4448955076564077, -20.923572254655323, -8.598727175397919, -4.0512205782774275, 0.47678058390601163, 2.308054201172364, 3.0378589184449116
290, 2.8906293554006965, 2.271546704032376, 3.033409414617106, -3.650812003950033, -0.4448955076564048, 0.0, 0.0, -3.497160412311204, 0.3536567583579133, 2.271546809245046, 3.033408783440713
291, 2.9006315331010453, 2.2350385839928757, 3.0289604595405417, -3.650812003950033, -0.4448955076564048, 0.0, 0.0, -3.4340420808281946, 0.32109099341337133, 2.2350397241446673, 3.0289608021005305
292, 2.9106337108013935, 2.198530463953375, 3.0245115044639777, -3.650812003950033, -0.4448955076564048, 0.0, 0.0, -3.368967054273379, 0.28766323804759597, 2.1985342280143776, 3.024511259682078
293, 2.920635888501742, 2.1620223439138746, 3.0200625493874136, -3.650812003950033, -0.4448955076564048, 0.0, 0.0, -3.302010534198902, 0.25343151158804544, 2.162021435950172, 3.0200627464643865
294, 2.9306380662020906, 2.1255142238743745, 3.0156135943108495, -3.650812003950033, -0.4448955076564048, 0.0, 0.0, -3.233249952606224, 0.21845518079914947, 2.125514820349955, 3.0156132042878268
295, 2.940640243902439, 2.089006103834874, 3.0111646392342855, -3.650812003950033, -0.4448955076564048, 0.0, 0.0, -3.1627648892079963, 0.18279486027091993, 2.089004920695946, 3.0111650199995177
296, 2.950642421602787, 2.052497983795374, 3.0067156841577214, -3.650812003950033, -0.4448955076564048, 0.0, 0.0, -3.0906369862576355, 0.14651231071467388, 2.05249979194899, 3.0067155205678247
297, 2.960644599303136, 2.0159898637558733, 3.0022667290811573, -3.650812003950033, -0.4448955076564048, 0.0, 0.0, -3.016949861025047, 0.10967033533644285, 2.015988019088988, 3.00226572486139
298, 2.970646777003484, 1.979481743716373, 2.9978177740045933, -3.650812003950033, -0.4448955076564048, 0.0, 0.0, -2.94178901599947, 0.07233267446188993, 1.979483093438279, 2.997816929608658
299, 2.9806489547038324, 1.9429736236768727, 2.993368818928029, -3.650812003950033, -0.4448955076564048, 0.0, 0.0, -2.865241746902767, 0.03456389858946238, 1.9429734485646852, 2.9933675370124684
300, 2.990651132404181, 1.9064655036373723, 2.988919863851465, -3.650812003950033, -0.4448955076564048, 0.0, 0.0, -2.7873970485989323, -0.0035706999488327174, 1.9064676766849127, 2.9889219814449985
301, 3.0006533101045294, 1.8699573835978718, 2.984470908774901, -3.650812003950033, -0.4448955076564048, 0.0, 0.0, -2.7083455189878682, -0.04200521653732367, 1.86995825549263, 2.9844716098898987
302, 3.0106554878048777, 1.8334492635583715, 2.980021953698337, -3.650812003950033, -0.4448955076564048, 0.0, 0.0, -2.6281792609737664, -0.08067324485349386, 1.8334495968605464, 2.980021266033911
303, 3.0206576655052264, 1.7969411435188711, 2.975572998621773, -3.650812003950033, -0.4448955076564048, 0.0, 0.0, -2.546991782600645, -0.11950798828626315, 1.7969416116173582, 2.9755718586542113
304, 3.0306598432055747, 1.7604330234793708, 2.971124043545209, -3.650812003950033, -0.4448955076564048, 0.0, 0.0, -2.4648778954497352, -0.15844237200885128, 1.7604362992569988, 2.9711215508583355
305, 3.040662020905923, 1.7239249034398705, 2.966675088468645, -3.650812003950033, -0.4448955076564048, 0.0, 0.0, -2.3819336113955143, -0.19740915551825072, 1.7239231220119893, 2.9666751457830043
306, 3.0506641986062717, 1.6874167834003702, 2.9622261333920807, -3.650812003950033, -0.4448955076564048, 0.0, 0.0, -2.2982560378191934, -0.23634104545255089, 1.6874172828404865, 2.9622276690020097
307, 3.06066637630662, 1.6509086633608696, 2.9577771783155167, -3.650812003950033, -0.4448955076564048, 0.0, 0.0, -2.2139432713804448, -0.2751708084968906, 1.6509077144006425, 2.957777429589274
308, 3.0706685540069683, 1.6144005433213693, 2.9533282232389526, -3.650812003950033, -0.4448955076564048, 0.0, 0.0, -2.1290942904500363, -0.3138313841886654, 1.6143990383003193, 2.95332834139485
309, 3.080670731707317, 1.577892423281869, 2.9488792681623885, -3.650812003950033, -0.4448955076564048, 0.0, 0.0, -2.043808846307848, -0.3522559974327907, 1.5778935959708118, 2.9488785279068166
310, 3.0906729094076653, 1.5413843032423686, 2.9444303130858245, -3.650812003950033, -0.4448955076564048, 0.0, 0.0, -1.9581873532125222, -0.3903782705382983, 1.541385236099779, 2.944430861736729
311, 3.1006750871080135, 1.5048761832028683, 2.9399813580092604, -3.650812003950033, -0.4448955076564048, 0.0, 0.0, -1.8723307774506344, -0.42813233458835787, 1.5048770799064355, 2.9399799883270097
312, 3.1106772648083623, 1.468368063163368, 2.9355324029326963, -3.650812003950033, -0.4448955076564048, 0.0, 0.0, -1.7863405254748785, -0.46545293995692283, 1.4683669312749241, 2.935532338055621
313, 3.1206794425087105, 1.4318599431238674, 2.9310834478561327, -3.650812003950033, -0.4448955076564048, 0.0, 0.0, -1.7003183312422683, -0.5022755657866403, 1.43186113743602, 2.931083209675321
314, 3.130681620209059, 1.3953518230843671, 2.926634492779568, -3.650812003950033, -0.4448955076564048, 0.0, 0.0, -1.614366142864779, -0.5385365282444012, 1.3953510735174086, 2.9266351446914824
315, 3.1406837979094075, 1.3588437030448668, 2.9221855377030046, -3.650812003950033, -0.4448955076564048, 0.0, 0.0, -1.5285860086861778, -0.5741730873729538, 1.3588421380860007, 2.922187260999105
316, 3.150685975609756, 1.3223355830053665, 2.9177365826264405, -3.650812003950033, -0.4448955076564048, 0.0, 0.0, -1.4430799629000721, -0.6091235523593761, 1.3223358399349812, 2.9177371803994667
317, 3.160688153310104, 1.2858274629658661, 2.9132876275498765, -3.650812003950033, -0.4448955076564048, 0.0, 0.0, -1.3579499108253215, -0.6433273850438262, 1.2858290845859082, 2.9132873543721107
318, 3.170690331010453, 1.2493193429263658, 2.9088386724733124, -3.650812003950033, -0.4448955076564048, 0.0, 0.0, -1.2732975139560538, -0.6767253014949794, 1.2493197641373042, 2.908839045210933
319, 3.180692508710801, 1.2128112228868655, 2.9043897173967483, -3.650812003950033, -0.4448955076564048, 0.0, 0.0, -1.1892240749044782, -0.7092593714817698, 1.2128116430944926, 2.9043915264107016
320, 3.1906946864111494, 1.1763031028473652, 2.8999407623201843, -3.650812003950033, -0.4448955076564048, 0.0, 0.0, -1.1058304223555542, -0.7408731156746041, 1.1763041701582009, 2.8999409543686063
321, 3.200696864111498, 1.1397949828078648, 2.89549180724362, -3.650812003950033, -0.4448955076564048, 0.0, 0.0, -1.0232167961533518, -0.7715116004130155, 1.1397946331503939, 2.8954908359842957
322, 3.2106990418118464, 1.1032868627683645, 2.891042852167056, -3.650812003950033, -0.4448955076564048, 0.0, 0.0, -0.9414827326395897, -0.8011215298808049, 1.1032873584660159, 2.891043710293582
323, 3.2207012195121947, 1.0667787427288642, 2.886593897090492, -3.650812003950033, -0.4448955076564048, 0.0, 0.0, -0.8607269503654063, -0.829651335534073, 1.06677836227467, 2.886594935792253
324, 3.2307033972125434, 1.0302706226893639, 2.882144942013928, -3.650812003950033, -0.4448955076564048, 0.0, 0.0, -0.7810472362978558, -0.8570512626321448, 1.0302692035206034, 2.882143474556408
325, 3.2407055749128917, 0.9937625026498633, 2.877695986937364, -3.650812003950033, -0.4448955076564048, 0.0, 0.0, -0.702540332642974, -0.8832734537262563, 0.9937611944968566, 2.877695665307982
326, 3.25070775261324, 0.9572543826103632, 2.8732470318608, -3.650812003950033, -0.4448955076564048, 0.0, 0.0, -0.6253018244074753, -0.9082720289659669, 0.9572544293603538, 2.873245549545821
327, 3.2607099303135887, 0.9207462625708627, 2.868798076784236, -3.650812003950033, -0.4448955076564048, 0.0, 0.0, -0.5494260278212473, -0.9320031630886085, 0.9207468775957414, 2.8687981663502984
328, 3.270712108013937, 0.8842381425313621, 2.8643491217076718, -3.650812003950033, -0.4448955076564048, 0.0, 0.0, -0.4750058797428387, -0.9544251589626351, 0.8842390703161119, 2.8643497574485095
329, 3.2807142857142852, 0.847730022491862, 2.8599001666311077, -3.650812003950033, -0.4448955076564048, 0.0, 0.0, -0.4021328281699621, -0.975498517561523, 0.8477308011100263, 2.859897631880901
330, 3.290716463414634, 0.8112219024523615, 2.8554512115545436, -3.650812003950033, -0.4448955076564048, 0.0, 0.0, -0.3308967239768328, -0.9951860042508625, 0.811222124911743, 2.855449744229435
331, 3.3007186411149823, 0.7747137824128614, 2.8510022564779796, -3.650812003950033, -0.4448955076564048, 0.0, 0.0, -0.26138571399979216, -1.0134527112774503, 0.7747119657488891, 2.851002479154227
332, 3.3107208188153305, 0.7382056623733608, 2.8465533014014155, -3.650812003950033, -0.4448955076564048, 0.0, 0.0, -0.19368613559214443, -1.0302661163555829, 0.7382051401585856, 2.8465548460032735
333, 3.3207229965156793, 0.7016975423338607, 2.8421043463248514, -3.650812003950033, -0.4448955076564048, 0.0, 0.0, -0.12788241276858225, -1.0455961372522786, 0.7016973978588369, 2.842105131987739
334, 3.3307251742160275, 0.6651894222943602, 2.8376553912482874, -3.650812003950033, -0.4448955076564048, 0.0, 0.0, -0.06405695405875877, -1.05941518227988, 0.6651911880158295, 2.837654799707946
335, 3.3407273519163763, 0.6286813022548596, 2.8332064361717233, -3.650812003950033, -0.4448955076564048, 0.0, 0.0, -0.002290052188782976, -1.071698196611343, 0.628681797436339, 2.833207108296612
336, 3.3507295296167245, 0.5921731822153595, 2.8287574810951592, -3.650812003950033, -0.4448955076564048, 0.0, 0.0, 0.05734021429165814, -1.0824227043405323, 0.5921730701209927, 2.8287571919549537
337, 3.360731707317073, 0.555665062175859, 2.824308526018595, -3.650812003950033, -0.4448955076564048, 0.0, 0.0, 0.11475807731993215, -1.091568846216977, 0.5556656671018088, 2.824308585522255
338, 3.3707338850174215, 0.5191569421363589, 2.819859570942031, -3.650812003950033, -0.4448955076564048, 0.0, 0.0, 0.16989017345348567, -1.0991194129917943, 0.5191572771174079, 2.8198594439168074
339, 3.38073606271777, 0.48264882209685833, 2.815410615865467, -3.650812003950033, -0.4448955076564048, 0.0, 0.0, 0.22266563571132258, -1.1050598743188509, 0.48264844618925457, 2.815410761513586
340, 3.390738240418118, 0.44646586743564365, 2.8104775883255937, -3.553322893988728, -0.5377548407968844, 12.994514426547244, -8.890417361907957, 0.7663512288527339, -1.3608985407341208, 0.4464658212858722, 2.8104775820587427
341, 3.400740418118467, 0.4115823642170836, 2.8046555190495295, -3.423377749723256, -0.626659014415964, 12.994514426547244, -8.890417361907957, 0.87372561945117, -1.4132435957867222, 0.41158164181492696, 2.8046573679301328
342, 3.410742595818815, 0.37799831244117843, 2.7979444080372744, -3.293432605457783, -0.7155631880350437, 12.994514426547244, -8.890417361907957, 0.9773710090034655, -1.463663060061959, 0.3779975048812332, 2.797944141338069
343, 3.4207447735191634, 0.345713712107928, 2.7903442552888285, -3.16348746119231, -0.8044673616541235, 12.994514426547244, -8.890417361907957, 1.0775977700152062, -1.5122292931764443, 0.3457144871511901, 2.7903444017285994
344, 3.430746951219512, 0.3147285632173321, 2.7818550608041916, -3.033542316926838, -0.8933715352732031, 12.994514426547244, -8.890417361907957, 1.174716574823597, -1.559012712194658, 0.3147306208434645, 2.7818552741327824
345, 3.4407491289198604, 0.2850428657693912, 2.7724768245833644, -2.903597172661365, -0.9822757088922827, 12.994514426547244, -8.890417361907957, 1.2690363039748076, -1.6040815203878829, 0.28504164259683273, 2.772477637628663
346, 3.4507513066202087, 0.2566566197641048, 2.7622095466263463, -2.7736520283958925, -1.0711798825113623, 12.994514426547244, -8.890417361907957, 1.3608621979708693, -1.647501450144679, 0.2566566510342846, 2.7622082805836916
347, 3.4607534843205574, 0.22956982520147323, 2.751053226933137, -2.6437068841304208, -1.1600840561304422, 12.994514426547244, -8.890417361907957, 1.4504942363708178, -1.6893355209402396, 0.22956991904141963, 2.751053672671687
348, 3.4707556620209057, 0.20378248208149635, 2.739007865503737, -2.5137617398649477, -1.2489882297495218, 12.994514426547244, -8.890417361907957, 1.5382257272277151, -1.7296438134056848, 0.20378336506425246, 2.73900894859476
349, 3.480757839721254, 0.17929459040417423, 2.726073462338147, -2.383816595599475, -1.3378924033686013, 12.994514426547244, -8.890417361907957, 1.624342089140534, -1.7684832606728107, 0.17929549662834782, 2.7260722412461287
350, 3.4907600174216027, 0.1561061501695068, 2.7122500174363653, -2.253871451334003, -1.4267965769876811, 12.994514426547244, -8.890417361907957, 1.709119807764807, -1.8059074583042185, 0.1561060963832806, 2.712248508319238
351, 3.500762195121951, 0.13421716137749418, 2.697537530798393, -2.12392630706853, -1.5157007506067606, 12.994514426547244, -8.890417361907957, 1.7928255484274025, -1.8419664942521428, 0.13421772002889346, 2.697537241273507
352, 3.5107643728222993, 0.11362762402813614, 2.68193600242423, -1.9939811628030573, -1.6046049242258404, 12.994514426547244, -8.890417361907957, 1.8757154064996548, -1.8767068004204455, 0.11362628992159805, 2.6819378386527766
353, 3.520766550522648, 0.09433753812143297, 2.6654454323138763, -1.8640360185375848, -1.6935090978449199, 12.994514426547244, -8.890417361907957, 1.9580342773730106, -1.9101710275318002, 0.09433945746338483, 2.6654448714975603
354, 3.5307687282229963, 0.0763469036573845, 2.6480658204673317, -1.7340908742721122, -1.7824132714639995, 12.994514426547244, -8.890417361907957, 2.040015328227927, -1.9423979451244158, 0.07634837790776372, 2.648065254585825
355, 3.5407709059233445, 0.05965572063599067, 2.6297971668845963, -1.6041457300066397, -1.8713174450830796, 12.994514426547244, -8.890417361907957, 2.121879554268542, -1.9734223686178654, 0.05965599075770081, 2.629795722059527
356, 3.5507730836236933, 0.044263989057251596, 2.61063947156567, -1.4742005857411673, -1.9602216187021588, 12.994514426547244, -8.890417361907957, 2.2038354026936253, -2.003275115493586, 0.044262672677701204, 2.6106395110379466
357, 3.5607752613240415, 0.03017170892116733, 2.590592734510553, -1.3442554414756946, -2.049125792321239, 12.994514426547244, -8.890417361907957, 2.28607844837197, -2.0319829927300415, 0.030170042887795068, 2.590593166282679
358, 3.57077743902439, 0.017378880227737703, 2.5696569557192452, -1.214310297210222, -2.1380299659403184, 12.994514426547244, -8.890417361907957, 2.368791105973982, -2.0595688177126426, 0.017379314595019818, 2.569655923466901
359, 3.5807796167247385, 0.005885502976962886, 2.5478321351917463, -1.0843651529447496, -2.2269341395593982, 12.994514426547244, -8.890417361907957, 2.452142364169105, -2.0860514749015087, 0.005887244093150871, 2.547831794445348
360, 3.590781794425087, -0.004308422831157288, 2.525118272928057, -0.9544200086792768, -2.3158383131784777, 12.994514426547244, -8.890417361907957, 2.536287528421989, -2.111446010582682, -0.004306480168898026, 2.5251181483928833
361, 3.600783972125435, -0.013202897196622682, 2.501515368928177, -0.8244748644138046, -2.4047424867975575, 12.994514426547244, -8.890417361907957, 2.621367959901884, -2.1357637680470796, -0.013202954138453887, 2.501516461818134
362, 3.610786149825784, -0.020797920119433377, 2.4770234231921058, -0.6945297201483319, -2.493646660416637, 12.994514426547244, -8.890417361907957, 2.707510799054882, -2.1590125655325467, -0.020799670211735215, 2.4770239788739667
363, 3.620788327526132, -0.02709349159958932, 2.4516424357198443, -0.5645845758828592, -2.5825508340357164, 12.994514426547244, -8.890417361907957, 2.7948286634742807, -2.1811969192238445, -0.027093553185992915, 2.451643488240567
364, 3.6307905052264804, -0.03208961163709059, 2.4253724065113915, -0.4346394316173867, -2.671455007654796, 12.994514426547244, -8.890417361907957, 2.8834193108393116, -2.202318313529073, -0.03209009163930632, 2.4253735317720513
365, 3.640792682926829, -0.03578628023193711, 2.3982133355667483, -0.30469428735191395, -2.760359181273876, 12.994514426547244, -8.890417361907957, 2.9733652588768784, -2.222375520734587, -0.035785698617224485, 2.3982141813084774
366, 3.6507948606271774, -0.03818349738412888, 2.3701652228859142, -0.17474914308644163, -2.849263354892955, 12.994514426547244, -8.890417361907957, 3.0647333555364247, -2.2413649719792077, -0.038186243882015226, 2.370165957406275
367, 3.6607970383275257, -0.03928126309366592, 2.3412280684688893, -0.04480399882096897, -2.938167528512035, 12.994514426547244, -8.890417361907957, 3.157574293857046, -2.2592811812780145, -0.039281502138265104, 2.3412278629016785
368, 3.6707992160278744, -0.039079577360548234, 2.311401872315673, 0.08514114544450346, -3.027071702131115, 12.994514426547244, -8.890417361907957, 3.251922067351991, -2.276117224061353, -0.03907809640962618, 2.3114035090044354
369, 3.6808013937282227, -0.03757844018477585, 2.280686634426267, 0.21508628970997623, -3.1159758757501943, 12.994514426547244, -8.890417361907957, 3.347793363142699, -2.2918652713713756, -0.03757782978721486, 2.280685340350609
370, 3.690803571428571, -0.034777851566348716, 2.2490823548006693, 0.34503143397544866, -3.2048800493692737, 12.994514426547244, -8.890417361907957, 3.445186891546893, -2.306517180471758, -0.03478017119904177, 2.249083510898079
371, 3.7008057491289197, -0.030677811505266883, 2.216589033438881, 0.4749765782409212, -3.293784222988354, 12.994514426547244, -8.890417361907957, 3.5440826523672957, -2.320065142171909, -0.030677465093219797, 2.216589357223409
372, 3.710807926829268, -0.025278320001530297, 2.183206670340902, 0.6049217225063938, -3.3826883966074335, 12.994514426547244, -8.890417361907957, 3.644441139743629, -2.332502384640809, -0.025279661487358236, 2.183206260626815
373, 3.7208101045296162, -0.018579377055139012, 2.1489352655067324, 0.7348668667718664, -3.471592570226513, 12.994514426547244, -8.890417361907957, 3.746202489124227, -2.343823932883958, -0.018580750603728047, 2.1489359850637335
374, 3.730812282229965, -0.010580982666092947, 2.113774818936372, 0.8648120110373388, -3.5604967438455923, 12.994514426547244, -8.890417361907957, 3.849285571687822, -2.3540274223765376, -0.010579987213288917, 2.113773739613307
375, 3.7408144599303133, -0.001283136834392129, 2.0777253306298205, 0.9947571553028114, -3.6494009174646727, 12.994514426547244, -8.890417361907957, 3.9535870434027203, -2.3631139645843096, -0.0012825226970287046, 2.0777252531375803
376, 3.7508166376306615, 0.009314160439963304, 2.040786800587078, 1.124702299568284, -3.738305091083752, 12.994514426547244, -8.890417361907957, 4.058980357849855, -2.371089061259262, 0.009314043563923645, 2.0407864132909475
377, 3.7608188153310103, 0.021210909156973545, 2.0029592288081455, 1.2546474438337565, -3.8272092647028315, 12.994514426547244, -8.890417361907957, 4.16531475395682, -2.3779635634688887, 0.021211162608164965, 2.002960182005354
378, 3.7708209930313585, 0.03440710931663843, 1.9642426152930217, 1.3845925880992291, -3.9161134383219114, 12.994514426547244, -8.890417361907957, 4.2724142318883676, -2.3837546703065713, 0.0344074854642709, 1.9642421932061647
379, 3.780823170731707, 0.04890276091895812, 1.924636960041707, 1.5145377323647016, -4.005017611940992, 12.994514426547244, -8.890417361907957, 4.380076532508942, -2.3884869611377377, 0.048902426599708546, 1.9246365067389042
380, 3.7908253484320555, 0.06404813824260458, 1.8845867839222985, 1.5145377323646974, -4.005017611940988, 0.0, 0.0, 3.7443457828603544, -2.3204065817466324, 0.06404709226613152, 1.8845871031294992
381, 3.800827526132404, 0.0791935155662516, 1.8445366078028886, 1.5145377323646974, -4.005017611940988, 0.0, 0.0, 3.762516814739605, -2.2970796682646224, 0.07919432043030045, 1.8445372279144472
382, 3.810829703832752, 0.09433889288989855, 1.8044864316834786, 1.5145377323646974, -4.005017611940988, 0.0, 0.0, 3.7802343438933943, -2.2736135002796605, 0.09433947229563118, 1.8044839634428254
383, 3.820831881533101, 0.10948427021354556, 1.7644362555640687, 1.5145377323646974, -4.005017611940988, 0.0, 0.0, 3.797486395073827, -2.250023085487584, 0.10948482627411268, 1.7644361679675122
384, 3.830834059233449, 0.12462964753719258, 1.7243860794446588, 1.5145377323646974, -4.005017611940988, 0.0, 0.0, 3.814260855634015, -2.2263234382422317, 0.12463022958506885, 1.7243850311825357
385, 3.8408362369337974, 0.13977502486083954, 1.684335903325249, 1.5145377323646974, -4.005017611940988, 0.0, 0.0, 3.830545482467154, -2.2025295696287426, 0.13977596275054743, 1.684334995081265
386, 3.850838414634146, 0.15492040218448655, 1.644285727205839, 1.5145377323646974, -4.005017611940988, 0.0, 0.0, 3.846327909290725, -2.1786564776527815, 0.1549206191859694, 1.644285231475466
387, 3.8608405923344944, 0.1700657795081335, 1.604235551086429, 1.5145377323646974, -4.005017611940988, 0.0, 0.0, 3.861595654272503, -2.1547191375525725, 0.1700659522346185, 1.60423629375131
388, 3.870842770034843, 0.18521115683178052, 1.5641853749670191, 1.5145377323646974, -4.005017611940988, 0.0, 0.0, 3.8763361279945956, -2.1307324922403765, 0.1852115792589863, 1.5641854407579927
389, 3.8808449477351914, 0.20035653415542748, 1.5241351988476093, 1.5145377323646974, -4.005017611940988, 0.0, 0.0, 3.8905366417511313, -2.1067114428797646, 0.20035635488751205, 1.5241375003618163
390, 3.8908471254355397, 0.2155019114790745, 1.4840850227281994, 1.5145377323646974, -4.005017611940988, 0.0, 0.0, 3.9041844161747106, -2.0826708396047895, 0.2155021531644822, 1.4840838745458007
391, 3.9008493031358884, 0.23064728880272145, 1.4440348466087893, 1.5145377323646974, -4.005017611940988, 0.0, 0.0, 3.917266590186183, -2.0586254723868667, 0.23064580443636148, 1.4440346648371507
392, 3.9108514808362367, 0.24579266612636846, 1.4039846704893795, 1.5145377323646974, -4.005017611940988, 0.0, 0.0, 3.929770230261788, -2.034590062054914, 0.2457925054222908, 1.403983824703811
393, 3.920853658536585, 0.2609380434500155, 1.3639344943699696, 1.5145377323646974, -4.005017611940988, 0.0, 0.0, 3.941682340011159, -2.0105792514739975, 0.2609375984545224, 1.3639344338328243
394, 3.9308558362369337, 0.27608342077366244, 1.3238843182505597, 1.5145377323646974, -4.005017611940988, 0.0, 0.0, 3.952989870059179, -1.986607596887468, 0.27608400209996165, 1.323882835902779
395, 3.940858013937282, 0.2912287980973094, 1.2838341421311497, 1.5145377323646974, -4.005017611940988, 0.0, 0.0, 3.9636797282241316, -1.9626895594272815, 0.2912282892628762, 1.2838331380237389
396, 3.9508601916376302, 0.30637417542095635, 1.2437839660117398, 1.5145377323646974, -4.005017611940988, 0.0, 0.0, 3.9737387899841163, -1.9388394967968952, 0.3063729060291196, 1.243782494455669
397, 3.960862369337979, 0.3215195527446034, 1.20373378989233, 1.5145377323646974, -4.005017611940988, 0.0, 0.0, 3.98315390922315, -1.9150716551308575, 0.32151995730067384, 1.203733444848271
398, 3.9708645470383273, 0.3366649300682504, 1.16368361377292, 1.5145377323646974, -4.005017611940988, 0.0, 0.0, 3.99191192924793, -1.8914001610349171, 0.336664179066041, 1.1636846866952237
399, 3.9808667247386755, 0.35181030739189734, 1.12363343765351, 1.5145377323646974, -4.005017611940988, 0.0, 0.0, 3.999999694065683, -1.867839013810179, 0.3518101525185625, 1.1236330526533314
400, 3.9908689024390243, 0.3669556847155443, 1.0835832615341001, 1.5145377323646974, -4.005017611940988, 0.0, 0.0, 4.007404059913106, -1.844402077864552, 0.36695405586085006, 1.0835840371617511
401, 4.0008710801393725, 0.38210106203919136, 1.0435330854146903, 1.5145377323646974, -4.005017611940988, 0.0, 0.0, 4.014111907025914, -1.821103075314437, 0.3821011848819187, 1.0435338975525283
402, 4.010873257839721, 0.3972464393628383, 1.0034829092952804, 1.5145377323646974, -4.005017611940988, 0.0, 0.0, 4.020110151638034, -1.7979555787793233, 0.39724732571567845, 1.003481850604579
403, 4.020875435540069, 0.4123918166864853, 0.9634327331758703, 1.5145377323646974, -4.005017611940988, 0.0, 0.0, 4.02538575819908, -1.7749730043716632, 0.4123925398535221, 0.9634315979912577
404, 4.030877613240418, 0.42753719401013224, 0.9233825570564604, 1.5145377323646974, -4.005017611940988, 0.0, 0.0, 4.029925751798288, -1.7521686048841185, 0.4275361120639378, 0.9233831505695927
405, 4.0408797909407665, 0.4426825713337793, 0.8833323809370506, 1.5145377323646974, -4.005017611940988, 0.0, 0.0, 4.0337172307826625, -1.7295554631759864, 0.44268139705572684, 0.8833325999653142
406, 4.050881968641114, 0.45782794865742626, 0.8432822048176407, 1.5145377323646974, -4.005017611940988, 0.0, 0.0, 4.036747379556731, -1.7071464857603236, 0.4578273353424163, 0.8432819416567661
407, 4.060884146341463, 0.4729733259810732, 0.8032320286982306, 1.5145377323646974, -4.005017611940988, 0.0, 0.0, 4.039003481550846, -1.6849543965930294, 0.4729732291419958, 0.8032302058775533
408, 4.070886324041812, 0.4881187033047203, 0.7631818525788208, 1.5145377323646974, -4.005017611940988, 0.0, 0.0, 4.040472932344668, -1.6629917310648519, 0.48811689435066546, 0.7631807800099488
409, 4.08088850174216, 0.5028998709842721, 0.7244344638243227, 1.4620406144185307, -3.7982596080086126, -3.2152307073310564, 15.29585348823864, 4.107967548107338, -1.4560533386677867, 0.5028983552296106, 0.7244332584439133
410, 4.090890679442508, 0.517359515593091, 0.6872166604186484, 1.4298883073452202, -3.6453010731262263, -3.2152307073310564, 15.29585348823864, 4.100545195442611, -1.3626039243829848, 0.5173584786278367, 0.6872168907299955
411, 4.100892857142857, 0.5314976371311766, 0.651528442361798, 1.3977360002719097, -3.492342538243839, -3.2152307073310564, 15.29585348823864, 4.090564207609925, -1.270159932046428, 0.5314954401736668, 0.6515281368477573
412, 4.110895034843205, 0.5453142355985291, 0.6173698096537716, 1.3655836931985992, -3.339384003361453, -3.2152307073310564, 15.29585348823864, 4.078155370710826, -1.178708984137611, 0.5453131456856055, 0.6173687246992844
413, 4.120897212543554, 0.5588093109951486, 0.584740762294569, 1.3334313861252884, -3.1864254684790665, -3.2152307073310564, 15.29585348823864, 4.063453207301413, -1.0882388233819626, 0.5588080092579193, 0.5847422829456
414, 4.130899390243902, 0.5719828633210349, 0.5536413002841902, 1.301279079051978, -3.0334669335966797, -3.2152307073310564, 15.29585348823864, 4.046594156005581, -0.9987374954343723, 0.5719836304003677, 0.5536417482708513
415, 4.14090156794425, 0.5848348925761881, 0.5240714236226354, 1.2691267719786672, -2.8805083987142934, -3.2152307073310564, 15.29585348823864, 4.027714924010451, -0.9101935190447002, 0.5848333487896462, 0.5240732074048204
416, 4.150903745644599, 0.5973653987606082, 0.49603113230990425, 1.2369744649053567, -2.7275498638319067, -3.2152307073310564, 15.29585348823864, 4.006951006795151, -0.8225960442877048, 0.5973643888936385, 0.4960308448552989
417, 4.160905923344948, 0.6095743818742954, 0.4695204263459971, 1.204822157832046, -2.57459132894952, -3.2152307073310564, 15.29585348823864, 3.984435367871965, -0.7359349992830311, 0.6095756934929968, 0.46952116071194033
418, 4.1709081010452955, 0.6214618419172493, 0.44453930573091377, 1.1726698507587356, -2.421632794067134, -3.2152307073310564, 15.29585348823864, 3.9602972701306114, -0.6502012256879024, 0.6214608120933787, 0.4445388010822959
419, 4.180910278745644, 0.63302777888947, 0.4210877704646544, 1.140517543685425, -2.2686742591847473, -3.2152307073310564, 15.29585348823864, 3.9346612495324833, -0.5653866031152178, 0.6330266353975836, 0.4210886165717724
420, 4.190912456445993, 0.6442721927909578, 0.3991658205472189, 1.1083652366121146, -2.1157157243023605, -3.2152307073310564, 15.29585348823864, 3.9076462213645202, -0.48148416251175263, 0.6442723878005419, 0.39916442210288716
421, 4.200914634146341, 0.6551950836217124, 0.3787734559786071, 1.0762129295388039, -1.9627571894199745, -3.2152307073310564, 15.29585348823864, 3.8793647089949275, -0.3984881884240288, 0.6551963149915604, 0.378774012686934
422, 4.2109168118466895, 0.6657964513817338, 0.3599106767588193, 1.0440606224654931, -1.8097986545375875, -3.2152307073310564, 15.29585348823864, 3.849922185040727, -0.31639430998194407, 0.6657979305780622, 0.359910463380893
423, 4.220918989547038, 0.6760762960710223, 0.3425774828878554, 1.0119083153921826, -1.6568401196552012, -3.2152307073310564, 15.29585348823864, 3.8194165150276964, -0.23519958034130306, 0.676076017604176, 0.3425791108081366
424, 4.230921167247386, 0.6860346176895775, 0.32677387436571526, 0.979756008318872, -1.5038815847728149, -3.2152307073310564, 15.29585348823864, 3.7879374939667017, -0.15490254424487526, 0.6860346846966422, 0.3267740641220889
425, 4.240923344947735, 0.6956714162373997, 0.31249985119239904, 0.9476037012455614, -1.3509230498904283, -3.2152307073310564, 15.29585348823864, 3.7555664667598405, -0.07550329328661032, 0.6956716231198667, 0.31250034402696686
426, 4.2509255226480835, 0.7049866917144888, 0.2997554133679067, 0.9154513941722507, -1.1979645150080414, -3.2152307073310564, 15.29585348823864, 3.7223760239606163, 0.0029964916056990365, 0.7049870731452482, 0.29975626879584083
427, 4.260927700348431, 0.7139804441208447, 0.2885405608922382, 0.8832990870989403, -1.045005980125655, -3.2152307073310564, 15.29585348823864, 3.6884297651230415, 0.08059351101826329, 0.7139807165270268, 0.28854082354141924
428, 4.27092987804878, 0.7226526734564676, 0.27885529376539353, 0.8511467800256297, -0.8920474452432687, -3.2152307073310564, 15.29585348823864, 3.6537821227659615, 0.15728283183824843, 0.7226537040506753, 0.27885418854625904
429, 4.280932055749129, 0.7310033797213573, 0.2706996119873728, 0.8189944729523191, -0.7390889103608822, -3.2152307073310564, 15.29585348823864, 3.6184782408345204, 0.23305788664364768, 0.7310046568462399, 0.2706992955771448
430, 4.290934233449477, 0.739032562915514, 0.26407351555817593, 0.7868421658790085, -0.5861303754784954, -3.2152307073310564, 15.29585348823864, 3.582553902446047, 0.30791048841071555, 0.7390325186052339, 0.2640734662877372
431, 4.300936411149825, 0.7467402230389375, 0.2589770044778029, 0.7546898588056978, -0.43317184059610914, -3.2152307073310564, 15.29585348823864, 3.546035502650612, 0.3818308612998199, 0.746738850943964, 0.25897658273826935
432, 4.310938588850174, 0.7541263600916279, 0.2554100787462537, 0.7225375517323873, -0.2802133057137228, -3.2152307073310564, 15.29585348823864, 3.508940062906431, 0.45480768832172613, 0.7541259500098979, 0.25541101014604756
433, 4.320940766550522, 0.7611909740735853, 0.25337273836352847, 0.6903852446590767, -0.12725477083133607, -3.2152307073310564, 15.29585348823864, 3.471275284958174, 0.5268281767217885, 0.7611917428391359, 0.25337352495425786
434, 4.330942944250871, 0.7679340649848095, 0.252864983329627, 0.6582329375857662, 0.02570376405105046, -3.2152307073310564, 15.29585348823864, 3.433039642804359, 0.5978781419483966, 0.7679349433250058, 0.2528649532600575
435, 4.340945121951219, 0.7743556328253006, 0.25388681364454946, 0.6260806305124555, 0.178662298933437, -3.2152307073310564, 15.29585348823864, 3.394222512441301, 0.6679421110932426, 0.7743575914989402, 0.2538887783779314
436, 4.350947299651567, 0.7804556775950586, 0.25643822930829574, 0.5939283234391449, 0.33162083381582375, -3.2152307073310564, 15.29585348823864, 3.3548043400694807, 0.7370034467032449, 0.7804551311456519, 0.2564381738795558
437, 4.360949477351916, 0.7862341992940836, 0.2605192303208659, 0.5617760163658343, 0.48457936869821006, -3.2152307073310564, 15.29585348823864, 3.31475685043755, 0.8050444918658247, 0.7862334657388463, 0.26051866779566685
438, 4.370951655052265, 0.7916911979223753, 0.26612981668225993, 0.5296237092925238, 0.6375379035805965, -3.2152307073310564, 15.29585348823864, 3.2740432979735505, 0.8720467374590299, 0.7916908447823301, 0.2661285319306621
439, 4.3809538327526125, 0.796826673479934, 0.27326998839247785, 0.49747140221921315, 0.7904964384629829, -3.2152307073310564, 15.29585348823864, 3.2326187643060664, 0.9379910124339353, 0.7968266985183958, 0.27327094286925574
440, 4.390956010452961, 0.8016406259667596, 0.28193974545151956, 0.4653190951459026, 0.9434549733453695, -3.2152307073310564, 15.29585348823864, 3.1904305067028607, 1.0028576979568815, 0.8016417737742898, 0.2819400029184523
441, 4.40095818815331, 0.8061330553828521, 0.29213908785938525, 0.433166788072592, 1.096413508227756, -3.2152307073310564, 15.29585348823864, 3.147418362843392, 1.066626966181372, 0.8061351952423241, 0.2921390652720874
442, 4.410960365853658, 0.8103039617282115, 0.30386801561607474, 0.4010144809992814, 1.2493720431101427, -3.2152307073310564, 15.29585348823864, 3.10351521818519, 1.1292790443416967, 0.8103048033795308, 0.3038688942677854
443, 4.4209625435540065, 0.8141533450028378, 0.3171265287215881, 0.3688621739259708, 1.4023305779925292, -3.2152307073310564, 15.29585348823864, 3.0586475429720266, 1.1907945047603374, 0.8141539554531196, 0.31712714624545196
444, 4.430964721254355, 0.8176812052067308, 0.33191462717592535, 0.33670986685266024, 1.5552891128749158, -3.2152307073310564, 15.29585348823864, 3.01273600665158, 1.251154581236746, 0.8176813499249106, 0.33191382614777815
445, 4.440966898954703, 0.8208875423398909, 0.34823231097908647, 0.3045575597793496, 1.7082476477573019, -3.2152307073310564, 15.29585348823864, 2.9656961781078133, 1.3103415121338673, 0.8208871537566447, 0.34823289590778544
446, 4.450969076655052, 0.8237723564023178, 0.3660795801310714, 0.27240525270603905, 1.8612061826396888, -3.2152307073310564, 15.29585348823864, 2.9174393206516416, 1.3683389102986632, 0.8237745693202868, 0.36607811476670316
447, 4.4609712543554005, 0.8263356473940117, 0.38545643463188023, 0.24025294563272845, 2.014164717522075, -3.2152307073310564, 15.29585348823864, 2.867873291134069, 1.425132159741766, 0.8263342372032771, 0.38545679591069976
448, 4.470973432055748, 0.8285774153149724, 0.406362874481513, 0.20810063855941785, 2.1671232524044615, -3.2152307073310564, 15.29585348823864, 2.8169035528269966, 1.480708838757343, 0.8285781292638893, 0.40636322441548467
449, 4.480975609756097, 0.8306584217005666, 0.42803410700555683, 0.20810063855941893, 2.1671232524044566, 0.0, 0.0, 2.671651511310992, 1.3848413847902403, 0.8306583448424342, 0.4280341347154016
450, 4.490977787456446, 0.8327394280861607, 0.4497053395296014, 0.20810063855941893, 2.1671232524044566, 0.0, 0.0, 2.641944144623508, 1.362622912052684, 0.8327381432232439, 0.44970376419481606
451, 4.500979965156794, 0.8348204344717549, 0.471376572053646, 0.20810063855941893, 2.1671232524044566, 0.0, 0.0, 2.612092423278963, 1.34024704461747, 0.8348197536596642, 0.47137574738562027
452, 4.510982142857142, 0.8369014408573492, 0.4930478045776906, 0.20810063855941893, 2.1671232524044566, 0.0, 0.0, 2.5821100236121692, 1.317726407247809, 0.8369013766621537, 0.49304639073557255
453, 4.520984320557491, 0.8389824472429434, 0.5147190371017352, 0.20810063855941893, 2.1671232524044566, 0.0, 0.0, 2.5520106923538632, 1.295073706360303, 0.838981749674115, 0.5147183310919824
454, 4.530986498257839, 0.8410634536285375, 0.5363902696257797, 0.20810063855941893, 2.1671232524044566, 0.0, 0.0, 2.52180823898384, 1.2723017228559765, 0.8410632967592349, 0.5363893478705708
455, 4.540988675958188, 0.8431444600141317, 0.5580615021498243, 0.20810063855941893, 2.1671232524044566, 0.0, 0.0, 2.4915165280476304, 1.2494233049093026, 0.8431450388119662, 0.558062356857589
456, 4.550990853658536, 0.8452254663997258, 0.5797327346738689, 0.20810063855941893, 2.1671232524044566, 0.0, 0.0, 2.4611494714409745, 1.2264513607192802, 0.8452254698899607, 0.5797316583214771
457, 4.560993031358884, 0.8473064727853201, 0.6014039671979136, 0.20810063855941893, 2.1671232524044566, 0.0, 0.0, 2.430721020666423, 1.2033988512266636, 0.847306404975404, 0.6014051241674139
458, 4.570995209059233, 0.8493874791709143, 0.6230751997219581, 0.20810063855941893, 2.1671232524044566, 0.0, 0.0, 2.400245159066375, 1.1802787828014438, 0.8493869228553088, 0.6230754691124325
459, 4.580997386759582, 0.8514684855565084, 0.6447464322460027, 0.20810063855941893, 2.1671232524044566, 0.0, 0.0, 2.3697358940369044, 1.1571041999047136, 0.8514676975344329, 0.6447475706955639
460, 4.5909995644599295, 0.8535494919421027, 0.6664176647700473, 0.20810063855941893, 2.1671232524044566, 0.0, 0.0, 2.3392072492267157, 1.1338881777290521, 0.853549846801371, 0.6664180285963972
461, 4.601001742160278, 0.8556304983276969, 0.6880888972940918, 0.20810063855941893, 2.1671232524044566, 0.0, 0.0, 2.3086732567255983, 1.1106438148215843, 0.8556296106018574, 0.6880886824542809
462, 4.611003919860627, 0.857711504713291, 0.7097601298181364, 0.20810063855941893, 2.1671232524044566, 0.0, 0.0, 2.2781479492467316, 1.0873842256938757, 0.8577114449396243, 0.7097611075991882
463, 4.621006097560976, 0.8597925110988852, 0.731431362342181, 0.20810063855941893, 2.1671232524044566, 0.0, 0.0, 2.247645352307231, 1.0641225334228326, 0.8597915110777731, 0.7314310996974619
464, 4.6310082752613235, 0.8618735174844794, 0.7531025948662257, 0.20810063855941893, 2.1671232524044566, 0.0, 0.0, 2.2171794764112795, 1.0408718622467796, 0.8618729405807402, 0.753102807360762
465, 4.641010452961672, 0.8639545238700737, 0.7747738273902702, 0.20810063855941893, 2.1671232524044566, 0.0, 0.0, 2.186764309240247, 1.017645330160897, 0.8639555480624802, 0.7747743830374173
466, 4.651012630662021, 0.8660355302556678, 0.7964450599143148, 0.20810063855941893, 2.1671232524044566, 0.0, 0.0, 2.1564138078541397, 0.9944560415161894, 0.8660353249610921, 0.7964445483925818
467, 4.661014808362369, 0.868116536641262, 0.8181162924383594, 0.20810063855941893, 2.1671232524044566, 0.0, 0.0, 2.126141890908751, 0.9713170796261643, 0.868118226112646, 0.818116570249291
468, 4.6710169860627175, 0.8701975430268563, 0.8397875249624039, 0.20810063855941893, 2.1671232524044566, 0.0, 0.0, 2.0959624308928753, 0.9482414993853937, 0.8701952211146166, 0.8397877870097623
469, 4.681019163763066, 0.8722785494124504, 0.8614587574864485, 0.20810063855941893, 2.1671232524044566, 0.0, 0.0, 2.0658892463899163, 0.925242319904119, 0.8722772571771591, 0.8614587566235212
470, 4.691021341463414, 0.8743595557980446, 0.8831299900104931, 0.20810063855941893, 2.1671232524044566, 0.0, 0.0, 2.035936094368226, 0.9023325171630556, 0.8743589834129241, 0.8831321954462258
471, 4.701023519163763, 0.8764405621836387, 0.9048012225345377, 0.20810063855941893, 2.1671232524044566, 0.0, 0.0, 2.0061166625044904, 0.8795250166925452, 0.8764425241351955, 0.9048017387461249
472, 4.7110256968641115, 0.8785215685692329, 0.9264724550585823, 0.20810063855941893, 2.1671232524044566, 0.0, 0.0, 1.976444561544452, 0.8568326862801797, 0.8785238578861242, 0.9264723853742924
473, 4.721027874564459, 0.8806025749548272, 0.9481436875826269, 0.20810063855941893, 2.1671232524044566, 0.0, 0.0, 1.9469333177052652, 0.8342683287110173, 0.8806013128312582, 0.9481437685925169
474, 4.731030052264808, 0.8826835813404214, 0.9698149201066715, 0.20810063855941893, 2.1671232524044566, 0.0, 0.0, 1.9175963651237098, 0.8118446745444803, 0.8826843845345013, 0.9698151665890166
475, 4.741032229965157, 0.8847645877260155, 0.991486152630716, 0.20810063855941893, 2.1671232524044566, 0.0, 0.0, 1.8884470383545147, 0.7895743749320155, 0.884766912773476, 0.9914878234712168
476, 4.751034407665505, 0.8868455941116097, 1.0131573851547606, 0.20810063855941893, 2.1671232524044566, 0.0, 0.0, 1.8594985649229938, 0.7674699944795653, 0.8868476241810153, 1.0131578464550344
477, 4.761036585365853, 0.888926600497204, 1.034828617678805, 0.20810063855941893, 2.1671232524044566, 0.0, 0.0, 1.8307640579361437, 0.7455440041588777, 0.8889268177376988, 1.0348300434768543
478, 4.771038763066202, 0.8910076068827981, 1.0564998502028495, 0.20810063855941893, 2.1671232524044566, 0.0, 0.0, 1.8022565087563784, 0.7238087742716559, 0.8910072926977363, 1.0564984747754258
479, 4.78104094076655, 0.8930886132683923, 1.0781710827268944, 0.20810063855941893, 2.1671232524044566, 0.0, 0.0, 1.773988779741966, 0.7022765674705117, 0.8930885417143027, 1.0781713665733683
480, 4.791043118466899, 0.8951696196539864, 1.099842315250939, 0.20810063855941893, 2.1671232524044566, 0.0, 0.0, 1.745973597058282, 0.6809595318406705, 0.895168566178874, 1.0998422989674161
481, 4.801045296167247, 0.8972506260395807, 1.1215135477749834, 0.20810063855941893, 2.1671232524044566, 0.0, 0.0, 1.7182235435638618, 0.6598696940463158, 0.897251933393935, 1.1215134345012916
482, 4.811047473867595, 0.8993316324251749, 1.1431847802990278, 0.20810063855941893, 2.1671232524044566, 0.0, 0.0, 1.6907510517752844, 0.6390189525454558, 0.8993323731552286, 1.1431854070006138
483, 4.821049651567944, 0.901412638810769, 1.1648560128230727, 0.20810063855941893, 2.1671232524044566, 0.0, 0.0, 1.6635683969147985, 0.6184190708771282, 0.9014105558107032, 1.1648569787266096
484, 4.831051829268293, 0.9034936451963632, 1.1865272453471172, 0.20810063855941893, 2.1671232524044566, 0.0, 0.0, 1.6366876900446137, 0.598081671024738, 0.9034931513189111, 1.1865281738791047
485, 4.8410540069686405, 0.9055746515819574, 1.2081984778711616, 0.20810063855941893, 2.1671232524044566, 0.0, 0.0, 1.610120871291697, 0.5780182268592645, 0.9055746949012998, 1.208198093851633
486, 4.851056184668989, 0.9076556579675517, 1.2298697103952065, 0.20810063855941893, 2.1671232524044566, 0.0, 0.0, 1.5838797031668757, 0.5582400576660455, 0.9076563727364652, 1.2298697267494787
487, 4.861058362369338, 0.9097366643531458, 1.251540942919251, 0.20810063855941893, 2.1671232524044566, 0.0, 0.0, 1.5579757639820098, 0.5387583217587883, 0.9097374817531889, 1.2515418104807792
488, 4.871060540069686, 0.91181767073874, 1.2732121754432955, 0.20810063855941893, 2.1671232524044566, 0.0, 0.0, 1.5324204413689058, 0.519584010184401, 0.9118177055482704, 1.2732128274240855
489, 4.8810627177700345, 0.9138986771243343, 1.29488340796734, 0.20810063855941893, 2.1671232524044566, 0.0, 0.0, 1.5072249259036303, 0.5007279405222097, 0.9138984824852909, 1.2948819004844787
490, 4.891064895470383, 0.9159796835099284, 1.3165546404913848, 0.20810063855941893, 2.1671232524044566, 0.0, 0.0, 1.4824002048398013, 0.48220075078105173, 0.9159796993152944, 1.3165524470618006
491, 4.901067073170731, 0.9180606898955226, 1.3382258730154293, 0.20810063855941893, 2.1671232524044566, 0.0, 0.0, 1.4579570559543626, 0.4640128933976886, 0.9180621136507059, 1.3382254280900185
492, 4.91106925087108, 0.9201416962811167, 1.3598971055394737, 0.20810063855941893, 2.1671232524044566, 0.0, 0.0, 1.4339060415093183, 0.4461746293399249, 0.920141446422359, 1.3598969170075785
493, 4.9210714285714285, 0.9222227026667109, 1.3815683380635186, 0.20810063855941893, 2.1671232524044566, 0.0, 0.0, 1.4102575023328041, 0.4286960223177614, 0.9222236072873089, 1.381568187361111
494, 4.931073606271776, 0.9243037090523052, 1.403239570587563, 0.20810063855941893, 2.1671232524044566, 0.0, 0.0, 1.3870215520228377, 0.4115869331058484, 0.9243042109244982, 1.4032404897694193
495, 4.941075783972125, 0.9263847154378994, 1.4249108031116076, 0.20810063855941893, 2.1671232524044566, 0.0, 0.0, 1.3642080712769917, 0.3948570139804385, 0.9263852334542269, 1.4249106506857028
496, 4.951077961672474, 0.9284657218234935, 1.446582035635652, 0.20810063855941893, 2.1671232524044566, 0.0, 0.0, 1.341826702351185, 0.37851570327398043, 0.9284659863845827, 1.446583291196535
497, 4.961080139372822, 0.9305467282090878, 1.468253268159697, 0.20810063855941893, 2.1671232524044566, 0.0, 0.0, 1.319886843650716, 0.3625722200504281, 0.9305454023750571, 1.4682509695148949
498, 4.97108231707317, 0.932627734594682, 1.4899245006837414, 0.20810063855941893, 2.1671232524044566, 0.0, 0.0, 1.2983976444565684, 0.3470355589042631, 0.9326255931861547, 1.489925885801154
499, 4.981084494773519, 0.9347087409802761, 1.5115957332077858, 0.20810063855941893, 2.1671232524044566, 0.0, 0.0, 1.2773679997899674, 0.33191448488616926, 0.9347088037852721, 1.5115941059270726
500, 4.991086672473867, 0.9367897473658703, 1.5332669657318307, 0.20810063855941893, 2.1671232524044566, 0.0, 0.0, 1.2568065454180686, 0.3172175285582187, 0.9367897672942679, 1.5332677520260092
501, 5.001088850174216, 0.9388707537514644, 1.5549381982558752, 0.20810063855941893, 2.1671232524044566, 0.0, 0.0, 1.2367216530036125, 0.30295298118136627, 0.9388693864343892, 1.5549392816191918
502, 5.011091027874564, 0.9409517601370587, 1.5766094307799197, 0.20810063855941893, 2.1671232524044566, 0.0, 0.0, 1.2171214254012395, 0.28912889003795283, 0.9409518844515865, 1.5766092227910988
503, 5.021093205574912, 0.9430327665226529, 1.5982806633039641, 0.20810063855941893, 2.1671232524044566, 0.0, 0.0, 1.198013692103167, 0.2757530538918749, 0.943032675147128, 1.5982809569900231
504, 5.031095383275261, 0.945113772908247, 1.619951895828009, 0.20810063855941893, 2.1671232524044566, 0.0, 0.0, 1.1794060048367456, 0.2628330185889647, 0.945113664022912, 1.619952490318793
505, 5.04109756097561, 0.9471947792938413, 1.6416231283520535, 0.20810063855941893, 2.1671232524044566, 0.0, 0.0, 1.1613056333164182, 0.25037607280007457, 0.9471942172237531, 1.6416235217159736
506, 5.0510997386759575, 0.9492757856794355, 1.663294360876098, 0.20810063855941893, 2.1671232524044566, 0.0, 0.0, 1.14371956115245, 0.23838924390926053, 0.9492748062509002, 1.66329527396222
507, 5.061101916376306, 0.9513567920650297, 1.6849655934001428, 0.20810063855941893, 2.1671232524044566, 0.0, 0.0, 1.126654481918764, 0.22687929404938723, 0.9513564691653992, 1.6849652949894696
508, 5.071104094076655, 0.9534377984506238, 1.7066368259241873, 0.20810063855941893, 2.1671232524044566, 0.0, 0.0, 1.11011679538208, 0.21585271628739156, 0.95343469056727, 1.7066360837769008
509, 5.081106271777003, 0.9556301298430607, 1.7285358394516908, 0.2264779920945827, 2.1721941759957315, 1.4489705701790225, -3.541435350919583, 1.1609403015292397, 0.18029271068814567, 0.9556281789828588, 1.7285361408989934
510, 5.0911084494773515, 0.9579673582925154, 1.750080709444102, 0.2409676977963729, 2.136779822486536, 1.4489705701790225, -3.541435350919583, 1.1543336365053734, 0.1520149659989226, 0.9579667912224091, 1.7500817283377703
511, 5.1011106271777, 0.9604494837989882, 1.7712714359014212, 0.25545740349816315, 2.10136546897734, 1.4489705701790225, -3.541435350919583, 1.1479103585276422, 0.12434533373826828, 0.9604503323567659, 1.7712703461903685
512, 5.111112804878048, 0.9630765063624788, 1.7921080188236487, 0.26994710919995335, 2.065951115468144, 1.4489705701790225, -3.541435350919583, 1.1416554314475056, 0.09727576641434865, 0.9630762809521846, 1.7921081924160922
513, 5.121114982578397, 0.9658484259829873, 1.8125904582107841, 0.28443681490174366, 2.0305367619589485, 1.4489705701790225, -3.541435350919583, 1.1355535520336884, 0.07079775456710358, 0.9658506716964249, 1.8125907066372513
514, 5.1311171602787455, 0.9687652426605137, 1.8327187540628278, 0.29892652060353386, 1.9951224084497523, 1.4489705701790225, -3.541435350919583, 1.1295891758669283, 0.04490235718252755, 0.9687644621810172, 1.8327186453650657
515, 5.141119337979093, 0.9718269563950579, 1.8524929063797795, 0.3134162263053241, 1.9597080549405563, 1.4489705701790225, -3.541435350919583, 1.1237465423580184, 0.019580231500542, 0.9718275179013459, 1.8524936438889632
516, 5.151121515679442, 0.9750335671866202, 1.871912915161639, 0.3279059320071144, 1.9242937014313606, 1.4489705701790225, -3.541435350919583, 1.11800969891348, -0.005178337813929401, 0.9750335126610404, 1.8719147385900818
517, 5.161123693379791, 0.9783850750352002, 1.8909787804084066, 0.3423956377089046, 1.8888793479221646, 1.4489705701790225, -3.541435350919583, 1.1123625242736914, -0.02938341016385071, 0.9783858299202606, 1.8909765757616552
518, 5.171125871080139, 0.9818814799407982, 1.9096905021200823, 0.3568853434106948, 1.8534649944129689, 1.4489705701790225, -3.541435350919583, 1.1067887510486891, -0.053045361201060515, 0.981882919315999, 1.909691352536665
519, 5.181128048780487, 0.9855227819034141, 1.928048080296666, 0.37137504911248503, 1.818050640903773, 1.4489705701790225, -3.541435350919583, 1.101271987477143, -0.07617485571653548, 0.9855224770712578, 1.9280488139363845
520, 5.191130226480836, 0.9893089809230479, 1.9460515149381576, 0.3858647548142753, 1.7826362873945771, 1.4489705701790225, -3.541435350919583, 1.0957957384342238, -0.0987828212582893, 0.9893095951697221, 1.9460542476058078
521, 5.201132404181184, 0.9932400769996996, 1.9637008060445575, 0.40035446051606555, 1.7472219338853812, 1.4489705701790225, -3.541435350919583, 1.09034342571415, -0.12088042249258624, 0.9932415703939635, 1.9637010365951597
522, 5.211134581881533, 0.9973160701333692, 1.9809959536158654, 0.4148441662178558, 1.7118075803761854, 1.4489705701790225, -3.541435350919583, 1.0848984076132924, -0.14247903632155745, 0.9973159785778334, 1.9809969084874006
523, 5.221136759581881, 1.0015369603240567, 1.9979369576520813, 0.429333871919646, 1.6763932268669897, 1.4489705701790225, -3.541435350919583, 1.0794439978396277, -0.1635902277678729, 1.001534340527006, 1.997935379237481
524, 5.231138937282229, 1.0059027475717621, 2.0145238181532052, 0.44382357762143626, 1.6409788733577935, 1.4489705701790225, -3.541435350919583, 1.0739634837742722, -0.18422572663479608, 1.0059028540670851, 2.0145246640280177
525, 5.241141114982578, 1.0104134318764855, 2.030756535119237, 0.4583132833232265, 1.605564519848598, 1.4489705701790225, -3.541435350919583, 1.068440144110647, -0.20439740494772807, 1.0104144454526176, 2.030756655749101
526, 5.251143292682927, 1.0150690132382267, 2.046635108550177, 0.4728029890250167, 1.5701501663394017, 1.4489705701790225, -3.541435350919583, 1.0628572658966426, -0.22411725518129022, 1.0150682430466713, 2.0466346968005684
527, 5.2611454703832745, 1.0198694916569857, 2.0621595384460254, 0.4872926947268069, 1.5347358128302062, 1.4489705701790225, -3.541435350919583, 1.057198161004884, -0.24339736927399147, 1.0198686498105327, 2.062158671925206
528, 5.271147648083623, 1.0248148671327628, 2.0773298248067813, 0.5017824004285972, 1.4993214593210102, 1.4489705701790225, -3.541435350919583, 1.0514461820559038, -0.26224991843071166, 1.0248141766155994, 2.0773316599906044
529, 5.281149825783972, 1.0299051396655579, 2.0921459676324456, 0.5162721061303874, 1.4639071058118145, 1.4489705701790225, -3.541435350919583, 1.0455847378187269, -0.2806871337114648, 1.029907700111016, 2.0921441574963593
530, 5.29115200348432, 1.0351403092553706, 2.1066079669230175, 0.5307618118321776, 1.4284927523026187, 1.4489705701790225, -3.541435350919583, 1.0395973081129757, -0.29872128740329895, 1.0351389775695703, 2.1066083680272305
531, 5.3011541811846685, 1.0405203759022013, 2.120715822678498, 0.5452515175339679, 1.3930783987934225, 1.4489705701790225, -3.541435350919583, 1.0334674582362315, -0.3163646751706696, 1.0405195727599343, 2.120716547227929
532, 5.311156358885017, 1.04604533960605, 2.1344695348988862, 0.5597412232357581, 1.3576640452842268, 1.4489705701790225, -3.541435350919583, 1.0271788529399886, -0.3336295989782019, 1.0460444249430698, 2.1344682027268367
533, 5.321158536585365, 1.0517152003669166, 2.1478691035841826, 0.5742309289375483, 1.3222496917750308, 1.4489705701790225, -3.541435350919583, 1.0207152699770603, -0.35052835077847155, 1.051716064839471, 2.1478680389027622
534, 5.331160714285714, 1.057529958184801, 2.160914528734387, 0.5887206346393387, 1.2868353382658348, 1.4489705701790225, -3.541435350919583, 1.0140606132428711, -0.3670731969562042, 1.0575289979558056, 2.1609141657170623
535, 5.3411628919860625, 1.0634896130597034, 2.1736058103494993, 0.6032103403411289, 1.2514209847566393, 1.4489705701790225, -3.541435350919583, 1.0071989255325817, -0.38327636351920624, 1.0634895257495105, 2.173604752244321
536, 5.35116506968641, 1.0695941649916236, 2.1859429484295196, 0.6177000460429192, 1.2160066312474433, 1.4489705701790225, -3.541435350919583, 1.0001144009354999, -0.39915002202531014, 1.0695946258034223, 2.1859433695480313
537, 5.361167247386759, 1.0758436139805616, 2.197925942974448, 0.6321897517447093, 1.1805922777382474, 1.4489705701790225, -3.541435350919583, 0.9927913968877242, -0.4147062762337004, 1.0758441419784275, 2.1979259034634673
538, 5.371169425087108, 1.0822379600265177, 2.209554793984285, 0.6466794574464996, 1.1451779242290516, 1.4489705701790225, -3.541435350919583, 0.9852144459034546, -0.429957149468159, 1.0822353972088679, 2.209554398105008
539, 5.381171602787456, 1.0887772031294918, 2.220829501459029, 0.6611691631482898, 1.1097635707198557, 1.4489705701790225, -3.541435350919583, 0.9773682670048733, -0.4449145726790019, 1.0887770971328523, 2.2208294698662105
540, 5.391173780487804, 1.0954613432894835, 2.231750065398682, 0.6756588688500801, 1.07434921721066, 1.4489705701790225, -3.541435350919583, 0.9692377768699609, -0.4595903731898263, 1.0954622290312968, 2.231750544172301
541, 5.401175958188153, 1.1022903805064932, 2.2423164858032423, 0.6901485745518702, 1.038934863701464, 1.4489705701790225, -3.541435350919583, 0.9608081007170584, -0.4739962641145893, 1.1022919695530082, 2.242317789632068
542, 5.411178135888501, 1.109264314780521, 2.252528762672711, 0.7046382802536606, 1.0035205101922682, 1.4489705701790225, -3.541435350919583, 0.9520645829444557, -0.4881438344300213, 1.1092649830710593, 2.2525291222646535
543, 5.42118031358885, 1.1163831461115665, 2.262386896007088, 0.7191279859554508, 0.9681061566830722, 1.4489705701790225, -3.541435350919583, 0.942992797542691, -0.5020445396879438, 1.116382759295207, 2.262387326644751
544, 5.431182491289198, 1.12364687449963, 2.2718908858063727, 0.733617691657241, 0.9326918031738763, 1.4489705701790225, -3.541435350919583, 0.9335785582967093, -0.5157096933516705, 1.1236470263847376, 2.2718918608646965
545, 5.441184668989546, 1.1310554999447113, 2.2810407320705655, 0.7481073973590312, 0.8972774496646806, 1.4489705701790225, -3.541435350919583, 0.9238079287944367, -0.529150458740375, 1.1310542209489314, 2.281041089839214
546, 5.451186846689895, 1.1386090224468106, 2.2898364347996663, 0.7625971030608214, 0.8618630961554847, 1.4489705701790225, -3.541435350919583, 0.9136672322577571, -0.5423778415650444, 1.1386082952330738, 2.289836724900001
547, 5.461189024390244, 1.1463074420059278, 2.298277993993675, 0.7770868087626118, 0.8264487426462888, 1.4489705701790225, -3.541435350919583, 0.9031430612112883, -0.5554026830394646, 1.146309770131189, 2.298278964075349
548, 5.4711912020905915, 1.154150758622063, 2.306365409652592, 0.7915765144644019, 0.7910343891370929, 1.4489705701790225, -3.541435350919583, 0.8922222870037737, -0.5682356535495332, 1.154152421965697, 2.306367463206293
549, 5.48119337979094, 1.1620665237667067, 2.3142757535439626, 0.7915765144644015, 0.7910343891370941, 0.0, 0.0, 0.8057691854315316, -0.5208606167807994, 1.1620661668193362, 2.314275411288397
550, 5.491195557491289, 1.1699822889113507, 2.3221860974353334, 0.7915765144644015, 0.7910343891370941, 0.0, 0.0, 0.7862252722428942, -0.5157168948660628, 1.169980823440755, 2.322186566037543
551, 5.501197735191637, 1.1778980540559947, 2.3300964413267047, 0.7915765144644015, 0.7910343891370941, 0.0, 0.0, 0.7668297432220184, -0.5103432242193889, 1.1778983285422897, 2.3300972917330784
552, 5.5111999128919855, 1.1858138192006387, 2.3380067852180755, 0.7915765144644015, 0.7910343891370941, 0.0, 0.0, 0.7475827917450149, -0.5047409635015199, 1.1858133491641503, 2.3380083011802313
553, 5.521202090592334, 1.1937295843452826, 2.3459171291094463, 0.7915765144644015, 0.7910343891370941, 0.0, 0.0, 0.728484558842047, -0.49891152873284395, 1.1937296323507463, 2.3459159410864374
554, 5.531204268292682, 1.2016453494899269, 2.3538274730008175, 0.7915765144644015, 0.7910343891370941, 0.0, 0.0, 0.7095351334552309, -0.49285639293793326, 1.201643868227584, 2.353825762030685
555, 5.541206445993031, 1.2095611146345708, 2.3617378168921883, 0.7915765144644015, 0.7910343891370941, 0.0, 0.0, 0.6907345527105102, -0.48657708577579895, 1.2095622565700588, 2.361736638568905
556, 5.5512086236933795, 1.2174768797792148, 2.369648160783559, 0.7915765144644015, 0.7910343891370941, 0.0, 0.0, 0.6720828022034153, -0.48007519315595004, 1.2174768541782999, 2.369647276176289
557, 5.561210801393727, 1.2253926449238588, 2.3775585046749304, 0.7915765144644015, 0.7910343891370941, 0.0, 0.0, 0.6535798162986299, -0.47335235684036236, 1.2253922580909873, 2.3775594296747906
558, 5.571212979094076, 1.2333084100685028, 2.385468848566301, 0.7915765144644015, 0.7910343891370941, 0.0, 0.0, 0.6352254784432567, -0.46641027403145097, 1.2333085012262528, 2.3854687176927225
559, 5.581215156794425, 1.2412241752131468, 2.393379192457672, 0.7915765144644015, 0.7910343891370941, 0.0, 0.0, 0.6170196214936965, -0.4592506969461464, 1.2412228012691806, 2.393376928545662
560, 5.591217334494773, 1.2491399403577907, 2.401289536349043, 0.7915765144644015, 0.7910343891370941, 0.0, 0.0, 0.5989620280560336, -0.45187543237619154, 1.249140020825068, 2.40128954583101
561, 5.601219512195121, 1.257055705502435, 2.409199880240414, 0.7915765144644015, 0.7910343891370941, 0.0, 0.0, 0.5810524308398206, -0.4442863412347611, 1.2570559977449731, 2.409199203186635
562, 5.61122168989547, 1.264971470647079, 2.417110224131785, 0.7915765144644015, 0.7910343891370941, 0.0, 0.0, 0.563290513025172, -0.4364853380895162, 1.2649700168357036, 2.417111269834371
563, 5.621223867595818, 1.272887235791723, 2.425020568023156, 0.7915765144644015, 0.7910343891370941, 0.0, 0.0, 0.5456759086430298, -0.4284743906822196, 1.2728870921326148, 2.4250212157695787
564, 5.631226045296167, 1.280803000936367, 2.432930911914527, 0.7915765144644015, 0.7910343891370941, 0.0, 0.0, 0.5282082029685113, -0.4202555194350246, 1.2808018181306406, 2.4329300387077675
565, 5.641228222996515, 1.2887187660810109, 2.4408412558058976, 0.7915765144644015, 0.7910343891370941, 0.0, 0.0, 0.5108869329272063, -0.4118307969435614, 1.2887178271252653, 2.4408404663597527
566, 5.651230400696864, 1.296634531225655, 2.448751599697269, 0.7915765144644015, 0.7910343891370941, 0.0, 0.0, 0.4937115875143109, -0.40320234745695327, 1.2966329209036747, 2.448752801540755
567, 5.661232578397212, 1.3045492560953122, 2.4567650472050024, 0.7717935860747812, 0.7920936452193512, -3.935780178185678, -1.8502211107987248, 0.33375487514664903, -0.39685546057694276, 1.3045483947048213, 2.456767147582932
568, 5.671234756097561, 1.3120704029471506, 2.464593472601656, 0.7324357842929242, 0.773591434111364, -3.935780178185678, -1.8502211107987248, 0.30065959211667476, -0.3977023892431198, 1.312070141247985, 2.464592957591549
569, 5.681236933797909, 1.3191979717811706, 2.4722368758872295, 0.6930779825110674, 0.7550892230033769, -3.935780178185678, -1.8502211107987248, 0.268556355366417, -0.3986655863579957, 1.3191972651021788, 2.4722362940838885
570, 5.691239111498257, 1.325931962597372, 2.4796952570617234, 0.6537201807292106, 0.7365870118953896, -3.935780178185678, -1.8502211107987248, 0.23743417153585983, -0.39976826930653603, 1.3259322282342436, 2.4796971170804243
571, 5.701241289198606, 1.3322723753957548, 2.486968616125137, 0.6143623789473539, 0.7180848007874022, -3.935780178185678, -1.8502211107987248, 0.20728243130677898, -0.4010324507722392, 1.3322717928086736, 2.4869665016753086
572, 5.711243466898955, 1.338219210176319, 2.4940569530774717, 0.575004577165497, 0.699582589679415, -3.935780178185678, -1.8502211107987248, 0.1780909269848286, -0.402478965996137, 1.3382203490212567, 2.4940563270314855
573, 5.7212456445993025, 1.343772466939065, 2.5009602679187255, 0.5356467753836401, 0.6810803785714278, -3.935780178185678, -1.8502211107987248, 0.14984986681060591, -0.40412750083011656, 1.3437712278086817, 2.5009604206813147
574, 5.731247822299651, 1.348932145683992, 2.5076785606489, 0.49628897360178326, 0.6625781674634404, -3.935780178185678, -1.8502211107987248, 0.12254988621027318, -0.4059966203191682, 1.3489332142897896, 2.5076783398647993
575, 5.74125, 1.3536982464111005, 2.5142118312679944, 0.4569311718199266, 0.6440759563554531, -3.935780178185678, -1.8502211107987248, 0.09618205618538228, -0.4081037975632697, 1.3536996934425585, 2.514212189825227
576, 5.751252177700348, 1.3580707691203906, 2.520560079776009, 0.41757337003806977, 0.6255737452474659, -3.935780178185678, -1.8502211107987248, 0.07073788903069114, -0.4104654426253165, 1.358072188895349, 2.520559770030695
577, 5.7612543554006965, 1.362049713811862, 2.526723306172944, 0.37821556825621294, 0.6070715341394787, -3.935780178185678, -1.8502211107987248, 0.04620934155787937, -0.4130969312667641, 1.3620489374615952, 2.5267229712543817
578, 5.771256533101045, 1.3656350804855149, 2.5327015104587987, 0.33885776647435606, 0.5885693230314913, -3.935780178185678, -1.8502211107987248, 0.022588815992338446, -0.4160126333074408, 1.3656345465127866, 2.532702502538685
579, 5.781258710801393, 1.368826869141349, 2.5384946926335736, 0.2994999646924993, 0.5700671119235041, -3.935780178185678, -1.8502211107987248, -0.0001308413003570097, -0.41922594042028993, 1.368827211007778, 2.5384950076591366
580, 5.791260888501742, 1.3716250797793648, 2.544102852697269, 0.26014216291064246, 0.5515649008155169, -3.935780178185678, -1.8502211107987248, -0.021956343112105092, -0.42274929318559923, 1.3716249159352878, 2.5441027913219174
581, 5.8012630662020905, 1.374029712399562, 2.549525990649884, 0.22078436112878574, 0.5330626897075296, -3.935780178185678, -1.8502211107987248, -0.04289396657800598, -0.4265942072425651, 1.3740288036204187, 2.549525757081031
582, 5.811265243902438, 1.3760407670019406, 2.5547641064914193, 0.18142655934692886, 0.5145604785995423, -3.935780178185678, -1.8502211107987248, -0.06294956012403213, -0.43077129838881156, 1.3760413078584406, 2.5547630662159326
583, 5.821267421602787, 1.3776582435865006, 2.559817200221875, 0.1420687575650721, 0.49605826749155507, -3.935780178185678, -1.8502211107987248, -0.0821285520601221, -0.43529030649077594, 1.3776597974466267, 2.5598160223536826
584, 5.831269599303136, 1.378882142153242, 2.5646852718412507, 0.10271095578321521, 0.4775560563835678, -3.935780178185678, -1.8502211107987248, -0.10043596071150276, -0.440160118079631, 1.3788811379460035, 2.564685939346439
585, 5.841271777003484, 1.3797124627021649, 2.5693683213495464, 0.06335315400135844, 0.4590538452755805, -3.935780178185678, -1.8502211107987248, -0.11787640599007804, -0.44538878751873756, 1.3797128591516474, 2.569368341730036
586, 5.851273954703832, 1.3801492052332691, 2.5738663487467623, 0.02399535221950161, 0.44055163416759324, -3.935780178185678, -1.8502211107987248, -0.13445412231638987, -0.45098355663944756, 1.3801502276180222, 2.5738662591190926
587, 5.861276132404181, 1.3801923697465548, 2.578179354032898, -0.015362449562355218, 0.422049423059606, -3.935780178185678, -1.8502211107987248, -0.15017297281105996, -0.45695087275249563, 1.3801911689830777, 2.578181810279182
588, 5.871278310104529, 1.3798419562420219, 2.582307337207954, -0.054720251344211934, 0.4035472119516188, -3.935780178185678, -1.8502211107987248, -0.16503646468263383, -0.46329640495221136, 1.3798412627609231, 2.582306575995246
589, 5.881280487804878, 1.3790979647196706, 2.5862502982719304, -0.09407805312606887, 0.3850450008436315, -3.935780178185678, -1.8502211107987248, -0.17904776574647893, -0.470025058640399, 1.3790984896436265, 2.5862486437560155
590, 5.891282665505226, 1.3779603951795005, 2.590008237224827, -0.13343585490792564, 0.36654278973564425, -3.935780178185678, -1.8502211107987248, -0.1922097220167782, -0.4771409882060184, 1.377961060964183, 2.590006307652412
591, 5.901284843205574, 1.376429247621512, 2.5935811540666434, -0.17279365668978242, 0.34804057862765697, -3.935780178185678, -1.8502211107987248, -0.20452487632073946, -0.48464760780574345, 1.3764280757185838, 2.593580922772178
592, 5.911287020905923, 1.374504522045705, 2.59696904879738, -0.2121514584716393, 0.3295383675196697, -3.935780178185678, -1.8502211107987248, -0.21599548789088752, -0.4925476001991843, 1.374503536129866, 2.596970167444766
593, 5.921289198606272, 1.3721862184520792, 2.600171921417037, -0.251509260253496, 0.3110361564116825, -3.935780178185678, -1.8502211107987248, -0.22662355289779973, -0.5008429236010008, 1.3721844740627662, 2.600172792614946
594, 5.9312913763066195, 1.369474336840635, 2.6031897719256136, -0.29086706203535284, 0.2925339453036952, -3.935780178185678, -1.8502211107987248, -0.23641082589180384, -0.5095348165204016, 1.3694734164388396, 2.603188550227165
595, 5.941293554006968, 1.3663688772113722, 2.6060226003231106, -0.3302248638172096, 0.2740317341957079, -3.935780178185678, -1.8502211107987248, -0.24535884212805564, -0.5186238005666304, 1.3663671926767, 2.606024583678828
596, 5.951295731707317, 1.3628698395642909, 2.608670406609528, -0.3695826655990665, 0.25552952308772064, -3.935780178185678, -1.8502211107987248, -0.25346894075507975, -0.5281096812070506, 1.3628687227851959, 2.608669909803909
597, 5.961297909407665, 1.358977223899391, 2.611133190784865, -0.40894046738092327, 0.2370273119797334, -3.935780178185678, -1.8502211107987248, -0.2607422888522154, -0.5379915464723602, 1.3589786066986123, 2.611134295343105
598, 5.9713000871080135, 1.3546910302166724, 2.6134109528491227, -0.44829826916278015, 0.21852510087174612, -3.935780178185678, -1.8502211107987248, -0.26717990630659416, -0.548267763611401, 1.354690071077384, 2.6134122402727478
599, 5.981302264808362, 1.3500112585161352, 2.6155036928023, -0.48765607094463703, 0.20002288976375887, -3.935780178185678, -1.8502211107987248, -0.2727826915252125, -0.5589359737059484, 1.350010624496191, 2.615505278598642
600, 5.99130444250871, 1.3449379087977795, 2.6174114106443978, -0.5270138727264938, 0.1815206786557716, -3.935780178185678, -1.8502211107987248, -0.27755144798238984, -0.5699930842638825, 1.3449370670181673, 2.6174111421851074
601, 6.001306620209059, 1.3394709810616054, 2.6191341063754154, -0.5663716745083506, 0.16301846754778435, -3.935780178185678, -1.8502211107987248, -0.28148691160748557, -0.5814352598172507, 1.3394708281682446, 2.61913376438155
602, 6.0113087979094075, 1.3336104753076126, 2.6206717799953534, -0.6057294762902075, 0.14451625643979707, -3.935780178185678, -1.8502211107987248, -0.2845897790220925, -0.5932579105599984, 1.3336111844345484, 2.6206728214425126
603, 6.021310975609755, 1.3273563915358013, 2.6220244315042116, -0.6450872780720641, 0.12601404533180982, -3.935780178185678, -1.8502211107987248, -0.2868607366401907, -0.6054556790686076, 1.327356066295547, 2.622025474107497
604, 6.031313153310104, 1.3207087297461713, 2.6231920609019896, -0.684445079853921, 0.10751183422382256, -3.935780178185678, -1.8502211107987248, -0.28830049064879315, -0.6180224251575849, 1.320709207944968, 2.6231920802646433
605, 6.041315331010453, 1.3136674899387228, 2.624174668188688, -0.7238028816357779, 0.0890096231158353, -3.935780178185678, -1.8502211107987248, -0.28890979789058846, -0.6309512089307066, 1.3136690043252754, 2.6241750668565333
606, 6.051317508710801, 1.3062326721134556, 2.6249722533643065, -0.7631606834176345, 0.07050741200784802, -3.935780178185678, -1.8502211107987248, -0.28868949767390667, -0.6442342720982226, 1.3062322567303184, 2.6249712840640194
607, 6.061319686411149, 1.2986010652792797, 2.625677327484385, -0.7631606834176333, 0.07050741200784864, 0.0, 0.0, -0.1532657150139225, -0.65384153946862, 1.2985996693247905, 2.6256768283705245
608, 6.071321864111498, 1.2909694584451032, 2.6263824016044635, -0.7631606834176333, 0.07050741200784864, 0.0, 0.0, -0.13285149620641984, -0.6586187838898978, 1.2909687645401642, 2.626383713470468
609, 6.081324041811846, 1.283337851610927, 2.627087475724542, -0.7631606834176333, 0.07050741200784864, 0.0, 0.0, -0.11245888639101403, -0.6633624661240142, 1.2833381210366608, 2.627086602679628
610, 6.091326219512195, 1.2757062447767507, 2.6277925498446204, -0.7631606834176333, 0.07050741200784864, 0.0, 0.0, -0.09208912194733976, -0.6680723589243159, 1.2757068552662125, 2.627792086648222
611, 6.101328397212543, 1.2680746379425742, 2.628497623964699, -0.7631606834176333, 0.07050741200784864, 0.0, 0.0, -0.07174343757766272, -0.6727482366653899, 1.26807608062264, 2.6284982688477045
612, 6.111330574912891, 1.260443031108398, 2.6292026980847774, -0.7631606834176333, 0.07050741200784864, 0.0, 0.0, -0.05142306623265047, -0.6773898753538854, 1.2604424787202193, 2.6292012455749854
613, 6.12133275261324, 1.2528114242742217, 2.629907772204856, -0.7631606834176333, 0.07050741200784864, 0.0, 0.0, -0.031129239037263057, -0.6819970526392638, 1.2528112783661949, 2.6299090623536236
614, 6.131334930313589, 1.2451798174400452, 2.6306128463249343, -0.7631606834176333, 0.07050741200784864, 0.0, 0.0, -0.010863185216772098, -0.6865695478244641, 1.245180187483062, 2.6306131645959003
615, 6.1413371080139365, 1.2375482106058688, 2.631317920445013, -0.7631606834176333, 0.07050741200784864, 0.0, 0.0, 0.009373867977098216, -0.6911071418764909, 1.2375464536368836, 2.6313181323820363
616, 6.151339285714285, 1.2299166037716927, 2.6320229945650913, -0.7631606834176333, 0.07050741200784864, 0.0, 0.0, 0.02958069533989438, -0.6956096174369234, 1.2299166778319253, 2.6320225913342292
617, 6.161341463414634, 1.2222849969375162, 2.6327280686851697, -0.7631606834176333, 0.07050741200784864, 0.0, 0.0, 0.049756073788024546, -0.7000767588323434, 1.2222844679584703, 2.6327284145167273
618, 6.171343641114982, 1.2146533901033398, 2.633433142805248, -0.7631606834176333, 0.07050741200784864, 0.0, 0.0, 0.06989878243220365, -0.7045083520846819, 1.214652639315279, 2.6334349404769233
619, 6.1813458188153305, 1.2070217832691634, 2.6341382169253267, -0.7631606834176333, 0.07050741200784864, 0.0, 0.0, 0.09000760265075686, -0.708904184921485, 1.2070215124337658, 2.634138249555283
620, 6.191347996515679, 1.1993901764349872, 2.634843291045405, -0.7631606834176333, 0.07050741200784864, 0.0, 0.0, 0.1100813181627705, -0.7132640467860982, 1.199390949426057, 2.6348436279921943
621, 6.201350174216027, 1.1917585696008108, 2.6355483651654836, -0.7631606834176333, 0.07050741200784864, 0.0, 0.0, 0.13011871510109546, -0.7175877288477683, 1.1917581967998945, 2.635546177943826
622, 6.211352351916376, 1.1841269627666344, 2.636253439285562, -0.7631606834176333, 0.07050741200784864, 0.0, 0.0, 0.15011858208518264, -0.7218750240116611, 1.184128143279732, 2.6362516794789173
623, 6.2213545296167245, 1.1764953559324582, 2.6369585134056406, -0.7631606834176333, 0.07050741200784864, 0.0, 0.0, 0.17007971029376295, -0.7261257269287976, 1.176495813973021, 2.6369590901742352
624, 6.231356707317072, 1.1688637490982818, 2.637663587525719, -0.7631606834176333, 0.07050741200784864, 0.0, 0.0, 0.19000089353735977, -0.7303396340059063, 1.1688626790727792, 2.6376639048491897
625, 6.241358885017421, 1.1612321422641054, 2.6383686616457975, -0.7631606834176333, 0.07050741200784864, 0.0, 0.0, 0.20988092833062527, -0.73451654341519, 1.1612337825126249, 2.638369252849688
626, 6.25136106271777, 1.1536005354299292, 2.639073735765876, -0.7631606834176333, 0.07050741200784864, 0.0, 0.0, 0.22971861396450705, -0.738656255104009, 1.1535997093976764, 2.6390736117761424
627, 6.261363240418118, 1.1459689285957528, 2.6397788098859545, -0.7631606834176333, 0.07050741200784864, 0.0, 0.0, 0.24951275257823197, -0.7427585708044786, 1.1459694533881721, 2.639779191885363
628, 6.271365418118466, 1.1383373217615764, 2.640483884006033, -0.7631606834176333, 0.07050741200784864, 0.0, 0.0, 0.269262149231105, -0.7468232940429816, 1.1383347485614774, 2.640483802458567
629, 6.281367595818815, 1.1307057149274002, 2.6411889581261114, -0.7631606834176333, 0.07050741200784864, 0.0, 0.0, 0.28896561197411935, -0.750850230149593, 1.1307061359325634, 2.641187718260283
630, 6.291369773519163, 1.1230741080932238, 2.64189403224619, -0.7631606834176333, 0.07050741200784864, 0.0, 0.0, 0.3086219519213806, -0.754839186267422, 1.1230732210914711, 2.6418931955692697
631, 6.301371951219512, 1.1154425012590474, 2.6425991063662684, -0.7631606834176333, 0.07050741200784864, 0.0, 0.0, 0.3282299833213222, -0.7587899713618613, 1.1154430729047304, 2.642599160612829
632, 6.31137412891986, 1.1078108944248712, 2.643304180486347, -0.7631606834176333, 0.07050741200784864, 0.0, 0.0, 0.34778852362772744, -0.7627023962297548, 1.107809673272024, 2.6433048812526905
633, 6.321376306620208, 1.1001792875906948, 2.6440092546064253, -0.7631606834176333, 0.07050741200784864, 0.0, 0.0, 0.3672963935705484, -0.7665762735084728, 1.100179065602075, 2.6440089693867
634, 6.331378484320557, 1.0925476807565184, 2.644714328726504, -0.7631606834176333, 0.07050741200784864, 0.0, 0.0, 0.3867524172265047, -0.7704114176849023, 1.0925463112631133, 2.644714814677795
635, 6.341380662020906, 1.0849160739223422, 2.6454194028465823, -0.7631606834176333, 0.07050741200784864, 0.0, 0.0, 0.406155422089479, -0.7742076451043464, 1.084916678450427, 2.6454192490049078
636, 6.3513828397212535, 1.0772844670881658, 2.6461244769666608, -0.7631606834176333, 0.07050741200784864, 0.0, 0.0, 0.4255042391406911, -0.7779647739793355, 1.0772835249088146, 2.6461257817041
637, 6.361385017421602, 1.0696528602539894, 2.6468295510867392, -0.7631606834176333, 0.07050741200784864, 0.0, 0.0, 0.44479770291864557, -0.7816826243983481, 1.0696532670205985, 2.6468287897832603
638, 6.371387195121951, 1.0620212534198132, 2.6475346252068177, -0.7631606834176333, 0.07050741200784864, 0.0, 0.0, 0.46403465158885643, -0.7853610183344433, 1.0620234283618868, 2.6475342233025345
639, 6.381389372822299, 1.0543896465856368, 2.648239699326896, -0.7631606834176333, 0.07050741200784864, 0.0, 0.0, 0.48321392701334603, -0.7889997796538012, 1.0543917411877097, 2.6482394650454335
640, 6.3913915505226475, 1.0467580397514604, 2.6489447734469747, -0.7631606834176333, 0.07050741200784864, 0.0, 0.0, 0.5023343748198965, -0.7925987341241726, 1.046757765936198, 2.6489450434605986
641, 6.401393728222996, 1.0391264329172842, 2.649649847567053, -0.7631606834176333, 0.07050741200784864, 0.0, 0.0, 0.521394844471077, -0.7961577094232378, 1.0391260138896206, 2.6496501514166804
642, 6.411395905923344, 1.0314948260831078, 2.650354921687132, -0.7631606834176333, 0.07050741200784864, 0.0, 0.0, 0.540394189333018, -0.799676535146876, 1.031495323354403, 2.650354612692302
643, 6.421398083623693, 1.0238632192489314, 2.6510599958072105, -0.7631606834176333, 0.07050741200784864, 0.0, 0.0, 0.5593312667439412, -0.8031550428173374, 1.0238653266960187, 2.651059160472742
644, 6.4314002613240415, 1.0162316124147552, 2.651765069927289, -0.7631606834176333, 0.07050741200784864, 0.0, 0.0, 0.578204938082439, -0.8065930658913283, 1.0162332073445333, 2.651766127018983
645, 6.441402439024389, 1.0086000055805788, 2.6524701440473675, -0.7631606834176333, 0.07050741200784864, 0.0, 0.0, 0.5970140688355015, -0.8099904397680003, 1.008601830120949, 2.652468172484886
646, 6.451404616724738, 1.0009683987464024, 2.653175218167446, -0.7631606834176333, 0.07050741200784864, 0.0, 0.0, 0.6157575286662771, -0.813347001796847, 1.0009658029941444, 2.6531750253095496
647, 6.461406794425087, 0.993336791912226, 2.6538802922875244, -0.7631606834176333, 0.07050741200784864, 0.0, 0.0, 0.6344341914815768, -0.8166625912855079, 0.993338396850505, 2.653880452395525
648, 6.471408972125435, 0.9857051850780498, 2.654585366407603, -0.7631606834176333, 0.07050741200784864, 0.0, 0.0, 0.653042935499107, -0.8199370495074769, 0.9857042109157768, 2.6545834282093
649, 6.481411149825783, 0.9780735782438734, 2.6552904405276814, -0.7631606834176333, 0.07050741200784864, 0.0, 0.0, 0.6715826433144352, -0.8231702197097175, 0.9780706278054048, 2.655289491209759
650, 6.491413327526132, 0.970441971409697, 2.65599551464776, -0.7631606834176333, 0.07050741200784864, 0.0, 0.0, 0.6900522019676749, -0.8263619471201841, 0.9704416936605982, 2.6559953643254466
651, 6.50141550522648, 0.9628103645755207, 2.6567005887678383, -0.7631606834176333, 0.07050741200784864, 0.0, 0.0, 0.7084505030098958, -0.8295120789552456, 0.9628111750410054, 2.656698665456361
652, 6.511417682926829, 0.9551787577413444, 2.657405662887917, -0.7631606834176333, 0.07050741200784864, 0.0, 0.0, 0.7267764425692489, -0.8326204644270166, 0.9551791309744732, 2.6574058886305916
653, 6.521419860627177, 0.947547150907168, 2.6581107370079953, -0.7631606834176333, 0.07050741200784864, 0.0, 0.0, 0.7450289214168067, -0.8356869547505913, 0.9475471697320588, 2.658111462495725
654, 6.531422038327525, 0.9399155440729917, 2.6588158111280737, -0.7631606834176333, 0.07050741200784864, 0.0, 0.0, 0.7632068450321066, -0.8387114031511805, 0.939914289568468, 2.658814460355152
655, 6.541424216027874, 0.9322839372388154, 2.6595208852481522, -0.7631606834176333, 0.07050741200784864, 0.0, 0.0, 0.7813091236684084, -0.841693664871155, 0.9322844021653856, 2.6595210317228513
656, 6.551426393728223, 0.924652330404639, 2.6602259593682307, -0.7631606834176333, 0.07050741200784864, 0.0, 0.0, 0.7993346724176476, -0.844633597176989, 0.9246522575780346, 2.6602244680287472
657, 6.5614285714285705, 0.9170207235704627, 2.660931033488309, -0.7631606834176333, 0.07050741200784864, 0.0, 0.0, 0.8172824112750805, -0.8475310593661078, 0.9170213922860349, 2.6609322611694353
658, 6.571430749128919, 0.9093891167362863, 2.6616361076083876, -0.7631606834176333, 0.07050741200784864, 0.0, 0.0, 0.8351512652036386, -0.8503859127736391, 0.9093892550856602, 2.6616357389247685
659, 6.581432926829268, 0.90175750990211, 2.662341181728466, -0.7631606834176333, 0.07050741200784864, 0.0, 0.0, 0.8529401641979566, -0.8531980207790648, 0.90175707512936, 2.6623416879669115
660, 6.591435104529616, 0.8941259030679337, 2.6630462558485446, -0.7631606834176333, 0.07050741200784864, 0.0, 0.0, 0.8706480433480956, -0.8559672488127753, 0.8941263333573238, 2.6630466544382863
661, 6.6014372822299645, 0.8864942962337573, 2.663751329968623, -0.7631606834176333, 0.07050741200784864, 0.0, 0.0, 0.8882738429029462, -0.8586934643625259, 0.8864948512464731, 2.663750199802451
662, 6.611439459930313, 0.878862689399581, 2.6644564040887015, -0.7631606834176333, 0.07050741200784864, 0.0, 0.0, 0.9058165083333056, -0.8613765369797939, 0.8788618873841041, 2.6644550933602074
663, 6.621441637630661, 0.8712310825654046, 2.66516147820878, -0.7631606834176333, 0.07050741200784864, 0.0, 0.0, 0.9232749903946438, -0.8640163382860374, 0.871230236394556, 2.6651622958850822
664, 6.63144381533101, 0.8635994757312283, 2.6658665523288585, -0.7631606834176333, 0.07050741200784864, 0.0, 0.0, 0.9406482451895162, -0.8666127419788531, 0.8635986461705782, 2.665863899706343
665, 6.6414459930313585, 0.855967868897052, 2.666571626448937, -0.7631606834176333, 0.07050741200784864, 0.0, 0.0, 0.9579352342296705, -0.869165623838037, 0.8559682339284955, 2.6665732735149583
666, 6.651448170731706, 0.8483362620628756, 2.6672767005690154, -0.7631606834176333, 0.07050741200784864, 0.0, 0.0, 0.9751349244977974, -0.8716748617315435, 0.8483352420086809, 2.6672768221921457
667, 6.661450348432055, 0.8407046552286993, 2.667981774689094, -0.7631606834176333, 0.07050741200784864, 0.0, 0.0, 0.9922462885089509, -0.8741403356213446, 0.8407033540408255, 2.667982050253749
668, 6.671452526132404, 0.8330730483945229, 2.6686868488091724, -0.7631606834176333, 0.07050741200784864, 0.0, 0.0, 1.0092683043716222, -0.8765619275691883, 0.8330737712692896, 2.668686400326508
669, 6.6814547038327525, 0.8254414415603466, 2.669391922929251, -0.7631606834176333, 0.07050741200784864, 0.0, 0.0, 1.0261999558484642, -0.8789395217422576, 0.8254416709457303, 2.6693915878529175
670, 6.6914568815331, 0.8178098347261703, 2.6700969970493293, -0.7631606834176333, 0.07050741200784864, 0.0, 0.0, 1.0430402324166708, -0.8812730044187272, 0.817811227995905, 2.6700970467112506
671, 6.701459059233449, 0.8101782278919939, 2.670802071169408, -0.7631606834176333, 0.07050741200784864, 0.0, 0.0, 1.0597881293279958, -0.8835622639932188, 0.8101774720222495, 2.670802599552563
672, 6.711461236933798, 0.8025466210578176, 2.6715071452894863, -0.7631606834176333, 0.07050741200784864, 0.0, 0.0, 1.0764426476684164, -0.8858071909821564, 0.8025471163105752, 2.671505998264244
673, 6.721463414634146, 0.7949150142236413, 2.6722122194095648, -0.7631606834176333, 0.07050741200784864, 0.0, 0.0, 1.0930027944174354, -0.888007678029018, 0.7949150204358152, 2.67221182481724
674, 6.731465592334494, 0.7872834073894649, 2.6729172935296432, -0.7631606834176333, 0.07050741200784864, 0.0, 0.0, 1.1094675825070184, -0.8901636199094863, 0.7872844041612073, 2.6729159525472586
675, 6.741467770034843, 0.7796518005552886, 2.6736223676497217, -0.7631606834176333, 0.07050741200784864, 0.0, 0.0, 1.1258360308801603, -0.892274913536497, 0.7796513456995857, 2.673623155880596
676, 6.751469947735191, 0.7720201937211122, 2.6743274417698, -0.7631606834176333, 0.07050741200784864, 0.0, 0.0, 1.1421071645490828, -0.894341457965184, 0.7720196195542363, 2.674326673236867
677, 6.76147212543554, 0.7643885868869359, 2.6750325158898787, -0.7631606834176333, 0.07050741200784864, 0.0, 0.0, 1.1582800146530523, -0.8963631543977227, 0.7643877589728402, 2.675031427721312
678, 6.771474303135888, 0.7567569800527596, 2.675737590009957, -0.7631606834176333, 0.07050741200784864, 0.0, 0.0, 1.174353618515827, -0.8983399061880694, 0.756756787700964, 2.67573770889746
679, 6.781476480836236, 0.7491253732185832, 2.676442664130036, -0.7631606834176333, 0.07050741200784864, 0.0, 0.0, 1.1903270197027098, -0.9002716188465979, 0.7491251762474236, 2.6764417838184125
680, 6.791478658536585, 0.7414937663844069, 2.6771477382501145, -0.7631606834176333, 0.07050741200784864, 0.0, 0.0, 1.2061992680772267, -0.9021582000446332, 0.7414935756188972, 2.6771476043826006
681, 6.801480836236934, 0.7338621595502305, 2.677852812370193, -0.7631606834176333, 0.07050741200784864, 0.0, 0.0, 1.2219694198574083, -0.9039995596188799, 0.7338636053105666, 2.677854301563957
682, 6.8114830139372815, 0.7262305527160542, 2.6785578864902715, -0.7631606834176333, 0.07050741200784864, 0.0, 0.0, 1.2376365376716858, -0.9057956095757493, 0.7262316888125934, 2.6785563645091304
683, 6.82148519163763, 0.7185989458818779, 2.67926296061035, -0.7631606834176333, 0.07050741200784864, 0.0, 0.0, 1.2531996906143827, -0.9075462640955791, 0.7185987646843675, 2.679263029028369
684, 6.831487369337979, 0.7109673390477015, 2.6799680347304284, -0.7631606834176333, 0.07050741200784864, 0.0, 0.0, 1.2686579543008207, -0.909251439536752, 0.7109665297903855, 2.679967020481314
685, 6.841489547038327, 0.7033357322135252, 2.680673108850507, -0.7631606834176333, 0.07050741200784864, 0.0, 0.0, 1.2840104109220059, -0.9109110544397069, 0.7033386284059897, 2.680673650192714
686, 6.8514917247386755, 0.6957041253793488, 2.6813781829705854, -0.7631606834176333, 0.07050741200784864, 0.0, 0.0, 1.2992561492989256, -0.912525029530849, 0.6957050279418022, 2.681377464009467
687, 6.861493902439024, 0.6880725185451725, 2.682083257090664, -0.7631606834176333, 0.07050741200784864, 0.0, 0.0, 1.3143942649364289, -0.9140932877263513, 0.688072533374047, 2.6820841058601284
688, 6.871496080139372, 0.6804409117109962, 2.6827883312107423, -0.7631606834176333, 0.07050741200784864, 0.0, 0.0, 1.329423860076695, -0.9156157541358522, 0.680441363556775, 2.6827896540888334
689, 6.881498257839721, 0.6728093048768198, 2.683493405330821, -0.7631606834176333, 0.07050741200784864, 0.0, 0.0, 1.3443440437522909, -0.91709235606605, 0.6728088234302422, 2.6834922335107754
690, 6.8915004355400695, 0.6651776980426435, 2.6841984794508993, -0.7631606834176333, 0.07050741200784864, 0.0, 0.0, 1.3591539318388055, -0.9185230230241892, 0.6651785751146202, 2.6841995986811336
691, 6.901502613240417, 0.6575460912084671, 2.6849035535709778, -0.7631606834176333, 0.07050741200784864, 0.0, 0.0, 1.373852647107069, -0.919907686721443, 0.657545570453832, 2.6849033532134783
692, 6.911504790940766, 0.6499144843742908, 2.6856086276910562, -0.7631606834176333, 0.07050741200784864, 0.0, 0.0, 1.3884393192749414, -0.9212462810761883, 0.6499142922830365, 2.685607617254094
693, 6.921506968641115, 0.6420731847549758, 2.6858633072689297, -0.8036297328023533, -0.01970726231192854, -3.899954174170075, -9.035044019855746, 1.323457586567451, -1.0394497604523167, 0.6420729051635914, 2.6858621710312565
694, 6.931509146341463, 0.6338418897182436, 2.6852144824448176, -0.8426292745440541, -0.11005770251048608, -3.899954174170075, -9.035044019855746, 1.3176424786061396, -1.085648156519383, 0.6338410816035565, 2.6852159768135557
695, 6.941511324041811, 0.6252205992640947, 2.68366215321872, -0.8816288162857548, -0.20040814270904367, -3.899954174170075, -9.035044019855746, 1.3118742127399168, -1.1319725851008993, 0.6252212263809489, 2.683661227121627
696, 6.95151350174216, 0.6162093133925286, 2.6812063195906366, -0.9206283580274558, -0.29075858290760115, -3.899954174170075, -9.035044019855746, 1.3061485043193475, -1.1783815524775092, 0.6162090214468284, 2.681205828966673
697, 6.961515679442508, 0.6068080321035455, 2.677846981560568, -0.9596278997691565, -0.38110902310615874, -3.899954174170075, -9.035044019855746, 1.3004607992911614, -1.2248284860307608, 0.6068077422876054, 2.6778460234773975
698, 6.971517857142857, 0.5970167553971455, 2.6735841391285136, -0.9986274415108574, -0.47145946330471633, -3.899954174170075, -9.035044019855746, 1.2948063154807294, -1.2712617173078937, 0.5970165989623635, 2.6735865076224608
699, 6.981520034843205, 0.5868354832733284, 2.668417792294474, -1.037626983252558, -0.5618099035032739, -3.899954174170075, -9.035044019855746, 1.2891800910660773, -1.3176244720481896, 0.5868355648864195, 2.6684154691921695
700, 6.991522212543553, 0.5762642157320943, 2.662347941058448, -1.0766265249942588, -0.6521603437018313, -3.899954174170075, -9.035044019855746, 1.2835770384708516, -1.3638548701513649, 0.576263051821362, 2.662346622439017
701, 7.001524390243902, 0.5653029527734432, 2.655374585420437, -1.1156260667359597, -0.7425107839003889, -3.899954174170075, -9.035044019855746, 1.2779920017957787, -1.409885938874181, 0.5653037908886808, 2.6553739490706074
702, 7.011526567944251, 0.553951694397375, 2.64749772538044, -1.1546256084776605, -0.8328612240989465, -3.899954174170075, -9.035044019855746, 1.2724198157973798, -1.455645642843703, 0.5539518505551059, 2.6474979449795875
703, 7.0215287456445985, 0.5422104406038899, 2.638717360938458, -1.193625150219361, -0.9232116642975041, -3.899954174170075, -9.035044019855746, 1.2668553643100737, -1.5010569347719338, 0.5422096212233086, 2.6387177629481817
704, 7.031530923344947, 0.5300791913929879, 2.62903349209449, -1.2326246919610617, -1.0135621044960617, -3.899954174170075, -9.035044019855746, 1.2612936358947442, -1.5460378310437974, 0.5300779738673446, 2.6290341585456156
705, 7.041533101045296, 0.5175579467646687, 2.618446118848537, -1.2716242337027626, -1.103912544694619, -3.899954174170075, -9.035044019855746, 1.2557297743854055, -1.5905015166248775, 0.517556545971786, 2.618445156626022
706, 7.051535278745644, 0.5046467067189325, 2.606955241200598, -1.3106237754444634, -1.1942629848931767, -3.899954174170075, -9.035044019855746, 1.2501591218981327, -1.6343564839925433, 0.5046466925455536, 2.606954202158769
707, 7.0615374564459925, 0.4913454712557794, 2.5945608591506732, -1.3496233171861645, -1.2846134250917343, -3.899954174170075, -9.035044019855746, 1.2445772517658709, -1.6775067110289794, 0.4913439036684949, 2.5945610992518313
708, 7.071539634146341, 0.4776542403752092, 2.581262972698763, -1.388622858927865, -1.3749638652902916, -3.899954174170075, -9.035044019855746, 1.238979988772569, -1.7198518830213734, 0.4776542014989694, 2.5812625041777277
709, 7.081541811846689, 0.46357301407722207, 2.567061581844867, -1.427622400669566, -1.4653143054888493, -3.899954174170075, -9.035044019855746, 1.2333634139842082, -1.7612876640863986, 0.4635733892200567, 2.567060335172366
710, 7.091543989547038, 0.44910179236181785, 2.5519566865889862, -1.4666219424112665, -1.5556647456874069, -3.899954174170075, -9.035044019855746, 1.227723851417292, -1.8017060234658868, 0.44910222393915394, 2.5519562407848664
711, 7.1015461672473865, 0.43424057522899673, 2.535948286931119, -1.5056214841529674, -1.6460151858859642, -3.899954174170075, -9.035044019855746, 1.2220578337521553, -1.8409956222199584, 0.434240753419005, 2.5359469220937765
712, 7.111548344947734, 0.4189893626787585, 2.519036382871267, -1.544621025894668, -1.736365626084522, -3.899954174170075, -9.035044019855746, 1.216362044294679, -1.8790422658640078, 0.4189884474384604, 2.5190353518218767
713, 7.121550522648083, 0.4033481547111033, 2.5012209744094287, -1.583620567636369, -1.8267160662830793, -3.899954174170075, -9.035044019855746, 1.210633232421591, -1.9157294284471644, 0.40334972966700877, 2.5012206574381786
714, 7.131552700348432, 0.38731695132603106, 2.4825020615456053, -1.6226201093780697, -1.9170665064816372, -3.899954174170075, -9.035044019855746, 1.2048680998180092, -1.9509388534418468, 0.38731714468685013, 2.4825021285942994
715, 7.14155487804878, 0.3708957525235419, 2.462879644279796, -1.6616196511197705, -2.0074169466801943, -3.899954174170075, -9.035044019855746, 1.1990631549380812, -1.9845512365958533, 0.370895554850626, 2.4628783711006954
716, 7.151557055749128, 0.35408455830363567, 2.442353722612001, -1.7006191928614713, -2.0977673868787523, -3.899954174170075, -9.035044019855746, 1.1932145332975996, -2.0164469955787085, 0.3540844462283814, 2.442352039757609
717, 7.161559233449477, 0.3368833686663124, 2.420924296542221, -1.7396187346031722, -2.1881178270773094, -3.899954174170075, -9.035044019855746, 1.187317781448801, -2.046507130820824, 0.3368837790222566, 2.420924581886821
718, 7.171561411149825, 0.3192921836115722, 2.398591366070455, -1.7786182763448728, -2.278468267275867, -3.899954174170075, -9.035044019855746, 1.1813676027994822, -2.0746141813854853, 0.3192938962799289, 2.3985905063448265
719, 7.181563588850174, 0.30131100313941495, 2.3753549311967035, -1.8176178180865734, -2.3688187074744245, -3.899954174170075, -9.035044019855746, 1.1753575638286595, -2.1006532790176173, 0.30131169690738435, 2.3753543396031773
720, 7.191565766550522, 0.2829398272498407, 2.3512149919209664, -1.8566173598282745, -2.4591691476729824, -3.899954174170075, -9.035044019855746, 1.16927975972624, -2.124513302667917, 0.2829395245341138, 2.351214543723623
721, 7.20156794425087, 0.2641786559428494, 2.3261715482432437, -1.8956169015699753, -2.54951958787154, -3.899954174170075, -9.035044019855746, 1.163124439051459, -2.146088134784826, 0.26417825419870006, 2.326172775427405
722, 7.211570121951219, 0.24502748921844109, 2.300224600163536, -1.9346164433116761, -2.6398700280700975, -3.899954174170075, -9.035044019855746, 1.1568795876700593, -2.165278019489427, 0.24502736188721108, 2.3002253484721225
723, 7.221572299651568, 0.22548632707661587, 2.273374147681842, -1.9736159850533768, -2.7302204682686546, -3.899954174170075, -9.035044019855746, 1.1505304729985693, -2.181991021390141, 0.22548700805830502, 2.273373919091989
724, 7.2315744773519155, 0.20555516951737357, 2.2456201907981623, -2.0126155267950776, -2.820570908467212, -3.899954174170075, -9.035044019855746, 1.1440591504593665, -2.1961445822472485, 0.20555350680982654, 2.245620387094677
725, 7.241576655052264, 0.1852340165407143, 2.2169627295124976, -2.0516150685367784, -2.91092134866577, -3.899954174170075, -9.035044019855746, 1.1374439350348575, -2.20766717095572, 0.18523441251333334, 2.2169630994265255
726, 7.251578832752613, 0.16452286814663797, 2.1874017638248473, -2.0906146102784793, -3.0012717888643277, -3.899954174170075, -9.035044019855746, 1.130658841903373, -2.2165000203752054, 0.16452335809048793, 2.1873999346023214
727, 7.261581010452961, 0.14342172433514466, 2.156937293735211, -2.1296141520201797, -3.0916222290628848, -3.899954174170075, -9.035044019855746, 1.1236730013413823, -2.2225989423977994, 0.14342228044955035, 2.1569372420681927
728, 7.2715831881533095, 0.12193058510623422, 2.1255693192435894, -2.1686136937618805, -3.1819726692614427, -3.899954174170075, -9.035044019855746, 1.116450054381707, -2.2259362103103726, 0.12193002007425638, 2.125570653573772
729, 7.281585365853658, 0.10004945045990699, 2.0932978403499822, -2.207613235503582, -3.2723231094600003, -3.899954174170075, -9.035044019855746, 1.108947537117703, -2.226502494986091, 0.10004987389915741, 2.0932979135200576
730, 7.291587543554006, 0.07777832039616267, 2.0601228570543895, -2.246612777245282, -3.3626735496585574, -3.899954174170075, -9.035044019855746, 1.1011162630276115, -2.2243088387411856, 0.07777769903528581, 2.0601229777726
731, 7.301589721254355, 0.05511719491500133, 2.0260443693568106, -2.285612318986983, -3.4530239898571153, -3.899954174170075, -9.035044019855746, 1.0928997142458838, -2.2193886478352955, 0.05511871160739011, 2.026044744066664
732, 7.3115918989547035, 0.032066074016422974, 1.9910623772572467, -2.324611860728684, -3.543374430055673, -3.899954174170075, -9.035044019855746, 1.0842334543096563, -2.2117996816002927, 0.03206624307020238, 1.991061681011623
733, 7.321594076655051, 0.008819955409136881, 1.9556286329566914, -2.3246118607286825, -3.5433744300556698, 0.0, 0.0, 1.3535426545681386, -2.0474079702785923, 0.008820665835157717, 1.9556287735170814
734, 7.3315962543554, -0.014426163198149988, 1.9201948886561346, -2.3246118607286825, -3.5433744300556698, 0.0, 0.0, 1.399659953226642, -1.9923091585475527, -0.01442593648822194, 1.9201943125673429
735, 7.341598432055749, -0.03767228180543686, 1.8847611443555778, -2.3246118607286825, -3.5433744300556698, 0.0, 0.0, 1.4457178721979298, -1.936228817853783, -0.03767193076779908, 1.8847625573714624
736, 7.351600609756097, -0.06091840041272362, 1.8493274000550213, -2.3246118607286825, -3.5433744300556698, 0.0, 0.0, 1.4915371883321782, -1.8793572686941196, -0.060918737560209775, 1.8493251812593763
737, 7.361602787456445, -0.08416451902001049, 1.8138936557544643, -2.3246118607286825, -3.5433744300556698, 0.0, 0.0, 1.5369356411246489, -1.8218878373915737, -0.08416243799241033, 1.8138949271554952
738, 7.371604965156794, -0.10741063762729736, 1.7784599114539077, -2.3246118607286825, -3.5433744300556698, 0.0, 0.0, 1.5817285827668883, -1.7640161936699517, -0.10740916179017154, 1.7784588774813457
739, 7.381607142857142, -0.13065675623458423, 1.743026167153351, -2.3246118607286825, -3.5433744300556698, 0.0, 0.0, 1.625729637392807, -1.7059396798035351, -0.13065532660208354, 1.7430260030645373
740, 7.391609320557491, -0.1539028748418711, 1.7075924228527941, -2.3246118607286825, -3.5433744300556698, 0.0, 0.0, 1.6687513672270853, -1.6478566336477218, -0.1539028816721759, 1.707592039616702
741, 7.401611498257839, -0.17714899344915785, 1.6721586785522375, -2.3246118607286825, -3.5433744300556698, 0.0, 0.0, 1.7106059433205087, -1.5899657078780278, -0.17715100374898157, 1.6721570036005036
742, 7.411613675958187, -0.20039511205644472, 1.6367249342516808, -2.3246118607286825, -3.5433744300556698, 0.0, 0.0, 1.7511058185419122, -1.5324651877783697, -0.2003952401936672, 1.636722608849291
743, 7.421615853658536, -0.2236412306637316, 1.601291189951124, -2.3246118607286825, -3.5433744300556698, 0.0, 0.0, 1.79006440048958, -1.4755523099250047, -0.22364164316242965, 1.6012913210894164
744, 7.431618031358885, -0.24688734927101846, 1.5658574456505674, -2.3246118607286825, -3.5433744300556698, 0.0, 0.0, 1.827296721986167, -1.4194225841098715, -0.2468890746360075, 1.565857717572913
745, 7.4416202090592325, -0.2701334678783052, 1.5304237013500106, -2.3246118607286825, -3.5433744300556698, 0.0, 0.0, 1.8626201068304462, -1.364269120836407, -0.2701328889426564, 1.530422171437792
746, 7.451622386759581, -0.2933795864855921, 1.4949899570494538, -2.3246118607286825, -3.5433744300556698, 0.0, 0.0, 1.895854828496527, -1.310281966702187, -0.293381578296799, 1.4949913188611947
747, 7.46162456445993, -0.31662570509287896, 1.459556212748897, -2.3246118607286825, -3.5433744300556698, 0.0, 0.0, 1.9268247594964147, -1.2576474499560562, -0.316625931171491, 1.4595569586906796
748, 7.471626742160278, -0.33987182370016583, 1.4241224684483405, -2.3246118607286825, -3.5433744300556698, 0.0, 0.0, 1.9553580091549223, -1.2065475384828672, -0.3398714069877325, 1.4241230353168148
749, 7.4816289198606265, -0.3631179423074527, 1.3886887241477837, -2.3246118607286825, -3.5433744300556698, 0.0, 0.0, 1.9812875475868312, -1.157159212426623, -0.36311733435597315, 1.3886873498362435
750, 7.491631097560975, -0.38636406091473946, 1.3532549798472269, -2.3246118607286825, -3.5433744300556698, 0.0, 0.0, 2.0044518137146845, -1.109653853612902, -0.386361956203173, 1.3532559309418049
751, 7.501633275261323, -0.40961017952202633, 1.3178212355466703, -2.3246118607286825, -3.5433744300556698, 0.0, 0.0, 2.0246953052215657, -1.0641966538740757, -0.40961204378692806, 1.3178218540516047
752, 7.511635452961672, -0.4328562981293132, 1.2823874912461135, -2.3246118607286825, -3.5433744300556698, 0.0, 0.0, 2.041869148396371, -1.0209460443162262, -0.432855914953719, 1.2823876072982274
753, 7.5216376306620205, -0.45610241673660007, 1.2469537469455567, -2.3246118607286825, -3.5433744300556698, 0.0, 0.0, 2.055831645899323, -0.9800531474950365, -0.45610212213702156, 1.2469551233907137
754, 7.531639808362368, -0.47934853534388694, 1.211520002645, -2.3246118607286825, -3.5433744300556698, 0.0, 0.0, 2.0664488005524904, -0.94166125438953, -0.47934790584497994, 1.2115194018634
755, 7.541641986062717, -0.5025946539511736, 1.1760862583444434, -2.3246118607286825, -3.5433744300556698, 0.0, 0.0, 2.073594813343562, -0.9059053279776181, -0.50259449777847, 1.1760858378281633
756, 7.551644163763066, -0.5258407725584606, 1.1406525140438866, -2.3246118607286825, -3.5433744300556698, 0.0, 0.0, 2.0771525539209064, -0.8729115351262976, -0.5258420461896541, 1.1406525768641482
757, 7.561646341463414, -0.5490868911657474, 1.1052187697433298, -2.3246118607286825, -3.5433744300556698, 0.0, 0.0, 2.077014001953616, -0.8427968084123103, -0.549085949813121, 1.1052193540130895
758, 7.571648519163762, -0.5723330097730341, 1.069785025442773, -2.3246118607286825, -3.5433744300556698, 0.0, 0.0, 2.0730806578314454, -0.8156684393864838, -0.5723314116662337, 1.069785012496743
759, 7.581650696864111, -0.5955791283803211, 1.0343512811422164, -2.3246118607286825, -3.5433744300556698, 0.0, 0.0, 2.0652639212860944, -0.791623704687167, -0.5955781187918595, 1.0343516159061734
760, 7.591652874564459, -0.6188252469876079, 0.9989175368416596, -2.3246118607286825, -3.5433744300556698, 0.0, 0.0, 2.053485436626591, -0.7707495262955224, -0.6188240493017476, 0.9989180211953917
761, 7.601655052264808, -0.6420713655948949, 0.9634837925411028, -2.3246118607286825, -3.5433744300556698, 0.0, 0.0, 2.0376774033973852, -0.7531221671083184, -0.6420707951802698, 0.963483067607885
762, 7.611657229965156, -0.6653174842021814, 0.9280500482405463, -2.3246118607286825, -3.5433744300556698, 0.0, 0.0, 2.017782851387677, -0.7388069628827143, -0.6653166136977717, 0.9280514732128147
763, 7.621659407665504, -0.6885636028094684, 0.8926163039399897, -2.3246118607286825, -3.5433744300556698, 0.0, 0.0, 1.9937558790440406, -0.7278580914827155, -0.6885635550948674, 0.8926156925808977
764, 7.631661585365853, -0.7118097214167551, 0.8571825596394329, -2.3246118607286825, -3.5433744300556698, 0.0, 0.0, 1.9655618544652886, -0.7203183802289701, -0.7118087526542548, 0.8571815000943809
765, 7.641663763066202, -0.7350558400240421, 0.8217488153388761, -2.3246118607286825, -3.5433744300556698, 0.0, 0.0, 1.933177578288033, -0.7162191520227998, -0.7350546924951296, 0.8217465216665094
766, 7.6516659407665495, -0.7583019586313289, 0.7863150710383195, -2.3246118607286825, -3.5433744300556698, 0.0, 0.0, 1.8965914079034631, -0.7155801107822515, -0.7583023996713016, 0.786316816090155
767, 7.661668118466898, -0.7815480772386156, 0.7508813267377628, -2.3246118607286825, -3.5433744300556698, 0.0, 0.0, 1.8558033425796367, -0.7184092665930031, -0.7815473664111215, 0.7508811352319053
768, 7.671670296167247, -0.8047941958459026, 0.715447582437206, -2.3246118607286825, -3.5433744300556698, 0.0, 0.0, 1.8108250691989027, -0.7247029008405892, -0.8047944239849799, 0.7154476616087955
769, 7.681672473867595, -0.8280403144531894, 0.6800138381366492, -2.3246118607286825, -3.5433744300556698, 0.0, 0.0, 1.7616799684563247, -0.7344455714531377, -0.8280414777001736, 0.6800143392413206
770, 7.6916746515679435, -0.8512864330604761, 0.6445800938360926, -2.3246118607286825, -3.5433744300556698, 0.0, 0.0, 1.7084030815017035, -0.747610158246051, -0.851285090008431, 0.6445806157684961
771, 7.701676829268292, -0.8745325516677631, 0.6091463495355356, -2.3246118607286825, -3.5433744300556698, 0.0, 0.0, 1.6510410371445816, -0.7641579482223548, -0.8745331035233527, 0.6091448190651256
772, 7.711679006968641, -0.8977786702750499, 0.573712605234979, -2.3246118607286825, -3.5433744300556698, 0.0, 0.0, 1.589651939877913, -0.7840387605451884, -0.8977778028868538, 0.5737120927680949
773, 7.721681184668989, -0.9210247888823369, 0.5382788609344225, -2.3246118607286825, -3.5433744300556698, 0.0, 0.0, 1.5243052191114763, -0.8071911107626555, -0.9210257844143148, 0.5382784199804674
774, 7.7316833623693375, -0.9442709074896236, 0.5028451166338654, -2.3246118607286825, -3.5433744300556698, 0.0, 0.0, 1.455081440140124, -0.8335424137304, -0.9442709551515103, 0.5028441079943177
775, 7.741685540069686, -0.9675170260969104, 0.46741137233330887, -2.3246118607286825, -3.5433744300556698, 0.0, 0.0, 1.3820720775040922, -0.863009224544341, -0.9675175745809805, 0.4674106402288086
776, 7.751687717770034, -0.9907631447041974, 0.4319776280327523, -2.3246118607286825, -3.5433744300556698, 0.0, 0.0, 1.3053792515284692, -0.8954975166654039, -0.9907629352068095, 0.4319783370809512
777, 7.761689895470383, -1.014009263311484, 0.3965438837321953, -2.3246118607286825, -3.5433744300556698, 0.0, 0.0, 1.2251154289559774, -0.9309029962902955, -1.014009885036119, 0.3965431676592039
778, 7.7716920731707315, -1.037255381918771, 0.3611101394316387, -2.3246118607286825, -3.5433744300556698, 0.0, 0.0, 1.1414030887111293, -0.9691114518978328, -1.037254690874826, 0.3611094433148634
779, 7.781694250871079, -1.0605015005260578, 0.32567639513108215, -2.3246118607286825, -3.5433744300556698, 0.0, 0.0, 1.0543743539541028, -1.0099991377794562, -1.060501030198216, 0.32567427727551457
780, 7.791696428571428, -1.0837476191333446, 0.29024265083052514, -2.3246118607286825, -3.5433744300556698, 0.0, 0.0, 0.9641705916988765, -1.0534331902457617, -1.083746915271051, 0.2902413141268153
781, 7.801698606271777, -1.1069937377406316, 0.25480890652996857, -2.3246118607286825, -3.5433744300556698, 0.0, 0.0, 0.8709419813820156, -1.0992720750885958, -1.1069942755394955, 0.2548101860353335
782, 7.811700783972125, -1.1302398563479183, 0.219375162229412, -2.3246118607286825, -3.5433744300556698, 0.0, 0.0, 0.774847053875418, -1.1473660647708268, -1.1302403725237278, 0.21937443774096077
783, 7.821702961672473, -1.1534859749552053, 0.183941417928855, -2.3246118607286825, -3.5433744300556698, 0.0, 0.0, 0.6760522025381286, -1.1975577437137173, -1.1534859769011958, 0.1839430793226672
784, 7.831705139372822, -1.176732093562492, 0.14850767362829842, -2.3246118607286825, -3.5433744300556698, 0.0, 0.0, 0.5747311679985898, -1.2496825399552405, -1.1767336563562558, 0.14850705364884723
785, 7.84170731707317, -1.1999782121697788, 0.11307392932774141, -2.3246118607286825, -3.5433744300556698, 0.0, 0.0, 0.4710644984490058, -1.303569281362028, -1.199979758849101, 0.1130756290198543
786, 7.851709494773519, -1.2225169709170283, 0.07917987258490433, -2.2391999937103306, -3.320888578601944, 2.9351762029243447, 13.703419136351673, 1.1539326214254542, -1.0046994647463245, -1.2225168289481623, 0.0791784475650612
787, 7.861711672473867, -1.2447622120439854, 0.04665615775570253, -2.2098482316810872, -3.1838543872384277, 2.9351762029243447, 13.703419136351673, 1.0663680852192974, -0.988867925980527, -1.2447613801235526, 0.04665516359711402
788, 7.871713850174215, -1.26671393555065, 0.015502784840135786, -2.1804964696518434, -3.0468201958749104, 2.9351762029243447, 13.703419136351673, 0.9764691426231988, -0.9723256457817939, -1.266712222731903, 0.01550308389296053
789, 7.881716027874564, -1.2883721414370224, -0.014280246161795795, -2.1511447076226, -2.9097860045113935, 2.9351762029243447, 13.703419136351673, 0.8847824964151594, -0.9548491672911082, -1.288373992792562, -0.014281510699584509
790, 7.891718205574913, -1.3097368297031022, -0.04269293525009221, -2.1217929455933566, -2.772751813147877, 2.9351762029243447, 13.703419136351673, 0.7918233523930185, -0.9362416742565929, -1.309738628256299, -0.04269388450250858
791, 7.9017203832752605, -1.3308080003488896, -0.06973528242475346, -2.0924411835641132, -2.63571762178436, 2.9351762029243447, 13.703419136351673, 0.6980745392358405, -0.9163318187357037, -1.3308079045670205, -0.06973336221417868
792, 7.911722560975609, -1.3515856533743844, -0.09540728768577944, -2.06308942153487, -2.4986834304208436, 2.9351762029243447, 13.703419136351673, 0.6039860995328421, -0.8949723939476757, -1.3515839183737277, -0.09540876768219009
793, 7.921724738675958, -1.372069788779587, -0.11970895103317036, -2.033737659505626, -2.3616492390573267, 2.9351762029243447, 13.703419136351673, 0.5099752905621202, -0.87203888856266, -1.3720689460112236, -0.11970803175554724
794, 7.931726916376306, -1.392260406564497, -0.142640272466926, -2.0043858974763826, -2.2246150476938094, 2.9351762029243447, 13.703419136351673, 0.4164269363481745, -0.8474279553166362, -1.3922598850460142, -0.1426414428715693
795, 7.9417290940766545, -1.4121575067291148, -0.16420125198704655, -1.9750341354471395, -2.087580856330293, 2.9351762029243447, 13.703419136351673, 0.32369407591183486, -0.821055823426055, -1.4121563330719715, -0.16420036194908696
796, 7.951731271777003, -1.4317610892734398, -0.18439188959353192, -1.9456823734178958, -1.950546664966776, 2.9351762029243447, 13.703419136351673, 0.23209885631798155, -0.7928566809077711, -1.4317611280962044, -0.18439104513670337
797, 7.961733449477351, -1.4510711541974726, -0.20321218528638207, -1.9163306113886522, -1.813512473603259, 2.9351762029243447, 13.703419136351673, 0.1419336230114313, -0.7627810496412454, -1.4510709272623623, -0.20321331413116442
798, 7.9717356271777, -1.470087701501213, -0.22066213906559712, -1.8869788493594088, -1.6764782822397422, 2.9351762029243447, 13.703419136351673, 0.05346216391220926, -0.7307941728836552, -1.4700885193371356, -0.22066384771436576
799, 7.9817378048780485, -1.4888107311846608, -0.23674175093117694, -1.8576270873301655, -1.5394440908762252, 2.9351762029243447, 13.703419136351673, -0.033078932264045346, -0.6968744319974206, -1.4888107169943132, -0.2367422881846269
800, 7.991739982578396, -1.5072402432478162, -0.2514510208831216, -1.828275325300922, -1.4024098995127086, 2.9351762029243447, 13.703419136351673, -0.11747883905411682, -0.6610118063979717, -1.5072397228924634, -0.25145176490192306
801, 8.001742160278745, -1.5253762376906792, -0.26478994892143115, -1.7989235632716785, -1.2653757081491914, 2.9351762029243447, 13.703419136351673, -0.1995510084249802, -0.6232063881941106, -1.5253773583288566, -0.26478923550637545
802, 8.011744337979094, -1.5432187145132499, -0.2767585350461055, -1.7695718012424348, -1.128341516785675, 2.9351762029243447, 13.703419136351673, -0.279131668161117, -0.5834669606842081, -1.5432171931612535, -0.27675879602292236
803, 8.021746515679443, -1.560767673715528, -0.2873567792571447, -1.7402200392131917, -0.9913073254221577, 2.9351762029243447, 13.703419136351673, -0.3560783250421722, -0.5418096477932154, -1.560768161479881, -0.2873567156334994
804, 8.03174869337979, -1.5780231152975137, -0.29658468155454865, -1.710868277183948, -0.8542731340586409, 2.9351762029243447, 13.703419136351673, -0.4302682950973526, -0.49825663968788036, -1.5780239686228388, -0.2965852198770468
805, 8.041750871080138, -1.594985039259207, -0.3044422419383175, -1.6815165151547045, -0.7172389426951242, 2.9351762029243447, 13.703419136351673, -0.5015972791469612, -0.4528349981865023, -1.5949855904643473, -0.30444293374866727
806, 8.051753048780487, -1.611653445600608, -0.31092946040845115, -1.652164753125461, -0.5802047513316073, 2.9351762029243447, 13.703419136351673, -0.5699779989903926, -0.4055755441778184, -1.6116545039556187, -0.31092839098894964
807, 8.061755226480836, -1.6280283343217163, -0.31604633696494966, -1.6228129910962177, -0.4431705599680906, 2.9351762029243447, 13.703419136351673, -0.6353389069742506, -0.35651182807149584, -1.6280285571246544, -0.3160491401337529
808, 8.071757404181184, -1.6441097054225322, -0.31979287160781295, -1.593461229066974, -0.3061363686045737, 2.9351762029243447, 13.703419136351673, -0.6976229792691667, -0.3056791833086445, -1.6441093053249742, -0.31979196091487755
809, 8.081759581881533, -1.6598975589030558, -0.3221690643370411, -1.5641094670377305, -0.16910217724105658, 2.9351762029243447, 13.703419136351673, -0.7567866009905216, -0.2531138621519601, -1.6598999050898173, -0.32217018782721535
810, 8.09176175958188, -1.6753918947632869, -0.32317491515263413, -1.534757705008487, -0.032067985877539895, 2.9351762029243447, 13.703419136351673, -0.8127985493041386, -0.19885225233779624, -1.6753929455238121, -0.32317413770870873
811, 8.101763937282229, -1.6905927130032254, -0.3228104240545919, -1.5054059429792437, 0.1049662054859768, 2.9351762029243447, 13.703419136351673, -0.8656390788481827, -0.14293017269247185, -1.6905926156739173, -0.32281080045524707
812, 8.111766114982577, -1.7055000136228717, -0.32107559104291455, -1.4760541809500003, 0.2420003968494937, 2.9351762029243447, 13.703419136351673, -0.9152991121598761, -0.08538224547804646, -1.7054982778018573, -0.32107640924970343
813, 8.121768292682926, -1.7201137966222255, -0.3179704161176021, -1.446702418920757, 0.3790345882130106, 2.9351762029243447, 13.703419136351673, -0.9617795363019643, -0.02624134302434597, -1.7201127731143415, -0.317970445375366
814, 8.131770470383275, -1.734434062001287, -0.31349489927865437, -1.4173506568915133, 0.5160687795765274, 2.9351762029243447, 13.703419136351673, -1.0050906055198796, 0.03446189388987009, -1.7344333899867526, -0.3134950111201846
815, 8.141772648083624, -1.7484608097600558, -0.30764904052607145, -1.3879988948622697, 0.6531029709400442, 2.9351762029243447, 13.703419136351673, -1.0452514485067508, 0.09669946843669386, -1.74846012742977, -0.30765035168973087
816, 8.15177482578397, -1.7621940398985323, -0.3004328398598535, -1.3586471328330263, 0.7901371623035611, 2.9351762029243447, 13.703419136351673, -1.0822896776903617, 0.16044637335515327, -1.7621941125160232, -0.30043213805412616
817, 8.16177700348432, -1.7756337524167165, -0.2918462972800002, -1.329295370803783, 0.9271713536670779, 2.9351762029243447, 13.703419136351673, -1.116241096864859, 0.22568087204912296, -1.7756313047385934, -0.2918450413013616
818, 8.171779181184668, -1.788779947314608, -0.2818894127865119, -1.2999436087745393, 1.0642055450305947, 2.9351762029243447, 13.703419136351673, -1.1471495024523886, 0.2923847171997621, -1.788781269068685, -0.2818906938999034
819, 8.181781358885017, -1.8016326245922072, -0.27056218637938834, -1.2705918467452961, 1.2012397363941116, 2.9351762029243447, 13.703419136351673, -1.1750665726787755, 0.3605433086409809, -1.801632253065002, -0.27056374739431693
820, 8.191783536585366, -1.8141917842495139, -0.2578646180586296, -1.2412400847160525, 1.3382739277576285, 2.9351762029243447, 13.703419136351673, -1.2000518379674152, 0.43014579192190994, -1.8141917952839732, -0.25786431667796306
821, 8.201785714285714, -1.8264574262865283, -0.2437967078242358, -1.211888322686809, 1.4753081191211455, 2.9351762029243447, 13.703419136351673, -1.2221727248828556, 0.501185098626215, -1.826459206564203, -0.24379748976012777
822, 8.211787891986063, -1.8384295507032502, -0.22835845567620672, -1.1825365606575653, 1.6123423104846624, 2.9351762029243447, 13.703419136351673, -1.2415046649782429, 0.5736579291447077, -1.838430765160405, -0.2283594539860237
823, 8.22179006968641, -1.8501081574996796, -0.21154986161454248, -1.153184798628322, 1.7493765018481793, 2.9351762029243447, 13.703419136351673, -1.2581312589094926, 0.6475646782151699, -1.8501082060165481, -0.21154840989058543
824, 8.231792247386759, -1.8614932466758167, -0.19337092563924307, -1.1238330365990783, 1.8864106932116962, 2.9351762029243447, 13.703419136351673, -1.2721444851665882, 0.7229093031616292, -1.861494828925561, -0.19336899648538872
825, 8.241794425087107, -1.8725848182316613, -0.17382164775030856, -1.094481274569835, 2.0234448845752127, 2.9351762029243447, 13.703419136351673, -1.2836449417347788, 0.7996991343944501, -1.8725844295104879, -0.17382276585402556
826, 8.251796602787456, -1.8835296309773593, -0.15358719890455708, -1.094481274569836, 2.023444884575208, 0.0, 0.0, -2.0441515761254365, 0.5674466323229911, -1.8835300360743106, -0.15358762175384583
827, 8.261798780487805, -1.8944744437230576, -0.13335275005880498, -1.094481274569836, 2.023444884575208, 0.0, 0.0, -2.0715226487487244, 0.5760771244115873, -1.8944742824468728, -0.1333527211598087
828, 8.271800958188154, -1.905419256468756, -0.11311830121305289, -1.094481274569836, 2.023444884575208, 0.0, 0.0, -2.098725356666854, 0.5847462405272563, -1.905418883642414, -0.11311672999648463
829, 8.2818031358885, -1.9163640692144543, -0.09288385236730079, -1.094481274569836, 2.023444884575208, 0.0, 0.0, -2.125756206061136, 0.593453077103528, -1.9163649876033333, -0.0928813340901667
830, 8.29180531358885, -1.9273088819601527, -0.0726494035215487, -1.094481274569836, 2.023444884575208, 0.0, 0.0, -2.152611722562869, 0.6021967269610238, -1.927306939467652, -0.07264958132589054
831, 8.301807491289198, -1.938253694705851, -0.0524149546757966, -1.094481274569836, 2.023444884575208, 0.0, 0.0, -2.179288451677304, 0.610976279449533, -1.9382547014692977, -0.052416530736503035
832, 8.311809668989547, -1.9491985074515494, -0.032180505830044503, -1.094481274569836, 2.023444884575208, 0.0, 0.0, -2.2057829592053126, 0.6197908205905118, -1.9491986386655296, -0.03218042453665587
833, 8.321811846689895, -1.9601433201972478, -0.011946056984292408, -1.094481274569836, 2.023444884575208, 0.0, 0.0, -2.2320918316626934, 0.6286394332199603, -1.960142951238145, -0.011945874653172052
834, 8.331814024390244, -1.9710881329429462, 0.008288391861459687, -1.094481274569836, 2.023444884575208, 0.0, 0.0, -2.258211676697088, 0.6375211971316448, -1.971087937762721, 0.008289087185848296
835, 8.341816202090591, -1.9820329456886445, 0.028522840707211783, -1.094481274569836, 2.023444884575208, 0.0, 0.0, -2.284139123502445, 0.6464351892206233, -1.9820322421666037, 0.028523389533240337
836, 8.35181837979094, -1.9929777584343429, 0.04875728955296388, -1.094481274569836, 2.023444884575208, 0.0, 0.0, -2.3098708232310003, 0.6553804836270375, -1.99297660153126, 0.048758108716623
837, 8.361820557491288, -2.0039225711800412, 0.06899173839871597, -1.094481274569836, 2.023444884575208, 0.0, 0.0, -2.3354034494027216, 0.6643561518801304, -2.003921748169179, 0.06899269527428369
838, 8.371822735191637, -2.01486738392574, 0.08922618724446807, -1.094481274569836, 2.023444884575208, 0.0, 0.0, -2.3607336983121727, 0.673361263042453, -2.0148677158750243, 0.08922523455710768
839, 8.381824912891986, -2.025812196671438, 0.10946063609022016, -1.094481274569836, 2.023444884575208, 0.0, 0.0, -2.3858582894327514, 0.6823948838542224, -2.0258125066997756, 0.10945942325953356
840, 8.391827090592335, -2.0367570094171366, 0.12969508493597226, -1.094481274569836, 2.023444884575208, 0.0, 0.0, -2.4107739658182745, 0.6914560788777862, -2.036756469327028, 0.12969428792582433
841, 8.401829268292682, -2.0477018221628347, 0.14992953378172436, -1.094481274569836, 2.023444884575208, 0.0, 0.0, -2.4354774945018294, 0.7005439106421648, -2.047702397162491, 0.14993160298401942
842, 8.41183144599303, -2.0586466349085333, 0.17016398262747656, -1.094481274569836, 2.023444884575208, 0.0, 0.0, -2.4599656668918963, 0.709657439787623, -2.058646660521361, 0.17016373541777763
843, 8.421833623693379, -2.0695914476542314, 0.19039843147322866, -1.094481274569836, 2.023444884575208, 0.0, 0.0, -2.484235299165652, 0.7187957252102393, -2.0695920935459355, 0.19039716488969774
844, 8.431835801393728, -2.08053626039993, 0.21063288031898075, -1.094481274569836, 2.023444884575208, 0.0, 0.0, -2.5082832326594477, 0.7279578242064311, -2.080535530681268, 0.21063301191678174
845, 8.441837979094077, -2.091481073145628, 0.23086732916473285, -1.094481274569836, 2.023444884575208, 0.0, 0.0, -2.532106334256397, 0.7371427926173979, -2.09148186885108, 0.23086744098006579
846, 8.451840156794425, -2.1024258858913267, 0.25110177801048494, -1.094481274569836, 2.023444884575208, 0.0, 0.0, -2.5557014967710465, 0.7463496849734444, -2.102425462707855, 0.25110190638121554
847, 8.461842334494772, -2.113370698637025, 0.27133622685623704, -1.094481274569836, 2.023444884575208, 0.0, 0.0, -2.5790656393310676, 0.7555775546381478, -2.1133703149648024, 0.2713345976468424
848, 8.471844512195121, -2.1243155113827235, 0.29157067570198913, -1.094481274569836, 2.023444884575208, 0.0, 0.0, -2.602195707755961, 0.7648254539523233, -2.1243160468116007, 0.2915715323112884
849, 8.48184668989547, -2.1352603241284216, 0.31180512454774123, -1.094481274569836, 2.023444884575208, 0.0, 0.0, -2.6250886749326856, 0.7740924343777632, -2.135260008558117, 0.3118054388222815
850, 8.491848867595818, -2.14620513687412, 0.3320395733934933, -1.094481274569836, 2.023444884575208, 0.0, 0.0, -2.6477415411882257, 0.7833775466406961, -2.146205868325842, 0.3320396652763283
851, 8.501851045296167, -2.1571499496198183, 0.3522740222392454, -1.094481274569836, 2.023444884575208, 0.0, 0.0, -2.6701513346590025, 0.7926798408749441, -2.157148102919175, 0.3522740102803997
852, 8.511853222996516, -2.168094762365517, 0.3725084710849975, -1.094481274569836, 2.023444884575208, 0.0, 0.0, -2.6923151116571384, 0.801998366764725, -2.1680956812283307, 0.37250949036167225
853, 8.521855400696863, -2.179039575111215, 0.3927429199307496, -1.094481274569836, 2.023444884575208, 0.0, 0.0, -2.7142299570334902, 0.8113321736870787, -2.1790386925977354, 0.39274199095527196
854, 8.531857578397211, -2.1899843878569136, 0.4129773687765017, -1.094481274569836, 2.023444884575208, 0.0, 0.0, -2.735892984537451, 0.8206803108538652, -2.1899856615034636, 0.412978144737707
855, 8.54185975609756, -2.2009292006026118, 0.4332118176222537, -1.094481274569836, 2.023444884575208, 0.0, 0.0, -2.757301337173445, 0.8300418274533097, -2.200929155915827, 0.4332111443261448
856, 8.551861933797909, -2.2118740133483104, 0.4534462664680059, -1.094481274569836, 2.023444884575208, 0.0, 0.0, -2.7784521875541137, 0.8394157727910503, -2.211874273056957, 0.4534448418215752
857, 8.561864111498258, -2.2228188260940085, 0.4736807153137579, -1.094481274569836, 2.023444884575208, 0.0, 0.0, -2.799342738250119, 0.8488011964306553, -2.2228194150281264, 0.47368162437242056
858, 8.571866289198606, -2.233763638839707, 0.4939151641595101, -1.094481274569836, 2.023444884575208, 0.0, 0.0, -2.8199702221365546, 0.8581971483335742, -2.2337640716528715, 0.4939174662072618
859, 8.581868466898953, -2.244708451585405, 0.5141496130052621, -1.094481274569836, 2.023444884575208, 0.0, 0.0, -2.8403319027359077, 0.8676026789984851, -2.244706736106796, 0.5141503827498376
860, 8.591870644599302, -2.255653264331104, 0.5343840618510143, -1.094481274569836, 2.023444884575208, 0.0, 0.0, -2.860425074557545, 0.8770168396000046, -2.2556532098211286, 0.5343843595495724
861, 8.60187282229965, -2.266598077076802, 0.5546185106967663, -1.094481274569836, 2.023444884575208, 0.0, 0.0, -2.8802470634336763, 0.8864386821267238, -2.26659819079441, 0.5546179980752313
862, 8.611875, -2.2775428898225005, 0.5748529595425185, -1.094481274569836, 2.023444884575208, 0.0, 0.0, -2.899795226851779, 0.8958672595185355, -2.277543754250403, 0.5748541836198118
863, 8.621877177700348, -2.288487702568199, 0.5950874083882705, -1.094481274569836, 2.023444884575208, 0.0, 0.0, -2.919066954283414, 0.9053016258032186, -2.288487263318426, 0.5950867119672877
864, 8.631879355400697, -2.2994325153138973, 0.6153218572340227, -1.094481274569836, 2.023444884575208, 0.0, 0.0, -2.9380596675094277, 0.9147408362322474, -2.2994334910727066, 0.6153213982876123
865, 8.641881533101044, -2.3103773280595954, 0.6355563060797746, -1.094481274569836, 2.023444884575208, 0.0, 0.0, -2.956770820941495, 0.9241839474157845, -2.310380412712122, 0.6355566453818912
866, 8.651883710801393, -2.321322140805294, 0.6557907549255269, -1.094481274569836, 2.023444884575208, 0.0, 0.0, -2.975197901939958, 0.9336300174568344, -2.321322963453265, 0.6557893935722979
867, 8.661885888501741, -2.3322669535509926, 0.6760252037712788, -1.094481274569836, 2.023444884575208, 0.0, 0.0, -2.993338431127933, 0.9430781060845176, -2.3322687789930234, 0.6760258328108538
868, 8.67188806620209, -2.3432117662966907, 0.696259652617031, -1.094481274569836, 2.023444884575208, 0.0, 0.0, -3.0111899627016565, 0.9525272747864335, -2.343212545057267, 0.6962591817857983
869, 8.681890243902439, -2.354156579042389, 0.716494101462783, -1.094481274569836, 2.023444884575208, 0.0, 0.0, -3.028750084737034, 0.9619765869400785, -2.3541564275579976, 0.716493289961332
870, 8.691892421602788, -2.3651013917880874, 0.7367285503085352, -1.094481274569836, 2.023444884575208, 0.0, 0.0, -3.0460164194923465, 0.9714251079432931, -2.365102448552661, 0.7367269575673544
871, 8.701894599303134, -2.376046204533786, 0.7569629991542872, -1.094481274569836, 2.023444884575208, 0.0, 0.0, -3.062986623707089, 0.9808719053436998, -2.3760461255583865, 0.7569623734894291
872, 8.711896777003483, -2.386991017279484, 0.7771974480000394, -1.094481274569836, 2.023444884575208, 0.0, 0.0, -3.0796583888969162, 0.990316048967105, -2.3869909805946383, 0.7771976553339475
873, 8.721898954703832, -2.3979358300251823, 0.7974318968457914, -1.094481274569836, 2.023444884575208, 0.0, 0.0, -3.0960294416446543, 0.9997566110448277, -2.3979364137581727, 0.7974315521847939
874, 8.73190113240418, -2.408880642770881, 0.8176663456915436, -1.094481274569836, 2.023444884575208, 0.0, 0.0, -3.1120975438873413, 1.0091926663399367, -2.408881011276975, 0.8176664491909544
875, 8.74190331010453, -2.4198254555165795, 0.8379007945372956, -1.094481274569836, 2.023444884575208, 0.0, 0.0, -3.1278604931992704, 1.0186232922723544, -2.4198252282279538, 0.8379012314936081
876, 8.751905487804878, -2.4307702682622776, 0.8581352433830478, -1.094481274569836, 2.023444884575208, 0.0, 0.0, -3.143316123071006, 1.0280475690428053, -2.4307702720566846, 0.8581354059287827
877, 8.761907665505225, -2.441715081007976, 0.8783696922287998, -1.094481274569836, 2.023444884575208, 0.0, 0.0, -3.1584623031843515, 1.0374645797555724, -2.4417159951548544, 0.87836972720953
878, 8.771909843205574, -2.4526598937536743, 0.898604141074552, -1.094481274569836, 2.023444884575208, 0.0, 0.0, -3.1732969396832, 1.0468734105400497, -2.4526593798588734, 0.898603583772064
879, 8.781912020905922, -2.463604706499373, 0.9188385899203042, -1.094481274569836, 2.023444884575208, 0.0, 0.0, -3.1878179754402924, 1.056273150671038, -2.4636049673708533, 0.9188386658895306
880, 8.791914198606271, -2.474549519245071, 0.9390730387660562, -1.094481274569836, 2.023444884575208, 0.0, 0.0, -3.2020233903197988, 1.0656628926877834, -2.474548915945646, 0.9390722578964744
881, 8.80191637630662, -2.4854943319907696, 0.9593074876118084, -1.094481274569836, 2.023444884575208, 0.0, 0.0, -3.2159112014357434, 1.0750417325117072, -2.4854961956067654, 0.9593070016230895
882, 8.811918554006969, -2.4964391447364678, 0.9795419364575604, -1.094481274569836, 2.023444884575208, 0.0, 0.0, -3.229479463406197, 1.0844087695628233, -2.4964400952781185, 0.9795427757072114
883, 8.821920731707316, -2.5073839574821664, 0.9997763853033126, -1.094481274569836, 2.023444884575208, 0.0, 0.0, -3.242726268603248, 1.0937631068747973, -2.5073831178741672, 0.9997775891792653
884, 8.831922909407664, -2.5183287702278645, 1.0200108341490646, -1.094481274569836, 2.023444884575208, 0.0, 0.0, -3.2556497473986945, 1.1031038512086373, -2.5183302809202868, 1.0200110307732884
885, 8.841925087108013, -2.529273582973563, 1.0402452829948168, -1.094481274569836, 2.023444884575208, 0.0, 0.0, -3.268248068405454, 1.112430113164982, -2.5292751285717174, 1.0402448880321742
886, 8.851927264808362, -2.5402183957192612, 1.0604797318405688, -1.094481274569836, 2.023444884575208, 0.0, 0.0, -3.2805194387146304, 1.1217410072949703, -2.5402173437082665, 1.0604800386768947
887, 8.86192944250871, -2.55116320846496, 1.080714180686321, -1.094481274569836, 2.023444884575208, 0.0, 0.0, -3.2924621041282554, 1.1310356522096567, -2.5511646744744048, 1.0807134881178457
888, 8.87193162020906, -2.562108021210658, 1.100948629532073, -1.094481274569836, 2.023444884575208, 0.0, 0.0, -3.304074349387635, 1.1403131706879654, -2.5621087866841714, 1.1009487793710806
889, 8.881933797909406, -2.5730528339563565, 1.1211830783778252, -1.094481274569836, 2.023444884575208, 0.0, 0.0, -3.3153544983973036, 1.1495726897831473, -2.573051339847172, 1.1211826702259677
890, 8.891935975609755, -2.5839976467020547, 1.1414175272235771, -1.094481274569836, 2.023444884575208, 0.0, 0.0, -3.3263009144445372, 1.1588133409277248, -2.5839985315914165, 1.1414177271643162
891, 8.901938153310104, -2.5949424594477533, 1.1616519760693294, -1.094481274569836, 2.023444884575208, 0.0, 0.0, -3.3369120004144306, 1.168034260036901, -2.59494100386473, 1.16165067221661
892, 8.911940331010452, -2.605887272193452, 1.1818864249150813, -1.094481274569836, 2.023444884575208, 0.0, 0.0, -3.3471861990004816, 1.1772345876104138, -2.605885981908088, 1.181887945767679
893, 8.921942508710801, -2.61683208493915, 1.2021208737608335, -1.094481274569836, 2.023444884575208, 0.0, 0.0, -3.3571219929106637, 1.1864134688328172, -2.6168321418791187, 1.2021203991398408
894, 8.93194468641115, -2.627776897684848, 1.2223553226065855, -1.094481274569836, 2.023444884575208, 0.0, 0.0, -3.366717905069002, 1.1955700536721607, -2.627776495602926, 1.22235563308097
895, 8.941946864111497, -2.6387217104305467, 1.2425897714523377, -1.094481274569836, 2.023444884575208, 0.0, 0.0, -3.3759724988125543, 1.2047034969770638, -2.638723165794243, 1.2425889828886516
896, 8.951949041811845, -2.6496665231762453, 1.2628242202980897, -1.094481274569836, 2.023444884575208, 0.0, 0.0, -3.384884378083853, 1.2138129585721518, -2.649667093189145, 1.2628247900406417
897, 8.961951219512194, -2.6606113359219434, 1.283058669143842, -1.094481274569836, 2.023444884575208, 0.0, 0.0, -3.3934521876187227, 1.2228976033518493, -2.660612548103288, 1.2830595485748133
898, 8.971953397212543, -2.6715561486676416, 1.303293117989594, -1.094481274569836, 2.023444884575208, 0.0, 0.0, -3.4016746131294995, 1.2319566013724987, -2.671555894716762, 1.303292009052022
899, 8.981955574912892, -2.68250096141334, 1.3235275668353461, -1.094481274569836, 2.023444884575208, 0.0, 0.0, -3.409550381483584, 1.240989127942807, -2.682499882988025, 1.323526689994233
900, 8.99195775261324, -2.6934457741590387, 1.343762015681098, -1.094481274569836, 2.023444884575208, 0.0, 0.0, -3.4170782608773442, 1.2499943637125868, -2.6934445431219807, 1.3437626985706994
901, 9.001959930313587, -2.704390586904737, 1.3639964645268503, -1.094481274569836, 2.023444884575208, 0.0, 0.0, -3.4242570610053282, 1.2589714947597914, -2.7043906643698783, 1.3639947847412455
902, 9.011962108013936, -2.715335399650435, 1.3842309133726025, -1.094481274569836, 2.023444884575208, 0.0, 0.0, -3.431085633224772, 1.2679197126758166, -2.7153369692779648, 1.3842296005325156
903, 9.021964285714285, -2.7262802123961336, 1.4044653622183545, -1.094481274569836, 2.023444884575208, 0.0, 0.0, -3.4375628707153765, 1.2768382146490675, -2.726280020693339, 1.4044654053130858
904, 9.031966463414633, -2.737225025141832, 1.4246998110641067, -1.094481274569836, 2.023444884575208, 0.0, 0.0, -3.443687708634333, 1.2857262035467718, -2.737224769113706, 1.424699079556278
905, 9.041968641114982, -2.7481698378875303, 1.4449342599098587, -1.094481274569836, 2.023444884575208, 0.0, 0.0, -3.4494591242665944, 1.2945828879950256, -2.7481708450334112, 1.444933810611986
906, 9.051970818815331, -2.7591146506332285, 1.4651687087556107, -1.094481274569836, 2.023444884575208, 0.0, 0.0, -3.4548761371703502, 1.3034074824570632, -2.7591146139791767, 1.4651674446624916
907, 9.061972996515678, -2.770059463378927, 1.485403157601363, -1.094481274569836, 2.023444884575208, 0.0, 0.0, -3.459937809317705, 1.312199207309741, -2.7700593839533534, 1.485400854910912
908, 9.071975174216027, -2.7810042761246256, 1.505637606447115, -1.094481274569836, 2.023444884575208, 0.0, 0.0, -3.464643245230515, 1.3209572889182226, -2.7810055441562116, 1.5056373052921277
909, 9.081977351916375, -2.791949088870324, 1.525872055292867, -1.094481274569836, 2.023444884575208, 0.0, 0.0, -3.468991592111417, 1.3296809597088568, -2.7919485206807386, 1.5258716019449556
910, 9.091979529616724, -2.802893901616022, 1.546106504138619, -1.094481274569836, 2.023444884575208, 0.0, 0.0, -3.4729820399699673, 1.3383694582402388, -2.8028941113651267, 1.5461066983706715
911, 9.101981707317073, -2.8138387143617205, 1.5663409529843715, -1.094481274569836, 2.023444884575208, 0.0, 0.0, -3.4766138217439297, 1.3470220292724489, -2.813838718229173, 1.5663422511171263
912, 9.111983885017422, -2.824783527107419, 1.5865754018301235, -1.094481274569836, 2.023444884575208, 0.0, 0.0, -3.4798862134156567, 1.3556379238344576, -2.8247842284266906, 1.5865749077665965
913, 9.121986062717768, -2.8357283398531177, 1.6068098506758755, -1.094481274569836, 2.023444884575208, 0.0, 0.0, -3.4827985341235714, 1.3642163992896976, -2.8357272306409183, 1.6068112728293635
914, 9.131988240418117, -2.846220073106244, 1.6255713782695007, -1.0276700401361494, 1.7728699990265597, 4.3006570352920255, -20.656552067195246, -3.3749963289956213, 1.0590773267187492, -2.846221523577587, 1.6255706644889045
915, 9.141990418118466, -2.8562817406558407, 1.6422672506564067, -0.9846634697832292, 1.5663044783546072, 4.3006570352920255, -20.656552067195246, -3.350663726436114, 0.9587122600566542, -2.8562824471507122, 1.6422683499010793
916, 9.151992595818815, -2.8659133425019085, 1.6568974678365929, -0.9416568994303088, 1.3597389576826544, 4.3006570352920255, -20.656552067195246, -3.328610747571756, 0.8570878035414267, -2.865913986672151, 1.6568998260147296
917, 9.161994773519163, -2.875114878644447, 1.6694620298100598, -0.8986503290773885, 1.153173437010702, 4.3006570352920255, -20.656552067195246, -3.308863922871642, 0.754213634902581, -2.8751149828973155, 1.6694623760517058
918, 9.171996951219512, -2.8838863490834563, 1.6799609365768071, -0.8556437587244684, 0.9466079163387493, 4.3006570352920255, -20.656552067195246, -3.291450253669876, 0.650095932074453, -2.8838876560422158, 1.6799616321187172
919, 9.181999128919859, -2.8922277538189363, 1.6883941881368347, -0.812637188371548, 0.7400423956667966, 4.3006570352920255, -20.656552067195246, -3.2763983090541617, 0.544737478547582, -2.8922276877666917, 1.6883939693652144
920, 9.192001306620208, -2.9001390928508872, 1.694761784490143, -0.7696306180186278, 0.533476874994844, 4.3006570352920255, -20.656552067195246, -3.2637390408061315, 0.4381378032236494, -2.900138908209097, 1.6947603568637264
921, 9.202003484320556, -2.9076203661793087, 1.6990637256367318, -0.7266240476657073, 0.3269113543228914, 4.3006570352920255, -20.656552067195246, -3.2535063175719667, 0.33029335436730634, -2.9076196289485723, 1.6990634791087444
922, 9.212005662020905, -2.9146715738042013, 1.7013000115766008, -0.6836174773127871, 0.12034583365093887, 4.3006570352920255, -20.656552067195246, -3.2457371792395193, 0.22119770765816302, -2.9146729177270965, 1.7012987794661638
923, 9.222007839721254, -2.9212927157255644, 1.7014706423097503, -0.6406109069598669, -0.0862196870210139, 4.3006570352920255, -20.656552067195246, -3.240471812005236, 0.11084180869858828, -2.9212944655817985, 1.7014718384900387
924, 9.232010017421603, -2.9274837919433985, 1.6995756178361805, -0.5976043366069465, -0.2927852076929667, 4.3006570352920255, -20.656552067195246, -3.237753243935571, -0.0007857493728574139, -2.92748392956832, 1.6995759577769762
925, 9.242012195121951, -2.9332448024577036, 1.6956149381558911, -0.5545977662540262, -0.499350728364919, 4.3006570352920255, -20.656552067195246, -3.2376267600670703, -0.11369841227717292, -2.933243606377294, 1.6956153169229036
926, 9.252014372822298, -2.9385757472684793, 1.689588603268882, -0.511591195901106, -0.7059162490368718, 4.3006570352920255, -20.656552067195246, -3.2401390353510977, -0.22791131393902062, -2.938575882682896, 1.6895905916342542
927, 9.262016550522647, -2.9434766263757255, 1.6814966131751536, -0.4685846255481856, -0.9124817697088243, 4.3006570352920255, -20.656552067195246, -3.245336983137037, -0.3434408876034923, -2.943476704821396, 1.681497086106749
928, 9.272018728222996, -2.9479474397794427, 1.6713389678747057, -0.42557805519526537, -1.1190472903807773, 4.3006570352920255, -20.656552067195246, -3.253266316506173, -0.4603044374971753, -2.9479488972535477, 1.6713398304337603
929, 9.282020905923345, -2.951988187479631, 1.659115667367538, -0.382571484842345, -1.3256128110527299, 4.3006570352920255, -20.656552067195246, -3.2639698197226865, -0.5785196698163304, -2.951985522049139, 1.6591156659160293
930, 9.292023083623693, -2.95559886947629, 1.644826711653651, -0.3395649144894247, -1.532178331724682, 4.3006570352920255, -20.656552067195246, -3.2774853274642273, -0.6981041819019924, -2.9555990463800614, 1.6448279873876064
931, 9.302025261324042, -2.9587794857694196, 1.6284721007330445, -0.29655834413650445, -1.7387438523966348, 4.3006570352920255, -20.656552067195246, -3.2938434104392504, -0.819074908606738, -2.958779647454215, 1.6284705161004094
932, 9.312027439024389, -2.96153003635902, 1.6100518346057182, -0.2535517737835842, -1.9453093730685873, 4.3006570352920255, -20.656552067195246, -3.3130647675990463, -0.941447525073085, -2.9615298203801665, 1.610052502632186
933, 9.322029616724738, -2.963850521245091, 1.5895659132716726, -0.21054520343066396, -2.1518748937405405, 4.3006570352920255, -20.656552067195246, -3.335157327516052, -1.0652358054314175, -2.9638498236564357, 1.5895648978238393
934, 9.332031794425086, -2.9657409404276334, 1.5670143367309075, -0.16753863307774364, -2.3584404144124926, 4.3006570352920255, -20.656552067195246, -3.36011306473168, -1.1904509372882879, -2.9657407694464877, 1.5670143664949752
935, 9.342033972125435, -2.967201293906646, 1.5423971049834226, -0.12453206272482337, -2.5650059350844456, 4.3006570352920255, -20.656552067195246, -3.3879045410782904, -1.3171007923162967, -2.967202328795412, 1.542399215209059
936, 9.352036149825784, -2.9682315816821294, 1.5157142180292185, -0.08152549237190304, -2.771571455756398, 4.3006570352920255, -20.656552067195246, -3.41848118724669, -1.445189153776457, -2.9682305741849877, 1.5157148326506922
937, 9.362038327526133, -2.968831803754084, 1.4869656758682948, -0.03851892201898277, -2.9781369764283507, 4.3006570352920255, -20.656552067195246, -3.4517653462888855, -1.574714902404767, -2.9688320175074185, 1.4869660169528238
938, 9.37204050522648, -2.9690019601225095, 1.4561514785006513, 0.0044876483339374995, -3.1847024971003033, 4.3006570352920255, -20.656552067195246, -3.487648108389183, -1.7056711627778567, -2.969001604524112, 1.4561514807475986
939, 9.382042682926828, -2.968742050787405, 1.4232716259262888, 0.047494218686857825, -3.3912680177722563, 4.3006570352920255, -20.656552067195246, -3.525984975159836, -1.8380444130386902, -2.9687408343272996, 1.4232712506852003
940, 9.392044860627177, -2.9680520757487723, 1.3883261181452062, 0.09050078903977815, -3.597833538444209, 4.3006570352920255, -20.656552067195246, -3.5665914019519964, -1.971813561712408, -2.9680523212180336, 1.3883285850651432
941, 9.402047038327526, -2.96693203500661, 1.3513149551574042, 0.13350735939269842, -3.8043990591161614, 4.3006570352920255, -20.656552067195246, -3.6092382782193964, -2.1069489962735544, -2.9669312676590693, 1.3513147398369016
942, 9.412049216027874, -2.965381928560918, 1.312238136962883, 0.17651392974561864, -4.010964579788114, 4.3006570352920255, -20.656552067195246, -3.6536474187944634, -2.2434116091375764, -2.965381832156844, 1.3122375796797132
943, 9.422051393728223, -2.9634017564116975, 1.271095663561642, 0.21952050009853896, -4.217530100460067, 4.3006570352920255, -20.656552067195246, -3.699487152951468, -2.3811518078387386, -2.963403732646241, 1.271095332589866
944, 9.43205357142857, -2.9609915185589473, 1.2278875349536817, 0.2625270704514593, -4.424095621132019, 4.3006570352920255, -20.656552067195246, -3.746368113201373, -2.520108517319891, -2.960993223139329, 1.2278871524273882
945, 9.442055749128919, -2.958151215002668, 1.1826137511390016, 0.30553364080437956, -4.630661141803972, 4.3006570352920255, -20.656552067195246, -3.793839341686086, -2.660208183491965, -2.9581522166519476, 1.1826140632252111
946, 9.452057926829267, -2.95488084574286, 1.1352743121176019, 0.3485402111572998, -4.837226662475925, 4.3006570352920255, -20.656552067195246, -3.841384848539887, -2.801363788516676, -2.954880998570823, 1.1352743290051535
947, 9.462060104529616, -2.9511804107795223, 1.0858692178894829, 0.39154678151022015, -5.043792183147876, 4.3006570352920255, -20.656552067195246, -3.88842077330321, -2.9434738896177564, -2.951180615604812, 1.0858701864000282
948, 9.472062282229965, -2.9470499101126553, 1.0343984684546443, 0.4345533518631405, -5.25035770381983, 4.3006570352920255, -20.656552067195246, -3.9342933169558902, -3.086421694625711, -2.947048876657409, 1.034396952694178
949, 9.482064459930314, -2.9424893437422592, 0.9808620638130863, 0.4775599222160607, -5.456923224491782, 4.3006570352920255, -20.656552067195246, -3.978277627829815, -3.230074188899302, -2.9424907789472816, 0.9808618168289659
950, 9.49206663763066, -2.937498711668334, 0.9252600039648087, 0.5205664925689809, -5.663488745163734, 4.3006570352920255, -20.656552067195246, -4.019577838902804, -3.374281329733223, -2.93750092319229, 0.9252569985373651
951, 9.50206881533101, -2.9320780138908797, 0.8675922889098115, 0.5635730629219013, -5.870054265835687, 4.3006570352920255, -20.656552067195246, -4.0573284659927715, -3.518875325843706, -2.932077761522701, 0.867592386280592
952, 9.512070993031358, -2.9262272504098963, 0.8078589186480947, 0.6065796332748216, -6.07661978650764, 4.3006570352920255, -20.656552067195246, -4.090597385275935, -3.6636700210093727, -2.9262277901327347, 0.8078592141282087
953, 9.522073170731707, -2.9199464212253834, 0.7460598931796585, 0.6495862036277418, -6.283185307179593, 4.3006570352920255, -20.656552067195246, -4.11839061334715, -3.8084604024186937, -2.919946548163736, 0.7460598911895433
954, 9.532075348432056, -2.9134505591891062, 0.6832280401078648, 0.6495862036277404, -6.283185307179586, 0.0, 0.0, -4.012128929737042, -3.736675138737293, -2.9134504708351745, 0.6832291594370065
955, 9.542077526132404, -2.9069546971528286, 0.6203961870360688, 0.6495862036277404, -6.283185307179586, 0.0, 0.0, -4.01839869121382, -3.779755325617173, -2.906954945166223, 0.620395420262158
956, 9.552079703832751, -2.9004588351165514, 0.5575643339642729, 0.6495862036277404, -6.283185307179586, 0.0, 0.0, -4.021050314827164, -3.820814478867566, -2.9004578950158963, 0.5575637071495776
957, 9.5620818815331, -2.893962973080274, 0.4947324808924769, 0.6495862036277404, -6.283185307179586, 0.0, 0.0, -4.020084260219712, -3.8597219806641263, -2.8939631248445417, 0.49473241073272073
958, 9.572084059233449, -2.8874671110439967, 0.43190062782068095, 0.6495862036277404, -6.283185307179586, 0.0, 0.0, -4.0155130373861665, -3.8963540265335865, -2.8874685657294616, 0.43190118829521235
959, 9.582086236933797, -2.880971249007719, 0.3690687747488852, 0.6495862036277404, -6.283185307179586, 0.0, 0.0, -4.007361063810061, -3.9305940195733005, -2.8809709842121407, 0.3690684025229314
960, 9.592088414634146, -2.8744753869714414, 0.30623692167708927, 0.6495862036277404, -6.283185307179586, 0.0, 0.0, -3.995664480254574, -3.962332941850147, -2.874474982123385, 0.3062364878448414
961, 9.602090592334495, -2.8679795249351643, 0.24340506860529332, 0.6495862036277404, -6.283185307179586, 0.0, 0.0, -3.9804709262159386, -3.9914697017946446, -2.867979286075836, 0.24340512473489434
962, 9.612092770034842, -2.8614836628988867, 0.18057321553349737, 0.6495862036277404, -6.283185307179586, 0.0, 0.0, -3.9618392761884675, -4.0179114564821585, -2.861483498463043, 0.18057482015500034
963, 9.62209494773519, -2.8549878008626095, 0.11774136246170142, 0.6495862036277404, -6.283185307179586, 0.0, 0.0, -3.9398393380253016, -4.041573907772601, -2.854986373308268, 0.11774184811140893
964, 9.63209712543554, -2.848491938826332, 0.054909509389905464, 0.6495862036277404, -6.283185307179586, 0.0, 0.0, -3.9145515148082226, -4.062381571362853, -2.8484915805917312, 0.05490970579204975
965, 9.642099303135888, -2.8419960767900547, -0.007922343681890265, 0.6495862036277404, -6.283185307179586, 0.0, 0.0, -3.8860664317628486, -4.080268017891987, -2.8419963750652975, -0.00792275230381832
966, 9.652101480836237, -2.835500214753777, -0.07075419675368622, 0.6495862036277404, -6.283185307179586, 0.0, 0.0, -3.854484529871755, -4.09517608532796, -2.835498780773309, -0.07075501744893281
967, 9.662103658536585, -2.8290043527175, -0.13358604982548217, 0.6495862036277404, -6.283185307179586, 0.0, 0.0, -3.819915627947276, -4.107058061955551, -2.829003596233807, -0.1335868054237486
968, 9.672105836236932, -2.8225084906812223, -0.19641790289727812, 0.6495862036277404, -6.283185307179586, 0.0, 0.0, -3.7824784550273773, -4.115875839378524, -2.8225089912044967, -0.19641801222857994
969, 9.682108013937281, -2.8160126286449447, -0.25924975596907407, 0.6495862036277404, -6.283185307179586, 0.0, 0.0, -3.7423001550520145, -4.121601035044197, -2.8160132512850513, -0.2592519911379883
970, 9.69211019163763, -2.8095167666086676, -0.32208160904087, 0.6495862036277404, -6.283185307179586, 0.0, 0.0, -3.6995157658631244, -4.124215083895291, -2.809517976546855, -0.3220837318303343
971, 9.702112369337978, -2.80302090457239, -0.38491346211266597, 0.6495862036277404, -6.283185307179586, 0.0, 0.0, -3.654267674648995, -4.123709298851956, -2.8030213838699654, -0.3849135906609664
972, 9.712114547038327, -2.796525042536113, -0.4477453151844619, 0.6495862036277404, -6.283185307179586, 0.0, 0.0, -3.6067050520226207, -4.120084899925852, -2.7965256602148845, -0.4477437943363379
973, 9.722116724738676, -2.790029180499835, -0.5105771682562579, 0.6495862036277404, -6.283185307179586, 0.0, 0.0, -3.5569832669838513, -4.113353011867778, -2.7900309661883655, -0.5105782186882611
974, 9.732118902439023, -2.783533318463558, -0.5734090213280538, 0.6495862036277404, -6.283185307179586, 0.0, 0.0, -3.5052632850663237, -4.103534630350335, -2.783531881735994, -0.5734087710290006
975, 9.742121080139372, -2.7770374564272804, -0.6362408743998498, 0.6495862036277404, -6.283185307179586, 0.0, 0.0, -3.451711052012384, -4.090660556787067, -2.7770383420334253, -0.636238675624351
976, 9.75212325783972, -2.7705415943910032, -0.6990727274716453, 0.6495862036277404, -6.283185307179586, 0.0, 0.0, -3.396496865352183, -4.074771301989225, -2.7705430297309257, -0.6990727604127858
977, 9.762125435540069, -2.7640457323547256, -0.7619045805434412, 0.6495862036277404, -6.283185307179586, 0.0, 0.0, -3.3397947362869815, -4.055916958960378, -2.7640462580379723, -0.7619048459952741
978, 9.772127613240418, -2.7575498703184484, -0.8247364336152372, 0.6495862036277404, -6.283185307179586, 0.0, 0.0, -3.281781744291319, -4.034157045227218, -2.757551076738136, -0.8247344708972885
979, 9.782129790940767, -2.751054008282171, -0.8875682866870331, 0.6495862036277404, -6.283185307179586, 0.0, 0.0, -3.2226373868540468, -4.0095603152018136, -2.751052188669002, -0.8875686472728479
980, 9.792131968641113, -2.7445581462458932, -0.9504001397588291, 0.6495862036277404, -6.283185307179586, 0.0, 0.0, -3.162542926774557, -3.9822045431659125, -2.74455981966635, -0.9504004879478619
981, 9.802134146341462, -2.738062284209616, -1.013231992830625, 0.6495862036277404, -6.283185307179586, 0.0, 0.0, -3.1016807394176795, -3.9521762775613793, -2.7380619866719917, -1.0132330817898019
982, 9.812136324041811, -2.7315664221733384, -1.076063845902421, 0.6495862036277404, -6.283185307179586, 0.0, 0.0, -3.0402336623090047, -3.9195705673621988, -2.731566238345333, -1.0760643225273867
983, 9.82213850174216, -2.7250705601370613, -1.1388956989742165, 0.6495862036277404, -6.283185307179586, 0.0, 0.0, -2.9783843494218676, -3.884490661392361, -2.7250704040351024, -1.1388946564004854
984, 9.832140679442508, -2.7185746981007837, -1.2017275520460124, 0.6495862036277404, -6.283185307179586, 0.0, 0.0, -2.9163146324680738, -3.8470476815401144, -2.71857221955015, -1.2017262986396495
985, 9.842142857142857, -2.7120788360645065, -1.2645594051178084, 0.6495862036277404, -6.283185307179586, 0.0, 0.0, -2.854204891457012, -3.8073602709022474, -2.7120790162151405, -1.2645581628891835
986, 9.852145034843204, -2.705582974028229, -1.3273912581896044, 0.6495862036277404, -6.283185307179586, 0.0, 0.0, -2.792233436732109, -3.7655542179719337, -2.7055828825252854, -1.327391639570705
987, 9.862147212543553, -2.6990871119919517, -1.3902231112614003, 0.6495862036277404, -6.283185307179586, 0.0, 0.0, -2.7305759046301765, -3.721762058060079, -2.699087087923976, -1.3902221850604157
988, 9.872149390243901, -2.692591249955674, -1.4530549643331963, 0.6495862036277404, -6.283185307179586, 0.0, 0.0, -2.6694046688381485, -3.676122653212701, -2.692589652744516, -1.4530562006403842
989, 9.88215156794425, -2.686095387919397, -1.5158868174049922, 0.6495862036277404, -6.283185307179586, 0.0, 0.0, -2.6088882694435482, -3.628780751955489, -2.6860959339912753, -1.5158857979031517
990, 9.892153745644599, -2.6795995258831193, -1.5787186704767882, 0.6495862036277404, -6.283185307179586, 0.0, 0.0, -2.549190861589924, -3.5798865302610885, -2.679599379289254, -1.5787183528970283
991, 9.902155923344948, -2.6731036638468417, -1.641550523548584, 0.6495862036277404, -6.283185307179586, 0.0, 0.0, -2.490471685557053, -3.529595115194632, -2.6731035741346463, -1.6415488446154163
992, 9.912158101045295, -2.6666078018105646, -1.7043823766203796, 0.6495862036277404, -6.283185307179586, 0.0, 0.0, -2.4328845599880795, -3.478066092748387, -2.666607027854561, -1.704382303194337
993, 9.922160278745643, -2.6601119397742874, -1.7672142296921756, 0.6495862036277404, -6.283185307179586, 0.0, 0.0, -2.3765773998826476, -3.425463001426969, -2.660109912468323, -1.7672159089249344
994, 9.932162456445992, -2.65361607773801, -1.8300460827639715, 0.6495862036277404, -6.283185307179586, 0.0, 0.0, -2.321691760866669, -3.371952813190176, -2.6536176726392515, -1.8300464017277716
995, 9.94216463414634, -2.647120215701732, -1.8928779358357675, 0.6495862036277404, -6.283185307179586, 0.0, 0.0, -2.2683624111363074, -3.317705403401009, -2.6471209654975345, -1.892878138119333
996, 9.95216681184669, -2.6400593521476505, -1.9535331864963024, 0.7750112761020644, -5.968044602524285, 13.784984138776041, 19.496092705839224, -1.4605360413773594, -2.848183998355844, -2.6400598617487794, -1.9535336631284017
997, 9.962168989547038, -2.631619990179691, -2.0122388278862533, 0.912861117489825, -5.773083675465892, 13.784984138776041, 19.496092705839224, -1.4562816230061306, -2.720416680700799, -2.6316203977391646, -2.0122391342722166
998, 9.972171167247385, -2.621802129797854, -2.0689948600056205, 1.0507109588775856, -5.578122748407499, 13.784984138776041, 19.496092705839224, -1.4438115794331554, -2.595265374152591, -2.6218015450222016, -2.0689956381477677
999, 9.982173344947734, -2.610605771002139, -2.1238012828544033, 1.188560800265346, -5.383161821349106, 13.784984138776041, 19.496092705839224, -1.4228325998153757, -2.4727657821337514, -2.610604761497504, -2.1238019458412807
1000, 9.992175522648083, -2.598030913792547, -2.1766580964326026, 1.3264106416531067, -5.1882008942907145, 13.784984138776041, 19.496092705839224, -1.3931692664885054, -2.35292131709749, -2.5980309372153765, -2.1766582751215395
1001, 10.002177700348431, -2.584077558169077, -2.227565300740218, 1.4642604830408672, -4.993239967232323, 13.784984138776041, 19.496092705839224, -1.3547489985104355, -2.2357110501327964, -2.5840781116243465, -2.227565154294387
1002, 10.01217987804878, -2.5687457041317296, -2.276522895777249, 1.6021103244286277, -4.798279040173929, 13.784984138776041, 19.496092705839224, -1.3075873148605033, -2.1210970293064286, -2.5687453605334007, -2.276522263992231
1003, 10.022182055749129, -2.5520353516805043, -2.3235308815436966, 1.7399601658163881, -4.603318113115536, 13.784984138776041, 19.496092705839224, -1.251773672599506, -2.0090309110542464, -2.552035042373212, -2.3235316799646397
1004, 10.032184233449476, -2.533946500815402, -2.36858925803956, 1.8778100072041488, -4.408357186057144, 13.784984138776041, 19.496092705839224, -1.1874580825324648, -1.8994598744487348, -2.5339459814755565, -2.368588899236422
1005, 10.042186411149824, -2.5144791515364213, -2.4116980252648395, 2.015659848591909, -4.213396258998753, 13.784984138776041, 19.496092705839224, -1.1148386558377417, -1.792331808580266, -2.5144797761302238, -2.4116966446327264
1006, 10.052188588850173, -2.4936333038435636, -2.452857183219535, 2.1535096899796695, -4.01843533194036, 13.784984138776041, 19.496092705839224, -1.034150190191919, -1.6875997789580006, -2.493635525241992, -2.452856771335973
1007, 10.062190766550522, -2.471408957736828, -2.4920667319036465, 2.2913595313674304, -3.823474404881968, 13.784984138776041, 19.496092705839224, -0.9456538634007543, -1.585225790196627, -2.4714091282283186, -2.4920673295421705
1008, 10.07219294425087, -2.447806113216215, -2.5293266713171745, 2.429209372755191, -3.6285134778235744, 13.784984138776041, 19.496092705839224, -0.8496280665525837, -1.4851838697853301, -2.4478055982659823, -2.5293276383006447
1009, 10.08219512195122, -2.422824770281724, -2.564637001460118, 2.567059214142951, -3.433552550765183, 13.784984138776041, 19.496092705839224, -0.746360377220924, -1.3874625019348636, -2.422825408059823, -2.564638187518523
1010, 10.092197299651566, -2.396464928933356, -2.597997722332478, 2.704909055530712, -3.23859162370679, 13.784984138776041, 19.496092705839224, -0.6361406461341452, -1.2920664418708894, -2.3964655676680233, -2.5979964670234934
1011, 10.102199477351915, -2.36872658917111, -2.629408833934254, 2.842758896918472, -3.043630696648398, 13.784984138776041, 19.496092705839224, -0.5192551478034253, -1.199017939983443, -2.368726201930204, -2.6294086619124926
1012, 10.112201655052264, -2.3396097509949865, -2.658870336265446, 2.9806087383062327, -2.848669769590005, 13.784984138776041, 19.496092705839224, -0.3959817266082515, -1.1083574024347895, -2.3396099691949646, -2.658870912336829
1013, 10.122203832752612, -2.309114414404985, -2.686382229326054, 3.1184585796939936, -2.653708842531613, 13.784984138776041, 19.496092705839224, -0.2665858545084263, -1.0201435106347372, -2.3091153700071985, -2.6863834787956327
1014, 10.132206010452961, -2.2772405794011066, -2.7119445131160784, 3.2563084210817537, -2.4587479154732206, 13.784984138776041, 19.496092705839224, -0.13131750460567582, -0.9344528168576605, -2.2772393925084677, -2.711947316584068
1015, 10.14220818815331, -2.24398824598335, -2.7355571876355187, 3.3941582624695146, -2.263786988414828, 13.784984138776041, 19.496092705839224, 0.009591264046145742, -0.8513788276262897, -2.2439881703782563, -2.73555769884111
1016, 10.152210365853657, -2.209357414151716, -2.757220252884375, 3.532008103857275, -2.068826061356436, 13.784984138776041, 19.496092705839224, 0.15592812091794683, -0.771030580736251, -2.209359764854576, -2.757220547400558
1017, 10.162212543554006, -2.1733480839062045, -2.7769337088626473, 3.6698579452450355, -1.8738651342980437, 13.784984138776041, 19.496092705839224, 0.30750179153937873, -0.6935307163452846, -2.173347450401251, -2.776932771115169
1018, 10.172214721254354, -2.135960255246815, -2.7946975555703357, 3.807707786632796, -1.6789042072396505, 13.784984138776041, 19.496092705839224, 0.4641430125291639, -0.6190130377988601, -2.1359601100435968, -2.794698230178432
1019, 10.182216898954703, -2.0971939281735485, -2.8105117930074406, 3.9455576280205564, -1.4839432801812587, 13.784984138776041, 19.496092705839224, 0.6257052267403878, -0.5476195542050538, -2.097194184057335, -2.810512379526419
1020, 10.192219076655052, -2.057049102686404, -2.824376421173961, 4.083407469408317, -1.2889823531228661, 13.784984138776041, 19.496092705839224, 0.7920651268394217, -0.4794969946027975, -2.05705002402136, -2.824376298911107
1021, 10.2022212543554, -2.015525778785382, -2.836291440069898, 4.221257310796077, -1.0940214260644736, 13.784984138776041, 19.496092705839224, 0.9631231488038847, -0.4147927832886101, -2.0155250380466274, -2.8362919131779933
1022, 10.212223432055747, -1.9726239564704824, -2.8462568496952505, 4.359107152183839, -0.8990604990060813, 13.784984138776041, 19.496092705839224, 1.1388040073431076, -0.3536504678793931, -1.9726226618310538, -2.846256844540256
1023, 10.222225609756096, -1.9283436357417052, -2.8542726500500195, 4.496956993571598, -0.7040995719476888, 13.784984138776041, 19.496092705839224, 1.319057352944321, -0.29620459639261676, -1.9283434177277468, -2.854272705932931
1024, 10.232227787456445, -1.8826848165990504, -2.8603388411342046, 4.634806834959359, -0.5091386448892963, 13.784984138776041, 19.496092705839224, 1.5038586149172934, -0.24257504741122818, -1.882684893499004, -2.8603391038581054
1025, 10.242229965156794, -1.8356474990425178, -2.864455422947805, 4.772656676347119, -0.314177717830904, 13.784984138776041, 19.496092705839224, 1.6932100762112365, -0.19286082863887732, -1.8356475094024756, -2.8644559565260126
1026, 10.252232142857142, -1.787231683072108, -2.8666223954908228, 4.910506517734881, -0.11921679077251168, 13.784984138776041, 19.496092705839224, 1.887142203668144, -0.14713337417510647, -1.7872312979820892, -2.8666241113453936
1027, 10.262234320557491, -1.7374373686878202, -2.8668397587632555, 5.04835635912264, 0.07574413628588106, 13.784984138776041, 19.496092705839224, 2.085715231536574, -0.10542938992465223, -1.7374371866581468, -2.8668395143493295
1028, 10.27223649825784, -1.6862645558896552, -2.865107512765105, 5.1862062005104015, 0.27070506334427336, 13.784984138776041, 19.496092705839224, 2.2890209663355447, -0.06774331988910062, -1.686263650379757, -2.8651076099698183
1029, 10.282238675958187, -1.6337132446776121, -2.8614256574963703, 5.324056041898162, 0.46566599040266576, 13.784984138776041, 19.496092705839224, 2.4971847474607713, -0.034019533743320673, -1.6337125551070293, -2.8614258298677924
1030, 10.292240853658535, -1.5797834350516915, -2.8557941929570516, 5.461905883285922, 0.660626917461058, 13.784984138776041, 19.496092705839224, 2.7103674603358763, -0.0041443679860325155, -1.579783511000063, -2.855793281174141
1031, 10.302243031358884, -1.5244751270118935, -2.848213119147149, 5.599755724673683, 0.8555878445194505, 13.784984138776041, 19.496092705839224, 2.9287674576902787, 0.02206181121473083, -1.524477534141877, -2.848212949545714
1032, 10.312245209059233, -1.4677883205582178, -2.8386824360666627, 5.737605566061444, 1.050548771577843, 13.784984138776041, 19.496092705839224, 3.1526222001985933, 0.044852316123093094, -1.4677892043932383, -2.8386842073055862
1033, 10.322247386759582, -1.4097230156906646, -2.827202143715592, 5.875455407449204, 1.2455096986362353, 13.784984138776041, 19.496092705839224, 3.382209381050904, 0.06456136732081819, -1.4097237783071073, -2.8272012010684366
1034, 10.33224956445993, -1.3502792124092338, -2.813772242093938, 6.013305248836964, 1.4404706256946278, 13.784984138776041, 19.496092705839224, 3.6178472512064452, 0.08161055303276998, -1.3502809130112403, -2.81377315425939
1035, 10.342251742160277, -1.2894569107139253, -2.7983927312016994, 6.151155090224725, 1.63543155275302, 13.784984138776041, 19.496092705839224, 3.859893814697688, 0.09651418258248878, -1.289458162245918, -2.7983936449990217
1036, 10.352253919860626, -1.22794535981168, -2.7820384156741698, 6.15115509022472, 1.6354315527530137, 0.0, 0.0, 3.755924460037646, -0.08168076565648497, -1.227944506278031, -2.782038065650175
1037, 10.362256097560975, -1.1664338089094328, -2.7656841001466397, 6.15115509022472, 1.6354315527530137, 0.0, 0.0, 3.903012577444933, -0.1494974653956126, -1.166434501652958, -2.7656842455340453
1038, 10.372258275261323, -1.1049222580071856, -2.7493297846191096, 6.15115509022472, 1.6354315527530137, 0.0, 0.0, 4.049129376031767, -0.2130620615224268, -1.1049209285068906, -2.7493288866416874
1039, 10.382260452961672, -1.0434107071049383, -2.7329754690915795, 6.15115509022472, 1.6354315527530137, 0.0, 0.0, 4.193865108349037, -0.27205581494296993, -1.0434102376363794, -2.732974650578321
1040, 10.392262630662021, -0.9818991562026909, -2.7166211535640494, 6.15115509022472, 1.6354315527530137, 0.0, 0.0, 4.336804852844542, -0.3261872378293691, -0.981898257029463, -2.7166204495042265
1041, 10.402264808362368, -0.9203876053004436, -2.7002668380365193, 6.15115509022472, 1.6354315527530137, 0.0, 0.0, 4.477529419903498, -0.3751938423884065, -0.9203884732956126, -2.7002681105356228
1042, 10.412266986062717, -0.8588760543981964, -2.6839125225089893, 6.15115509022472, 1.6354315527530137, 0.0, 0.0, 4.615616340078546, -0.41884371401358966, -0.858874361483321, -2.6839129937369246
1043, 10.422269163763065, -0.7973645034959491, -2.6675582069814587, 6.15115509022472, 1.6354315527530137, 0.0, 0.0, 4.750640934354121, -0.45693689929206105, -0.7973651817028379, -2.667556989142802
1044, 10.432271341463414, -0.7358529525937019, -2.6512038914539287, 6.15115509022472, 1.6354315527530137, 0.0, 0.0, 4.882177465558052, -0.48930660045963914, -0.7358536874704639, -2.651202779527226
1045, 10.442273519163763, -0.6743414016914546, -2.6348495759263986, 6.15115509022472, 1.6354315527530137, 0.0, 0.0, 5.009800369285518, -0.51582016907018, -0.6743412583249838, -2.634850712388616
1046, 10.452275696864112, -0.6128298507892074, -2.6184952603988685, 6.15115509022472, 1.6354315527530137, 0.0, 0.0, 5.133085561942419, -0.5363798928621657, -0.6128298299260629, -2.618496936380252
1047, 10.462277874564458, -0.5513182998869601, -2.6021409448713384, 6.15115509022472, 1.6354315527530137, 0.0, 0.0, 5.2516118227525235, -0.5509235710586338, -0.5513163443694137, -2.6021404030136495
1048, 10.472280052264807, -0.4898067489847131, -2.585786629343808, 6.15115509022472, 1.6354315527530137, 0.0, 0.0, 5.3649622458111255, -0.5594248746186141, -0.48980769382108147, -2.585788225971746
1049, 10.482282229965156, -0.42829519808246586, -2.569432313816278, 6.15115509022472, 1.6354315527530137, 0.0, 0.0, 5.472725757513238, -0.5618934892614043, -0.42829387750096404, -2.569433772144326
1050, 10.492284407665505, -0.3667836471802186, -2.5530779982887477, 6.15115509022472, 1.6354315527530137, 0.0, 0.0, 5.57449869394228, -0.5583750404013692, -0.3667832099449693, -2.553078998353756
1051, 10.502286585365853, -0.3052720962779709, -2.5367236827612176, 6.15115509022472, 1.6354315527530137, 0.0, 0.0, 5.669886432081745, -0.5489508004525441, -0.3052711012706578, -2.536722580046543
1052, 10.512288763066202, -0.24376054537572367, -2.5203693672336875, 6.15115509022472, 1.6354315527530137, 0.0, 0.0, 5.758505068013102, -0.5337371802811159, -0.2437605632973406, -2.5203694241778467
1053, 10.522290940766549, -0.18224899447347642, -2.5040150517061575, 6.15115509022472, 1.6354315527530137, 0.0, 0.0, 5.839983134593775, -0.5128850078918834, -0.18225144454319694, -2.504013311218162
1054, 10.532293118466898, -0.12073744357122917, -2.4876607361786274, 6.15115509022472, 1.6354315527530137, 0.0, 0.0, 5.913963350475214, -0.48657859872412557, -0.12073807916394155, -2.4876606182058443
1055, 10.542295296167246, -0.05922589266898193, -2.4713064206510973, 6.15115509022472, 1.6354315527530137, 0.0, 0.0, 5.980104391727853, -0.45503462319509946, -0.05922503798979582, -2.4713060816411683
1056, 10.552297473867595, 0.0022856582332653197, -2.4549521051235668, 6.15115509022472, 1.6354315527530137, 0.0, 0.0, 6.038082676792476, -0.41850077835804456, 0.0022855034785875744, -2.4549525286980685
1057, 10.562299651567944, 0.06379720913551257, -2.4385977895960367, 6.15115509022472, 1.6354315527530137, 0.0, 0.0, 6.087594154980987, -0.3772542717285665, 0.06379818497471305, -2.438598593500857
1058, 10.572301829268293, 0.12530876003775981, -2.4222434740685066, 6.15115509022472, 1.6354315527530137, 0.0, 0.0, 6.128356088308323, -0.3316001264715216, 0.1253101283821982, -2.422245315898185
1059, 10.58230400696864, 0.18682031094000706, -2.4058891585409765, 6.15115509022472, 1.6354315527530137, 0.0, 0.0, 6.160108816055645, -0.28186931822299655, 0.1868204695907693, -2.405888617495429
1060, 10.592306184668988, 0.2483318618422543, -2.3895348430134464, 6.15115509022472, 1.6354315527530137, 0.0, 0.0, 6.182617491146786, -0.2284167548422491, 0.2483323680006534, -2.389535821681523
1061, 10.602308362369337, 0.30984341274450156, -2.373180527485916, 6.15115509022472, 1.6354315527530137, 0.0, 0.0, 6.19567377716883, -0.1716191113402531, 0.30984350082239, -2.373180706137953
1062, 10.612310540069686, 0.3713549636467488, -2.356826211958386, 6.15115509022472, 1.6354315527530137, 0.0, 0.0, 6.199097494686706, -0.1118725331090803, 0.3713542665636988, -2.356825774560814
1063, 10.622312717770034, 0.43286651454899605, -2.3404718964308557, 6.15115509022472, 1.6354315527530137, 0.0, 0.0, 6.192738205393518, -0.04959022137438773, 0.43286696188363294, -2.340472612744044
1064, 10.632314895470383, 0.4943780654512433, -2.3241175809033257, 6.15115509022472, 1.6354315527530137, 0.0, 0.0, 6.176476722605255, 0.01480008449303627, 0.4943783740788534, -2.324116862523138
1065, 10.64231707317073, 0.5558896163534901, -2.3077632653757956, 6.15115509022472, 1.6354315527530137, 0.0, 0.0, 6.150226536652191, 0.0808587125457465, 0.5558903945220859, -2.307764998178234
1066, 10.652319250871079, 0.6174011672557373, -2.2914089498482655, 6.15115509022472, 1.6354315527530137, 0.0, 0.0, 6.113935143841038, 0.14813673591471122, 0.6174005032591063, -2.291409602554076
1067, 10.662321428571428, 0.6789127181579846, -2.2750546343207354, 6.15115509022472, 1.6354315527530137, 0.0, 0.0, 6.067585267862499, 0.21617870632076663, 0.6789126435875927, -2.275055421573093
1068, 10.672323606271776, 0.7404242690602318, -2.2587003187932053, 6.15115509022472, 1.6354315527530137, 0.0, 0.0, 6.011195962798448, 0.284525426873819, 0.7404255346623798, -2.258699788146978
1069, 10.682325783972125, 0.8019358199624791, -2.2423460032656752, 6.15115509022472, 1.6354315527530137, 0.0, 0.0, 5.944823587241359, 0.35271674735313163, 0.8019353711955439, -2.2423459605675604
1070, 10.692327961672474, 0.8634473708647263, -2.225991687738145, 6.15115509022472, 1.6354315527530137, 0.0, 0.0, 5.868562639474909, 0.4202943650258601, 0.8634473576065926, -2.225992232696076
1071, 10.70233013937282, 0.9249589217669736, -2.2096373722106146, 6.15115509022472, 1.6354315527530137, 0.0, 0.0, 5.782546444177582, 0.4868046140275017, 0.9249578497358419, -2.2096381170214094
1072, 10.71233231707317, 0.9864704726692208, -2.1932830566830845, 6.15115509022472, 1.6354315527530137, 0.0, 0.0, 5.686947681698806, 0.5518012263973077, 0.9864714322516605, -2.193283051723176
1073, 10.722334494773518, 1.047982023571468, -2.1769287411555545, 6.15115509022472, 1.6354315527530137, 0.0, 0.0, 5.581978751617163, 0.614848048033541, 1.047981442585597, -2.17693019944259
1074, 10.732336672473867, 1.1079058683240774, -2.1606346806022794, 5.840639739877505, 1.625248555860635, -30.34894707668397, -0.8314998933775536, 3.938641473013085, 0.7255752284498622, 1.1079063172227461, -2.1606348265111976
1075, 10.742338850174216, 1.1647948183690184, -2.1444237700383417, 5.537150269110664, 1.6169335569268595, -30.34894707668397, -0.8314998933775536, 3.6394179696408324, 0.8260122138605032, 1.1647960912853295, -2.1444249361956182
1076, 10.752341027874564, 1.2186488737062908, -2.128296009463742, 5.233660798343824, 1.6086185579930838, -30.34894707668397, -0.8314998933775536, 3.339850020132686, 0.9193272698406333, 1.218650240740176, -2.1282968808176976
1077, 10.762343205574911, 1.2694680343358948, -2.11225139887848, 4.930171327576984, 1.6003035590593082, -30.34894707668397, -0.8314998933775536, 3.0411918115059957, 1.0054783215335197, 1.2694675592812705, -2.1122515552443972
1078, 10.77234538327526, 1.3172523002578305, -2.0962899382825557, 4.626681856810144, 1.5919885601255328, -30.34894707668397, -0.8314998933775536, 2.7445763301606503, 1.0844928215370455, 1.3172522908056858, -2.096289484049772
1079, 10.782347560975609, 1.3620016714720977, -2.080411627675969, 4.323192386043305, 1.5836735611917574, -30.34894707668397, -0.8314998933775536, 2.4510204131585653, 1.1564555848957367, 1.3620005656515015, -2.0804105980035414
1080, 10.792349738675957, 1.4037161479786966, -2.0646164670587206, 4.019702915276464, 1.5753585622579818, -30.34894707668397, -0.8314998933775536, 2.161431203916445, 1.2214974805670116, 1.4037164382182408, -2.064615925900865
1081, 10.802351916376306, 1.4423957297776273, -2.04890445643081, 3.716213444509624, 1.567043563324206, -30.34894707668397, -0.8314998933775536, 1.8766136440504104, 1.2797850761050793, 1.442396431881718, -2.0489054606356922
1082, 10.812354094076655, 1.4780404168688892, -2.0332755957922366, 3.4127239737427844, 1.5587285643904307, -30.34894707668397, -0.8314998933775536, 1.597278668736759, 1.331511287605452, 1.4780397326981132, -2.033275900689407
1083, 10.822356271777002, 1.510650209252483, -2.0177298851430012, 3.109234502975945, 1.550413565456655, -30.34894707668397, -0.8314998933775536, 1.324051808716261, 1.3768870496532442, 1.5106510310446462, -2.0177293036095576
1084, 10.83235844947735, 1.5402251069284083, -2.0022673244831033, 2.8057450322091047, 1.5420985665228797, -30.34894707668397, -0.8314998933775536, 1.057481936844067, 1.4161339897451959, 1.5402244802157272, -2.002268944483419
1085, 10.8423606271777, 1.566765109896665, -1.9868879138125435, 2.502255561442265, 1.5337835675891038, -30.34894707668397, -0.8314998933775536, 0.7980499300069606, 1.449478067882679, 1.5667667527943585, -1.986887723832119
1086, 10.852362804878048, 1.5902702181572534, -1.9715916531313213, 2.198766090675424, 1.5254685686553284, -30.34894707668397, -0.8314998933775536, 0.5461770476640951, 1.4771441241386074, 1.5902700155806802, -1.9715907787781517
1087, 10.862364982578397, 1.6107404317101737, -1.9563785424394369, 1.8952766199085853, 1.5171535697215528, -30.34894707668397, -0.8314998933775536, 0.3022328557967704, 1.499351264313031, 1.6107406710162355, -1.956379394527639
1088, 10.872367160278746, 1.6281757505554253, -1.94124858173689, 1.5917871491417452, 1.5088385707877774, -30.34894707668397, -0.8314998933775536, 0.06654254944298799, 1.516309005625296, 1.6281755609043378, -1.9412476000647165
1089, 10.882369337979092, 1.6425761746930085, -1.9262017710236812, 1.2882976783749047, 1.5005235718540018, -30.34894707668397, -0.8314998933775536, -0.160606451828873, 1.5282141000760385, 1.6425777921684175, -1.9262027905011263
1090, 10.892371515679441, 1.6539417041229234, -1.9112381102998102, 0.9848082076080646, 1.4922085729202264, -30.34894707668397, -0.8314998933775536, -0.37895874311938493, 1.5352479520182323, 1.6539424966971858, -1.9112381258318132
1091, 10.90237369337979, 1.66227233884517, -1.8963575995652766, 0.6813187368412255, 1.4838935739864505, -30.34894707668397, -0.8314998933775536, -0.588286100607812, 1.5375745480234728, 1.6622713474176172, -1.8963582365270804
1092, 10.912375871080139, 1.667568078859748, -1.8815602388200812, 0.37782926607438494, 1.4755785750526753, -30.34894707668397, -0.8314998933775536, -0.7883836553053075, 1.5353388207992262, 1.6675693898637811, -1.8815606967069396
1093, 10.922378048780487, 1.6698289241666575, -1.8668460280642232, 0.07433979530754486, 1.4672635761188997, -30.34894707668397, -0.8314998933775536, -0.979067144174645, 1.528665374252574, 1.6698285260305095, -1.8668466544569549
1094, 10.932380226480836, 1.6690548747658989, -1.852214967297703, -0.22914967545929477, 1.458948577185124, -30.34894707668397, -0.8314998933775536, -1.1601713003720298, 1.517657503420434, 1.6690550349103195, -1.852215674471147
1095, 10.942382404181183, 1.6652459306574716, -1.8376670565205206, -0.5326391462261348, 1.4506335782513486, -30.34894707668397, -0.8314998933775536, -1.3315494374236845, 1.502396450574679, 1.665246752623499, -1.8376687581140596
1096, 10.952384581881532, 1.658402091841376, -1.8232022957326761, -0.8361286169929749, 1.442318579317573, -30.34894707668397, -0.8314998933775536, -1.4930742759556312, 1.4829408471029786, 1.6584024525956709, -1.8232014465740711
1097, 10.96238675958188, 1.6485233583176122, -1.8088206849341693, -1.1396180877598145, 1.4340035803837976, -30.34894707668397, -0.8314998933775536, -1.644640055521495, 1.4593262995572265, 1.648523315608054, -1.8088204598757414
1098, 10.97238893728223, 1.6356097300861798, -1.794522224125, -1.4431075585266546, 1.425688581450022, -30.34894707668397, -0.8314998933775536, -1.7861659674463726, 1.4315650873935, 1.6356088422443902, -1.7945219057431023
1099, 10.982391114982578, 1.6196612071470793, -1.7803069133051688, -1.7465970292934947, 1.4173735825162463, -30.34894707668397, -0.8314998933775536, -1.9176009367106803, 1.3996459492825983, 1.6196614898587527, -1.7803081017336635
1100, 10.992393292682927, 1.60067778950031, -1.7661747524746751, -2.0500865000603343, 1.4090585835824707, -30.34894707668397, -0.8314998933775536, -2.0389297709884744, 1.3635339443616632, 1.6006772930325734, -1.7661736829060855
1101, 11.002395470383274, 1.5786594771458722, -1.7521257416335192, -2.353575970827174, 1.4007435846486953, -30.34894707668397, -0.8314998933775536, -2.1501806822569978, 1.3231703843607336, 1.5786615934201915, -1.7521260019220117
1102, 11.012397648083622, 1.5536062700837663, -1.7381598807817011, -2.657065441594014, 1.39242858571492, -30.34894707668397, -0.8314998933775536, -2.251434170120493, 1.2784728421222067, 1.5536064533142844, -1.7381598518066608
1103, 11.022399825783971, 1.525518168313992, -1.7242771699192208, -2.9605549123608537, 1.3841135867811443, -30.34894707668397, -0.8314998933775536, -2.3428332353547185, 1.2293352515890579, 1.5255189280732586, -1.7242736002033798
1104, 11.03240200348432, 1.4943951718365494, -1.7104776090460783, -3.264044383127694, 1.3757985878473686, -30.34894707668397, -0.8314998933775536, -2.4245948664117583, 1.175628123817123, 1.4943949538731671, -1.7104795286224395
1105, 11.042404181184668, 1.4602372806514379, -1.6967611981622734, -3.5675338538945347, 1.367483588913593, -30.34894707668397, -0.8314998933775536, -2.4970227100054703, 1.1171989129012885, 1.4602378624446213, -1.6967608506686207
1106, 11.052406358885017, 1.4230444947586585, -1.6831279372678063, -3.8710233246613743, 1.3591685899798178, -30.34894707668397, -0.8314998933775536, -2.560520798780792, 1.0538725748053603, 1.4230460079334033, -1.6831284291431956
1107, 11.062408536585364, 1.3828168141582107, -1.669577826362677, -4.174512795428214, 1.350853591046042, -30.34894707668397, -0.8314998933775536, -2.615608163925883, 0.9854523708285925, 1.3828162751919943, -1.6695793752061496
1108, 11.072410714285713, 1.339554238850094, -1.6561108654468855, -4.4780022661950545, 1.3425385921122666, -30.34894707668397, -0.8314998933775536, -2.662934108049199, 0.9117209756658781, 1.3395540943247812, -1.656111650373577
1109, 11.082412891986062, 1.293256768834309, -1.6427270545204318, -4.781491736961893, 1.334223593178491, -30.34894707668397, -0.8314998933775536, -2.7032938535681446, 0.832441957512267, 1.2932567335695515, -1.6427268128100343
1110, 11.09241506968641, 1.2439244041108561, -1.6294263935833158, -5.084981207728734, 1.3259085942447155, -30.34894707668397, -0.8314998933775536, -2.7376442143808255, 0.7473617041592788, 1.2439250758935108, -1.6294262817417389
1111, 11.102417247386759, 1.1915571446797346, -1.6162088826355374, -5.388470678495574, 1.31759359531094, -30.34894707668397, -0.8314998933775536, -2.7671188642133324, 0.6562118742026516, 1.1915563839852847, -1.6162087808241499
1112, 11.112419425087108, 1.1361549905409445, -1.603074521677097, -5.691960149262414, 1.3092785963771643, -30.34894707668397, -0.8314998933775536, -2.793042694685027, 0.5587124559357364, 1.136155045504881, -1.6030746837357333
1113, 11.122421602787455, 1.0777179416944862, -1.590023310707994, -5.995449620029254, 1.3009635974433889, -30.34894707668397, -0.8314998933775536, -2.816944671267779, 0.4545755177797921, 1.0777167220368562, -1.5900235918457615
1114, 11.132423780487803, 1.0177634454941957, -1.5770136747335606, -5.995449620029244, 1.300963597443389, 0.0, 0.0, -0.6434861352114885, 0.7622874484973785, 1.0177631036014174, -1.5770136229479876
1115, 11.142425958188152, 0.9578089492939033, -1.5640040387591267, -5.995449620029244, 1.300963597443389, 0.0, 0.0, -0.4971520844320958, 0.736975412299737, 0.9578069782371819, -1.5640043579549492
1116, 11.152428135888501, 0.8978544530936108, -1.550994402784693, -5.995449620029244, 1.300963597443389, 0.0, 0.0, -0.35963663305115423, 0.7100104489387454, 0.8978554220281061, -1.550995328772666
1117, 11.16243031358885, 0.8378999568933183, -1.5379847668102589, -5.995449620029244, 1.300963597443389, 0.0, 0.0, -0.23147142878640192, 0.6814522263929824, 0.8379003496881726, -1.5379847519518541
1118, 11.172432491289198, 0.7779454606930258, -1.524975130835825, -5.995449620029244, 1.300963597443389, 0.0, 0.0, -0.1131567422141253, 0.6513641707091687, 0.7779461516689258, -1.5249753248284226
1119, 11.182434668989545, 0.7179909644927331, -1.511965494861391, -5.995449620029244, 1.300963597443389, 0.0, 0.0, -0.0051595808962643375, 0.6198133261635569, 0.7179925550018608, -1.511965853282618
1120, 11.192436846689894, 0.6580364682924407, -1.4989558588869571, -5.995449620029244, 1.300963597443389, 0.0, 0.0, 0.09208808199387075, 0.5868702074089903, 0.6580362589683779, -1.498955908987015
1121, 11.202439024390243, 0.5980819720921482, -1.4859462229125233, -5.995449620029244, 1.300963597443389, 0.0, 0.0, 0.17819095797635898, 0.5526086439334366, 0.5980807420403198, -1.4859457120285804
1122, 11.212441202090591, 0.5381274758918557, -1.4729365869380895, -5.995449620029244, 1.300963597443389, 0.0, 0.0, 0.2527919663534073, 0.5171056171727448, 0.5381276462332021, -1.4729343869485698
1123, 11.22244337979094, 0.47817297969156325, -1.4599269509636554, -5.995449620029244, 1.300963597443389, 0.0, 0.0, 0.3155736243824516, 0.4804410906365729, 0.47817309370890354, -1.4599264972829569
1124, 11.232445557491289, 0.4182184834912708, -1.4469173149892216, -5.995449620029244, 1.300963597443389, 0.0, 0.0, 0.36625929930197243, 0.4426978334218261, 0.41821905428472, -1.4469177988052078
1125, 11.242447735191636, 0.3582639872909783, -1.4339076790147878, -5.995449620029244, 1.300963597443389, 0.0, 0.0, 0.4046143174655632, 0.4039612375025357, 0.358263827511531, -1.4339076690629962
1126, 11.252449912891985, 0.29830949109068583, -1.4208980430403537, -5.995449620029244, 1.300963597443389, 0.0, 0.0, 0.4304469263446675, 0.36431912919881604, 0.2983088395807314, -1.4208989547477002
1127, 11.262452090592333, 0.23835499489039336, -1.40788840706592, -5.995449620029244, 1.300963597443389, 0.0, 0.0, 0.4436091056809546, 0.32386157524037723, 0.2383547281286642, -1.4078888929704063
1128, 11.272454268292682, 0.17840049869010066, -1.394878771091486, -5.995449620029244, 1.300963597443389, 0.0, 0.0, 0.4439972246039452, 0.2826806838519892, 0.17840086990762866, -1.394878492610422
1129, 11.28245644599303, 0.11844600248980841, -1.3818691351170522, -5.995449620029244, 1.300963597443389, 0.0, 0.0, 0.43155254207602045, 0.24087040129926274, 0.11844737882986878, -1.3818688401413328
1130, 11.29245862369338, 0.058491506289515716, -1.3688594991426182, -5.995449620029244, 1.300963597443389, 0.0, 0.0, 0.4062615485836778, 0.19852630434312774, 0.058489852849560195, -1.3688591683891957
1131, 11.302460801393728, -0.0014629899107765354, -1.3558498631681843, -5.995449620029244, 1.300963597443389, 0.0, 0.0, 0.3681561475586945, 0.15574538906041363, -0.0014629290987895945, -1.3558510164945448
1132, 11.312462979094075, -0.06141748611106923, -1.3428402271937503, -5.995449620029244, 1.300963597443389, 0.0, 0.0, 0.3173136755836805, 0.11262585649593726, -0.06141708296530393, -1.3428408838134664
1133, 11.322465156794424, -0.12137198231136148, -1.3298305912193165, -5.995449620029244, 1.300963597443389, 0.0, 0.0, 0.2538567610114941, 0.0692668956185134, -0.12137211944397229, -1.3298319974689725
1134, 11.332467334494773, -0.18132647851165418, -1.3168209552448826, -5.995449620029244, 1.300963597443389, 0.0, 0.0, 0.17795302120482548, 0.025768464059228058, -0.18132719458863059, -1.3168230764315998
1135, 11.342469512195121, -0.24128097471194643, -1.3038113192704488, -5.995449620029244, 1.300963597443389, 0.0, 0.0, 0.08981459917914503, -0.017768932884772326, -0.24128161625095024, -1.3038106629337203
1136, 11.35247168989547, -0.3012354709122391, -1.2908016832960147, -5.995449620029244, 1.300963597443389, 0.0, 0.0, -0.010302458993140196, -0.06124446449391263, -0.3012344684088455, -1.2908021062344177
1137, 11.362473867595819, -0.3611899671125318, -1.277792047321581, -5.995449620029244, 1.300963597443389, 0.0, 0.0, -0.12209898408897901, -0.10455719762740101, -0.36118975712869494, -1.2777932966480054
1138, 11.372476045296166, -0.42114446331282407, -1.2647824113471469, -5.995449620029244, 1.300963597443389, 0.0, 0.0, -0.24523361845882663, -0.1476063199905272, -0.42114447470855754, -1.2647802532713963
1139, 11.382478222996514, -0.48109895951311676, -1.251772775372713, -5.995449620029244, 1.300963597443389, 0.0, 0.0, -0.37932390252013226, -0.19029136317594542, -0.4810999250298124, -1.2517722668192228
1140, 11.392480400696863, -0.541053455713409, -1.2387631393982792, -5.995449620029244, 1.300963597443389, 0.0, 0.0, -0.523947509425907, -0.2325124249873316, -0.541053327335446, -1.2387608975779105
1141, 11.402482578397212, -0.6010079519137017, -1.2257535034238454, -5.995449620029244, 1.300963597443389, 0.0, 0.0, -0.6786436237807094, -0.27417039055539094, -0.6010081639489111, -1.2257521139577705
1142, 11.41248475609756, -0.660962448113994, -1.2127438674494113, -5.995449620029244, 1.300963597443389, 0.0, 0.0, -0.8429144597570093, -0.31516715175882826, -0.6609627574642395, -1.212743205403391
1143, 11.42248693379791, -0.7209169443142862, -1.1997342314749775, -5.995449620029244, 1.300963597443389, 0.0, 0.0, -1.016226913461692, -0.35540582446664193, -0.7209170820510041, -1.1997349367099575
1144, 11.432489111498256, -0.7808714405145789, -1.1867245955005437, -5.995449620029244, 1.300963597443389, 0.0, 0.0, -1.1980143439169144, -0.39479096312287576, -0.7808698960292246, -1.1867257330519692
1145, 11.442491289198605, -0.8408259367148712, -1.1737149595261096, -5.995449620029244, 1.300963597443389, 0.0, 0.0, -1.38767847655375, -0.4332287722008251, -0.8408234060985347, -1.173715783753892
1146, 11.452493466898954, -0.9007804329151639, -1.1607053235516758, -5.995449620029244, 1.300963597443389, 0.0, 0.0, -1.5845914226724096, -0.4706273140605891, -0.9007791025056431, -1.1607054361568725
1147, 11.462495644599302, -0.9607349291154561, -1.147695687577242, -5.995449620029244, 1.300963597443389, 0.0, 0.0, -1.7880978079010976, -0.5068967127517553, -0.9607347962115925, -1.1476922077945666
1148, 11.472497822299651, -1.0206894253157488, -1.134686051602808, -5.995449620029244, 1.300963597443389, 0.0, 0.0, -1.997517002288305, -0.541949353311966, -1.0206873211528242, -1.134686126090306
1149, 11.4825, -1.080643921516041, -1.1216764156283743, -5.995449620029244, 1.300963597443389, 0.0, 0.0, -2.2121454442917754, -0.5757000761219976, -1.0806423940663108, -1.12167464735
1150, 11.492502177700347, -1.1405984177163337, -1.1086667796539402, -5.995449620029244, 1.300963597443389, 0.0, 0.0, -2.4312590505831895, -0.6080663658889015, -1.1405980995446288, -1.1086666633005828
1151, 11.502504355400696, -1.200552913916626, -1.0956571436795062, -5.995449620029244, 1.300963597443389, 0.0, 0.0, -2.65411570327167, -0.6389685348405642, -1.2005529785317959, -1.0956573307270405
1152, 11.512506533101044, -1.2605074101169187, -1.0826475077050723, -5.995449620029244, 1.300963597443389, 0.0, 0.0, -2.8799578058630697, -0.6683298997277983, -1.260506735826541, -1.0826491422842666
1153, 11.522508710801393, -1.320461906317211, -1.0696378717306385, -5.995449620029244, 1.300963597443389, 0.0, 0.0, -3.108014899016285, -0.6960769522437179, -1.3204617468826225, -1.0696379873362434
1154, 11.532510888501742, -1.3804164025175036, -1.0566282357562047, -5.995449620029244, 1.300963597443389, 0.0, 0.0, -3.337506326933921, -0.7221395224846513, -1.3804165142496052, -1.0566287738642044
1155, 11.54251306620209, -1.4403708987177959, -1.0436185997817709, -5.995449620029244, 1.300963597443389, 0.0, 0.0, -3.5676439450328967, -0.7464509350921581, -1.4403729562403336, -1.0436175777356957
1156, 11.552515243902437, -1.5003253949180886, -1.0306089638073368, -5.995449620029244, 1.300963597443389, 0.0, 0.0, -3.7976348593821863, -0.7689481577318528, -1.5003269515152344, -1.0306090076513923
1157, 11.562517421602786, -1.5602798911183813, -1.0175993278329027, -5.995449620029244, 1.300963597443389, 0.0, 0.0, -4.026684188269961, -0.789571941581609, -1.5602804851520375, -1.017599055866669
1158, 11.572519599303135, -1.6202343873186735, -1.004589691858469, -5.995449620029244, 1.300963597443389, 0.0, 0.0, -4.2539978361718775, -0.8082669535193129, -1.6202333432281075, -1.0045916442484375
1159, 11.582521777003484, -1.6801888835189662, -0.9915800558840351, -5.995449620029244, 1.300963597443389, 0.0, 0.0, -4.478785270336102, -0.8249818997186348, -1.680188420040156, -0.991581188718872
1160, 11.592523954703832, -1.7387532163923582, -0.9787834266272866, -5.753201125726045, 1.2661271267492349, 20.646432322633842, -2.707159785123002, -2.774193442409826, -0.38170484796860793, -1.7387537058655742, -0.978782288497131
1161, 11.602526132404181, -1.7952529060334874, -0.9662575133490504, -5.546736802499708, 1.239055528898005, 20.646432322633842, -2.707159785123002, -2.8556283282679917, -0.36476828754447854, -1.7952536754367685, -0.9662572439909782
1162, 11.612528310104528, -1.8496879524423526, -0.9540023160493265, -5.340272479273368, 1.2119839310467748, 20.646432322633842, -2.707159785123002, -2.926279423485219, -0.34768384463873214, -1.8496881819573545, -0.9540031054202125
1163, 11.622530487804877, -1.9020583556189545, -0.942017834728115, -5.133808156047031, 1.184912333195545, 20.646432322633842, -2.707159785123002, -2.986068574657002, -0.33059722094749755, -1.902058697977905, -0.9420186644086553
1164, 11.632532665505225, -1.9523641155632934, -0.9303040693854155, -4.927343832820691, 1.1578407353443148, 20.646432322633842, -2.707159785123002, -3.0350289358895886, -0.3136524471218478, -1.952365175989132, -0.9303046651302304
1165, 11.642534843205574, -2.0006052322753685, -0.9188610200212286, -4.720879509594353, 1.1307691374930848, 20.646432322633842, -2.707159785123002, -3.073290684862651, -0.29699044037275857, -2.000604442876603, -0.9188611102436691
1166, 11.652537020905923, -2.0467817057551807, -0.9076886866355538, -4.514415186368014, 1.103697539641855, 20.646432322633842, -2.707159785123002, -3.1010672159223134, -0.2807477671932669, -2.0467786668207357, -0.9076882497969978
1167, 11.662539198606272, -2.0908935360027288, -0.8967870692283915, -4.307950863141676, 1.0766259417906248, 20.646432322633842, -2.707159785123002, -3.1186419389023157, -0.2650555975781961, -2.090894369229626, -0.8967864957142438
1168, 11.672541376306619, -2.132940723018014, -0.8861561677997414, -4.101486539915337, 1.0495543439393948, 20.646432322633842, -2.707159785123002, -3.126355781139303, -0.25003883603584764, -2.1329394741744485, -0.8861563494045589
1169, 11.682543554006967, -2.172923266801036, -0.8757959823496035, -3.895022216688999, 1.0224827460881645, 20.646432322633842, -2.707159785123002, -3.124595462196981, -0.2358154140033486, -2.172923513725722, -0.8757962806321071
1170, 11.692545731707316, -2.210841167351794, -0.865706512877978, -3.6885578934626597, 0.9954111482369346, 20.646432322633842, -2.707159785123002, -3.113782586178017, -0.2224957279446924, -2.210843292141328, -0.8657078738283358
1171, 11.702547909407665, -2.246694424670289, -0.8558877593848648, -3.482093570236322, 0.9683395503857046, 20.646432322633842, -2.707159785123002, -3.0943635751371454, -0.21018220737789972, -2.246692366359979, -0.8558877678651109
1172, 11.712550087108013, -2.2804830387565205, -0.846339721870264, -3.2756292470099826, 0.9412679525344745, 20.646432322633842, -2.707159785123002, -3.0668004489063843, -0.19896899729832518, -2.280482383237518, -0.8463393062660447
1173, 11.722552264808362, -2.3122070096104888, -0.8370624003341753, -3.0691649237836445, 0.9141963546832443, 20.646432322633842, -2.707159785123002, -3.031562441448259, -0.18894173989628904, -2.3122077485390276, -0.8370628220879034
1174, 11.73255444250871, -2.3418663372321937, -0.828055794776599, -2.862700600557306, 0.8871247568320143, 20.646432322633842, -2.707159785123002, -2.989118431475136, -0.1801774410701404, -2.3418659035005667, -0.8280577855385742
1175, 11.742556620209058, -2.369461021621635, -0.8193199051975351, -2.6562362773309673, 0.8600531589807843, 20.646432322633842, -2.707159785123002, -2.9399301552994777, -0.17274440797628443, -2.36946134842884, -0.8193197809568442
1176, 11.752558797909407, -2.394991062778813, -0.8108547315969833, -2.449771954104629, 0.8329815611295543, 20.646432322633842, -2.707159785123002, -2.8844461624845747, -0.1667022447053863, -2.394990258505344, -0.8108542946843452
1177, 11.762560975609755, -2.4184564607037276, -0.8026602739749439, -2.24330763087829, 0.8059099632783242, 20.646432322633842, -2.707159785123002, -2.82309646961703, -0.16210189410297293, -2.418455760957108, -0.8026597563891985
1178, 11.772563153310104, -2.439857215396379, -0.7947365323314168, -2.0368433076519517, 0.7788383654270942, 20.646432322633842, -2.707159785123002, -2.7562878641912896, -0.1589857147409593, -2.439856671045201, -0.7947378512365673
1179, 11.782565331010453, -2.4591933268567665, -0.787083506666402, -1.830378984425613, 0.7517667675758641, 20.646432322633842, -2.707159785123002, -2.6843998089601704, -0.15738758307602585, -2.459193344994084, -0.7870830900817586
1180, 11.7925675087108, -2.4764647950848913, -0.7797011969798995, -1.6239146611992745, 0.7246951697246341, 20.646432322633842, -2.707159785123002, -2.607780896951729, -0.15733301188651078, -2.4764646274713638, -0.7797014826096543
1181, 11.802569686411148, -2.4916716200807523, -0.7725896032719093, -1.417450337972936, 0.6976235718734041, 20.646432322633842, -2.707159785123002, -2.5267458084835432, -0.15883927715007984, -2.4916709182716494, -0.772589344202282
1182, 11.812571864111497, -2.5048138018443495, -0.7657487255424315, -1.2109860147465974, 0.6705519740221739, 20.646432322633842, -2.707159785123002, -2.441572723737699, -0.16191554660121044, -2.5048129965957764, -0.7657497860313853
1183, 11.822574041811846, -2.515891340375684, -0.7591785637914659, -1.0045216915202584, 0.6434803761709439, 20.646432322633842, -2.707159785123002, -2.3525011476267164, -0.1665630042844624, -2.515892806048847, -0.7591779119495193
1184, 11.832576219512195, -2.524904235674755, -0.7528791180190125, -0.7980573682939196, 0.616408778319714, 20.646432322633842, -2.707159785123002, -2.259730107632129, -0.17277496649268298, -2.5249040101240663, -0.7528788156622837
1185, 11.842578397212543, -2.5318524877415625, -0.7468503882250715, -0.591593045067581, 0.5893371804684839, 20.646432322633842, -2.707159785123002, -2.163416689899242, -0.18053698554677816, -2.5318529574337174, -0.7468499388437113
1186, 11.85258057491289, -2.5367360965761065, -0.7410923744096428, -0.38512872184124247, 0.5622655826172538, 20.646432322633842, -2.707159785123002, -2.063674884004347, -0.18982693893497737, -2.53673620674951, -0.7410923549470987
1187, 11.862582752613239, -2.5395550621783873, -0.7356050765727264, -0.1786643986149039, 0.5351939847660238, 20.646432322633842, -2.707159785123002, -1.9605747123688064, -0.2006151023853877, -2.539555373145475, -0.7356057414561948
1188, 11.872584930313588, -2.540309384548405, -0.7303884947143223, 0.027799924611434657, 0.5081223869147937, 20.646432322633842, -2.707159785123002, -1.8541416261839605, -0.21286420649763504, -2.540310909031625, -0.7303875256583292
1189, 11.882587108013936, -2.5389990636861586, -0.7254426288344306, 0.23426424783777322, 0.4810507890635637, 20.646432322633842, -2.707159785123002, -1.7443561558475476, -0.22652947760961123, -2.5389973515338777, -0.7254424307605404
1190, 11.892589285714285, -2.535624099591649, -0.720767478933051, 0.4407285710641118, 0.45397919121233365, 20.646432322633842, -2.707159785123002, -1.6311538102197476, -0.24155866462607156, -2.535624389850332, -0.7207667090201834
1191, 11.902591463414634, -2.530184492264876, -0.7163630450101839, 0.6471928942904503, 0.4269075933611035, 20.646432322633842, -2.707159785123002, -1.5144252254132633, -0.25789205458909853, -2.530183871708795, -0.7163624656251903
1192, 11.91259364111498, -2.52268024170584, -0.712229327065829, 0.8536572175167889, 0.39983599550987353, 20.646432322633842, -2.707159785123002, -1.3940165702682488, -0.2754624808279148, -2.522678878717059, -0.7122301008164745
1193, 11.92259581881533, -2.5131113479145406, -0.7083663250999864, 1.060121540743128, 0.3727643976586435, 20.646432322633842, -2.707159785123002, -1.2697302220601512, -0.2941953285878792, -2.5131109565339442, -0.7083658705390592
1194, 11.932597996515678, -2.501477810890978, -0.7047740391126561, 1.2665858639694663, 0.34569279980741346, 20.646432322633842, -2.707159785123002, -1.1413257322750918, -0.31400854410534296, -2.5014773296150357, -0.7047742673299989
1195, 11.942600174216027, -2.487779630635151, -0.7014524691038381, 1.4730501871958048, 0.3186212019561834, 20.646432322633842, -2.707159785123002, -1.0085211083864587, -0.33481265416439643, -2.4877798965116473, -0.7014513473482563
1196, 11.952602351916376, -2.4720168071470616, -0.6984016150735324, 1.6795145104221434, 0.2915496041049534, 20.646432322633842, -2.707159785123002, -0.8709944433933414, -0.35651080423957515, -2.4720168145182417, -0.6984019714993963
1197, 11.962604529616724, -2.4541893404267086, -0.695621477021739, 1.885978833648482, 0.2644780062537233, 20.646432322633842, -2.707159785123002, -0.7283859303417004, -0.37899882438928734, -2.4541893678179774, -0.6956207535461766
1198, 11.972606707317071, -2.4342972304740917, -0.693112054948458, 2.0924431568748205, 0.23740640840249325, 20.646432322633842, -2.707159785123002, -0.580300304036059, -0.40216533310946506, -2.4342960769702198, -0.6931119554558803
1199, 11.98260888501742, -2.412340477289212, -0.6908733488536891, 2.298907480101159, 0.2103348105512632, 20.646432322633842, -2.707159785123002, -0.4263097565416336, -0.4258918903742831, -2.4123409399772884, -0.6908739518877792
1200, 11.992611062717769, -2.389351402488201, -0.6887700007481766, 2.2989074801011524, 0.21033481055126413, 0.0, 0.0, -2.3201636633308937, -0.9400405922755263, -2.3893523066667695, -0.6887708972884039
1201, 12.002613240418118, -2.3663623276871895, -0.6866666526426639, 2.2989074801011524, 0.21033481055126413, 0.0, 0.0, -2.263793936463231, -0.938001340003818, -2.3663644132803068, -0.6866669310220666
1202, 12.012615418118466, -2.343373252886178, -0.6845633045371513, 2.2989074801011524, 0.21033481055126413, 0.0, 0.0, -2.2055149646514933, -0.9353472047226975, -2.3433743279200256, -0.6845630259371335
1203, 12.022617595818815, -2.3203841780851664, -0.6824599564316387, 2.2989074801011524, 0.21033481055126413, 0.0, 0.0, -2.1453578150813004, -0.9320797498843417, -2.320384682593154, -0.6824609543626772
1204, 12.032619773519162, -2.297395103284155, -0.680356608326126, 2.2989074801011524, 0.21033481055126413, 0.0, 0.0, -2.083354609526997, -0.9282009249000079, -2.297394673900296, -0.6803567613201221
1205, 12.04262195121951, -2.2744060284831433, -0.6782532602206134, 2.2989074801011524, 0.21033481055126413, 0.0, 0.0, -2.0195385071789898, -0.9237130639131669, -2.2744069563496354, -0.6782529461674305
1206, 12.05262412891986, -2.251416953682132, -0.6761499121151008, 2.2989074801011524, 0.21033481055126413, 0.0, 0.0, -1.9539436868839393, -0.9186188843304129, -2.2514174781057554, -0.6761505481112544
1207, 12.062626306620208, -2.2284278788811203, -0.6740465640095881, 2.2989074801011524, 0.21033481055126413, 0.0, 0.0, -1.8866053288073243, -0.9129214851110711, -2.2284274925248733, -0.6740442677470273
1208, 12.072628484320557, -2.2054388040801087, -0.6719432159040755, 2.2989074801011524, 0.21033481055126413, 0.0, 0.0, -1.8175595955282557, -0.9066243448165813, -2.205440254104189, -0.6719435528147848
1209, 12.082630662020906, -2.182449729279097, -0.6698398677985629, 2.2989074801011524, 0.21033481055126413, 0.0, 0.0, -1.7468436125767286, -0.8997313194208906, -2.1824490133589087, -0.6698397990435436
1210, 12.092632839721253, -2.1594606544780857, -0.6677365196930501, 2.2989074801011524, 0.21033481055126413, 0.0, 0.0, -1.6744954484238033, -0.8922466398832226, -2.1594611243471347, -0.6677357067362257
1211, 12.102635017421601, -2.136471579677074, -0.6656331715875375, 2.2989074801011524, 0.21033481055126413, 0.0, 0.0, -1.6005540939355565, -0.8841749094847627, -2.136472917371569, -0.6656339329103923
1212, 12.11263719512195, -2.1134825048760626, -0.6635298234820248, 2.2989074801011524, 0.21033481055126413, 0.0, 0.0, -1.5250594413019187, -0.8755211009309302, -2.1134821124191445, -0.663531518807354
1213, 12.122639372822299, -2.090493430075051, -0.6614264753765122, 2.2989074801011524, 0.21033481055126413, 0.0, 0.0, -1.4480522624518235, -0.8662905532210626, -2.090494122387969, -0.6614264270073382
1214, 12.132641550522647, -2.0675043552740395, -0.6593231272709996, 2.2989074801011524, 0.21033481055126413, 0.0, 0.0, -1.3695741869664015, -0.8564889682874839, -2.0675062083290423, -0.6593247591938156
1215, 12.142643728222996, -2.044515280473028, -0.657219779165487, 2.2989074801011524, 0.21033481055126413, 0.0, 0.0, -1.2896676795022244, -0.8461224074060706, -2.044515050529784, -0.6572201270158721
1216, 12.152645905923343, -2.0215262056720165, -0.6551164310599743, 2.2989074801011524, 0.21033481055126413, 0.0, 0.0, -1.208376016736898, -0.8351972873805803, -2.0215246110592178, -0.6551146776984802
1217, 12.162648083623692, -1.998537130871005, -0.6530130829544617, 2.2989074801011524, 0.21033481055126413, 0.0, 0.0, -1.1257432638495652, -0.8237203765031387, -1.9985365403392408, -0.6530140412372357
1218, 12.17265026132404, -1.9755480560699934, -0.650909734848949, 2.2989074801011524, 0.21033481055126413, 0.0, 0.0, -1.0418142505491725, -0.8116987902934328, -1.975546799230248, -0.6509113706085162
1219, 12.18265243902439, -1.9525589812689819, -0.6488063867434364, 2.2989074801011524, 0.21033481055126413, 0.0, 0.0, -0.9566345466635782, -0.799139987019292, -1.9525598489699274, -0.6488058199937842
1220, 12.192654616724738, -1.9295699064679703, -0.6467030386379238, 2.2989074801011524, 0.21033481055126413, 0.0, 0.0, -0.8702504373028774, -0.7860517630014762, -1.9295692399880289, -0.6467030603055636
1221, 12.202656794425087, -1.9065808316669588, -0.6445996905324111, 2.2989074801011524, 0.21033481055126413, 0.0, 0.0, -0.7827088976105292, -0.7724422477056277, -1.906580510414712, -0.6446006553900455
1222, 12.212658972125434, -1.882840040768488, -0.6417522794976004, 2.3962341215583245, 0.3542967306083029, 4.431006342248503, 13.911125425446757, 0.18236507747366115, -0.41814703707882406, -1.8828391904957145, -0.6417515503356452
1223, 12.222661149825782, -1.8586561492357923, -0.637513755920245, 2.4405441849808094, 0.49340798486277065, 4.431006342248503, 13.911125425446757, 0.3110907669089654, -0.3340911963786728, -1.8586561572139497, -0.6375135064499615
1224, 12.232663327526131, -1.8340291570688718, -0.631884119800345, 2.4848542484032947, 0.6325192391172384, 4.431006342248503, 13.911125425446757, 0.4445336801641705, -0.248085881657008, -1.8340295668386473, -0.6318858525027432
1225, 12.24266550522648, -1.8089590642677265, -0.6248633711379002, 2.5291643118257796, 0.7716304933717061, 4.431006342248503, 13.911125425446757, 0.5826993545306858, -0.16000306588425134, -1.8089577091293738, -0.6248632052883026
1226, 12.252667682926829, -1.7834458708323562, -0.6164515099329109, 2.5734743752482645, 0.9107417476261738, 4.431006342248503, 13.911125425446757, 0.7255761850030421, -0.0697135392095633, -1.7834457870377536, -0.6164522014206683
1227, 12.262669860627177, -1.7574895767627612, -0.6066485361853767, 2.6177844386707494, 1.0498530018806416, 4.431006342248503, 13.911125425446757, 0.8731331566002212, 0.022911691205071305, -1.7574884885808615, -0.6066467885255544
1228, 12.272672038327524, -1.731090182058941, -0.5954544498952979, 2.6620945020932347, 1.1889642561351093, 4.431006342248503, 13.911125425446757, 1.0253173773031674, 0.11799983392033436, -1.7310917866314022, -0.5954545787183241
1229, 12.282674216027873, -1.7042476867208962, -0.5828692510626745, 2.70640456551572, 1.328075510389577, 4.431006342248503, 13.911125425446757, 1.182051418477034, 0.21567457123353695, -1.704247875291337, -0.5828689291747081
1230, 12.292676393728222, -1.6769620907486267, -0.5688929396875064, 2.750714628938205, 1.4671867646440446, 4.431006342248503, 13.911125425446757, 1.3432304733816864, 0.31605413698952783, -1.6769621188009742, -0.5688931017672361
1231, 12.30267857142857, -1.6492333941421322, -0.5535255157697936, 2.7950246923606903, 1.6062980188985123, 4.431006342248503, 13.911125425446757, 1.508719348661197, 0.41924921096903184, -1.6492350095792987, -0.5535257995299208
1232, 12.31268074912892, -1.6210615969014128, -0.5367669793095361, 2.8393347557831747, 1.74540927315298, 4.431006342248503, 13.911125425446757, 1.678349308576975, 0.5253606293867682, -1.621061048852383, -0.5367664066526412
1233, 12.322682926829268, -1.5924466990264685, -0.518617330306734, 2.88364481920566, 1.8845205274074477, 4.431006342248503, 13.911125425446757, 1.8519147972361223, 0.6344769143074418, -1.5924472242777166, -0.5186177725251453
1234, 12.332685104529617, -1.5633887005172995, -0.4990765687613872, 2.9279548826281454, 2.0236317816619156, 4.431006342248503, 13.911125425446757, 2.029170070182828, 0.7466716286162562, -1.5633889327311523, -0.4990768591194646
1235, 12.342687282229964, -1.5338876013739056, -0.47814469467349563, 2.97226494605063, 2.162743035916383, 4.431006342248503, 13.911125425446757, 2.2098257734695976, 0.8620005675838099, -1.5338882073083406, -0.47814596840146883
1236, 12.352689459930312, -1.503943401596287, -0.45582170804305944, 3.016575009473115, 2.301854290170851, 4.431006342248503, 13.911125425446757, 2.393545515694467, 0.9804988030556299, -1.5039427483398158, -0.4558238491615084
1237, 12.362691637630661, -1.4735561011844434, -0.4321076088700786, 3.0608850728956005, 2.4409655444253184, 4.431006342248503, 13.911125425446757, 2.5799424864491582, 1.1021776018749463, -1.4735559489229717, -0.43210723381117966
1238, 12.37269381533101, -1.4427257001383749, -0.40700239715455305, 3.1051951363180854, 2.5800767986797863, 4.431006342248503, 13.911125425446757, 2.768576183118138, 1.2270212462999202, -1.4427234400685351, -0.4070026416930971
1239, 12.382695993031358, -1.4114521984580815, -0.3805060728964828, 3.1495051997405703, 2.719188052934254, 4.431006342248503, 13.911125425446757, 2.958949316921168, 1.354983790872411, -1.4114515138739818, -0.3805067620997672
1240, 12.392698170731707, -1.3797355961435633, -0.35261863609586797, 3.1938152631630556, 2.8582993071887217, 4.431006342248503, 13.911125425446757, 3.150504978394238, 1.4859857973832442, -1.3797354023366952, -0.352618183981512
1241, 12.402700348432054, -1.3475758931948203, -0.32334008675270837, 3.2381253265855405, 2.9974105614431896, 4.431006342248503, 13.911125425446757, 3.3426241520154147, 1.619911097184137, -1.3475776713366074, -0.32333999564612953
1242, 12.412702526132403, -1.3149730896118526, -0.2926704248670042, 3.2824353900080254, 3.136521815697657, 4.431006342248503, 13.911125425446757, 3.5346236792264074, 1.7566036380179815, -1.3149728315076796, -0.2926695874566608
1243, 12.422704703832752, -1.2819271853946597, -0.2606096504387551, 3.3267454534305108, 3.275633069952125, 4.431006342248503, 13.911125425446757, 3.725754778461768, 1.895864480646758, -1.2819267898743476, -0.2606098218431256
1244, 12.4327068815331, -1.2484381805432423, -0.22715776346796152, 3.3710555168529956, 3.4147443242065925, 4.431006342248503, 13.911125425446757, 3.915202239717704, 2.037449018687737, -1.2484362737951402, -0.22715903978158078
1245, 12.442709059233449, -1.2145060750575998, -0.1923147639546232, 3.4153655802754805, 3.5538555784610604, 4.431006342248503, 13.911125425446757, 4.102084419369467, 2.1810645030274878, -1.2145080958624146, -0.19231457176405933
1246, 12.452711236933798, -1.1801308689377326, -0.15608065189874026, 3.459675643697966, 3.692966832715528, 4.431006342248503, 13.911125425446757, 4.285454168032637, 2.326367959737326, -1.1801325448457847, -0.1560812510359668
1247, 12.462713414634145, -1.1453125621836404, -0.11845542730031267, 3.503985707120451, 3.8320780869699957, 4.431006342248503, 13.911125425446757, 4.46430082986647, 2.472964597294549, -1.1453124858320838, -0.11845566751372932
1248, 12.472715592334493, -1.1100511547953236, -0.07943909015934025, 3.548295770542936, 3.971189341224463, 4.431006342248503, 13.911125425446757, 4.6375534553989395, 2.620406804815646, -1.1100519574592602, -0.07943913243830962
1249, 12.482717770034842, -1.0743466467727818, -0.039031640475823304, 3.592605833965421, 4.110300595478931, 4.431006342248503, 13.911125425446757, 4.804085371234375, 2.768193847590502, -1.0743455194581824, -0.03903011526349455
1250, 12.492719947735191, -1.0381990381160149, 0.0027669217502384047, 3.6369158973879063, 4.249411849733399, 4.431006342248503, 13.911125425446757, 4.962720248369319, 2.915772369097692, -1.0381991032495113, 0.002766530546207586
1251, 12.50272212543554, -1.0016083288250235, 0.04595659651884476, 3.6812259608103917, 4.3885231039878665, 4.431006342248503, 13.911125425446757, 5.112239805744772, 3.0625378094803146, -1.001607663065578, 0.04595667176341287
1252, 12.512724303135888, -0.964574518899807, 0.09053738382999577, 3.725536024232876, 4.5276343582423335, 4.431006342248503, 13.911125425446757, 5.251393276537446, 3.207836848748332, -0.9645746748881867, 0.09054056800202068
1253, 12.522726480836235, -0.9270976083403658, 0.13650928368369142, 3.7698460876553614, 4.666745612496802, 4.431006342248503, 13.911125425446757, 5.378908750965083, 3.350970978314006, -0.9270970838821458, 0.13650967507107822
1254, 12.532728658536584, -0.8891775971466997, 0.18387229607993183, 3.8141561510778463, 4.805856866751269, 4.431006342248503, 13.911125425446757, 5.493506490486079, 3.491201296427868, -0.8891780078640565, 0.18387210631223588
1255, 12.542730836236933, -0.850814485318809, 0.2326264210187169, 3.858466214500332, 4.944968121005737, 4.431006342248503, 13.911125425446757, 5.593914283672231, 3.6277546112430117, -0.8508145567661993, 0.23262803466294416
1256, 12.552733013937281, -0.8120082728566932, 0.2827716585000468, 3.9027762779228166, 5.084079375260204, 4.431006342248503, 13.911125425446757, 5.678884883236211, 3.759830919204214, -0.8120094151950032, 0.2827723177948614
1257, 12.56273519163763, -0.7727589597603524, 0.3343080085239212, 3.947086341345302, 5.223190629514673, 4.431006342248503, 13.911125425446757, 5.747215526287157, 3.8866123058934607, -0.7727599784752901, 0.3343073816865769
1258, 12.572737369337979, -0.7330665460297869, 0.3872354710903403, 3.991396404767787, 5.36230188376914, 4.431006342248503, 13.911125425446757, 5.797769495558188, 4.007273291093516, -0.7330666160650853, 0.3872353970704021
1259, 12.582739547038326, -0.6929310316649967, 0.44155404619930405, 4.035706468190272, 5.501413138023608, 4.431006342248503, 13.911125425446757, 5.829499627923958, 4.120992609480065, -0.6929304426350283, 0.4415537076771531
1260, 12.592741724738675, -0.6523524166659815, 0.49726373385081246, 4.080016531612757, 5.640524392278076, 4.431006342248503, 13.911125425446757, 5.84147361800081, 4.226966382965682, -0.6523513964555941, 0.4972639427996286
1261, 12.602743902439023, -0.6113307010327415, 0.5543645340448656, 4.124326595035242, 5.779635646532544, 4.431006342248503, 13.911125425446757, 5.8329008992009435, 4.324422600389635, -0.6113309034355017, 0.5543662749155348
1262, 12.612746080139372, -0.5700874350823903, 0.6121608905101891, 4.124326595035241, 5.7796356465325385, 0.0, 0.0, 4.997041114246607, 4.064442974403821, -0.5700873634787016, 0.6121599374617622
1263, 12.62274825783972, -0.5288441691320379, 0.6699572469755145, 4.124326595035241, 5.7796356465325385, 0.0, 0.0, 4.986935976220818, 4.0713255824086945, -0.5288437377233385, 0.6699579438604423
1264, 12.63275043554007, -0.4876009031816855, 0.72775360344084, 4.124326595035241, 5.7796356465325385, 0.0, 0.0, 4.965647381688128, 4.067993383297372, -0.4876007899980736, 0.727752538951613
1265, 12.642752613240416, -0.44635763723133304, 0.7855499599061654, 4.124326595035241, 5.7796356465325385, 0.0, 0.0, 4.933478005943757, 4.05457628523538, -0.4463582224544167, 0.7855514338255947
1266, 12.652754790940765, -0.4051143712809806, 0.8433463163714908, 4.124326595035241, 5.7796356465325385, 0.0, 0.0, 4.890818693907775, 4.031298153779535, -0.40511436712809196, 0.8433456915853446
1267, 12.662756968641114, -0.36387110533062805, 0.9011426728368163, 4.124326595035241, 5.7796356465325385, 0.0, 0.0, 4.838145222486988, 3.9984743093512747, -0.3638712523646246, 0.901141821815171
1268, 12.672759146341463, -0.3226278393802757, 0.9589390293021417, 4.124326595035241, 5.7796356465325385, 0.0, 0.0, 4.776014220388838, 3.9565081457130775, -0.32262805124282223, 0.9589399685065451
1269, 12.682761324041811, -0.2813845734299232, 1.016735385767467, 4.124326595035241, 5.7796356465325385, 0.0, 0.0, 4.705058282111407, 3.9058869035619432, -0.2813847857039415, 1.0167349792126668
1270, 12.69276350174216, -0.24014130747957085, 1.0745317422327925, 4.124326595035241, 5.7796356465325385, 0.0, 0.0, 4.62598032089708, 3.8471766415732604, -0.2401404692945269, 1.0745315914934057
1271, 12.702765679442507, -0.1988980415292183, 1.132328098698118, 4.124326595035241, 5.7796356465325385, 0.0, 0.0, 4.5395472130744725, 3.781016455029888, -0.1988955538930144, 1.1323281551784783
1272, 12.712767857142856, -0.1575887692762642, 1.1891915241272242, 4.115405702501308, 5.562048503396713, -3.1043045588187868, -24.858807902784406, 3.81157977538469, 3.267849501493937, -0.1575885865037793, 1.189192155748973
1273, 12.722770034843204, -0.11658992747919206, 1.2435690687660523, 4.08436265691312, 5.313460424368869, -3.1043045588187868, -24.858807902784406, 3.8318333483908704, 3.0659189785396066, -0.11658939000012315, 1.2435673770079922
1274, 12.732772212543553, -0.07590151613800189, 1.2954607326146017, 4.053319611324931, 5.0648723453410245, -3.1043045588187868, -24.858807902784406, 3.8496166065862836, 2.8613524616919226, -0.07589917343829537, 1.2954615346371294
1275, 12.742774390243902, -0.03552353525269325, 1.3448665156728727, 4.022276565736744, 4.81628426631318, -3.1043045588187868, -24.858807902784406, 3.864318551593361, 2.6553058492158614, -0.03552473240987912, 1.3448653384677023
1276, 12.75277656794425, 0.004544015176733085, 1.3917864179408654, 3.9912335201485565, 4.567696187285335, -3.1043045588187868, -24.858807902784406, 3.87543614293354, 2.448817452493438, 0.004543407864981795, 1.3917852977764988
1277, 12.762778745644598, 0.04430113515027789, 1.4362204394185798, 3.960190474560368, 4.319108108257491, -3.1043045588187868, -24.858807902784406, 3.8825634565476683, 2.2428050057250646, 0.04430379183931728, 1.4362210582835582
1278, 12.772780923344946, 0.08374782466794062, 1.4781685801060154, 3.92914742897218, 4.070520029229648, -3.1043045588187868, -24.858807902784406, 3.88538085796488, 2.0380656673498296, 0.08374853559304561, 1.478169732308969
1279, 12.782783101045295, 0.12288408372972148, 1.5176308400031728, 3.898104383383992, 3.8219319502018028, -3.1043045588187868, -24.858807902784406, 3.8836444450799057, 1.8352785210186735, 0.1228835793917355, 1.51763106485366
1280, 12.792785278745644, 0.16170991233562054, 1.5546072191100515, 3.8670613377958047, 3.573343871173959, -3.1043045588187868, -24.858807902784406, 3.8771759469084475, 1.635009105328286, 0.16171121293867316, 1.5546070808498844
1281, 12.802787456445992, 0.20022531048563763, 1.589097717426652, 3.8360182922076165, 3.3247557921461146, -3.1043045588187868, -24.858807902784406, 3.8658532070259657, 1.4377155326664048, 0.2002253677490962, 1.5890966106457383
1282, 12.812789634146341, 0.23843027817977297, 1.6211023349529738, 3.8049752466194287, 3.0761677131182696, -3.1043045588187868, -24.858807902784406, 3.8496013330870857, 1.243755795506859, 0.23843023765846874, 1.6211022071500962
1283, 12.822791811846688, 0.2763248154180262, 1.6506210716890175, 3.773932201031241, 2.8275796340904265, -3.1043045588187868, -24.858807902784406, 3.8283845560672836, 1.053395900775227, 0.27632590827492254, 1.6506200013643821
1284, 12.832793989547037, 0.31390892220039773, 1.6776539276347826, 3.7428891554430526, 2.578991555062582, -3.1043045588187868, -24.858807902784406, 3.8021988137210867, 0.8668185173209961, 0.3139080356058719, 1.6776542486641322
1285, 12.842796167247386, 0.35118259852688744, 1.7022009027902691, 3.7118461098548647, 2.3304034760347374, -3.1043045588187868, -24.858807902784406, 3.7710650512011026, 0.6841318662976856, 0.3511819306966489, 1.702200097393425
1286, 12.852798344947734, 0.38814584439749517, 1.7242619971554771, 3.6808030642666774, 2.0818153970068933, -3.1043045588187868, -24.858807902784406, 3.7350232168096245, 0.5053786279483398, 0.38814661993060273, 1.7242628869787466
1287, 12.862800522648083, 0.42479865981222104, 1.743837210730407, 3.649760018678489, 1.833227317979049, -3.1043045588187868, -24.858807902784406, 3.694126921471784, 0.33054467983248836, 0.4247986604211664, 1.7438378806815233
1288, 12.872802700348432, 0.461141044771065, 1.7609265435150583, 3.6187169730903017, 1.5846392389512047, -3.1043045588187868, -24.858807902784406, 3.648438725799788, 0.15956752012187614, 0.46114129276900834, 1.7609263903895698
1289, 12.882804878048779, 0.49717299927402714, 1.775529995509431, 3.587673927502113, 1.3360511599233602, -3.1043045588187868, -24.858807902784406, 3.598026017714569, -0.007655735294902266, 0.49717216298916667, 1.7755293508061427
1290, 12.892807055749127, 0.5328945233211073, 1.7876475667135254, 3.556630881913925, 1.0874630808955164, -3.1043045588187868, -24.858807902784406, 3.5429574457444772, -0.1712608618352307, 0.5328934813197171, 1.7876476788562572
1291, 12.902809233449476, 0.5683056169123056, 1.7972792571273415, 3.5255878363257374, 0.838875001867672, -3.1043045588187868, -24.858807902784406, 3.483299877660561, -0.33140959390453795, 0.5683061203368954, 1.7972801268396312
1292, 12.912811411149825, 0.6034062800476221, 1.804425066750879, 3.4945447907375495, 0.5902869228398271, -3.1043045588187868, -24.858807902784406, 3.419115860450205, -0.4882832802679673, 0.6034080349512949, 1.8044234032783806
1293, 12.922813588850174, 0.6381965127270568, 1.809084995584138, 3.4635017451493617, 0.34169884381198345, -3.1043045588187868, -24.858807902784406, 3.350461565268989, -0.6420771364164548, 0.6381962912816336, 1.8090845456686797
1294, 12.932815766550522, 0.6726763149506094, 1.8112590436271185, 3.432458699561174, 0.09311076478413938, -3.1043045588187868, -24.858807902784406, 3.2773852095054385, -0.7929950870727583, 0.6726752307165166, 1.811259691888024
1295, 12.94281794425087, 0.7068456867182803, 1.8109472108798208, 3.401415653972986, -0.15547731424370514, -3.1043045588187868, -24.858807902784406, 3.1999259570606036, -0.9412451791244048, 0.706845990142391, 1.8109468173727388
1296, 12.952820121951218, 0.7407046280300693, 1.8081494973422445, 3.3703726083847982, -0.4040653932715492, -3.1043045588187868, -24.858807902784406, 3.118113307041196, -1.0870355354128276, 0.7407048945353345, 1.808149679373796
1297, 12.962822299651567, 0.7742531388859764, 1.8028659030143896, 3.3393295627966104, -0.6526534722993942, -3.1043045588187868, -24.858807902784406, 3.0319669899761332, -1.230570812635204, 0.7742507592114928, 1.8028648099118814
1298, 12.972824477351915, 0.8074912192860015, 1.7950964278962567, 3.3082865172084226, -0.901241551327238, -3.1043045588187868, -24.858807902784406, 2.941497399090981, -1.372049121810294, 0.8074916669369191, 1.7950944163920377
1299, 12.982826655052264, 0.8404188692301449, 1.7848410719878451, 3.2772434716202348, -1.1498296303550821, -3.1043045588187868, -24.858807902784406, 2.8467065918134216, -1.5116593670143017, 0.8404179491658723, 1.7848421803316703
1300, 12.992828832752613, 0.8730360887184063, 1.772099835289155, 3.246200426032047, -1.3984177093829266, -3.1043045588187868, -24.858807902784406, 2.7475899032262054, -1.6495789571176753, 0.8730354538698785, 1.7721006897708964
1301, 13.00283101045296, 0.9053428777507858, 1.7568727178001864, 3.215157380443859, -1.6470057884107705, -3.1043045588187868, -24.858807902784406, 2.6441382183022317, -1.7859718457831, 0.9053431090245329, 1.7568740592140977
1302, 13.012833188153309, 0.9373392363272834, 1.7391597195209396, 3.184114334855671, -1.895593867438615, -3.1043045588187868, -24.858807902784406, 2.536340953091374, -1.9209868567799162, 0.9373385512251259, 1.7391600578138853
1303, 13.022835365853657, 0.9690251644478993, 1.718960840451414, 3.153071289267483, -2.144181946466459, -3.1043045588187868, -24.858807902784406, 2.4241897961875853, -2.054756254521089, 0.9690235480929864, 1.7189614258319634
1304, 13.032837543554006, 1.0004006621126331, 1.6962760805916104, 3.122028243679295, -2.3927700254943036, -3.1043045588187868, -24.858807902784406, 2.3076832603570803, -2.187394523454688, 1.0004019133898565, 1.6962742300128921
1305, 13.042839721254355, 1.0314657293214853, 1.671105439941528, 3.0909851980911074, -2.6413581045221477, -3.1043045588187868, -24.858807902784406, 2.1868320896848967, -2.3189973243892785, 1.0314649688477913, 1.6711048298700337
1306, 13.052841898954703, 1.0622203660744556, 1.6434489185011674, 3.059942152502919, -2.8899461835499927, -3.1043045588187868, -24.858807902784406, 2.061665559494063, -2.4496406008737055, 1.062219204107276, 1.6434482764222411
1307, 13.06284407665505, 1.0926645723715438, 1.613306516270528, 3.0288991069147313, -3.1385342625778367, -3.1043045588187868, -24.858807902784406, 1.9322386940773106, -2.5793798142806743, 1.0926640590993808, 1.613307726518798
1308, 13.0728462543554, 1.1227983482127502, 1.5806782332496105, 2.9978560613265435, -3.3871223416056804, -3.1043045588187868, -24.858807902784406, 1.7986404104092, -2.7082492921729173, 1.122798533946532, 1.5806802795321133
1309, 13.082848432055748, 1.1526216935980746, 1.5455640694384145, 2.966813015738355, -3.635710420633525, -3.1043045588187868, -24.858807902784406, 1.6610025739319878, -2.8362616807872634, 1.1526217216354604, 1.5455644787795713
1310, 13.092850609756097, 1.1821346085275173, 1.50796402483694, 2.9357699701501674, -3.884298499661369, -3.1043045588187868, -24.858807902784406, 1.5195099247132624, -2.9634074989916463, 1.1821342813376685, 1.5079642315463984
1311, 13.102852787456445, 1.2113370930010778, 1.467878099445187, 2.9047269245619796, -4.132886578689213, -3.1043045588187868, -24.858807902784406, 1.3744107982946645, -3.0896547977933926, 1.2113376947571344, 1.4678784828133717
1312, 13.112854965156794, 1.2403843622466968, 1.4265492336582963, 2.904726924561981, -4.132886578689205, 0.0, 0.0, 1.8306501254828074, -2.7711066980015215, 1.2403832496787948, 1.426548273003844
1313, 13.122857142857141, 1.2694316314923166, 1.3852203678714043, 2.904726924561981, -4.132886578689205, 0.0, 0.0, 1.7405773282907688, -2.7666850755061185, 1.2694319128630376, 1.3852212887252566
1314, 13.13285932055749, 1.2984789007379365, 1.3438915020845121, 2.904726924561981, -4.132886578689205, 0.0, 0.0, 1.6495435994327756, -2.7624160615225963, 1.2984791168512044, 1.343889988350882
1315, 13.142861498257838, 1.3275261699835563, 1.30256263629762, 2.904726924561981, -4.132886578689205, 0.0, 0.0, 1.557630703342202, -2.7582980764492384, 1.327525806326344, 1.3025636888804126
1316, 13.152863675958187, 1.3565734392291762, 1.261233770510728, 2.904726924561981, -4.132886578689205, 0.0, 0.0, 1.464921435387465, -2.754329080687735, 1.3565720914375854, 1.2612345992984968
1317, 13.162865853658536, 1.385620708474796, 1.219904904723836, 2.904726924561981, -4.132886578689205, 0.0, 0.0, 1.3714995493387594, -2.750506579494922, 1.3856219730115098, 1.2199071824750367
1318, 13.172868031358885, 1.4146679777204159, 1.1785760389369437, 2.904726924561981, -4.132886578689205, 0.0, 0.0, 1.277449683675931, -2.7468276286421007, 1.4146680434033503, 1.178575194919563
1319, 13.182870209059232, 1.4437152469660357, 1.1372471731500517, 2.904726924561981, -4.132886578689205, 0.0, 0.0, 1.1828572868038845, -2.743288840872064, 1.443715627085034, 1.1372466141882407
1320, 13.19287238675958, 1.4727625162116555, 1.0959183073631595, 2.904726924561981, -4.132886578689205, 0.0, 0.0, 1.08780854124337, -2.739886393142589, 1.4727620908254022, 1.0959173884588294
1321, 13.202874564459929, 1.5018097854572754, 1.0545894415762676, 2.904726924561981, -4.132886578689205, 0.0, 0.0, 0.9923902868664747, -2.7366160346438004, 1.5018092994966252, 1.0545904049640429
1322, 13.212876742160278, 1.5308570547028952, 1.0132605757893753, 2.904726924561981, -4.132886578689205, 0.0, 0.0, 0.8966899432474534, -2.7334730955754916, 1.53085814288088, 1.0132595805951452
1323, 13.222878919860626, 1.559904323948515, 0.9719317100024834, 2.904726924561981, -4.132886578689205, 0.0, 0.0, 0.8007954312008587, -2.7304524966691828, 1.5599042966200722, 0.9719321493218103
1324, 13.232881097560975, 1.588951593194135, 0.9306028442155911, 2.904726924561981, -4.132886578689205, 0.0, 0.0, 0.7047950935801294, -2.727548759438422, 1.5889504812560644, 0.9306020944494737
1325, 13.242883275261322, 1.6179988624397548, 0.8892739784286992, 2.904726924561981, -4.132886578689205, 0.0, 0.0, 0.6087776154109461, -2.7247560171395806, 1.6179980240910923, 0.8892738758824086
1326, 13.25288545296167, 1.6470461316853746, 0.8479451126418072, 2.904726924561981, -4.132886578689205, 0.0, 0.0, 0.5128319434347388, -2.7220680264241945, 1.647046875463372, 0.8479446714031259
1327, 13.26288763066202, 1.6760934009309945, 0.806616246854915, 2.904726924561981, -4.132886578689205, 0.0, 0.0, 0.41704720513870885, -2.7194781796626852, 1.676092595538785, 0.8066153042327254
1328, 13.272889808362368, 1.7051406701766143, 0.765287381068023, 2.904726924561981, -4.132886578689205, 0.0, 0.0, 0.3215126273496529, -2.7169795179181837, 1.7051401257142969, 0.7652888445633266
1329, 13.282891986062717, 1.7341879394222341, 0.7239585152811308, 2.904726924561981, -4.132886578689205, 0.0, 0.0, 0.2263174544697153, -2.71456474454803, 1.7341875578903052, 0.7239572993873953
1330, 13.292894163763066, 1.763235208667854, 0.6826296494942388, 2.904726924561981, -4.132886578689205, 0.0, 0.0, 0.13155086643291947, -2.7122262394094694, 1.7632360209229327, 0.6826296968735727
1331, 13.302896341463413, 1.7922824779134738, 0.6413007837073466, 2.904726924561981, -4.132886578689205, 0.0, 0.0, 0.037301896462035966, -2.7099560736450155, 1.7922824203195635, 0.6413014767331663
1332, 13.312898519163761, 1.8213297471590937, 0.5999719179204546, 2.904726924561981, -4.132886578689205, 0.0, 0.0, -0.05634065129410981, -2.7077460250219647, 1.8213304614428618, 0.5999701063454772
1333, 13.32290069686411, 1.8503770164047135, 0.5586430521335624, 2.904726924561981, -4.132886578689205, 0.0, 0.0, -0.14928828416225914, -2.7055875937995975, 1.8503767322072866, 0.5586425632795794
1334, 13.332902874564459, 1.8794242856503334, 0.5173141863466704, 2.904726924561981, -4.132886578689205, 0.0, 0.0, -0.24145290330424984, -2.7034720190966834, 1.8794238166283987, 0.5173145363411511
1335, 13.342905052264808, 1.9084715548959532, 0.4759853205597784, 2.904726924561981, -4.132886578689205, 0.0, 0.0, -0.3327468859530973, -2.7013902957310645, 1.9084720523284862, 0.4759866376650355
1336, 13.352907229965156, 1.937518824141573, 0.43465645477288617, 2.904726924561981, -4.132886578689205, 0.0, 0.0, -0.4230831674440392, -2.6993331915022747, 1.937518655956972, 0.4346570941030966
1337, 13.362909407665505, 1.966566093387193, 0.3933275889859942, 2.904726924561981, -4.132886578689205, 0.0, 0.0, -0.5123753229588206, -2.6972912648873884, 1.966566890805777, 0.39332882056001145
1338, 13.372911585365852, 1.9956133626328127, 0.35199872319910197, 2.904726924561981, -4.132886578689205, 0.0, 0.0, -0.6005376489014189, -2.6952548831195897, 1.9956130270378807, 0.3520008745006264
1339, 13.3829137630662, 2.0246606318784326, 0.31066985741221, 2.904726924561981, -4.132886578689205, 0.0, 0.0, -0.6874852438234744, -2.6932142406182895, 2.0246611282942055, 0.3106689531845898
1340, 13.39291594076655, 2.0537079011240524, 0.269340991625318, 2.904726924561981, -4.132886578689205, 0.0, 0.0, -0.7731340888177827, -2.6911593777390177, 2.0537064059804706, 0.26934175408811145
1341, 13.402918118466898, 2.082755170369672, 0.228012125838426, 2.904726924561981, -4.132886578689205, 0.0, 0.0, -0.8574011272984645, -2.689080199810767, 2.0827546144775853, 0.22801136258586355
1342, 13.412920296167247, 2.1118024396152917, 0.18668326005153402, 2.904726924561981, -4.132886578689205, 0.0, 0.0, -0.9402043440867147, -2.686966496427972, 2.1118031999097853, 0.18668284263623003
1343, 13.422922473867596, 2.1408497088609115, 0.14535439426464158, 2.904726924561981, -4.132886578689205, 0.0, 0.0, -1.0214628437214084, -2.684807960963856, 2.1408488580845138, 0.14535659825715466
1344, 13.432924651567943, 2.1698969781065314, 0.1040255284777496, 2.904726924561981, -4.132886578689205, 0.0, 0.0, -1.1010969279144147, -2.682594210271526, 2.169897436876736, 0.10402722319008034
1345, 13.442926829268291, 2.198944247352151, 0.06269666269085761, 2.904726924561981, -4.132886578689205, 0.0, 0.0, -1.1790281720709608, -2.6803148045388308, 2.1989429481948974, 0.06269636029513243
1346, 13.45292900696864, 2.227991516597771, 0.02136779690396562, 2.904726924561981, -4.132886578689205, 0.0, 0.0, -1.2551795007961308, -2.677959267262774, 2.2279919152367658, 0.021367768505344064
1347, 13.462931184668989, 2.257038785843391, -0.01996106888292637, 2.904726924561981, -4.132886578689205, 0.0, 0.0, -1.329475262309325, -2.675517105309031, 2.2570393877857535, -0.01996171771995355
1348, 13.472933362369337, 2.2860860550890107, -0.0612899346698188, 2.904726924561981, -4.132886578689205, 0.0, 0.0, -1.4018413016893598, -2.672977829021988, 2.2860862354347997, -0.06128784655446366
1349, 13.482935540069686, 2.3135063353988747, -0.10128428119842359, 2.627784824174173, -3.934926163949031, -22.848641362445534, 12.901697782290373, -3.6441418598576645, -3.1318459667565532, 2.3135052201643265, -0.10128375802447967
1350, 13.492937717770033, 2.338641751572494, -0.13998845794879944, 2.3992984105497177, -3.805909186126127, -22.848641362445534, 12.901697782290373, -3.807426010803255, -3.0566017066531286, 2.338644549891893, -0.13999016586817342
1351, 13.502939895470382, 2.361492303609869, -0.17740246492094625, 2.170811996925262, -3.676892208303223, -22.848641362445534, 12.901697782290373, -3.960022214679238, -2.9783482530251675, 2.3614908542783746, -0.17740357845111926
1352, 13.51294207317073, 2.3820579915109996, -0.2135263021148639, 1.9423255833008066, -3.5478752304803196, -22.848641362445534, 12.901697782290373, -4.102660528508874, -2.897454314672679, 2.382058742783977, -0.21352275371638288
1353, 13.52294425087108, 2.4003388152758856, -0.24835996953055262, 1.7138391696763506, -3.418858252657415, -22.848641362445534, 12.901697782290373, -4.236032945801093, -2.8142697597449304, 2.400339486464358, -0.24836180943686897
1354, 13.532946428571428, 2.4163347749045263, -0.2819034671680124, 1.4853527560518955, -3.289841274834512, -22.848641362445534, 12.901697782290373, -4.3607874602265895, -2.72912426545846, 2.416335717555098, -0.2819028908086703
1355, 13.542948606271777, 2.430045870396923, -0.31415679502724303, 1.2568663424274398, -3.160824297011608, -22.848641362445534, 12.901697782290373, -4.477523196622252, -2.642326403015502, 2.430046021400804, -0.3141574291411115
1356, 13.552950783972124, 2.4414721017530754, -0.3451199531082445, 1.0283799288029842, -3.031807319188704, -22.848641362445534, 12.901697782290373, -4.58678651920799, -2.554163111947567, 2.4414717768498964, -0.3451196298486235
1357, 13.562952961672472, 2.450613468972983, -0.37479294141101704, 0.7998935151785289, -2.9027903413658, -22.848641362445534, 12.901697782290373, -4.6890680307218355, -2.464899518908343, 2.4506137521849194, -0.37479277093745034
1358, 13.572955139372821, 2.457469972056646, -0.4031757599355606, 0.5714071015540729, -2.7737733635428965, -22.848641362445534, 12.901697782290373, -4.784800381615742, -2.374779057244058, 2.4574716010629696, -0.4031768498628103
1359, 13.58295731707317, 2.4620416110040644, -0.4302684086818751, 0.3429206879296174, -2.644756385719992, -22.848641362445534, 12.901697782290373, -4.874356815204931, -2.284023845372058, 2.462042756522441, -0.4302681706107996
1360, 13.592959494773519, 2.4643283858152385, -0.45607088764996045, 0.11443427430516206, -2.5157394078970885, -22.848641362445534, 12.901697782290373, -4.958050382454059, -2.192835284003773, 2.464328728886073, -0.45607037934571026
1361, 13.602961672473867, 2.464330296490168, -0.48058319683981693, -0.1140521393192937, -2.3867224300741854, -22.848641362445534, 12.901697782290373, -5.036133768667637, -2.101394834471115, 2.4643310562648675, -0.4805823634958172
1362, 13.612963850174214, 2.4620473430288525, -0.5038053362514443, -0.342538552943749, -2.2577054522512814, -22.848641362445534, 12.901697782290373, -5.108799683506258, -2.009864942780522, 2.4620450505459353, -0.5038057096407708
1363, 13.622966027874563, 2.4574795254312924, -0.5257373058848426, -0.571024966568205, -2.1286884744283774, -22.848641362445534, 12.901697782290373, -5.17618177527148, -1.9183900764612218, 2.4574789537367994, -0.5257369535837645
1364, 13.632968205574912, 2.4506268436974885, -0.5463791057400118, -0.7995113801926603, -1.9996714966054734, -22.848641362445534, 12.901697782290373, -5.238356040103432, -1.827097843738433, 2.45062779233937, -0.5463783373829969
1365, 13.64297038327526, 2.4414892978274394, -0.5657307358169521, -1.0279977938171154, -1.8706545187825696, -22.848641362445534, 12.901697782290373, -5.295342706441873, -1.7361001670018905, 2.44148826892486, -0.5657317568312534
1366, 13.65297256097561, 2.430066887821146, -0.5837921961156632, -1.2564842074415714, -1.7416375409596658, -22.848641362445534, 12.901697782290373, -5.3471085846464, -1.6454944849177107, 2.4300647098081867, -0.5837904638931065
1367, 13.662974738675958, 2.4163596136786083, -0.6005634866361453, -1.4849706210660265, -1.6126205631367618, -22.848641362445534, 12.901697782290373, -5.393569880891208, -1.5553649598175787, 2.4163597015604066, -0.6005643019980653
1368, 13.672976916376305, 2.4003674753998254, -0.6160446073783985, -1.7134570346904825, -1.483603585313858, -22.848641362445534, 12.901697782290373, -5.4345954831801375, -1.4657836691715544, 2.4003674186078223, -0.6160437488380255
1369, 13.682979094076654, 2.3820904729847983, -0.6302355583424226, -1.941943448314938, -1.3545866074909543, -22.848641362445534, 12.901697782290373, -5.4700107353989775, -1.3768117619940614, 2.382092557754522, -0.6302351997793746
1370, 13.692981271777002, 2.361528606433527, -0.6431363395282177, -2.170429861939394, -1.2255696296680503, -22.848641362445534, 12.901697782290373, -5.499601722556214, -1.28850056293778, 2.361529140786647, -0.6431361715885778
1371, 13.702983449477351, 2.33868187574601, -0.6547469509357836, -2.3989162755638493, -1.0965526518451465, -22.848641362445534, 12.901697782290373, -5.523120096570122, -1.2008926085937344, 2.3386822398340055, -0.6547464467902694
1372, 13.7129856271777, 2.3135502809222497, -0.6650673925651206, -2.6274026891883047, -0.9675356740222428, -22.848641362445534, 12.901697782290373, -5.540288476934114, -1.1140226021393158, 2.3135520850254614, -0.6650674379252827
1373, 13.722987804878048, 2.2861338219622445, -0.6740976644162284, -2.8558891028127604, -0.8385186961993389, -22.848641362445534, 12.901697782290373, -5.550806464110908, -1.0279182739653203, 2.286133969039293, -0.6740975454028414
1374, 13.732989982578395, 2.2564324988659945, -0.6818377664891073, -3.084375516437216, -0.7095017183764349, -22.848641362445534, 12.901697782290373, -5.55435730532929, -0.9426011372783379, 2.2564326803537655, -0.6818365421808055
1375, 13.742992160278744, 2.2244463116335, -0.6882876987837572, -3.3128619300616715, -0.5804847405535315, -22.848641362445534, 12.901697782290373, -5.550615252325558, -0.8580871289293115, 2.2244449648427205, -0.6882869739018427
1376, 13.752994337979093, 2.190175260264761, -0.693447461300178, -3.541348343686127, -0.4514677627306276, -22.848641362445534, 12.901697782290373, -5.539253648209966, -0.774387126879487, 2.1901743259835817, -0.6934474367414161
1377, 13.762996515679442, 2.153619344759777, -0.6973170540383697, -3.7698347573105826, -0.3224507849077237, -22.848641362445534, 12.901697782290373, -5.519953775756278, -0.691507336800284, 2.1536195167527317, -0.6973165827630922
1378, 13.77299869337979, 2.114778565118549, -0.6998964769983325, -3.998321170935039, -0.1934338070848196, -22.848641362445534, 12.901697782290373, -5.492414491710259, -0.6094495413353335, 2.114780056481071, -0.6998973068120296
1379, 13.783000871080139, 2.0736529213410764, -0.7011857301800661, -4.226807584559493, -0.06441682926191594, -22.848641362445534, 12.901697782290373, -5.456362660888045, -0.5282112065543141, 2.0736525208993037, -0.7011856174583574
1380, 13.793003048780486, 2.0302424134273593, -0.7011848135835708, -4.45529399818395, 0.06460014856098784, -22.848641362445534, 12.901697782290373, -5.411564389590806, -0.4477854411241532, 2.0302435857418164, -0.7011874076049708
1381, 13.803005226480835, 1.9845470413773973, -0.6998937272088465, -4.683780411808405, 0.19361712638389172, -22.848641362445534, 12.901697782290373, -5.3578370399177615, -0.36816080473964374, 1.9845471797551912, -0.6998932772607014
1382, 13.813007404181183, 1.936566805191191, -0.6973124710558929, -4.91226682543286, 0.3226341042067955, -22.848641362445534, 12.901697782290373, -5.295061984666923, -0.28932096341958896, 1.9365670612304562, -0.6973123798683248
1383, 13.823009581881532, 1.8863017048687398, -0.6934410451247105, -5.140753239057316, 0.4516510820296994, -22.848641362445534, 12.901697782290373, -5.22319803647002, -0.21124419041358322, 1.8863007964806358, -0.6934409179876538
1384, 13.833011759581881, 1.8337517404100445, -0.688279449415299, -5.369239652681771, 0.5806680598526032, -22.848641362445534, 12.901697782290373, -5.14229545448177, -0.13390271270622778, 1.8337519905032713, -0.6882785431677251
1385, 13.84301393728223, 1.7789169118151047, -0.6818276839276585, -5.597726066306227, 0.709685037675507, -22.848641362445534, 12.901697782290373, -5.0525103972893195, -0.057261904477258985, 1.7789171970552995, -0.6818287454682982
1386, 13.853016114982577, 1.7217972190839201, -0.6740857486617888, -5.826212479930682, 0.8387020154984108, -22.848641362445534, 12.901697782290373, -4.954119651797373, 0.018720669595321315, 1.7217962912039386, -0.6740864653640077
1387, 13.863018292682925, 1.6623926622164908, -0.6650536436176901, -6.0546988935551385, 0.9677189933213145, -22.848641362445534, 12.901697782290373, -4.847535424892245, 0.09409635659087284, 1.6623904252315727, -0.6650536678708433
1388, 13.873020470383274, 1.600703241212817, -0.6547313687953625, -6.283185307179594, 1.0967359711442184, -22.848641362445534, 12.901697782290373, -4.733319938081465, 0.16892665664434542, 1.6007040926459293, -0.654731711919321
1389, 13.883022648083623, 1.5378713881410233, -0.6437640090839207, -6.283185307179586, 1.0967359711442142, 0.0, 0.0, -2.565992657405328, 0.6881516265990223, 1.5378723764583273, -0.6437637917697776
1390, 13.893024825783971, 1.4750395350692274, -0.6327966493724786, -6.283185307179586, 1.0967359711442142, 0.0, 0.0, -2.309960262369236, 0.733890687765981, 1.4750389079402593, -0.6327956944166809
1391, 13.90302700348432, 1.4122076819974314, -0.6218292896610365, -6.283185307179586, 1.0967359711442142, 0.0, 0.0, -2.056958932810854, 0.7779311984618311, 1.4122079982517797, -0.6218284992148971
1392, 13.913029181184667, 1.3493758289256355, -0.6108619299495943, -6.283185307179586, 1.0967359711442142, 0.0, 0.0, -1.8079320474808407, 0.8201727304333062, 1.349375418047019, -0.610862539928501
1393, 13.923031358885016, 1.2865439758538395, -0.5998945702381522, -6.283185307179586, 1.0967359711442142, 0.0, 0.0, -1.5638095636316618, 0.8605198355875953, 1.2865456194332088, -0.5998930067524471
1394, 13.933033536585365, 1.2237121227820438, -0.58892721052671, -6.283185307179586, 1.0967359711442142, 0.0, 0.0, -1.3255044668681324, 0.898882300499593, 1.2237109207874766, -0.5889281800056758
1395, 13.943035714285713, 1.1608802697102478, -0.5779598508152678, -6.283185307179586, 1.0967359711442142, 0.0, 0.0, -1.093909281395904, 0.9351753868246069, 1.1608815675492077, -0.5779596713405377
1396, 13.953037891986062, 1.0980484166384519, -0.5669924911038257, -6.283185307179586, 1.0967359711442142, 0.0, 0.0, -0.8698926541381358, 0.9693200569702363, 1.0980480070171914, -0.5669928418920646
1397, 13.96304006968641, 1.035216563566656, -0.5560251313923835, -6.283185307179586, 1.0967359711442142, 0.0, 0.0, -0.6542960259175317, 1.00124318442079, 1.035217093725674, -0.5560272908559027
1398, 13.973042247386758, 0.97238471049486, -0.5450577716809414, -6.283185307179586, 1.0967359711442142, 0.0, 0.0, -0.4479304025766728, 1.030877748148876, 0.9723848161215232, -0.5450585904376477
1399, 13.983044425087106, 0.909552857423064, -0.5340904119694991, -6.283185307179586, 1.0967359711442142, 0.0, 0.0, -0.2515732385351326, 1.0581630105916018, 0.9095537195155484, -0.5340903260919407
1400, 13.993046602787455, 0.8467210043512683, -0.523123052258057, -6.283185307179586, 1.0967359711442142, 0.0, 0.0, -0.06596544485879585, 1.0830446787130201, 0.8467211395936989, -0.5231244100407253
1401, 14.003048780487804, 0.7838891512794723, -0.5121556925466149, -6.283185307179586, 1.0967359711442142, 0.0, 0.0, 0.10819146655330858, 1.1054750477199484, 0.7838884714798621, -0.5121542163378451
1402, 14.013050958188153, 0.7210572982076764, -0.5011883328351727, -6.283185307179586, 1.0967359711442142, 0.0, 0.0, 0.2702380915747602, 1.1254131270449337, 0.7210586757571339, -0.5011892474264307
1403, 14.023053135888501, 0.6582254451358804, -0.4902209731237306, -6.283185307179586, 1.0967359711442142, 0.0, 0.0, 0.4195596847188421, 1.1428247482578415, 0.6582245849245401, -0.49021954548239366
1404, 14.033055313588848, 0.5953935920640845, -0.47925361341228845, -6.283185307179586, 1.0967359711442142, 0.0, 0.0, 0.5555885423355233, 1.1576826546161307, 0.5953944497014312, -0.479252800031658
1405, 14.043057491289197, 0.5325617389922885, -0.4682862537008463, -6.283185307179586, 1.0967359711442142, 0.0, 0.0, 0.6778062088455288, 1.1699665720132686, 0.5325600977281895, -0.4682862665918047
1406, 14.053059668989546, 0.4697298859204926, -0.4573188939894042, -6.283185307179586, 1.0967359711442142, 0.0, 0.0, 0.7857454973936937, 1.1796632611347708, 0.4697298604776511, -0.4573192529286341
1407, 14.063061846689894, 0.40689803284869663, -0.446351534277962, -6.283185307179586, 1.0967359711442142, 0.0, 0.0, 0.8789923170125693, 1.1867665506818796, 0.406898385023131, -0.44635091734734633
1408, 14.073064024390243, 0.3440661797769007, -0.43538417456651984, -6.283185307179586, 1.0967359711442142, 0.0, 0.0, 0.9571872991270602, 1.1912773515738213, 0.34406575136065176, -0.43538406801327423
1409, 14.083066202090592, 0.28123432670510473, -0.4244168148550777, -6.283185307179586, 1.0967359711442142, 0.0, 0.0, 1.0200272169988915, 1.1932036520907368, 0.2812340868374631, -0.42441671634153344
1410, 14.093068379790939, 0.21840247363330878, -0.41344945514363557, -6.283185307179586, 1.0967359711442142, 0.0, 0.0, 1.067266192502876, 1.1925604939706347, 0.21840296833445522, -0.41345007457482885
1411, 14.103070557491288, 0.15557062056151327, -0.4024820954321934, -6.283185307179586, 1.0967359711442142, 0.0, 0.0, 1.0987166854423442, 1.1893699295249442, 0.15557023858766553, -0.4024813510765421
1412, 14.113072735191636, 0.09273876748971732, -0.39151473572075124, -6.283185307179586, 1.0967359711442142, 0.0, 0.0, 1.1142502614454335, 1.1836609598882863, 0.09273934667795576, -0.391513451753318
1413, 14.123074912891985, 0.02990691441792137, -0.3805473760093091, -6.283185307179586, 1.0967359711442142, 0.0, 0.0, 1.1137981353340738, 1.175469454568829, 0.029907073758209113, -0.38054705097103864
1414, 14.133077090592334, -0.03292493865387458, -0.36958001629786696, -6.283185307179586, 1.0967359711442142, 0.0, 0.0, 1.0973514877200756, 1.164838052515871, -0.03292580100812912, -0.3695790662236043
1415, 14.143079268292682, -0.09575679172567053, -0.3586126565864248, -6.283185307179586, 1.0967359711442142, 0.0, 0.0, 1.0649615534544976, 1.1518160449710175, -0.09575797371263184, -0.3586131747007906
1416, 14.15308144599303, -0.15858864479746648, -0.3476452968749827, -6.283185307179586, 1.0967359711442142, 0.0, 0.0, 1.0167394814339161, 1.1364592404182927, -0.15858969116593988, -0.34764522690946303
1417, 14.163083623693378, -0.22142049786926243, -0.33667793716354044, -6.283185307179586, 1.0967359711442142, 0.0, 0.0, 0.9528559661471068, 1.118829811996686, -0.22142146201740684, -0.3366784886965935
1418, 14.173085801393727, -0.28425235094105794, -0.3257105774520984, -6.283185307179586, 1.0967359711442142, 0.0, 0.0, 0.8735406522243956, 1.0989961277857816, -0.2842540859652056, -0.3257111690780686
1419, 14.183087979094076, -0.3470842040128539, -0.3147432177406563, -6.283185307179586, 1.0967359711442142, 0.0, 0.0, 0.77908131412629, 1.0770325644212018, -0.3470837317626364, -0.3147414584721544
1420, 14.193090156794424, -0.4100538760273347, -0.3033370515301252, -6.165270258484066, 1.1591038015618922, 26.339388592797643, 3.6974361017570057, 3.608139709299981, 1.9266384481711771, -0.41005398143744093, -0.3033366017596258
1421, 14.203092334494773, -0.47038960918253525, -0.29156114170941844, -5.901876372556089, 1.1960781625794623, 26.339388592797643, 3.6974361017570057, 3.6279653860369523, 1.9417719449390263, -0.47038972138901675, -0.29156078310653694
1422, 14.21309451219512, -0.5280914034784565, -0.2794154882785359, -5.638482486628113, 1.2330525235970322, 26.339388592797643, 3.6974361017570057, 3.6418608392593197, 1.9554011304297598, -0.5280920254115447, -0.27941536126925837
1423, 14.223096689895469, -0.5831592589150976, -0.26690009123747777, -5.375088600700137, 1.2700268846146023, 26.339388592797643, 3.6974361017570057, 3.651813055682071, 1.9678953818558265, -0.5831586802079557, -0.2669006614915777
1424, 14.233098867595817, -0.6355931754924592, -0.25401495058624385, -5.11169471477216, 1.3070012456321725, 26.339388592797643, 3.6974361017570057, 3.659647869482213, 1.9795893485404328, -0.6355934950424034, -0.2540155683721735
1425, 14.243101045296166, -0.6853931532105408, -0.24076006632483427, -4.848300828844183, 1.3439756066497426, 26.339388592797643, 3.6974361017570057, 3.667029000588977, 1.9907855562042385, -0.6853940092656003, -0.24075839389305317
1426, 14.253103222996515, -0.732559192069343, -0.22713543845324896, -4.584906942916206, 1.3809499676673127, 26.339388592797643, 3.6974361017570057, 3.6754599592673607, 2.00175724836041, -0.7325597833002743, -0.22713548525574956
1427, 14.263105400696864, -0.7770912920688652, -0.213141066971488, -4.321513056988229, 1.4179243286848826, 26.339388592797643, 3.6974361017570057, 3.686288282879463, 2.012751352373033, -0.7770911869840723, -0.21314198838018747
1428, 14.27310757839721, -0.8189894532091077, -0.1987769518795513, -4.0581191710602535, 1.454898689702453, 26.339388592797643, 3.6974361017570057, 3.7007116099281223, 2.02399147274266, -0.8189904555416692, -0.19877817708115406
1429, 14.28310975609756, -0.8582536754900704, -0.1840430931774389, -3.7947252851322757, 1.4918730507200229, 26.339388592797643, 3.6974361017570057, 3.7197851392713033, 2.0356808282283194, -0.8582556898010543, -0.18404262701568821
1430, 14.293111933797908, -0.8948839589117532, -0.1689394908651508, -3.5313313992043, 1.5288474117375932, 26.339388592797643, 3.6974361017570057, 3.7444300668512556, 2.0480050623000334, -0.8948837561602023, -0.1689410127211624
1431, 14.303114111498257, -0.9288803034741564, -0.15346614494268704, -3.2679375132763226, 1.565821772755163, 26.339388592797643, 3.6974361017570057, 3.7754426368742644, 2.061134868029271, -0.9288801411029876, -0.1534656562487508
1432, 14.313116289198605, -0.9602427091772796, -0.13762305541004755, -3.004543627348346, 1.6027961337727332, 26.339388592797643, 3.6974361017570057, 3.8135034878981866, 2.0752283788289843, -0.9602435102854003, -0.13762462604391523
1433, 14.323118466898954, -0.9889711760211232, -0.12141022226723235, -2.7411497414203696, 1.6397704947903033, 26.339388592797643, 3.6974361017570057, 3.8591870158282036, 2.090433285472243, -0.9889718207225326, -0.12140925567468615
1434, 14.333120644599301, -1.0150657040056872, -0.10482764551424145, -2.4777558554923926, 1.6767448558078732, 26.339388592797643, 3.6974361017570057, 3.912970514744471, 2.1068886476203383, -1.0150661690015519, -0.10482888209488152
1435, 14.34312282229965, -1.0385262931309711, -0.08787532515107485, -2.2143619695644157, 1.7137192168254436, 26.339388592797643, 3.6974361017570057, 3.9752428923790277, 2.124726374787195, -1.0385261431260293, -0.08787649332852221
1436, 14.353124999999999, -1.0593529433969755, -0.07055326117773254, -1.9509680836364396, 1.7506935778430137, 26.339388592797643, 3.6974361017570057, 4.046312789714557, 2.144072357397366, -1.0593524130324954, -0.07055284815905666
1437, 14.363127177700347, -1.0775456548037, -0.052861453594214514, -1.6875741977084633, 1.7876679388605834, 26.339388592797643, 3.6974361017570057, 4.126415963554808, 2.165047233522666, -1.077546488850611, -0.052860367643705636
1438, 14.373129355400696, -1.0931044273511448, -0.034799902400520846, -1.424180311780486, 1.8246422998781537, 26.339388592797643, 3.6974361017570057, 4.215721817117976, 2.1877667811876313, -1.0931043287070277, -0.03480019273621524
1439, 14.383131533101045, -1.1060292610393097, -0.01636860759665143, -1.1607864258525096, 1.8616166608957239, 26.339388592797643, 3.6974361017570057, 4.314338986948558, 2.212341930008376, -1.1060264877139954, -0.01636911390248063
1440, 14.393133710801393, -1.116320155868195, 0.002432430817393666, -0.897392539924533, 1.8985910219132938, 26.339388592797643, 3.6974361017570057, 4.422319915041419, 2.2388783895724678, -1.116319313500326, 0.0024311467415618973
1441, 14.40313588850174, -1.1239771118378004, 0.021603212841614497, -0.6339986539965565, 1.935565382930864, 26.339388592797643, 3.6974361017570057, 4.539664353409687, 2.2674758955827143, -1.1239769511387734, 0.02160424701913726
1442, 14.41313806620209, -1.1290001289481262, 0.04114373847601095, -0.3706047680685791, 1.972539743948434, 26.339388592797643, 3.6974361017570057, 4.666321764845638, 2.298227078579228, -1.129001042515206, 0.04114482229664584
1443, 14.423140243902438, -1.131389207199172, 0.06105400772058321, -0.10721088214060348, 2.009514104966004, 26.339388592797643, 3.6974361017570057, 4.802192598802526, 2.3312159642231727, -1.131388555098154, 0.061053742036162616
1444, 14.433142421602787, -1.131144346590938, 0.08133402057533111, 0.1561830037873735, 2.046488465983574, 26.339388592797643, 3.6974361017570057, 4.947128435672326, 2.3665161188672075, -1.131145521838455, 0.08133364091511373
1445, 14.443144599303135, -1.1282655471234246, 0.1019837770402547, 0.41957688971535, 2.0834628270011444, 26.339388592797643, 3.6974361017570057, 5.100931006770582, 2.404188459636504, -1.1282661816444775, 0.10198410579611326
1446, 14.453146777003484, -1.1227528087966312, 0.12300327711535404, 0.682970775643327, 2.1204371880187147, 26.339388592797643, 3.6974361017570057, 5.263350111587668, 2.4442787546699427, -1.122751372255119, 0.1230028468675952
1447, 14.463148954703831, -1.114606131610558, 0.14439252080062903, 0.9463646615713035, 2.1574115490362846, 26.339388592797643, 3.6974361017570057, 5.434080468837727, 2.48681484667262, -1.114606134898834, 0.14439221207844433
1448, 14.47315113240418, -1.103825515565205, 0.16615150809607981, 1.2097585474992805, 2.1943859100538545, 26.339388592797643, 3.6974361017570057, 5.61275755402206, 2.531803641629371, -1.1038235486384123, 0.16615154287878986
1449, 14.483153310104528, -1.0904109606605723, 0.1882802390017062, 1.473152433427257, 2.2313602710714244, 26.339388592797643, 3.6974361017570057, 5.798952494075387, 2.5792279145102555, -1.0904109133785522, 0.18828005364516176
1450, 14.493155487804877, -1.0743624668966598, 0.21077871351750832, 1.7365463193552337, 2.2683346320889948, 26.339388592797643, 3.6974361017570057, 5.992166109583982, 2.6290429951033327, -1.0743637182889711, 0.21077822042386193
1451, 14.503157665505226, -1.0556800342734678, 0.2336469316434861, 1.9999402052832105, 2.305308993106565, 26.339388592797643, 3.6974361017570057, 6.191822217388154, 2.681173409721765, -1.055679474812115, 0.23364622292039594
1452, 14.513159843205575, -1.0343636627909958, 0.25688489337963966, 2.2633340912111866, 2.342283354124135, 26.339388592797643, 3.6974361017570057, 6.397260331356246, 2.735509568367193, -1.0343627631729204, 0.2568850833010126
1453, 14.523162020905922, -1.0104133524492438, 0.2804925987259688, 2.5267279771391635, 2.3792577151417054, 26.339388592797643, 3.6974361017570057, 6.607727926883663, 2.7919046018231652, -1.0104138871894686, 0.28049336881940484
1454, 14.53316419860627, -0.9838291032482123, 0.30447004768247377, 2.7901218630671405, 2.4162320761592753, 26.339388592797643, 3.6974361017570057, 6.822372465238192, 2.850171468838684, -0.9838285270738767, 0.30447152108309006
1455, 14.543166376306619, -0.954610915187901, 0.3288172402491545, 3.0535157489951166, 2.453206437176845, 26.339388592797643, 3.6974361017570057, 7.040233407095281, 2.910080469668638, -0.9546091973644337, 0.32881660074146635
1456, 14.553168554006968, -0.9227587882683099, 0.35353417642601076, 3.3169096349230935, 2.4901807981944155, 26.339388592797643, 3.6974361017570057, 7.260234480153761, 2.9713573182653814, -0.9227595879476185, 0.35353670338915166
1457, 14.563170731707316, -0.8882727224894391, 0.37862085621304276, 3.5803035208510705, 2.5271551592119854, 26.339388592797643, 3.6974361017570057, 7.481176503051959, 3.0336819407246916, -0.8882735455737584, 0.3786211727413338
1458, 14.573172909407665, -0.8511527178512884, 0.4040772796102505, 3.8436974067790466, 2.5641295202295553, 26.339388592797643, 3.6974361017570057, 7.701731106134485, 3.096688181389874, -0.8511530784615329, 0.4040780758161569
1459, 14.583175087108012, -0.8113987743538581, 0.4299034466176339, 4.1070912927070236, 2.6011038812471257, 26.339388592797643, 3.6974361017570057, 7.920435727903078, 3.159964609361261, -0.8113986185292866, 0.42990277802966603
1460, 14.59317726480836, -0.7703278614267893, 0.45591448543010427, 4.107091292707015, 2.6011038812471243, 0.0, 0.0, 5.199436298091749, 2.3810461612038907, -0.7703282076564062, 0.4559147710003432
1461, 14.60317944250871, -0.7292569484997191, 0.4819255242425756, 4.107091292707015, 2.6011038812471243, 0.0, 0.0, 5.30059760241561, 2.407093308528399, -0.7292579009577947, 0.48192570601108037
1462, 14.613181620209058, -0.6881860355726489, 0.5079365630550469, 4.107091292707015, 2.6011038812471243, 0.0, 0.0, 5.39334745965, 2.428760484499337, -0.6881872163976571, 0.5079367751770402
1463, 14.623183797909407, -0.6471151226455788, 0.5339476018675181, 4.107091292707015, 2.6011038812471243, 0.0, 0.0, 5.477477221897954, 2.445979735154377, -0.6471162351114167, 0.5339486136243048
1464, 14.633185975609756, -0.6060442097185086, 0.5599586406799894, 4.107091292707015, 2.6011038812471243, 0.0, 0.0, 5.552805160945692, 2.4587026903849054, -0.6060444762709705, 0.5599587509979965
1465, 14.643188153310103, -0.5649732967914385, 0.5859696794924607, 4.107091292707015, 2.6011038812471243, 0.0, 0.0, 5.6191769049612335, 2.4669007618407512, -0.5649723142288604, 0.585970203122028
1466, 14.653190331010451, -0.5239023838643682, 0.611980718304932, 4.107091292707015, 2.6011038812471243, 0.0, 0.0, 5.676465773522056, 2.4705652521509442, -0.5239018817100558, 0.6119832675896002
1467, 14.6631925087108, -0.48283147093729806, 0.6379917571174032, 4.107091292707015, 2.6011038812471243, 0.0, 0.0, 5.724573010103507, 2.469707374982309, -0.4828306364634935, 0.6379920627335007
1468, 14.673194686411149, -0.44176055801022795, 0.6640027959298744, 4.107091292707015, 2.6011038812471243, 0.0, 0.0, 5.763427911583299, 2.4643581858585595, -0.4417596240694282, 0.6640041979083056
1469, 14.683196864111498, -0.40068964508315763, 0.6900138347423457, 4.107091292707015, 2.6011038812471243, 0.0, 0.0, 5.792987854741877, 2.4545684240637735, -0.40068984820025805, 0.6900153965580599
1470, 14.693199041811846, -0.35961873215608753, 0.716024873554817, 4.107091292707015, 2.6011038812471243, 0.0, 0.0, 5.8132382201622175, 2.4404082663538524, -0.35961736876080463, 0.7160256373975723
1471, 14.703201219512193, -0.3185478192290172, 0.7420359123672883, 4.107091292707015, 2.6011038812471243, 0.0, 0.0, 5.824192214353431, 2.4219669935960635, -0.31854882234106047, 0.7420355533697732
1472, 14.713203397212542, -0.2774769063019471, 0.7680469511797595, 4.107091292707015, 2.6011038812471243, 0.0, 0.0, 5.825890591339083, 2.3993525718481843, -0.2774752714618541, 0.7680471130728437
1473, 14.72320557491289, -0.236405993374877, 0.7940579899922308, 4.107091292707015, 2.6011038812471243, 0.0, 0.0, 5.818401275361097, 2.372691149773382, -0.23640613736264723, 0.7940592862914616
1474, 14.73320775261324, -0.19553734590939598, 0.8201293316590945, 4.0219192331896885, 2.5848430268496774, -12.989102671682943, -4.458227967341731, 4.434242038532321, 1.9548407801313834, -0.1955370925210407, 0.8201295677245906
1475, 14.743209930313588, -0.15596760871108306, 0.8457548505292243, 3.892028206472859, 2.5402607471762604, -12.989102671682943, -4.458227967341731, 4.374739315131505, 1.888640091211598, -0.15596654190762282, 0.8457545425713774
1476, 14.753212108013937, -0.1176967817799387, 0.8709345466026199, 3.762137179756029, 2.4956784675028425, -12.989102671682943, -4.458227967341731, 4.308261310765335, 1.8200101348575708, -0.1176960598692329, 0.8709342939113239
1477, 14.763214285714284, -0.08072486511596255, 0.8956684198792813, 3.6322461530391994, 2.451096187829425, -12.989102671682943, -4.458227967341731, 4.235585972503284, 1.749435244578164, -0.08072403928855633, 0.8956690925992146
1478, 14.773216463414633, -0.045051858719154514, 0.9199564703592085, 3.50235512632237, 2.406513908156008, -12.989102671682943, -4.458227967341731, 4.157466760202862, 1.6773731239000944, -0.045052088225147856, 0.9199572241484919
1479, 14.783218641114981, -0.010677762589515027, 0.9437986980424014, 3.3724640996055406, 2.3619316284825906, -12.989102671682943, -4.458227967341731, 4.074628643004366, 1.6042533200536315, -0.010678566317300511, 0.943800778986283
1480, 14.79322081881533, 0.02239742327295635, 0.9671951029288602, 3.242573072888711, 2.317349348809173, -12.989102671682943, -4.458227967341731, 3.987764911322196, 1.5304762213783376, 0.02239837855891683, 0.967194429774168
1481, 14.803222996515679, 0.05417369886825929, 0.990145685018585, 3.1126820461718814, 2.272767069135756, -12.989102671682943, -4.458227967341731, 3.8975347337714696, 1.456412525407537, 0.05417378666797527, 0.9901467816055615
1482, 14.813225174216027, 0.08465106419639401, 1.0126504443115754, 2.982791019455052, 2.2281847894623388, -12.989102671682943, -4.458227967341731, 3.8045613874988167, 1.3824031246827015, 0.08464955581785208, 1.0126522195167806
1483, 14.823227351916374, 0.1138295192573604, 1.0347093808078318, 2.8528999927382226, 2.1836025097889213, -12.989102671682943, -4.458227967341731, 3.709431090704471, 1.3087593583575485, 0.11382937526012822, 1.0347095091121403
1484, 14.833229529616723, 0.14170906405115846, 1.056322494507354, 2.7230089660213928, 2.139020230115504, -12.989102671682943, -4.458227967341731, 3.6126923675364173, 1.2357635794087538, 0.1417089793144438, 1.0563235141994995
1485, 14.843231707317072, 0.16828969857778825, 1.077489785410142, 2.5931179393045634, 2.094437950442087, -12.989102671682943, -4.458227967341731, 3.5148558778082664, 1.1636699896206255, 0.16828925386175878, 1.0774916901317702
1486, 14.85323388501742, 0.1935714228372497, 1.0982112535161956, 2.4632269125877335, 2.049855670768669, -12.989102671682943, -4.458227967341731, 3.416394646958701, 1.0927056973132916, 0.19357020944349349, 1.098211283917503
1487, 14.86323606271777, 0.21755423682954295, 1.1184868988255152, 2.333335885870904, 2.005273391095252, -12.989102671682943, -4.458227967341731, 3.317744635167233, 1.023071955910865, 0.2175529431454773, 1.1184858534403508
1488, 14.873238240418118, 0.2402381405546679, 1.1383167213381007, 2.2034448591540747, 1.9606911114218344, -12.989102671682943, -4.458227967341731, 3.2193055884217, 0.9549455447852813, 0.2402382464154903, 1.1383155271403063
1489, 14.883240418118465, 0.2616231340126245, 1.157700721053952, 2.0735538324372453, 1.9161088317484172, -12.989102671682943, -4.458227967341731, 3.1214421184680656, 0.8884802572653056, 0.26162308392729966, 1.1577022228120364
1490, 14.893242595818814, 0.2817092172034128, 1.176638897973069, 1.9436628057204153, 1.8715265520749995, -12.989102671682943, -4.458227967341731, 3.0244849628510044, 0.823808464184893, 0.2817091168586113, 1.1766384976314488
1491, 14.903244773519162, 0.3004963901270329, 1.195131252095452, 1.8137717790035857, 1.8269442724015825, -12.989102671682943, -4.458227967341731, 2.9287323805787127, 0.761042724790481, 0.30049643876807913, 1.1951323617270901
1492, 14.913246951219511, 0.31798465278348453, 1.2131777834211008, 1.6838807522867563, 1.7823619927281653, -12.989102671682943, -4.458227967341731, 2.834451643237969, 0.7002774201751947, 0.3179841036380069, 1.2131777776658572
1493, 14.92324912891986, 0.33417400517276796, 1.2307784919500153, 1.5539897255699269, 1.7377797130547477, -12.989102671682943, -4.458227967341731, 2.7418805855800437, 0.6415903876132172, 0.33417323942613236, 1.2307777609019606
1494, 14.933251306620209, 0.3490644472948831, 1.2479333776821957, 1.4240986988530973, 1.6931974333813304, -12.989102671682943, -4.458227967341731, 2.651229183642866, 0.5850445371940255, 0.34906580414822536, 1.247935562464822
1495, 14.943253484320556, 0.36265597914983, 1.264642440617642, 1.2942076721362676, 1.648615153707913, -12.989102671682943, -4.458227967341731, 2.5626811323296947, 0.5306894349774233, 0.3626554200706335, 1.264643391663873
1496, 14.953255662020904, 0.3749486007376085, 1.2809056807563541, 1.1643166454194382, 1.6040328740344956, -12.989102671682943, -4.458227967341731, 2.476395398000089, 0.478562839488162, 0.3749491934721549, 1.2809050583543045
1497, 14.963257839721253, 0.3859423120582188, 1.296723098098332, 1.0344256187026089, 1.5594505943610784, -12.989102671682943, -4.458227967341731, 2.3925077250254185, 0.4286921807323408, 0.38594222449669124, 1.2967242568571342
1498, 14.973260017421602, 0.3956371131116607, 1.3120946926435757, 0.9045345919857789, 1.5148683146876611, -12.989102671682943, -4.458227967341731, 2.3111320784067084, 0.38109597304175324, 0.39563652405568484, 1.312096313958661
1499, 14.98326219512195, 0.40403300389793434, 1.3270204643920853, 0.7746435652689494, 1.4702860350142437, -12.989102671682943, -4.458227967341731, 2.2323620074426205, 0.33578515493698985, 0.404031292538964, 1.3270198119450618
1500, 14.9932643728223, 0.4111299844170397, 1.3415004133438606, 0.64475253855212, 1.4257037553408263, -12.989102671682943, -4.458227967341731, 2.156271918071148, 0.2927643508497231, 0.41112875487324135, 1.3415012302331357
1501, 15.003266550522646, 0.41692805466897676, 1.3555345394989018, 0.5148615118352905, 1.3811214756674088, -12.989102671682943, -4.458227967341731, 2.0829182438964042, 0.2520330509668978, 0.4169272392536237, 1.3555360841028237
1502, 15.013268728222995, 0.42142721465374555, 1.3691228428572089, 0.3849704851184609, 1.3365391959939916, -12.989102671682943, -4.458227967341731, 2.012340508061897, 0.21358670666488994, 0.42142539314868416, 1.3691245478029799
1503, 15.023270905923344, 0.42462746437134596, 1.3822653234187816, 0.25507945840163115, 1.2919569163205742, -12.989102671682943, -4.458227967341731, 1.9445622700575262, 0.17741774000245963, 0.42462823319693177, 1.3822673113254154
1504, 15.033273083623692, 0.42652880382177816, 1.3949619811836202, 0.12518843168480176, 1.247374636647157, -12.989102671682943, -4.458227967341731, 1.8795919532651597, 0.1435164665514283, 0.4265283118800176, 1.3949630669177764
1505, 15.043275261324041, 0.42713123300504197, 1.4072128161517248, -0.0047025950320278564, 1.2027923569737395, -12.989102671682943, -4.458227967341731, 1.8174235505749472, 0.11187193147833147, 0.42713172510567055, 1.4072121621454978
1506, 15.05327743902439, 0.42643475192113756, 1.4190178283230952, -0.13459362174885736, 1.158210077300322, -12.989102671682943, -4.458227967341731, 1.758037206760747, 0.08247265926443331, 0.42643247855647465, 1.4190172529959157
1507, 15.063279616724737, 0.42443936057006487, 1.4303770176977313, -0.264484648465687, 1.1136277976269047, -12.989102671682943, -4.458227967341731, 1.7013996775082196, 0.05530731778132558, 0.42443905308307983, 1.430376082761507
1508, 15.073281794425085, 0.42114505895182386, 1.4412903842756333, -0.3943756751825165, 1.0690455179534875, -12.989102671682943, -4.458227967341731, 1.6474646660638976, 0.030365297640892575, 0.4211447164352701, 1.4412893527092228
1509, 15.083283972125434, 0.41655184706641457, 1.451757928056801, -0.524266701899346, 1.02446323828007, -12.989102671682943, -4.458227967341731, 1.5961730394385045, 0.007637207827679182, 0.4165509463668207, 1.4517584259926068
1510, 15.093286149825783, 0.41065972491383695, 1.4617796490412347, -0.6541577286161755, 0.9798809586066528, -12.989102671682943, -4.458227967341731, 1.5474529269735953, -0.012884711385609648, 0.41065902878927535, 1.4617790606358636
1511, 15.103288327526132, 0.403468692494091, 1.4713555472289341, -0.7840487553330051, 0.9352986789332354, -12.989102671682943, -4.458227967341731, 1.5012197048873697, -0.031206257327056897, 0.4034687758472274, 1.47135476190358
1512, 15.11329050522648, 0.39497874980717684, 1.4804856226198995, -0.9139397820498345, 0.8907163992598182, -12.989102671682943, -4.458227967341731, 1.4573758711730265, -0.04733101486059926, 0.3949793271628612, 1.4804856352762543
1513, 15.123292682926827, 0.3851898968530943, 1.4891698752141305, -1.0438308087666643, 0.8461341195864006, -12.989102671682943, -4.458227967341731, 1.4158108159502145, -0.06126018681375295, 0.3851899315643554, 1.489170502177581
1514, 15.133294860627176, 0.374751588765428, 1.4976312164099943, -1.04383080876666, 0.8461341195864022, 0.0, 0.0, 2.399896743294882, 0.15370566842008443, 0.37475160219973397, 1.4976301868473347
1515, 15.143297038327525, 0.3643132806777614, 1.5060925576058581, -1.04383080876666, 0.8461341195864022, 0.0, 0.0, 2.4146909335309537, 0.15556892113056203, 0.36431156797169, 1.5060911959278613
1516, 15.153299216027873, 0.3538749725900948, 1.5145538988017222, -1.04383080876666, 0.8461341195864022, 0.0, 0.0, 2.429135557689686, 0.1574317474379529, 0.3538738263455331, 1.5145534606989732
1517, 15.163301393728222, 0.3434366645024282, 1.5230152399975863, -1.04383080876666, 0.8461341195864022, 0.0, 0.0, 2.4432292368426674, 0.1592941393073325, 0.34343677540881457, 1.5230150222016974
1518, 15.173303571428571, 0.3329983564147616, 1.5314765811934503, -1.04383080876666, 0.8461341195864022, 0.0, 0.0, 2.456970630361383, 0.16115608881090715, 0.33299797639406903, 1.531476531062383
1519, 15.183305749128918, 0.322560048327095, 1.5399379223893144, -1.04383080876666, 0.8461341195864022, 0.0, 0.0, 2.4703584360625066, 0.16301758812809053, 0.32256093520338613, 1.539937291063987
1520, 15.193307926829267, 0.3121217402394284, 1.5483992635851784, -1.04383080876666, 0.8461341195864022, 0.0, 0.0, 2.4833913903489915, 0.16487862954557375, 0.31212182745077455, 1.548398757751043
1521, 15.203310104529615, 0.3016834321517618, 1.5568606047810425, -1.04383080876666, 0.8461341195864022, 0.0, 0.0, 2.496068268346979, 0.16673920545738669, 0.3016826321919378, 1.5568591685306896
1522, 15.213312282229964, 0.2912451240640952, 1.5653219459769065, -1.04383080876666, 0.8461341195864022, 0.0, 0.0, 2.5083878840384783, 0.16859930836495174, 0.2912435338898587, 1.565322749177343
1523, 15.223314459930313, 0.2808068159764286, 1.5737832871727706, -1.04383080876666, 0.8461341195864022, 0.0, 0.0, 2.52034909038982, 0.1704589308771287, 0.2808086845572073, 1.5737845383967293
1524, 15.233316637630661, 0.27036850788876193, 1.5822446283686344, -1.04383080876666, 0.8461341195864022, 0.0, 0.0, 2.53195077947587, 0.17231806571025354, 0.2703679418204525, 1.5822454827583314
1525, 15.243318815331008, 0.25993019980109533, 1.5907059695644985, -1.04383080876666, 0.8461341195864022, 0.0, 0.0, 2.543191882599976, 0.17417670568816604, 0.2599298647778127, 1.5907059814834719
1526, 15.253320993031357, 0.24949189171342873, 1.5991673107603626, -1.04383080876666, 0.8461341195864022, 0.0, 0.0, 2.5540713704096567, 0.17603484374223355, 0.24949056834279826, 1.599165696691935
1527, 15.263323170731706, 0.23905358362576212, 1.6076286519562266, -1.04383080876666, 0.8461341195864022, 0.0, 0.0, 2.564588253007995, 0.17789247291136331, 0.2390508899608348, 1.6076295282837922
1528, 15.273325348432055, 0.22861527553809552, 1.6160899931520907, -1.04383080876666, 0.8461341195864022, 0.0, 0.0, 2.5747415800607443, 0.17974958634200838, 0.22861518534071332, 1.616091462420692
1529, 15.283327526132403, 0.21817696745042892, 1.6245513343479547, -1.04383080876666, 0.8461341195864022, 0.0, 0.0, 2.5845304408991203, 0.1816061772881654, 0.21817637630958586, 1.624551186659029
1530, 15.293329703832752, 0.2077386593627623, 1.6330126755438186, -1.04383080876666, 0.8461341195864022, 0.0, 0.0, 2.5939539646182843, 0.18346223911136417, 0.20773813043842587, 1.6330130761310269
1531, 15.303331881533099, 0.1973003512750957, 1.6414740167396826, -1.04383080876666, 0.8461341195864022, 0.0, 0.0, 2.603011320171491, 0.18531776528064914, 0.19730044517742854, 1.6414743062206436
1532, 15.313334059233448, 0.1868620431874291, 1.6499353579355467, -1.04383080876666, 0.8461341195864022, 0.0, 0.0, 2.6117017164598937, 0.18717274937255365, 0.1868615447836479, 1.6499373637625883
1533, 15.323336236933796, 0.1764237350997625, 1.6583966991314107, -1.04383080876666, 0.8461341195864022, 0.0, 0.0, 2.6200244024180095, 0.18902718507106558, 0.17642495004092087, 1.6583958760996027
1534, 15.333338414634145, 0.1659854270120959, 1.6668580403272748, -1.04383080876666, 0.8461341195864022, 0.0, 0.0, 2.6279786670948226, 0.19088106616758477, 0.165984692920064, 1.6668563989634537
1535, 15.343340592334494, 0.15554711892442924, 1.6753193815231389, -1.04383080876666, 0.8461341195864022, 0.0, 0.0, 2.6355638397305152, 0.19273438656087338, 0.15554721085480966, 1.675318727381108
1536, 15.353342770034843, 0.14510881083676264, 1.683780722719003, -1.04383080876666, 0.8461341195864022, 0.0, 0.0, 2.642779289828829, 0.19458714025699744, 0.14510917142409738, 1.6837799828977544
1537, 15.36334494773519, 0.13467050274909603, 1.692242063914867, -1.04383080876666, 0.8461341195864022, 0.0, 0.0, 2.6496244272250444, 0.19643932136926098, 0.13467076708473497, 1.692239594067444
1538, 15.373347125435538, 0.12423219466142943, 1.700703405110731, -1.04383080876666, 0.8461341195864022, 0.0, 0.0, 2.65609870214956, 0.19829092411813207, 0.12423222551402045, 1.7007025569033398
1539, 15.383349303135887, 0.11379388657376283, 1.7091647463065949, -1.04383080876666, 0.8461341195864022, 0.0, 0.0, 2.662201605287088, 0.20014194283116102, 0.11379398124647386, 1.709164614496823
1540, 15.393351480836236, 0.10335557848609622, 1.717626087502459, -1.04383080876666, 0.8461341195864022, 0.0, 0.0, 2.6679326678314292, 0.20199237194288994, 0.10335846517650457, 1.7176272946663842
1541, 15.403353658536584, 0.09291727039842956, 1.726087428698323, -1.04383080876666, 0.8461341195864022, 0.0, 0.0, 2.673291461535852, 0.2038422059947559, 0.09291751397477678, 1.726086408208108
1542, 15.413355836236933, 0.08247896231076302, 1.734548769894187, -1.04383080876666, 0.8461341195864022, 0.0, 0.0, 2.6782775987590504, 0.20569143963498465, 0.08247961873266864, 1.7345496368305484
1543, 15.423358013937282, 0.07204065422309647, 1.7430101110900509, -1.04383080876666, 0.8461341195864022, 0.0, 0.0, 2.682890732506677, 0.20754006761847757, 0.07204052932609921, 1.7430112588592759
1544, 15.433360191637629, 0.06160234613542981, 1.751471452285915, -1.04383080876666, 0.8461341195864022, 0.0, 0.0, 2.687130556468459, 0.2093880848066894, 0.061602773482554725, 1.7514705272581872
1545, 15.443362369337978, 0.05116403804776326, 1.759932793481779, -1.04383080876666, 0.8461341195864022, 0.0, 0.0, 2.6909968050508772, 0.21123548616749985, 0.05116426894678304, 1.7599333470809262
1546, 15.453364547038326, 0.0407257299600966, 1.768394134677643, -1.04383080876666, 0.8461341195864022, 0.0, 0.0, 2.694489253405418, 0.2130822667750762, 0.040724720243019694, 1.7683952225578239
1547, 15.463366724738675, 0.030287421872430054, 1.7768554758735071, -1.04383080876666, 0.8461341195864022, 0.0, 0.0, 2.697607717452388, 0.21492842180972765, 0.030286463796426886, 1.7768558063326794
1548, 15.473368902439024, 0.019849113784763395, 1.7853168170693712, -1.04383080876666, 0.8461341195864022, 0.0, 0.0, 2.700352053900287, 0.21677394655775342, 0.019848666841123797, 1.785316116784361
1549, 15.483371080139372, 0.009410805697096847, 1.7937781582652352, -1.04383080876666, 0.8461341195864022, 0.0, 0.0, 2.7027221602607443, 0.21861883641128116, 0.009410111338241888, 1.7937779412866481
1550, 15.49337325783972, -0.0010275023905698122, 1.8022394994610993, -1.04383080876666, 0.8461341195864022, 0.0, 0.0, 2.7047179748590104, 0.22046308686809943, -0.0010275296958621573, 1.8022401140198487
1551, 15.503375435540068, -0.01146581047823636, 1.8107008406569634, -1.04383080876666, 0.8461341195864022, 0.0, 0.0, 2.7063394768400095, 0.22230669353148003, -0.01146649976619746, 1.8107001561038687
1552, 15.513377613240417, -0.02190411856590302, 1.8191621818528274, -1.04383080876666, 0.8461341195864022, 0.0, 0.0, 2.707586686169937, 0.22414965210999552, -0.021903207188835157, 1.8191631574656077
1553, 15.523379790940766, -0.03234242665356968, 1.8276235230486915, -1.04383080876666, 0.8461341195864022, 0.0, 0.0, 2.7084596636334317, 0.22599195841732597, -0.03234339268087324, 1.8276229905134558
1554, 15.533381968641114, -0.042780734741236226, 1.8360848642445553, -1.04383080876666, 0.8461341195864022, 0.0, 0.0, 2.7089585108262817, 0.22783360837206026, -0.04278080880291811, 1.8360839345069
1555, 15.543384146341463, -0.053219042828902885, 1.8445462054404194, -1.04383080876666, 0.8461341195864022, 0.0, 0.0, 2.709083370143705, 0.22967459799748807, -0.0532211975552986, 1.844546726249966
1556, 15.55338632404181, -0.06365735091656943, 1.8530075466362834, -1.04383080876666, 0.8461341195864022, 0.0, 0.0, 2.708834424764181, 0.23151492342138533, -0.06365815654502324, 1.8530081789091615
1557, 15.563388501742159, -0.07409565900423609, 1.8614688878321475, -1.04383080876666, 0.8461341195864022, 0.0, 0.0, 2.7082118986288397, 0.23335458087579136, -0.07409659503093396, 1.861470252147111
1558, 15.573390679442507, -0.08453396709190264, 1.8699302290280113, -1.04383080876666, 0.8461341195864022, 0.0, 0.0, 2.7072160564164185, 0.2351935666967781, -0.08453495773409882, 1.8699301129681947
1559, 15.583392857142856, -0.0949722751795693, 1.8783915702238754, -1.04383080876666, 0.8461341195864022, 0.0, 0.0, 2.705847203513779, 0.23703187732421221, -0.09497269051569246, 1.8783918368255343
1560, 15.593395034843205, -0.10541058326723585, 1.8868529114197394, -1.04383080876666, 0.8461341195864022, 0.0, 0.0, 2.704105685981997, 0.2388695093015089, -0.10541171354285239, 1.8868526744235954
1561, 15.603397212543554, -0.1158488913549025, 1.8953142526156035, -1.04383080876666, 0.8461341195864022, 0.0, 0.0, 2.7019918905180167, 0.24070645927537965, -0.11584924694575834, 1.8953136473780272
1562, 15.6133993902439, -0.12628719944256905, 1.9037755938114675, -1.04383080876666, 0.8461341195864022, 0.0, 0.0, 2.6995062444118907, 0.2425427239955696, -0.12628777371276942, 1.90377545287024
1563, 15.62340156794425, -0.1367255075302357, 1.9122369350073316, -1.04383080876666, 0.8461341195864022, 0.0, 0.0, 2.696649215499592, 0.24437830031459018, -0.13672433428545128, 1.9122339610263848
1564, 15.633403745644598, -0.14716381561790237, 1.9206982762031957, -1.04383080876666, 0.8461341195864022, 0.0, 0.0, 2.693421312111415, 0.24621318518744245, -0.1471616810661575, 1.9206985244007275
1565, 15.643405923344947, -0.15760212370556892, 1.9291596173990597, -1.04383080876666, 0.8461341195864022, 0.0, 0.0, 2.6898230830159706, 0.248047375671333, -0.1576016072825948, 1.929158181378526
1566, 15.653408101045295, -0.16804043179323558, 1.9376209585949238, -1.04383080876666, 0.8461341195864022, 0.0, 0.0, 2.6858551173597722, 0.24988086892538383, -0.16804084075159884, 1.9376218508814103
1567, 15.663410278745644, -0.17847873988090213, 1.9460822997907878, -1.04383080876666, 0.8461341195864022, 0.0, 0.0, 2.681518044602433, 0.2517136622103323, -0.17847854395949048, 1.946081182893217
1568, 15.673412456445991, -0.18891704796856879, 1.954543640986652, -1.04383080876666, 0.8461341195864022, 0.0, 0.0, 2.676812534447467, 0.25354575288822595, -0.1889157929883263, 1.9545432055438756
1569, 15.68341463414634, -0.19935535605623533, 1.9630049821825157, -1.04383080876666, 0.8461341195864022, 0.0, 0.0, 2.671739296768719, 0.25537713842210785, -0.19935443585936727, 1.9630062293124324
1570, 15.693416811846689, -0.209793664143902, 1.9714663233783798, -1.04383080876666, 0.8461341195864022, 0.0, 0.0, 2.6662990815324026, 0.25720781637569656, -0.20979327912822582, 1.9714662811746104
1571, 15.703418989547037, -0.22023197223156854, 1.9799276645742439, -1.04383080876666, 0.8461341195864022, 0.0, 0.0, 2.6604926787148018, 0.2590377844130566, -0.22023242233171503, 1.9799282837728314
1572, 15.713421167247386, -0.2306702803192352, 1.988389005770108, -1.04383080876666, 0.8461341195864022, 0.0, 0.0, 2.6543209182155842, 0.2608670402982637, -0.2306702554181515, 1.9883878895660139
1573, 15.723423344947735, -0.24110858840690175, 1.9968503469659717, -1.04383080876666, 0.8461341195864022, 0.0, 0.0, 2.6477846697667964, 0.2626955818950602, -0.24110963983230863, 1.996850478197596
1574, 15.733425522648082, -0.2515468964945684, 2.005311688161836, -1.04383080876666, 0.8461341195864022, 0.0, 0.0, 2.6408848428374965, 0.2645234071665055, -0.2515474068442974, 2.0053110578169506
1575, 15.74342770034843, -0.26198520458223495, 2.0137730293577, -1.04383080876666, 0.8461341195864022, 0.0, 0.0, 2.633622386534088, 0.266350514174618, -0.26198381667711435, 2.0137745826520974
1576, 15.75342987804878, -0.2724235126699016, 2.022234370553564, -1.04383080876666, 0.8461341195864022, 0.0, 0.0, 2.6259982894963154, 0.2681769010800098, -0.2724235046563007, 2.022234390609553
1577, 15.763432055749128, -0.28286182075756827, 2.030695711749428, -1.04383080876666, 0.8461341195864022, 0.0, 0.0, 2.618013579788967, 0.27000256614151424, -0.28286312607319186, 2.030695111702367
1578, 15.773434233449477, -0.2933001288452348, 2.039157052945292, -1.04383080876666, 0.8461341195864022, 0.0, 0.0, 2.6096693247892775, 0.27182750771580677, -0.29329998218458897, 2.039157758723603
1579, 15.783436411149825, -0.3037384369329015, 2.047618394141156, -1.04383080876666, 0.8461341195864022, 0.0, 0.0, 2.6009666310700674, 0.27365172425701734, -0.3037386666011061, 2.0476174552079263
1580, 15.793438588850172, -0.314176745020568, 2.05607973533702, -1.04383080876666, 0.8461341195864022, 0.0, 0.0, 2.591906644278593, 0.27547521431633715, -0.3141764019623589, 2.056079738977244
1581, 15.803440766550521, -0.3246150531082347, 2.064541076532884, -1.04383080876666, 0.8461341195864022, 0.0, 0.0, 2.582490549011156, 0.2772979765416179, -0.3246154675925061, 2.0645385499988396
1582, 15.81344294425087, -0.33505336119590123, 2.0730024177287483, -1.04383080876666, 0.8461341195864022, 0.0, 0.0, 2.5727195686834716, 0.2791200096769626, -0.3350545313622999, 2.0730016869597354
1583, 15.823445121951218, -0.3454916692835679, 2.0814637589246123, -1.04383080876666, 0.8461341195864022, 0.0, 0.0, 2.5625949653968063, 0.28094131256231103, -0.3454915945951618, 2.0814641719903975
1584, 15.833447299651567, -0.3553044063837351, 2.089077229312036, -0.9380964727856779, 0.6922693639882092, 8.635447446208287, -13.815534950835318, 2.9943137103656436, 0.059874065961262324, -0.35530391735267686, 2.089076258039402
1585, 15.843449477351916, -0.3642535987392815, 2.0953091462043765, -0.8517419983235949, 0.5541140144798559, 8.635447446208287, -13.815534950835318, 3.0257249255993233, -0.010238960041547784, -0.36425453313062367, 2.0953100247753196
1586, 15.853451655052263, -0.372339246350207, 2.1001595096016334, -0.7653875238615118, 0.41595866497150275, 8.635447446208287, -13.815534950835318, 3.058737997228078, -0.0793559854397414, -0.37233863264828193, 2.1001616200995468
1587, 15.863453832752612, -0.37956134921651175, 2.1036283195038066, -0.679033049399429, 0.2778033154631494, 8.635447446208287, -13.815534950835318, 3.093412470445309, -0.14748558547338442, -0.3795609829228177, 2.1036288760914394
1588, 15.87345601045296, -0.3859199073381956, 2.1057155759108963, -0.5926785749373459, 0.13964796595479612, 8.635447446208287, -13.815534950835318, 3.1298011834065225, -0.21463477067316666, -0.3859192868026945, 2.105714935036943
1589, 15.883458188153309, -0.39141492071525863, 2.1064212788229026, -0.506324100475263, 0.0014926164464427183, 8.635447446208287, -13.815534950835318, 3.167950455352005, -0.280808886778438, -0.39141535253484006, 2.1064225239141505
1590, 15.893460365853658, -0.39604638934770087, 2.105745428239825, -0.4199696260131801, -0.13666273306191046, 8.635447446208287, -13.815534950835318, 3.207900247916738, -0.3460115456473412, -0.3960465215136085, 2.1057453086060507
1591, 15.903462543554006, -0.3998143132355223, 2.1036880241616642, -0.3336151515510971, -0.27481808257026386, 8.635447446208287, -13.815534950835318, 3.249684298789458, -0.41024458662886054, -0.39981545473405616, 2.1036870183699086
1592, 15.913464721254353, -0.4027186923787228, 2.10024906658842, -0.247260677089014, -0.41297343207861714, 8.635447446208287, -13.815534950835318, 3.293330226969763, -0.473508068057582, -0.4027197158960998, 2.1002481970426365
1593, 15.923466898954702, -0.40475952677730254, 2.0954285555200918, -0.160906202626931, -0.5511287815869704, 8.635447446208287, -13.815534950835318, 3.3388596089462466, -0.5358002887304416, -0.4047603203214173, 2.095429449846093
1594, 15.93346907665505, -0.40593681643126145, 2.0892264909566807, -0.07455172816484812, -0.6892841310953236, 8.635447446208287, -13.815534950835318, 3.3862880251833767, -0.5971178394255352, -0.4059363388011616, 2.089225887676276
1595, 15.9434712543554, -0.4062505613405995, 2.0816428728981853, 0.011802746297234878, -0.8274394806036771, 8.635447446208287, -13.815534950835318, 3.4356250763638467, -0.6574556847209861, -0.4062515480548202, 2.0816420524159236
1596, 15.953473432055748, -0.40570076150531675, 2.072677701344607, 0.09815722075931776, -0.9655948301120304, 8.635447446208287, -13.815534950835318, 3.486874368889768, -0.7168072755617672, -0.405699249797121, 2.072677100542167
1597, 15.963475609756097, -0.40428741692541315, 2.0623309762959448, 0.18451169522140065, -1.1037501796203837, 8.635447446208287, -13.815534950835318, 3.5400334692043964, -0.7751646931988603, -0.40428783521468054, 2.0623305409131585
1598, 15.973477787456444, -0.40201052760088873, 2.050602697752199, 0.27086616968348365, -1.2419055291287369, 8.635447446208287, -13.815534950835318, 3.5950938265592822, -0.8325188252829089, -0.402011215415439, 2.050604056779674
1599, 15.983479965156793, -0.39887009353174346, 2.03749286571337, 0.35722064414556665, -1.3800608786370903, 8.635447446208287, -13.815534950835318, 3.6520406639241405, -0.8888595750278507, -0.3988698989168267, 2.0374917301923907
1600, 15.993482142857141, -0.3948661147179774, 2.0230014801794574, 0.44357511860764964, -1.5182162281454437, 8.635447446208287, -13.815534950835318, 3.710852836821929, -0.9441761044631922, -0.394866633041655, 2.0230011084625295
1601, 16.00348432055749, -0.38999859115959046, 2.007128541150461, 0.5299295930697328, -1.6563715776537968, 8.635447446208287, -13.815534950835318, 3.7715026599738, -0.9984571128604904, -0.38999906390520694, 2.0071295139668384
1602, 16.013486498257837, -0.3842675228565827, 1.9898740486263815, 0.6162840675318155, -1.7945269271621502, 8.635447446208287, -13.815534950835318, 3.8339557017619335, -1.0516911514439393, -0.38426634070636534, 1.9898763393888605
1603, 16.023488675958188, -0.3776729098089542, 1.971238002607218, 0.7026385419938986, -1.9326822766705034, 8.635447446208287, -13.815534950835318, 3.8981705466670458, -1.1038669754701802, -0.37767510658308884, 1.9712367987654047
1604, 16.033490853658535, -0.37021475201670473, 1.9512204030929712, 0.7889930164559816, -2.070837626178857, 8.635447446208287, -13.815534950835318, 3.964098526016068, -1.1549739346817285, -0.3702146173920093, 1.9512190027282856
1605, 16.043493031358885, -0.36189304947983447, 1.929821250083641, 0.8753474909180645, -2.2089929756872095, 8.635447446208287, -13.815534950835318, 4.031683417588622, -1.2050024029947246, -0.36189281938638546, 1.9298225727024756
1606, 16.053495209059232, -0.3527078021983434, 1.907040543579227, 0.9617019653801475, -2.3471483251955636, 8.635447446208287, -13.815534950835318, 4.100861114883072, -1.2539442480679495, -0.3527070241288949, 1.9070398042570311
1607, 16.06349738675958, -0.34265901017223155, 1.8828782835797298, 1.0480564398422305, -2.4853036747039168, 8.635447446208287, -13.815534950835318, 4.171559267138808, -1.3017933411089062, -0.3426602489619971, 1.882879971271516
1608, 16.07349956445993, -0.33174667340149877, 1.8573344700851488, 1.1344109143043135, -2.6234590242122704, 8.635447446208287, -13.815534950835318, 4.243696891555496, -1.3485461068971227, -0.33174633053794744, 1.8573335318119324
1609, 16.083501742160276, -0.3199707918861453, 1.830409103095484, 1.2207653887663963, -2.761614373720623, 8.635447446208287, -13.815534950835318, 4.3171839595469645, -1.3942021135375993, -0.31997038200476413, 1.8304098521601881
1610, 16.093503919860627, -0.3073313656261709, 1.8021021826107362, 1.3071198632284793, -2.8997697232289767, 8.635447446208287, -13.815534950835318, 4.391920959321309, -1.4387647008919007, -0.3073319170628174, 1.8021023808791157
1611, 16.103506097560974, -0.2938283946215756, 1.7724137086309046, 1.393474337690562, -3.03792507273733, 8.635447446208287, -13.815534950835318, 4.4677984375937605, -1.4822416459645484, -0.2938283910317879, 1.7724128118873836
1612, 16.113508275261324, -0.2794618788723596, 1.7413436811559895, 1.4798288121526453, -3.176080422245683, 8.635447446208287, -13.815534950835318, 4.544696523818437, -1.5246458627428796, -0.27946261605192246, 1.7413438464381903
1613, 16.12351045296167, -0.2642318183785227, 1.708892100185991, 1.566183286614728, -3.3142357717540363, 8.635447446208287, -13.815534950835318, 4.622484440972052, -1.5659961330949734, -0.26423132903557073, 1.7088918817453864
1614, 16.13351263066202, -0.248138213140065, 1.6750589657209085, 1.652537761076811, -3.4523911212623903, 8.635447446208287, -13.815534950835318, 4.701020007639267, -1.6063178643198113, -0.2481407626917105, 1.6750577669402513
1615, 16.14351480836237, -0.23118106315698644, 1.639844277760743, 1.738892235538894, -3.590546470770743, 8.635447446208287, -13.815534950835318, 4.780149136936735, -1.6456438678152792, -0.23118099938306957, 1.6398441517469526
1616, 16.153516986062716, -0.21336036842928707, 1.603248036305494, 1.8252467100009768, -3.7287018202790967, 8.635447446208287, -13.815534950835318, 4.859705338670828, -1.6840151520838762, -0.21335986144208002, 1.6032473941219392
1617, 16.163519163763066, -0.1946761289569669, 1.5652702413551611, 1.91160118446306, -3.86685716978745, 8.635447446208287, -13.815534950835318, 4.93950923205119, -1.721481721936547, -0.19467440363395733, 1.5652714618787664
1618, 16.173521341463413, -0.1751283447400258, 1.5259108929097447, 1.997955658925143, -4.0050125192958035, 8.635447446208287, -13.815534950835318, 5.0193680772751375, -1.758103374288386, -0.17512635510614977, 1.525910889905099
1619, 16.18352351916376, -0.15471701577846397, 1.4851699909692448, 2.084310133387226, -4.143167868804156, 8.635447446208287, -13.815534950835318, 5.099075335351376, -1.7939504793759655, -0.15471732507931174, 1.485170116927973
1620, 16.19352569686411, -0.13344214207228128, 1.4430475355336616, 2.170664607849309, -4.28132321831251, 8.635447446208287, -13.815534950835318, 5.178410266637731, -1.82910473457874, -0.13344170678713693, 1.4430477909394313
1621, 16.203527874564458, -0.11130372362147778, 1.3995435266029945, 2.257019082311392, -4.419478567820863, 8.635447446208287, -13.815534950835318, 5.25713757971643, -1.8636598763146834, -0.1113033009456534, 1.3995437204319576
1622, 16.213530052264808, -0.08830176042605348, 1.3546579641772443, 2.3433735567734746, -4.557633917329216, 8.635447446208287, -13.815534950835318, 5.335007143408465, -1.8977223337265765, -0.08830294204785646, 1.354659399352755
1623, 16.223532229965155, -0.06443625248600826, 1.3083908482564102, 2.429728031235558, -4.695789266837569, 8.635447446208287, -13.815534950835318, 5.411753775919456, -1.931411806108918, -0.06443478480059076, 1.3083921622217265
1624, 16.233534407665505, -0.040138972173653475, 1.2614329555880361, 2.429728031235555, -4.695789266837565, 0.0, 0.0, 4.992324162960253, -1.8998465352067857, -0.04013882165089223, 1.2614322627000627
1625, 16.243536585365852, -0.015841691861297913, 1.2144750629196603, 2.429728031235555, -4.695789266837565, 0.0, 0.0, 5.015197568067768, -1.8808810220806584, -0.015841770353135404, 1.214474874788884
1626, 16.2535387630662, 0.00845558845105765, 1.1675171702512848, 2.429728031235555, -4.695789266837565, 0.0, 0.0, 5.03583165733866, -1.8623424468560579, 0.00845444418495417, 1.1675168654912018
1627, 16.26354094076655, 0.03275286876341321, 1.120559277582909, 2.429728031235555, -4.695789266837565, 0.0, 0.0, 5.054216264397653, -1.8442368528924722, 0.03275450162168913, 1.1205574020498537
1628, 16.273543118466897, 0.057050149075768775, 1.0736013849145334, 2.429728031235555, -4.695789266837565, 0.0, 0.0, 5.070342586245238, -1.826569656319307, 0.0570520508661796, 1.0736007779358834
1629, 16.283545296167247, 0.08134742938812434, 1.0266434922461576, 2.429728031235555, -4.695789266837565, 0.0, 0.0, 5.084203186586162, -1.8093456518104647, 0.08134949293359035, 1.0266437795003618
1630, 16.293547473867594, 0.1056447097004799, 0.979685599577782, 2.429728031235555, -4.695789266837565, 0.0, 0.0, 5.095791998250573, -1.792569019551837, 0.10564322564399646, 0.9796851439742769
1631, 16.30354965156794, 0.12994199001283546, 0.9327277069094062, 2.429728031235555, -4.695789266837565, 0.0, 0.0, 5.105104324709387, -1.7762433333773315, 0.12994412927077217, 0.9327269817780647
1632, 16.31355182926829, 0.15423927032519114, 0.8857698142410306, 2.429728031235555, -4.695789266837565, 0.0, 0.0, 5.112136840686211, -1.760371570046599, 0.15423841774165148, 0.8857683916935816
1633, 16.32355400696864, 0.1785365506375467, 0.8388119215726548, 2.429728031235555, -4.695789266837565, 0.0, 0.0, 5.116887591868907, -1.7449561196351837, 0.17853560687878675, 0.8388126370591753
1634, 16.33355618466899, 0.20283383094990226, 0.7918540289042793, 2.429728031235555, -4.695789266837565, 0.0, 0.0, 5.119355993724607, -1.7299987970054977, 0.20283327626476483, 0.7918530945503338
1635, 16.343558362369336, 0.22713111126225782, 0.7448961362359034, 2.429728031235555, -4.695789266837565, 0.0, 0.0, 5.119542829422776, -1.7155008543247259, 0.2271289031017679, 0.7448977426764605
1636, 16.353560540069687, 0.2514283915746134, 0.6979382435675279, 2.429728031235555, -4.695789266837565, 0.0, 0.0, 5.117450246871605, -1.7014629945935855, 0.2514284675084724, 0.6979373345163915
1637, 16.363562717770034, 0.27572567188696895, 0.6509803508991521, 2.429728031235555, -4.695789266837565, 0.0, 0.0, 5.1130817548737495, -1.687885386147748, 0.27572463420593013, 0.6509788239915992
1638, 16.37356489547038, 0.3000229521993245, 0.6040224582307765, 2.429728031235555, -4.695789266837565, 0.0, 0.0, 5.106442218408119, -1.6747676780917158, 0.3000248811018512, 0.6040214838474935
1639, 16.38356707317073, 0.3243202325116801, 0.5570645655624007, 2.429728031235555, -4.695789266837565, 0.0, 0.0, 5.09753785304514, -1.6621090166230013, 0.3243203631507721, 0.5570646044983388
1640, 16.393569250871078, 0.34861751282403564, 0.5101066728940251, 2.429728031235555, -4.695789266837565, 0.0, 0.0, 5.086376218503575, -1.6499080622026487, 0.34861921037958965, 0.5101061464665119
1641, 16.40357142857143, 0.3729147931363912, 0.4631487802256493, 2.429728031235555, -4.695789266837565, 0.0, 0.0, 5.0729662113576115, -1.6381630075263827, 0.37291595491655555, 0.4631475883387765
1642, 16.413573606271775, 0.39721207344874676, 0.41619088755727374, 2.429728031235555, -4.695789266837565, 0.0, 0.0, 5.057318056903656, -1.6268715962490554, 0.39721299972056556, 0.41619051917515043
1643, 16.423575783972126, 0.4215093537611023, 0.36923299488889794, 2.429728031235555, -4.695789266837565, 0.0, 0.0, 5.039443300196828, -1.6160311424135458, 0.4215098547235315, 0.3692329197859882
1644, 16.433577961672473, 0.4458066340734579, 0.32227510222052236, 2.429728031235555, -4.695789266837565, 0.0, 0.0, 5.019354796267775, -1.6056385505338517, 0.4458072542241018, 0.3222758253672591
1645, 16.44358013937282, 0.47010391438581356, 0.27531720955214656, 2.429728031235555, -4.695789266837565, 0.0, 0.0, 4.997066699531086, -1.5956903362808275, 0.47010493803572223, 0.27531848191624325
1646, 16.45358231707317, 0.4944011946981691, 0.22835931688377098, 2.429728031235555, -4.695789266837565, 0.0, 0.0, 4.972594452397052, -1.5861826477178473, 0.49440182197322785, 0.2283589472658019
1647, 16.463584494773517, 0.5186984750105247, 0.1814014242153954, 2.429728031235555, -4.695789266837565, 0.0, 0.0, 4.945954773099185, -1.5771112870326172, 0.5186977839921288, 0.18140006255253174
1648, 16.473586672473868, 0.5429957553228802, 0.13444353154701938, 2.429728031235555, -4.695789266837565, 0.0, 0.0, 4.917165642750386, -1.5684717327104192, 0.5429948389726171, 0.13444272994804518
1649, 16.483588850174215, 0.5672930356352358, 0.0874856388786438, 2.429728031235555, -4.695789266837565, 0.0, 0.0, 4.886246291641176, -1.560259162093287, 0.5672933662767298, 0.08748570717294431
1650, 16.49359102787456, 0.5915903159475914, 0.04052774621026822, 2.429728031235555, -4.695789266837565, 0.0, 0.0, 4.853217184793946, -1.5524684742688941, 0.591589527420671, 0.04052621951451092
1651, 16.503593205574912, 0.6158875962599469, -0.006430146458107355, 2.429728031235555, -4.695789266837565, 0.0, 0.0, 4.818100006787608, -1.5450943132324078, 0.615887866812814, -0.006430536504941249
1652, 16.51359538327526, 0.6401848765723025, -0.05338803912648338, 2.429728031235555, -4.695789266837565, 0.0, 0.0, 4.780917645867514, -1.538131091264134, 0.6401846451071423, -0.05338751414057132
1653, 16.52359756097561, 0.6644821568846578, -0.10034593179485851, 2.429728031235555, -4.695789266837565, 0.0, 0.0, 4.741694177355956, -1.5315730124654594, 0.6644809987453213, -0.10034486065915313
1654, 16.533599738675957, 0.6887794371970134, -0.14730382446323453, 2.429728031235555, -4.695789266837565, 0.0, 0.0, 4.700454846378961, -1.5254140963954472, 0.688777449261717, -0.1473053347018839
1655, 16.543601916376307, 0.7130767175093692, -0.1942617171316101, 2.429728031235555, -4.695789266837565, 0.0, 0.0, 4.657226049925474, -1.5196482017504107, 0.7130777465140659, -0.19426051050134374
1656, 16.553604094076654, 0.7373739978217247, -0.2412196097999857, 2.429728031235555, -4.695789266837565, 0.0, 0.0, 4.61203531825544, -1.5142690500288534, 0.7373743836267581, -0.24122067605463826
1657, 16.563606271777, 0.7616712781340803, -0.28817750246836127, 2.429728031235555, -4.695789266837565, 0.0, 0.0, 4.564911295673593, -1.5092702491244192, 0.7616710924306449, -0.28817694293784824
1658, 16.57360844947735, 0.7859685584464359, -0.3351353951367373, 2.429728031235555, -4.695789266837565, 0.0, 0.0, 4.515883720686114, -1.5046453167898235, 0.7859697478719486, -0.33513529623954835
1659, 16.5836106271777, 0.8102658387587914, -0.38209328780511287, 2.429728031235555, -4.695789266837565, 0.0, 0.0, 4.464983405557637, -1.5003877039152236, 0.8102676090325793, -0.3820924846939994
1660, 16.59361280487805, 0.834563119071147, -0.42905118047348845, 2.429728031235555, -4.695789266837565, 0.0, 0.0, 4.412242215286313, -1.4964908175650993, 0.8345636047862003, -0.42905186100859294
1661, 16.603614982578396, 0.8588603993835026, -0.476009073141864, 2.429728031235555, -4.695789266837565, 0.0, 0.0, 4.357693046014975, -1.4929480437184308, 0.8588609804087369, -0.47600775721940936
1662, 16.613617160278743, 0.8831576796958581, -0.52296696581024, 2.429728031235555, -4.695789266837565, 0.0, 0.0, 4.3013698028966045, -1.489752769657838, 0.8831564156976743, -0.522968416668214
1663, 16.623619337979093, 0.9074549600082137, -0.5699248584786156, 2.429728031235555, -4.695789266837565, 0.0, 0.0, 4.243307377432575, -1.4868984059543036, 0.9074570963283833, -0.5699243524216906
1664, 16.63362151567944, 0.9317522403205692, -0.6168827511469912, 2.429728031235555, -4.695789266837565, 0.0, 0.0, 4.183541624302315, -1.4843784079952091, 0.931751472225056, -0.6168829899107506
1665, 16.64362369337979, 0.9560495206329248, -0.6638406438153668, 2.429728031235555, -4.695789266837565, 0.0, 0.0, 4.122109337703188, -1.4821862970046369, 0.9560487648765785, -0.6638389222362386
1666, 16.653625871080138, 0.9803468009452804, -0.7107985364837428, 2.429728031235555, -4.695789266837565, 0.0, 0.0, 4.059048227219566, -1.4803156805061979, 0.9803470051852725, -0.7107991952748473
1667, 16.663628048780488, 1.004644081257636, -0.7577564291521184, 2.429728031235555, -4.695789266837565, 0.0, 0.0, 3.994396893240163, -1.4787602721801099, 1.0046429447751277, -0.757755960909273
1668, 16.673630226480835, 1.0289413615699914, -0.804714321820494, 2.429728031235555, -4.695789266837565, 0.0, 0.0, 3.9281948019428414, -1.4775139110677808, 1.0289423717363635, -0.8047158794074265
1669, 16.683632404181182, 1.0532386418823472, -0.8516722144888695, 2.429728031235555, -4.695789266837565, 0.0, 0.0, 3.860482259866127, -1.47657058007882, 1.053238032308885, -0.8516715238494245
1670, 16.693634581881533, 1.0775359221947025, -0.8986301071572456, 2.429728031235555, -4.695789266837565, 0.0, 0.0, 3.791300388086789, -1.4759244237571436, 1.0775357408468307, -0.8986293843029979
1671, 16.70363675958188, 1.1018332025070583, -0.9455879998256211, 2.429728031235555, -4.695789266837565, 0.0, 0.0, 3.720691096022846, -1.4755697652646935, 1.1018310714902042, -0.9455886116397688
1672, 16.71363893728223, 1.1261304828194136, -0.9925458924939967, 2.429728031235555, -4.695789266837565, 0.0, 0.0, 3.648697054881386, -1.4755011225432408, 1.1261298982600558, -0.9925451818044769
1673, 16.723641114982577, 1.1504277631317694, -1.0395037851623723, 2.429728031235555, -4.695789266837565, 0.0, 0.0, 3.5753616707705778, -1.475713223616765, 1.1504284341470092, -1.0395028037743448
1674, 16.733643292682924, 1.1747250434441248, -1.0864616778307483, 2.429728031235555, -4.695789266837565, 0.0, 0.0, 3.500729057495273, -1.4762010209990226, 1.174723450972569, -1.0864620652484414
1675, 16.743645470383274, 1.1990223237564805, -1.133419570499124, 2.429728031235555, -4.695789266837565, 0.0, 0.0, 3.424844009055497, -1.4769597051731145, 1.199021745531483, -1.1334200381550605
1676, 16.75364764808362, 1.2233196040688359, -1.1803774631674995, 2.429728031235555, -4.695789266837565, 0.0, 0.0, 3.34775197186712, -1.477984717112121, 1.223320471520243, -1.1803785634190695
1677, 16.763649825783972, 1.2476168843811917, -1.227335355835875, 2.429728031235555, -4.695789266837565, 0.0, 0.0, 3.269499016723893, -1.479271759812224, 1.2476196489250022, -1.227335744354676
1678, 16.77365200348432, 1.271914164693547, -1.274293248504251, 2.429728031235555, -4.695789266837565, 0.0, 0.0, 3.1901318105199756, -1.4808168088121216, 1.2719142309546174, -1.2742944023341078
1679, 16.78365418118467, 1.2962114450059028, -1.3212511411726267, 2.429728031235555, -4.695789266837565, 0.0, 0.0, 3.1096975877519153, -1.482616121675014, 1.296212002944909, -1.3212519922198391
1680, 16.793656358885016, 1.3205087253182581, -1.3682090338410022, 2.429728031235555, -4.695789266837565, 0.0, 0.0, 3.028244121818984, -1.4846662464119333, 1.3205094702897016, -1.3682079681229964
1681, 16.803658536585363, 1.344806005630614, -1.4151669265093778, 2.429728031235555, -4.695789266837565, 0.0, 0.0, 2.9458196961405676, -1.4869640288277717, 1.3448069100499016, -1.4151678111134451
1682, 16.813660714285714, 1.3691032859429697, -1.4621248191777538, 2.429728031235555, -4.695789266837565, 0.0, 0.0, 2.8624730751092127, -1.4895066187739343, 1.3691031830291456, -1.4621257188319405
1683, 16.82366289198606, 1.393400566255325, -1.5090827118461294, 2.429728031235555, -4.695789266837565, 0.0, 0.0, 2.778253474897695, -1.4922914752942025, 1.393402776156058, -1.5090831797889368
1684, 16.83366506968641, 1.4176978465676808, -1.556040604514505, 2.429728031235555, -4.695789266837565, 0.0, 0.0, 2.693210534138344, -1.495316370653042, 1.4176974266268672, -1.556039822408864
1685, 16.843667247386758, 1.4419951268800362, -1.6029984971828806, 2.429728031235555, -4.695789266837565, 0.0, 0.0, 2.6073942844926634, -1.4985793932382823, 1.4419955933755626, -1.6029986908800165
1686, 16.853669425087105, 1.466292407192392, -1.6499563898512566, 2.429728031235555, -4.695789266837565, 0.0, 0.0, 2.5208551211289936, -1.5020789493328062, 1.4662936885381066, -1.6499570226613263
1687, 16.863671602787456, 1.4905896875047473, -1.6969142825196322, 2.429728031235555, -4.695789266837565, 0.0, 0.0, 2.4336437731258855, -1.505813763752585, 1.4905889557055452, -1.696914786169422
1688, 16.873673780487803, 1.514886967817103, -1.7438721751880077, 2.429728031235555, -4.695789266837565, 0.0, 0.0, 2.345811273818461, -1.509782879351144, 1.5148863648544968, -1.7438731244283066
1689, 16.883675958188153, 1.5394196256082437, -1.7913114608904286, 2.4208963063814326, -4.684019350063023, -6.473894546527901, 11.981844035810253, 1.9549790307692507, -1.4184038556568557, 1.5394190809302746, -1.7913105575745254
1690, 16.8936781358885, 1.5633048939447316, -1.8375525621892683, 2.3561573609161535, -4.564200909704921, -6.473894546527901, 11.981844035810253, 1.8372503538682217, -1.3511080633579011, 1.56330717713895, -1.8375540510597308
1691, 16.90368031358885, 1.5865427728265669, -1.882595479084527, 2.2914184154508748, -4.4443824693468175, -6.473894546527901, 11.981844035810253, 1.721329122091727, -1.284466645544846, 1.5865426434483125, -1.8825951103914065
1692, 16.913682491289197, 1.6091332622537493, -1.926440211576205, 2.226679469985595, -4.324564028988715, -6.473894546527901, 11.981844035810253, 1.6072873203265314, -1.2184903213419451, 1.609133975656309, -1.926438327048933
1693, 16.923684668989544, 1.631076362226279, -1.9690867596643014, 2.1619405245203165, -4.204745588630612, -6.473894546527901, 11.981844035810253, 1.4951904909716571, -1.1531829021711553, 1.6310764344348447, -1.9690871329299569
1694, 16.933686846689895, 1.6523720727441558, -2.0105351233488173, 2.0972015790550373, -4.084927148272509, -6.473894546527901, 11.981844035810253, 1.3850980615526014, -1.0885418244882872, 1.6523716196047138, -2.0105339598708762
1695, 16.943689024390242, 1.6730203938073798, -2.050785302629752, 2.032462633589758, -3.9651087079144074, -6.473894546527901, 11.981844035810253, 1.2770636687451664, -1.024558697145634, 1.6730210489287598, -2.0507865511062784
1696, 16.953691202090592, 1.693021325415951, -2.0898372975071053, 1.9677236881244795, -3.845290267556304, -6.473894546527901, 11.981844035810253, 1.1711354786674342, -0.9612198551520141, 1.6930209826566647, -2.0898381601468254
1697, 16.96369337979094, 1.7123748675698693, -2.127691107980878, 1.9029847426592001, -3.7254718271982017, -6.473894546527901, 11.981844035810253, 1.067356503243435, -0.8985069126267197, 1.7123758375623597, -2.12769211562309
1698, 16.973695557491286, 1.731081020269135, -2.1643467340510694, 1.8382457971939212, -3.6056533868400993, -6.473894546527901, 11.981844035810253, 0.9657649123899184, -0.8363973087296541, 1.7310809257722228, -2.1643465200512795
1699, 16.983697735191637, 1.7491397835137477, -2.19980417571768, 1.773506851728642, -3.485834946481997, -6.473894546527901, 11.981844035810253, 0.8663943417297407, -0.7748648412866656, 1.7491405706103897, -2.1998047600134827
1700, 16.993699912891984, 1.7665511573037078, -2.2340634329807094, 1.708767906263363, -3.366016506123894, -6.473894546527901, 11.981844035810253, 0.769274195492965, -0.7138801837094417, 1.7665519011177209, -2.234063151753748
1701, 17.003702090592334, 1.783315141639015, -2.267124505840158, 1.644028960798084, -3.246198065765791, -6.473894546527901, 11.981844035810253, 0.6744299442304299, -0.6534113816283241, 1.7833143217332699, -2.2671226304096317
1702, 17.01370426829268, 1.7994317365196695, -2.2989873942960255, 1.5792900153328049, -3.1263796254076888, -6.473894546527901, 11.981844035810253, 0.5818834169347723, -0.5934243264105489, 1.7994307841223822, -2.2989883433528604
1703, 17.02370644599303, 1.8149009419456712, -2.3296520983483116, 1.514551069867526, -3.0065611850495864, -6.473894546527901, 11.981844035810253, 0.49165308714083933, -0.5338832034240111, 1.8149022974513354, -2.3296519454308253
1704, 17.03370862369338, 1.82972275791702, -2.359118617997017, 1.4498121244022466, -2.8867427446914835, -6.473894546527901, 11.981844035810253, 0.40375435256101166, -0.4747509135271014, 1.829722259600648, -2.3591198591192253
1705, 17.043710801393726, 1.843897184433716, -2.3873869532421415, 1.3850731789369677, -2.7669243043333807, -6.473894546527901, 11.981844035810253, 0.31819980780095847, -0.4159894668191838, 1.8438973488083579, -2.3873892252112534
1706, 17.053712979094076, 1.8574242214957595, -2.414457104083685, 1.3203342334716888, -2.647105863975278, -6.473894546527901, 11.981844035810253, 0.2349995096973828, -0.35756034817537297, 1.8574258416516354, -2.4144560784294704
1707, 17.063715156794423, 1.87030386910315, -2.440329070521647, 1.2555952880064096, -2.527287423617175, -6.473894546527901, 11.981844035810253, 0.15416123482093724, -0.2994248545157576, 1.8703017729777713, -2.4403286909901767
1708, 17.073717334494773, 1.8825361272558876, -2.465002852556028, 1.1908563425411305, -2.4074689832590725, -6.473894546527901, 11.981844035810253, 0.07569072869404758, -0.24154440412594835, 1.8825356229472925, -2.4650028775740553
1709, 17.08371951219512, 1.8941209959539724, -2.4884784501868285, 1.1261173970758516, -2.28765054290097, -6.473894546527901, 11.981844035810253, -0.00040805371556440484, -0.18388081865615813, 1.8941203466466254, -2.4884791869373295
1710, 17.093721689895467, 1.9050584751974047, -2.510755863414048, 1.0613784516105724, -2.1678321025428677, -6.473894546527901, 11.981844035810253, -0.0741327166500817, -0.12639657868354537, 1.9050564697863037, -2.5107568904635174
1711, 17.103723867595818, 1.9153485649861839, -2.531835092237686, 0.9966395061452933, -2.0480136621847644, -6.473894546527901, 11.981844035810253, -0.14548220177198834, -0.06905505393107025, 1.9153487150952186, -2.5318338220231933
1712, 17.113726045296165, 1.9249912653203105, -2.551716136657743, 0.9319005606800143, -1.9281952218266625, -6.473894546527901, 11.981844035810253, -0.21445657631559883, -0.011820709399582019, 1.9249902786976563, -2.5517163859698906
1713, 17.123728222996515, 1.9339865761997843, -2.570398996674219, 0.8671616152147351, -1.8083767814685596, -6.473894546527901, 11.981844035810253, -0.2810568315431519, 0.045340711207862205, 1.9339872409154992, -2.5703983704501927
1714, 17.133730400696862, 1.9423344976246053, -2.587883672287114, 0.8024226697494561, -1.6885583411104572, -6.473894546527901, 11.981844035810253, -0.34528469184499344, 0.10246202330539955, 1.9423342490847375, -2.5878826425706207
1715, 17.143732578397213, 1.9500350295947735, -2.6041701634964283, 0.7376837242841772, -1.5687399007523541, -6.473894546527901, 11.981844035810253, -0.4071424347984728, 0.15957445897199896, 1.950035522568437, -2.6041690179808503
1716, 17.15373475609756, 1.9570881721102888, -2.6192584703021615, 0.6729447788188979, -1.4489214603942515, -6.473894546527901, 11.981844035810253, -0.4666327224748244, 0.2167075426902454, 1.957086605676905, -2.6192575091086883
1717, 17.163736933797907, 1.9634939251711514, -2.6331485927043135, 0.6082058333536189, -1.329103020036149, -6.473894546527901, 11.981844035810253, -0.5237584442578157, 0.27388898374418646, 1.9634950885254223, -2.633149524726884
1718, 17.173739111498257, 1.9692522887773611, -2.6458405307028845, 0.5434668878883399, -1.2092845796780463, -6.473894546527901, 11.981844035810253, -0.5785225714126805, 0.33114458377242706, 1.9692520471462418, -2.6458424402047296
1719, 17.183741289198604, 1.9743632629289183, -2.657334284297874, 0.4787279424230609, -1.0894661393199438, -6.473894546527901, 11.981844035810253, -0.6309280236190651, 0.38849815802132237, 1.974361690196996, -2.657334715695016
1720, 17.193743466898955, 1.9788268476258224, -2.6676298534892835, 0.41398899695778174, -0.9696476989618411, -6.473894546527901, 11.981844035810253, -0.680977547657616, 0.4459714689094146, 1.9788269982476734, -2.6676294883850455
1721, 17.2037456445993, 1.982643042868074, -2.676727238277111, 0.34925005149250266, -0.8498292586037385, -6.473894546527901, 11.981844035810253, -0.7286736084166106, 0.5035841705957043, 1.982643338174457, -2.676726037433882
1722, 17.21374782229965, 1.9858118486556724, -2.684626438661358, 0.2845111060272237, -0.7300108182456359, -6.473894546527901, 11.981844035810253, -0.7740182923626838, 0.5613537633387011, 1.9858102681881302, -2.68462641616013
1723, 17.22375, 1.9883332649886183, -2.691327454642024, 0.21977216056194454, -0.6101923778875331, -6.473894546527901, 11.981844035810253, -0.8170132235984267, 0.6192955565384746, 1.9883309005939573, -2.6913288441363727
1724, 17.233752177700346, 1.9902072918669114, -2.6968302862191087, 0.15503321509666557, -0.4903739375294306, -6.473894546527901, 11.981844035810253, -0.8576594926092787, 0.6774226394682403, 1.9902055550336477, -2.6968322992463243
1725, 17.243754355400696, 1.9914339292905516, -2.7011349333926127, 0.09029426963138645, -0.37055549717132796, -6.473894546527901, 11.981844035810253, -0.8959575977827915, 0.7357458588239132, 1.9914333823145758, -2.7011347025686554
1726, 17.253756533101043, 1.992013177259539, -2.7042413961625353, 0.025555324166107382, -0.2507370568132253, -6.473894546527901, 11.981844035810253, -0.9319073997648416, 0.7942738023479602, 1.9920118485301872, -2.7042425189442487
1727, 17.263758710801394, 1.9919450357738737, -2.706149674528877, -0.039183621299171675, -0.13091861645512268, -6.473894546527901, 11.981844035810253, -0.9655080886996874, 0.8530127879166868, 1.9919451573677969, -2.7061485300545773
1728, 17.27376088850174, 1.9912295048335558, -2.7068597684916376, -0.10392256676445075, -0.011100176097020015, -6.473894546527901, 11.981844035810253, -0.9967581643836866, 0.9119668576165871, 1.9912286186807644, -2.7068605958627563
1729, 17.283763066202088, 1.9901902791659112, -2.706970770252608, -0.10392256676444858, -0.011100176097024007, 0.0, 0.0, -0.7098146068883474, 0.7332051917247986, 1.9901898240659022, -2.7069729473145427
1730, 17.29376524390244, 1.9891510534982668, -2.707081772013578, -0.10392256676444858, -0.011100176097024007, 0.0, 0.0, -0.7072992619782806, 0.7324641836201075, 1.9891522262267922, -2.7070837733130366
1731, 17.303767421602785, 1.9881118278306222, -2.7071927737745485, -0.10392256676444858, -0.011100176097024007, 0.0, 0.0, -0.7047833886719697, 0.7317221989863868, 1.9881104983949782, -2.707193538264091
1732, 17.313769599303136, 1.9870726021629779, -2.707303775535519, -0.10392256676444858, -0.011100176097024007, 0.0, 0.0, -0.7022669895062071, 0.7309792388053284, 1.9870711559843708, -2.7073040198047935
1733, 17.323771777003483, 1.9860333764953333, -2.707414777296489, -0.10392256676444858, -0.011100176097024007, 0.0, 0.0, -0.699750067018113, 0.7302353040599142, 1.986034190514038, -2.7074149731780204
1734, 17.33377395470383, 1.9849941508276887, -2.7075257790574594, -0.10392256676444858, -0.011100176097024007, 0.0, 0.0, -0.6972326237451382, 0.7294903957344151, 1.9849952238419812, -2.707525800058591
1735, 17.34377613240418, 1.9839549251600443, -2.7076367808184294, -0.10392256676444858, -0.011100176097024007, 0.0, 0.0, -0.6947146622250591, 0.7287445148143913, 1.9839558800087456, -2.7076370769666678
1736, 17.353778310104527, 1.9829156994923998, -2.7077477825794, -0.10392256676444858, -0.011100176097024007, 0.0, 0.0, -0.6921961849959739, 0.7279976622866878, 1.9829150260362993, -2.7077458023680645
1737, 17.363780487804878, 1.9818764738247554, -2.70785878434037, -0.10392256676444858, -0.011100176097024007, 0.0, 0.0, -0.6896771945963033, 0.7272498391394372, 1.9818765635674294, -2.707859508755627
1738, 17.373782665505225, 1.9808372481571108, -2.7079697861013403, -0.10392256676444858, -0.011100176097024007, 0.0, 0.0, -0.6871576935647846, 0.7265010463620543, 1.9808378785285246, -2.707971301238035
1739, 17.383784843205575, 1.9797980224894665, -2.7080807878623103, -0.10392256676444858, -0.011100176097024007, 0.0, 0.0, -0.6846376844404736, 0.7257512849452386, 1.9797987913830557, -2.7080830867666768
1740, 17.393787020905922, 1.9787587968218219, -2.7081917896232808, -0.10392256676444858, -0.011100176097024007, 0.0, 0.0, -0.6821171697627363, 0.7250005558809691, 1.9787584964509686, -2.708191923688358
1741, 17.40378919860627, 1.9777195711541773, -2.708302791384251, -0.10392256676444858, -0.011100176097024007, 0.0, 0.0, -0.6795961520712513, 0.7242488601625073, 1.9777208856743285, -2.708301912537543
1742, 17.41379137630662, 1.976680345486533, -2.7084137931452212, -0.10392256676444858, -0.011100176097024007, 0.0, 0.0, -0.6770746339060059, 0.7234961987843916, 1.9766807785502305, -2.7084132660741336
1743, 17.423793554006966, 1.9756411198188883, -2.7085247949061912, -0.10392256676444858, -0.011100176097024007, 0.0, 0.0, -0.6745526178072916, 0.7227425727424395, 1.9756409766489171, -2.7085250570458355
1744, 17.433795731707317, 1.974601894151244, -2.7086357966671617, -0.10392256676444858, -0.011100176097024007, 0.0, 0.0, -0.6720301063157051, 0.7219879830337436, 1.9746004392076537, -2.708634654244967
1745, 17.443797909407664, 1.9735626684835994, -2.7087467984281317, -0.10392256676444858, -0.011100176097024007, 0.0, 0.0, -0.669507101972142, 0.721232430656672, 1.9735617964725896, -2.7087466091541077
1746, 17.453800087108014, 1.972523442815955, -2.708857800189102, -0.10392256676444858, -0.011100176097024007, 0.0, 0.0, -0.6669836073177987, 0.7204759166108666, 1.9725225387400305, -2.7088597605513027
1747, 17.46380226480836, 1.9714842171483105, -2.708968801950072, -0.10392256676444858, -0.011100176097024007, 0.0, 0.0, -0.6644596248941639, 0.7197184418972413, 1.9714829380589673, -2.7089679935435256
1748, 17.47380444250871, 1.9704449914806659, -2.7090798037110426, -0.10392256676444858, -0.011100176097024007, 0.0, 0.0, -0.661935157243023, 0.718960007517981, 1.9704444460090298, -2.709080174740647
1749, 17.48380662020906, 1.9694057658130215, -2.7091908054720126, -0.10392256676444858, -0.011100176097024007, 0.0, 0.0, -0.6594102069064506, 0.7182006144765407, 1.9694059075118004, -2.7091903895896636
1750, 17.493808797909406, 1.968366540145377, -2.709301807232983, -0.10392256676444858, -0.011100176097024007, 0.0, 0.0, -0.6568847764268096, 0.7174402637776427, 1.9683668974088766, -2.7093017831307002
1751, 17.503810975609756, 1.9673273144777326, -2.709412808993953, -0.10392256676444858, -0.011100176097024007, 0.0, 0.0, -0.6543588683467493, 0.716678956427278, 1.9673266375641574, -2.7094129368903697
1752, 17.513813153310103, 1.966288088810088, -2.7095238107549235, -0.10392256676444858, -0.011100176097024007, 0.0, 0.0, -0.6518324852092012, 0.715916693432701, 1.9662875158571955, -2.7095226501373664
1753, 17.52381533101045, 1.9652488631424436, -2.7096348125158936, -0.10392256676444858, -0.011100176097024007, 0.0, 0.0, -0.6493056295573789, 0.7151534758024332, 1.9652496696539077, -2.7096336986971523
1754, 17.5338175087108, 1.964209637474799, -2.709745814276864, -0.10392256676444858, -0.011100176097024007, 0.0, 0.0, -0.6467783039347739, 0.714389304546256, 1.9642097512494434, -2.7097450574799433
1755, 17.543819686411148, 1.9631704118071545, -2.709856816037834, -0.10392256676444858, -0.011100176097024007, 0.0, 0.0, -0.6442505108851523, 0.7136241806752154, 1.9631707265062295, -2.7098571691004048
1756, 17.553821864111498, 1.96213118613951, -2.7099678177988045, -0.10392256676444858, -0.011100176097024007, 0.0, 0.0, -0.6417222529525567, 0.7128581052016157, 1.9621320215966702, -2.7099672296154838
1757, 17.563824041811845, 1.9610919604718655, -2.710078819559775, -0.10392256676444858, -0.011100176097024007, 0.0, 0.0, -0.6391935326812965, 0.7120910791390209, 1.9610904870525396, -2.710079008541869
1758, 17.573826219512195, 1.9600527348042212, -2.710189821320745, -0.10392256676444858, -0.011100176097024007, 0.0, 0.0, -0.6366643526159518, 0.7113231035022535, 1.960053468244643, -2.710188497659481
1759, 17.583828397212542, 1.9590135091365766, -2.7103008230817154, -0.10392256676444858, -0.011100176097024007, 0.0, 0.0, -0.6341347153013676, 0.7105541793073901, 1.959013843762576, -2.7103017168694756
1760, 17.59383057491289, 1.9579742834689322, -2.7104118248426854, -0.10392256676444858, -0.011100176097024007, 0.0, 0.0, -0.6316046232826533, 0.7097843075717651, 1.9579751885691152, -2.710410783098311
1761, 17.60383275261324, 1.9569350578012876, -2.710522826603656, -0.10392256676444858, -0.011100176097024007, 0.0, 0.0, -0.6290740791051775, 0.7090134893139637, 1.9569361264158738, -2.7105218268420046
1762, 17.613834930313587, 1.9558958321336433, -2.710633828364626, -0.10392256676444858, -0.011100176097024007, 0.0, 0.0, -0.6265430853145689, 0.7082417255538259, 1.9558968646280723, -2.7106343736421876
1763, 17.623837108013937, 1.9548566064659987, -2.7107448301255963, -0.10392256676444858, -0.011100176097024007, 0.0, 0.0, -0.6240116444567099, 0.7074690173124405, 1.9548568397810273, -2.710744471107265
1764, 17.633839285714284, 1.953817380798354, -2.7108558318865663, -0.10392256676444858, -0.011100176097024007, 0.0, 0.0, -0.6214797590777373, 0.7066953656121474, 1.9538170917529611, -2.7108564669005424
1765, 17.64384146341463, 1.9527781551307097, -2.7109668336475368, -0.10392256676444858, -0.011100176097024007, 0.0, 0.0, -0.6189474317240408, 0.705920771476534, 1.9527783520447666, -2.7109662628771
1766, 17.65384364111498, 1.9517389294630652, -2.7110778354085068, -0.10392256676444858, -0.011100176097024007, 0.0, 0.0, -0.6164146649422534, 0.7051452359304347, 1.9517395457445563, -2.711075928654044
1767, 17.66384581881533, 1.9506997037954208, -2.7111888371694772, -0.10392256676444858, -0.011100176097024007, 0.0, 0.0, -0.6138814612792587, 0.7043687599999292, 1.950697969107365, -2.711188502395385
1768, 17.67384799651568, 1.9496604781277762, -2.7112998389304472, -0.10392256676444858, -0.011100176097024007, 0.0, 0.0, -0.6113478232821797, 0.7035913447123419, 1.9496593415407575, -2.7112995396512414
1769, 17.683850174216026, 1.9486212524601318, -2.7114108406914177, -0.10392256676444858, -0.011100176097024007, 0.0, 0.0, -0.608813753498385, 0.7028129910962395, 1.9486241009476333, -2.711409987675837
1770, 17.693852351916377, 1.9475820267924873, -2.7115218424523877, -0.10392256676444858, -0.011100176097024007, 0.0, 0.0, -0.6062792544754759, 0.7020337001814303, 1.9475806038530912, -2.711522235966596
1771, 17.703854529616724, 1.946542801124843, -2.711632844213358, -0.10392256676444858, -0.011100176097024007, 0.0, 0.0, -0.6037443287612941, 0.7012534729989627, 1.9465421770623659, -2.7116322388196648
1772, 17.71385670731707, 1.9455035754571983, -2.711743845974328, -0.10392256676444858, -0.011100176097024007, 0.0, 0.0, -0.6012089789039108, 0.7004723105811238, 1.9455027366271538, -2.711744011233334
1773, 17.72385888501742, 1.9444643497895537, -2.7118548477352986, -0.10392256676444858, -0.011100176097024007, 0.0, 0.0, -0.5986732074516311, 0.6996902139614376, 1.9444651699316104, -2.7118546099528285
1774, 17.733861062717768, 1.9434251241219094, -2.7119658494962686, -0.10392256676444858, -0.011100176097024007, 0.0, 0.0, -0.5961370169529872, 0.6989071841746654, 1.9434260597701414, -2.711965518029164
1775, 17.74386324041812, 1.9423858984542648, -2.712076851257239, -0.10392256676444858, -0.011100176097024007, 0.0, 0.0, -0.5936004099567365, 0.698123222256801, 1.9423861006093108, -2.712077297707789
1776, 17.753865418118465, 1.9413466727866204, -2.712187853018209, -0.10392256676444858, -0.011100176097024007, 0.0, 0.0, -0.5910633890118602, 0.6973383292450738, 1.9413467843505152, -2.712188849691974
1777, 17.763867595818812, 1.9403074471189758, -2.7122988547791795, -0.10392256676444858, -0.011100176097024007, 0.0, 0.0, -0.5885259566675601, 0.6965525061779427, 1.9403086449308984, -2.7122977402542685
1778, 17.773869773519163, 1.9392682214513313, -2.7124098565401495, -0.10392256676444858, -0.011100176097024007, 0.0, 0.0, -0.5859881154732564, 0.6957657540950992, 1.9392681197139277, -2.7124101008704975
1779, 17.78387195121951, 1.938228995783687, -2.71252085830112, -0.10392256676444858, -0.011100176097024007, 0.0, 0.0, -0.583449867978586, 0.6949780740374625, 1.9382274204457643, -2.7125201277522235
1780, 17.79387412891986, 1.9371897701160423, -2.7126318600620904, -0.10392256676444858, -0.011100176097024007, 0.0, 0.0, -0.5809112167333975, 0.6941894670471799, 1.9371898100059664, -2.7126314367371904
1781, 17.803876306620207, 1.936150544448398, -2.7127428618230605, -0.10392256676444858, -0.011100176097024007, 0.0, 0.0, -0.5783721642877506, 0.6933999341676259, 1.9361505111542963, -2.7127446919534117
1782, 17.813878484320558, 1.9351113187807534, -2.712853863584031, -0.10392256676444858, -0.011100176097024007, 0.0, 0.0, -0.5758327131919136, 0.6926094764433982, 1.9351107142305004, -2.712854729967784
1783, 17.823880662020905, 1.934072093113109, -2.712964865345001, -0.10392256676444858, -0.011100176097024007, 0.0, 0.0, -0.5732928659963612, 0.6918180949203201, 1.9340708201969299, -2.7129642481238294
1784, 17.83388283972125, 1.9330328674454644, -2.7130758671059714, -0.10392256676444858, -0.011100176097024007, 0.0, 0.0, -0.57075262525177, 0.6910257906454352, 1.933033813432093, -2.713075734705848
1785, 17.843885017421602, 1.93199364177782, -2.7131868688669414, -0.10392256676444858, -0.011100176097024007, 0.0, 0.0, -0.5682119935090184, 0.6902325646670099, 1.9319930120630955, -2.7131865980760606
1786, 17.85388719512195, 1.9309544161101755, -2.713297870627912, -0.10392256676444858, -0.011100176097024007, 0.0, 0.0, -0.5656709733191829, 0.6894384180345278, 1.9309551668173957, -2.713297845833976
1787, 17.8638893728223, 1.929915190442531, -2.713408872388882, -0.10392256676444858, -0.011100176097024007, 0.0, 0.0, -0.5631295672335354, 0.6886433517986926, 1.9299152165073108, -2.713408642545725
1788, 17.873891550522647, 1.9288759647748865, -2.7135198741498523, -0.10392256676444858, -0.011100176097024007, 0.0, 0.0, -0.560587777803542, 0.6878473670114235, 1.9288753804521324, -2.713518784977125
1789, 17.883893728222994, 1.927836739107242, -2.7136308759108223, -0.10392256676444858, -0.011100176097024007, 0.0, 0.0, -0.5580456075808574, 0.6870504647258553, 1.9278367746418026, -2.7136298321290555
1790, 17.893895905923344, 1.9267975134395976, -2.7137418776717928, -0.10392256676444858, -0.011100176097024007, 0.0, 0.0, -0.5555030591173281, 0.6862526459963367, 1.9267973260026543, -2.7137396529203937
1791, 17.90389808362369, 1.925758287771953, -2.7138528794327628, -0.10392256676444858, -0.011100176097024007, 0.0, 0.0, -0.5529601349649821, 0.6854539118784289, 1.9257580818272595, -2.7138542343121976
1792, 17.91390026132404, 1.9247190621043087, -2.713963881193733, -0.10392256676444858, -0.011100176097024007, 0.0, 0.0, -0.5504168376760351, 0.6846542634289037, 1.9247184684429757, -2.7139626867654654
1793, 17.92390243902439, 1.923679836436664, -2.7140748829547032, -0.10392256676444858, -0.011100176097024007, 0.0, 0.0, -0.5478731698028794, 0.6838537017057433, 1.9236799657828234, -2.714075783457282
1794, 17.93390461672474, 1.9226406107690197, -2.7141858847156737, -0.10392256676444858, -0.011100176097024007, 0.0, 0.0, -0.5453291338980889, 0.6830522277681378, 1.9226397236226143, -2.714185166936402
1795, 17.943906794425086, 1.9216013851013751, -2.7142968864766437, -0.10392256676444858, -0.011100176097024007, 0.0, 0.0, -0.542784732514411, 0.6822498426764844, 1.921600971628043, -2.7142972837714754
1796, 17.953908972125433, 1.9205621594337305, -2.714407888237614, -0.10392256676444858, -0.011100176097024007, 0.0, 0.0, -0.5402399682047678, 0.6814465474923852, 1.9205618326092266, -2.7144093704804457
1797, 17.963911149825783, 1.9195229337660862, -2.714518889998584, -0.10392256676444858, -0.011100176097024007, 0.0, 0.0, -0.5376948435222515, 0.6806423432786475, 1.9195230283916147, -2.7145191285376193
1798, 17.97391332752613, 1.9184837080984416, -2.7146298917595546, -0.10392256676444858, -0.011100176097024007, 0.0, 0.0, -0.5351493610201227, 0.6798372310992795, 1.9184814807024804, -2.7146316420330114
1799, 17.98391550522648, 1.9174444824307972, -2.7147408935205246, -0.10392256676444858, -0.011100176097024007, 0.0, 0.0, -0.5326035232518083, 0.679031212019493, 1.9174450756923365, -2.714740329267154
1800, 17.993917682926828, 1.9164052567631527, -2.714851895281495, -0.10392256676444858, -0.011100176097024007, 0.0, 0.0, -0.5300573327708963, 0.6782242871056972, 1.9164061000438826, -2.7148529432223523
1801, 18.003919860627175, 1.915366031095508, -2.714962897042465, -0.10392256676444858, -0.011100176097024007, 0.0, 0.0, -0.5275107921311388, 0.6774164574255018, 1.9153653412829859, -2.7149632557691636
1802, 18.013922038327525, 1.9143268054278637, -2.7150738988034355, -0.10392256676444858, -0.011100176097024007, 0.0, 0.0, -0.5249639038864452, 0.6766077240477121, 1.9143290986089712, -2.7150725254576646
1803, 18.023924216027872, 1.9132875797602191, -2.715184900564406, -0.10392256676444858, -0.011100176097024007, 0.0, 0.0, -0.5224166705908779, 0.6757980880423295, 1.9132864986685723, -2.7151833346272087
1804, 18.033926393728223, 1.9122483540925748, -2.715295902325376, -0.10392256676444858, -0.011100176097024007, 0.0, 0.0, -0.5198690947986562, 0.6749875504805506, 1.9122480622335807, -2.715295939122345
1805, 18.04392857142857, 1.9112091284249302, -2.7154069040863464, -0.10392256676444858, -0.011100176097024007, 0.0, 0.0, -0.517321179064148, 0.6741761124347626, 1.911207606653813, -2.7154077471128755
1806, 18.05393074912892, 1.9101699027572858, -2.7155179058473164, -0.10392256676444858, -0.011100176097024007, 0.0, 0.0, -0.5147729259418705, 0.6733637749785464, 1.910171501771113, -2.715517119109781
1807, 18.063932926829267, 1.9091306770896412, -2.715628907608287, -0.10392256676444858, -0.011100176097024007, 0.0, 0.0, -0.5122243379864861, 0.6725505391866708, 1.909131128868712, -2.715629486392134
1808, 18.073935104529614, 1.9080914514219969, -2.715739909369257, -0.10392256676444858, -0.011100176097024007, 0.0, 0.0, -0.5096754177528008, 0.6717364061350949, 1.9080922920258405, -2.7157393144428297
1809, 18.083937282229964, 1.9070522257543523, -2.7158509111302274, -0.10392256676444858, -0.011100176097024007, 0.0, 0.0, -0.5071261677957615, 0.6709213769009632, 1.9070528628000585, -2.7158512390624763
1810, 18.09393945993031, 1.9060130000867077, -2.7159619128911974, -0.10392256676444858, -0.011100176097024007, 0.0, 0.0, -0.5045765906704527, 0.6701054525626075, 1.9060138366557382, -2.715961115294129
1811, 18.103941637630662, 1.9049737744190633, -2.716072914652168, -0.10392256676444858, -0.011100176097024007, 0.0, 0.0, -0.5020266889320967, 0.6692886341995425, 1.9049745883171103, -2.716073806084212
1812, 18.11394381533101, 1.9039345487514188, -2.716183916413138, -0.10392256676444858, -0.011100176097024007, 0.0, 0.0, -0.4994764651360457, 0.668470922892467, 1.903933716888032, -2.716183812917881
1813, 18.123945993031356, 1.9028953230837744, -2.7162949181741083, -0.10392256676444858, -0.011100176097024007, 0.0, 0.0, -0.4969259218377867, 0.6676523197232597, 1.9028962763007993, -2.716293708106713
1814, 18.133948170731706, 1.9018560974161298, -2.7164059199350783, -0.10392256676444858, -0.011100176097024007, 0.0, 0.0, -0.49437506159293093, 0.6668328257749805, 1.9018568136004022, -2.716405939899512
1815, 18.143950348432053, 1.9008168717484855, -2.7165169216960487, -0.10392256676444858, -0.011100176097024007, 0.0, 0.0, -0.49182388695721874, 0.6660124421318673, 1.9008177466004104, -2.716517061424634
1816, 18.153952526132404, 1.8997776460808409, -2.7166279234570188, -0.10392256676444858, -0.011100176097024007, 0.0, 0.0, -0.489272400486512, 0.665191169879335, 1.89977861420579, -2.716627877656182
1817, 18.16395470383275, 1.8987384204131965, -2.716738925217989, -0.10392256676444858, -0.011100176097024007, 0.0, 0.0, -0.48672060473679424, 0.6643690101039743, 1.898740832424569, -2.7167381701576976
1818, 18.1739568815331, 1.8972954366992227, -2.716063792074099, -0.18405718698131363, 0.14619270670283993, -7.951763116786925, 15.735878462760887, -0.8795578676794099, 0.9727532932534708, 1.8972960204478377, -2.7160650767003154
1819, 18.183959059233448, 1.8950572766735703, -2.7138150710839324, -0.26357481814918293, 0.30355149133044895, -7.951763116786925, 15.735878462760887, -0.9123334619326751, 1.0509955335053396, 1.8950589562489786, -2.713814622437361
1820, 18.193961236933795, 1.892023940336239, -2.7099927622474898, -0.34309244931705224, 0.46091027595805795, -7.951763116786925, 15.735878462760887, -0.9419715727755958, 1.129577708748507, 1.8920240806702786, -2.709991612508063
1821, 18.203963414634146, 1.8881954276872293, -2.7045968655647714, -0.4226100804849216, 0.618269060585667, -7.951763116786925, 15.735878462760887, -0.9684688869573477, 1.2084892380746919, 1.8881953159566902, -2.7045972486626146
1822, 18.213965592334493, 1.8835717387265407, -2.6976273810357765, -0.5021277116527909, 0.775627845213276, -7.951763116786925, 15.735878462760887, -0.9918215260384523, 1.2877151528259854, 1.8835705021257705, -2.697626644222884
1823, 18.223967770034843, 1.8781528734541733, -2.689084308660506, -0.5816453428206602, 0.932986629840885, -7.951763116786925, 15.735878462760887, -1.012025161062588, 1.3672361490909646, 1.8781516093921036, -2.6890866553201134
1824, 18.23396994773519, 1.8719388318701273, -2.6789676484389586, -0.6611629739885295, 1.090345414468494, -7.951763116786925, 15.735878462760887, -1.0290751556187385, 1.4470286548933435, 1.8719391349966417, -2.6789685189296035
1825, 18.243972125435537, 1.8649296139744027, -2.6672774003711357, -0.7406806051563989, 1.247704199096103, -7.951763116786925, 15.735878462760887, -1.0429667371345948, 1.5270649142966093, 1.864930209703567, -2.6672763451014676
1826, 18.253974303135887, 1.8571252197669994, -2.6540135644570366, -0.8201982363242681, 1.405062983723712, -7.951763116786925, 15.735878462760887, -1.053695196235314, 1.607313091090928, 1.8571239681615312, -2.6540142951456103
1827, 18.263976480836234, 1.8485256492479174, -2.6391761406966614, -0.8997158674921374, 1.562421768351321, -7.951763116786925, 15.735878462760887, -1.0612561139908527, 1.687737395146639, 1.848524860163023, -2.639175980260279
1828, 18.273978658536585, 1.8391309024171567, -2.6227651290900105, -0.9792334986600068, 1.7197805529789303, -7.951763116786925, 15.735878462760887, -1.0656456168595985, 1.768298234905577, 1.8391315029730944, -2.622765973381532
1829, 18.283980836236932, 1.8289409792747173, -2.604780529637083, -1.058751129827876, 1.877139337606539, -7.951763116786925, 15.735878462760887, -1.0668606591152763, 1.8489523998297597, 1.8289412741175175, -2.6047804838338795
1830, 18.293983013937282, 1.817955879820599, -2.5852223423378793, -1.1382687609957454, 2.0344981222341483, -7.951763116786925, 15.735878462760887, -1.0648993325177667, 1.9296532769282764, 1.8179555611077165, -2.585222349535016
1831, 18.30398519163763, 1.8061756040548023, -2.5640905671924, -1.2177863921636147, 2.1918569068617573, -7.951763116786925, 15.735878462760887, -1.0597612029560117, 2.010351105727752, 1.806174505048207, -2.564090965831748
1832, 18.313987369337976, 1.7936001519773268, -2.5413852042006444, -1.2973040233314839, 2.3492156914893663, -7.951763116786925, 15.735878462760887, -1.051447673752418, 2.090993276228727, 1.793600498199183, -2.5413853386209406
1833, 18.323989547038327, 1.7802295235881727, -2.5171062533626127, -1.3768216544993535, 2.5065744761169753, -7.951763116786925, 15.735878462760887, -1.0399623752728002, 2.171524674487451, 1.7802293996760066, -2.517105606924442
1834, 18.333991724738674, 1.7660637188873398, -2.491253714678305, -1.4563392856672226, 2.663933260744584, -7.951763116786925, 15.735878462760887, -1.0253115804337132, 2.251888080466556, 1.766063728709755, -2.4912529025492356
1835, 18.343993902439024, 1.751102737874828, -2.463827588147721, -1.535856916835092, 2.8212920453721932, -7.951763116786925, 15.735878462760887, -1.0075046456400232, 2.3320246226941723, 1.7511029747813638, -2.4638280590032955
1836, 18.35399608013937, 1.7353465805506378, -2.434827873770861, -1.6153745480029613, 2.978650829999802, -7.951763116786925, 15.735878462760887, -0.9865544766195342, 2.411874294043484, 1.735346440184293, -2.434827637707969
1837, 18.363998257839718, 1.718795246914769, -2.4042545715477246, -1.6948921791708305, 3.1360096146274112, -7.951763116786925, 15.735878462760887, -0.9624780185484708, 2.4913765325768362, 1.718796119088946, -2.4042555306025255
1838, 18.37400043554007, 1.701448736967221, -2.3721076814783126, -1.7744098103387, 3.2933683992550202, -7.951763116786925, 15.735878462760887, -0.9352967697815711, 2.570470870872674, 1.701447340381849, -2.3721074822206694
1839, 18.384002613240416, 1.6833070507079948, -2.338387203562624, -1.8539274415065692, 3.4507271838826297, -7.951763116786925, 15.735878462760887, -0.9050373184133799, 2.6490976565520694, 1.6833066942168369, -2.338388846187147
1840, 18.394004790940766, 1.6643701881370898, -2.30309313780066, -1.9334450726744383, 3.608085968510238, -7.951763116786925, 15.735878462760887, -0.8717319008030068, 2.7271988458262264, 1.664369451955756, -2.3030945538435565
1841, 18.404006968641113, 1.6446381492545061, -2.2662254841924194, -2.012962703842308, 3.765444753137847, -7.951763116786925, 15.735878462760887, -0.8354189810929444, 2.8047188707796975, 1.6446383217238862, -2.2662260743921667
1842, 18.414009146341463, 1.6241109340602435, -2.227784242737903, -2.0924803350101775, 3.922803537765456, -7.951763116786925, 15.735878462760887, -0.7961438506432775, 2.8816055797694364, 1.6241106936537824, -2.2277833285719297
1843, 18.42401132404181, 1.6027885425543025, -2.18776941343711, -2.171997966178046, 4.080162322393066, -7.951763116786925, 15.735878462760887, -0.7539592461853, 2.9578112487424253, 1.6027874811644343, -2.187769057412636
1844, 18.434013501742157, 1.5806709747366825, -2.1461809962900413, -2.2515155973459158, 4.237521107020674, -7.951763116786925, 15.735878462760887, -0.7089259853726398, 3.033293659441905, 1.580672445317821, -2.1461811865573246
1845, 18.444015679442508, 1.557758230607384, -2.103018991296697, -2.3310332285137854, 4.394879891648284, -7.951763116786925, 15.735878462760887, -0.661113618272553, 3.108017238375273, 1.557759250538653, -2.1030201370197386
1846, 18.454017857142855, 1.534050310166407, -2.0582833984570756, -2.4105508596816545, 4.552238676275892, -7.951763116786925, 15.735878462760887, -0.6106010931939577, 3.1819542480507272, 1.5340491473517472, -2.058281887426983
1847, 18.464020034843205, 1.509547213413751, -2.011974217771179, -2.4900684908495236, 4.709597460903502, -7.951763116786925, 15.735878462760887, -0.5574774350905556, 3.2550860193556637, 1.5095486448024407, -2.011975350891477
1848, 18.474022212543552, 1.4842489403494163, -1.9640914492390058, -2.5695861220173932, 4.86695624553111, -7.951763116786925, 15.735878462760887, -0.5018424346050048, 3.327404211055322, 1.4842474277348239, -1.9640898228793175
1849, 18.484024390243903, 1.4581554909734031, -1.9146350928605562, -2.6491037531852624, 5.02431503015872, -7.951763116786925, 15.735878462760887, -0.4438073456313617, 3.3989120792509495, 1.4581576418760978, -1.9146354260532985
1850, 18.49402656794425, 1.431266865285711, -1.8636051486358312, -2.7286213843531315, 5.181673814786328, -7.951763116786925, 15.735878462760887, -0.38349558906475756, 3.4696257362780982, 1.4312653007840286, -1.8636060870030222
1851, 18.504028745644597, 1.4035830632863404, -1.8110016165648297, -2.808139015521001, 5.339032599413937, -7.951763116786925, 15.735878462760887, -0.32104346017630525, 3.5395753749837655, 1.4035840064790208, -1.8110018607272242
1852, 18.514030923344947, 1.3751040849752911, -1.7568244966475524, -2.8876566466888702, 5.496391384041546, -7.951763116786925, 15.735878462760887, -0.25660083679326773, 3.6088064306444165, 1.3751038713435861, -1.7568245093022454
1853, 18.524033101045294, 1.345829930352563, -1.7010737888839988, -2.9671742778567394, 5.653750168669156, -7.951763116786925, 15.735878462760887, -0.1903318851750242, 3.6773806490379752, 1.345830693559183, -1.7010731057000235
1854, 18.534035278745645, 1.3157605994181563, -1.6437494932741692, -3.046691909024609, 5.811108953296764, -7.951763116786925, 15.735878462760887, -0.12241576014895261, 3.7453770254388963, 1.315759822649428, -1.6437497762779656
1855, 18.54403745644599, 1.2848960921720707, -1.5848516098180634, -3.126209540192478, 5.968467737924373, -7.951763116786925, 15.735878462760887, -0.053047295701134756, 3.812892575660205, 1.284895355303723, -1.5848523415965994
1856, 18.55403963414634, 1.2532364086143066, -1.5243801385156814, -3.2057271713603472, 6.125826522551983, -7.951763116786925, 15.735878462760887, 0.0175623182016722, 3.8800428968306995, 1.2532367512469011, -1.5243808172538178
1857, 18.56404181184669, 1.2207815487448637, -1.4623350793670236, -3.285244802528217, 6.283185307179592, -7.951763116786925, 15.735878462760887, 0.08918487725707247, 3.946962472497906, 1.2207808725849247, -1.462336833035034
1858, 18.574043989547036, 1.1879291007195825, -1.3995032262952298, -3.285244802528214, 6.283185307179586, 0.0, 0.0, 0.5613347771406403, 3.887042540156121, 1.1879262582472077, -1.399501832240765
1859, 18.584046167247386, 1.1550766526943006, -1.3366713732234339, -3.285244802528214, 6.283185307179586, 0.0, 0.0, 0.6713447200089382, 3.895510848918831, 1.155076506894045, -1.3366706947076812
1860, 18.594048344947733, 1.1222242046690183, -1.273839520151638, -3.285244802528214, 6.283185307179586, 0.0, 0.0, 0.7791321299054208, 3.9039415622190443, 1.1222241674972642, -1.2738384482466416
1861, 18.604050522648084, 1.089371756643736, -1.211007667079842, -3.285244802528214, 6.283185307179586, 0.0, 0.0, 0.8845798567819618, 3.9123162570770456, 1.089372113224563, -1.2110088967666208
1862, 18.61405270034843, 1.056519308618454, -1.148175814008046, -3.285244802528214, 6.283185307179586, 0.0, 0.0, 0.9875727277338284, 3.9206140780763903, 1.0565190618302729, -1.1481734324436332
1863, 18.624054878048778, 1.0236668605931718, -1.0853439609362503, -3.285244802528214, 6.283185307179586, 0.0, 0.0, 1.0879976789210266, 3.928811808710481, 1.023667108969777, -1.085343344082778
1864, 18.63405705574913, 0.9908144125678896, -1.0225121078644543, -3.285244802528214, 6.283185307179586, 0.0, 0.0, 1.1857438868645311, 3.936883954441847, 0.9908142298048083, -1.022511842070968
1865, 18.644059233449475, 0.9579619645426074, -0.9596802547926584, -3.285244802528214, 6.283185307179586, 0.0, 0.0, 1.2807028989375069, 3.9448028371540254, 0.9579616372040249, -0.9596805107116746
1866, 18.654061411149826, 0.9251095165173252, -0.8968484017208624, -3.285244802528214, 6.283185307179586, 0.0, 0.0, 1.3727687628666314, 3.952538700628825, 0.9251099163907572, -0.8968488788407167
1867, 18.664063588850173, 0.8922570684920431, -0.8340165486490665, -3.285244802528214, 6.283185307179586, 0.0, 0.0, 1.4618381550538895, 3.96005982663608, 0.8922577875547781, -0.8340158229994192
1868, 18.67406576655052, 0.8594046204667609, -0.7711846955772705, -3.285244802528214, 6.283185307179586, 0.0, 0.0, 1.547810507524944, 3.9673326611789452, 0.859404926603287, -0.7711833464165121
1869, 18.68406794425087, 0.8265521724414788, -0.7083528425054748, -3.285244802528214, 6.283185307179586, 0.0, 0.0, 1.6305881333063352, 3.9743219503955434, 0.8265544943074244, -0.7083526423262114
1870, 18.694070121951217, 0.7936997244161965, -0.6455209894336789, -3.285244802528214, 6.283185307179586, 0.0, 0.0, 1.710076350030349, 3.9809908855774947, 0.7937012079979803, -0.6455218557389161
1871, 18.704072299651568, 0.7608472763909144, -0.5826891363618829, -3.285244802528214, 6.283185307179586, 0.0, 0.0, 1.7861836015634518, 3.9873012567277146, 0.7608479130645004, -0.5826897742255731
1872, 18.714074477351915, 0.7279948283656321, -0.519857283290087, -3.285244802528214, 6.283185307179586, 0.0, 0.0, 1.8588215774518013, 3.9932136140440084, 0.7279953413277854, -0.519859130604174
1873, 18.724076655052265, 0.69514238034035, -0.457025430218291, -3.285244802528214, 6.283185307179586, 0.0, 0.0, 1.927905329975375, 3.998687436681555, 0.6951429795391805, -0.4570258146189938
1874, 18.734078832752612, 0.6622899323150679, -0.39419357714649506, -3.285244802528214, 6.283185307179586, 0.0, 0.0, 1.9933533886009305, 4.003681308116507, 0.662290618066629, -0.3941958244258405
1875, 18.74408101045296, 0.6294374842897856, -0.3313617240746991, -3.285244802528214, 6.283185307179586, 0.0, 0.0, 2.05508787162317, 4.00815309740474, 0.6294382223680218, -0.3313620704994613
1876, 18.75408318815331, 0.5965850362645035, -0.26852987100290315, -3.285244802528214, 6.283185307179586, 0.0, 0.0, 2.1130345947832265, 4.012060145604409, 0.596586265684313, -0.2685310181865713
1877, 18.764085365853656, 0.5637325882392215, -0.2056980179311072, -3.285244802528214, 6.283185307179586, 0.0, 0.0, 2.1671231766539294, 4.015359456608474, 0.5637322740562987, -0.2056966542301744
1878, 18.774087543554007, 0.5308801402139391, -0.14286616485931125, -3.285244802528214, 6.283185307179586, 0.0, 0.0, 2.21728714058222, 4.018007891613862, 0.5308788703079874, -0.1428646514209227
1879, 18.784089721254354, 0.49802769218865706, -0.0800343117875153, -3.285244802528214, 6.283185307179586, 0.0, 0.0, 2.263464012980617, 4.019962366437524, 0.49802731947936063, -0.0800358938244656
1880, 18.7940918989547, 0.46517524416337475, -0.017202458715719793, -3.285244802528214, 6.283185307179586, 0.0, 0.0, 2.3055954177617584, 4.0211800508763345, 0.4651744369821934, -0.01720193091726228
1881, 18.80409407665505, 0.43232279613809266, 0.04562939435607616, -3.285244802528214, 6.283185307179586, 0.0, 0.0, 2.3436271667127784, 4.021618569297695, 0.4323212581763039, 0.04562984203061116
1882, 18.8140962543554, 0.39947034811281057, 0.10846124742787211, -3.285244802528214, 6.283185307179586, 0.0, 0.0, 2.3775093456096683, 4.021236201640852, 0.39946925150742696, 0.10845860377815136
1883, 18.82409843205575, 0.36661790008752826, 0.17129310049966806, -3.285244802528214, 6.283185307179586, 0.0, 0.0, 2.4071963958756917, 4.019992084005308, 0.366617362245555, 0.17129174611865663
1884, 18.834100609756096, 0.33376545206224617, 0.234124953571464, -3.285244802528214, 6.283185307179586, 0.0, 0.0, 2.4326471915925505, 4.01784640800242, 0.33376529014668427, 0.23412457322082317
1885, 18.844102787456446, 0.3009130040369641, 0.29695680664325996, -3.285244802528214, 6.283185307179586, 0.0, 0.0, 2.4538251116781775, 4.01476061804918, 0.30091245116245385, 0.2969582765024388
1886, 18.854104965156793, 0.26806055601168177, 0.3597886597150559, -3.285244802528214, 6.283185307179586, 0.0, 0.0, 2.4706981070508047, 4.010697605789469, 0.26806104147992865, 0.3597884159488064
1887, 18.86410714285714, 0.2352081079863999, 0.4226205127868514, -3.285244802528214, 6.283185307179586, 0.0, 0.0, 2.4832387626053714, 4.005621900837486, 0.23520814580532257, 0.4226209947742796
1888, 18.87410932055749, 0.2023556599611176, 0.48545236585864737, -3.285244802528214, 6.283185307179586, 0.0, 0.0, 2.4914243538352854, 3.999499857050783, 0.2023549331665469, 0.48545056896518696
1889, 18.884111498257838, 0.1695032119358355, 0.5482842189304433, -3.285244802528214, 6.283185307179586, 0.0, 0.0, 2.4952368979400865, 3.9922998335561624, 0.1695034187809047, 0.5482844965351731
1890, 18.894113675958188, 0.13665076391055342, 0.6111160720022393, -3.285244802528214, 6.283185307179586, 0.0, 0.0, 2.4946631992676447, 3.98399236977067, 0.13665123433891183, 0.6111159356409923
1891, 18.904115853658535, 0.10379831588527111, 0.6739479250740352, -3.285244802528214, 6.283185307179586, 0.0, 0.0, 2.489694888948178, 3.9745503536818747, 0.10379822904245, 0.6739466159691424
1892, 18.914118031358882, 0.07094586785998902, 0.7367797781458312, -3.285244802528214, 6.283185307179586, 0.0, 0.0, 2.4803284585864493, 3.9639491826765716, 0.07094516632552145, 0.736780158078372
1893, 18.924120209059232, 0.03809341983470671, 0.7996116312176271, -3.285244802528214, 6.283185307179586, 0.0, 0.0, 2.4665652878882125, 3.952166916234816, 0.03809319213720264, 0.7996093490995226
1894, 18.93412238675958, 0.005917969479164675, 0.8608164140321215, -3.1793863090860186, 6.014269886056438, 7.631745293635694, -21.24167907859988, 2.705780126520449, 3.7446092866498253, 0.005918488030242774, 0.8608159655941077
1895, 18.94412456445993, -0.025494306347013773, 0.919897028938756, -3.103068856149662, 5.801853095270438, 7.631745293635694, -21.24167907859988, 2.7333608275574397, 3.6103696181099787, -0.025493540492114043, 0.9198970428167228
1896, 18.954126742160277, -0.056143407643828636, 0.9768534759375305, -3.026751403213305, 5.589436304484439, 7.631745293635694, -21.24167907859988, 2.758119414998963, 3.4754239388488264, -0.05614176847552846, 0.9768531951390315
1897, 18.964128919860627, -0.08602933441127991, 1.0316857550284448, -2.950433950276948, 5.377019513698441, 7.631745293635694, -21.24167907859988, 2.7802368721065513, 3.3400732980093046, -0.08603050781623826, 1.0316858052350506
1898, 18.974131097560974, -0.1151520866493676, 1.0843938662114994, -2.874116497340591, 5.164602722912441, 7.631745293635694, -21.24167907859988, 2.7999034296461947, 3.204597174684539, -0.11515120700316125, 1.0843933941119397
1899, 18.98413327526132, -0.1435116643580917, 1.1349778094866938, -2.7977990444042344, 4.952185932126442, 7.631745293635694, -21.24167907859988, 2.817317326687716, 3.0692528869670217, -0.14351193787226038, 1.1349776499001312
1900, 18.99413545296167, -0.17110806753745228, 1.1834375848540284, -2.7214815914678767, 4.739769141340443, 7.631745293635694, -21.24167907859988, 2.832683403181088, 2.934275430600243, -0.17110861725369692, 1.1834367889198143
1901, 19.00413763066202, -0.19794129618744938, 1.2297731923135027, -2.6451641385315194, 4.527352350554445, 7.631745293635694, -21.24167907859988, 2.8462115812263953, 2.7998776837769688, -0.1979419936792619, 1.2297739885214327
1902, 19.01413980836237, -0.22401135030808278, 1.2739846318651171, -2.5688466855951626, 4.314935559768446, 7.631745293635694, -21.24167907859988, 2.8581152851879783, 2.666250917542789, -0.22401257840431074, 1.2739846565443642
1903, 19.024141986062716, -0.2493182298993527, 1.3160719035088717, -2.4925292326588053, 4.1025187689824465, 7.631745293635694, -21.24167907859988, 2.868609843940189, 2.533565555002072, -0.24931893586306483, 1.3160713669622355
1904, 19.034144163763063, -0.273861934961259, 1.3560350072447664, -2.416211779722449, 3.8901019781964474, 7.631745293635694, -21.24167907859988, 2.8779109117922843, 2.4019721268358287, -0.2738632598556271, 1.3560365999845656
1905, 19.044146341463414, -0.2976424654938017, 1.3938739430728009, -2.3398943267860917, 3.6776851874104484, 7.631745293635694, -21.24167907859988, 2.886232938195589, 2.2716023753107057, -0.2976422656876901, 1.393874543201815
1906, 19.05414851916376, -0.3206598214969808, 1.4295887109929752, -2.263576873849735, 3.465268396624449, 7.631745293635694, -21.24167907859988, 2.893787710317752, 2.1425704638020417, -0.3206596971147591, 1.4295882122105148
1907, 19.06415069686411, -0.3429140029707963, 1.4631793110052898, -2.1872594209133776, 3.2528516058384502, 7.631745293635694, -21.24167907859988, 2.900782987069501, 2.0149742537196107, -0.34291696551687273, 1.4631790821016297
1908, 19.074152874564458, -0.36440500991524843, 1.4946457431097442, -2.1109419679770207, 3.0404348150524516, 7.631745293635694, -21.24167907859988, 2.9074212382489315, 1.8888966154897497, -0.3644065703359701, 1.4946470153760043
1909, 19.08415505226481, -0.38513284233033684, 1.5239880073063388, -2.034624515040664, 2.828018024266452, 7.631745293635694, -21.24167907859988, 2.913898498159922, 1.7644067448160488, -0.3851323592117674, 1.5239884780454256
1910, 19.094157229965155, -0.4050975002160617, 1.5512061035950735, -1.9583070621043066, 2.6156012334804535, 7.631745293635694, -21.24167907859988, 2.920403339374621, 1.641561459740563, -0.4050967946205558, 1.5512072852236998
1911, 19.104159407665502, -0.424298983572423, 1.576300031975948, -1.8819896091679496, 2.403184442694454, 7.631745293635694, -21.24167907859988, 2.9271159692364415, 1.5204064580075105, -0.42429895611228513, 1.5762975909148276
1912, 19.114161585365853, -0.4427372923994207, 1.5992697924489625, -1.8056721562315925, 2.1907676519084553, 7.631745293635694, -21.24167907859988, 2.93420744921673, 1.4009775178586328, -0.442737776373219, 1.5992686308246828
1913, 19.1241637630662, -0.4604124266970549, 1.6201153850141172, -1.7293547032952357, 1.9783508611224565, 7.631745293635694, -21.24167907859988, 2.9418390353108688, 1.2833016286460472, -0.4604111477902441, 1.6201149525818581
1914, 19.13416594076655, -0.4773243864653255, 1.6388368096714117, -1.6530372503588786, 1.7659340703364577, 7.631745293635694, -21.24167907859988, 2.95016163624607, 1.1673980405296411, -0.47732382428349807, 1.638837648246168
1915, 19.144168118466897, -0.4934731717042325, 1.6554340664208462, -1.5767197974225218, 1.5535172795504586, 7.631745293635694, -21.24167907859988, 2.9593153853256675, 1.0532792250371303, -0.4934737711556887, 1.6554352217002934
1916, 19.154170296167244, -0.5088587824137759, 1.669907155262421, -1.5004023444861647, 1.34110048876446, 7.631745293635694, -21.24167907859988, 2.9694293212020986, 0.9409517404195424, -0.5088586087929329, 1.6699083695693437
1917, 19.164172473867595, -0.5234812185939558, 1.6822560761961356, -1.4240848915498074, 1.1286836979784605, 7.631745293635694, -21.24167907859988, 2.9806211726999923, 0.8304169975530045, -0.5234802747808722, 1.6822547620633044
1918, 19.17417465156794, -0.5373404802447721, 1.6924808292219902, -1.3477674386134506, 0.9162669071924614, 7.631745293635694, -21.24167907859988, 2.9929972429477503, 0.7216719236441631, -0.5373385916728979, 1.692482173659655
1919, 19.184176829268292, -0.5504365673662248, 1.7005814143399847, -1.2714499856770936, 0.7038501164064623, 7.631745293635694, -21.24167907859988, 3.00665238846741, 0.6147095222194543, -0.5504367111995411, 1.7005811357652194
1920, 19.19417900696864, -0.5627694799583141, 1.7065578315501195, -1.1951325327407365, 0.4914333256204637, 7.631745293635694, -21.24167907859988, 3.0216700894650224, 0.5095193288483897, -0.5627704894954313, 1.7065589778063672
1921, 19.20418118466899, -0.5743392180210396, 1.710410080852394, -1.1188150798043797, 0.27901653483446465, 7.631745293635694, -21.24167907859988, 3.038122608305329, 0.4060877627998884, -0.5743396886323524, 1.7104109779309526
1922, 19.214183362369337, -0.5851457815544017, 1.7121381622468088, -1.0424976268680226, 0.06659974404846558, 7.631745293635694, -21.24167907859988, 3.0560712339941207, 0.3043983753913074, -0.5851450289017089, 1.7121374862482797
1923, 19.224185540069683, -0.5951891705584, 1.7117420757333632, -0.9661801739316654, -0.14581704673753326, 7.631745293635694, -21.24167907859988, 3.075566611378685, 0.2044319961950981, -0.595187378145541, 1.7117428422404313
1924, 19.234187717770034, -0.6044693850330349, 1.709221821312058, -0.8898627209953085, -0.35823383752353233, 7.631745293635694, -21.24167907859988, 3.0966491546618204, 0.10616677855093892, -0.6044677004554126, 1.7092227709073684
1925, 19.24418989547038, -0.6129864249783062, 1.7045773989828927, -0.8135452680589514, -0.5706506283095314, 7.631745293635694, -21.24167907859988, 3.119349545658197, 0.009578146024339984, -0.6129884426106954, 1.704577358190886
1926, 19.25419207317073, -0.620740290394214, 1.6978088087458674, -0.7372278151225945, -0.7830674190955305, 7.631745293635694, -21.24167907859988, 3.143689317954001, -0.08536135841170545, -0.6207408231286113, 1.697807923581184
1927, 19.26419425087108, -0.6277309812807581, 1.6889160506009822, -0.6609103621862376, -0.9954842098815293, 7.631745293635694, -21.24167907859988, 3.1696815287116595, -0.1786823185856758, -0.6277332305480106, 1.6889157591837534
1928, 19.274196428571425, -0.6339584976379388, 1.6778991245482369, -0.5845929092498805, -1.2079010006675284, 7.631745293635694, -21.24167907859988, 3.197331520240259, -0.27041878472546504, -0.6339594827182159, 1.677899024589116
1929, 19.284198606271776, -0.6394228394657557, 1.6647580305876315, -0.5082754563135234, -1.4203177914535274, 7.631745293635694, -21.24167907859988, 3.2266377735773935, -0.3606087042920451, -0.639423154039533, 1.6647566829027247
1930, 19.294200783972123, -0.6441240067642092, 1.6494927687191663, -0.43195800337716644, -1.6327345822395265, 7.631745293635694, -21.24167907859988, 3.257592856147043, -0.4492944416769648, -0.6441246057533173, 1.6494911278195732
1931, 19.304202961672473, -0.6480619995332991, 1.632103338942841, -0.35564055044080944, -1.8451513730255253, 7.631745293635694, -21.24167907859988, 3.2901844650174144, -0.5365233840760633, -0.6480611896804201, 1.6321028742371995
1932, 19.31420513937282, -0.6512368177730254, 1.6125897412586558, -0.2793230975044524, -2.057568163811524, 7.631745293635694, -21.24167907859988, 3.3243965663288626, -0.6223486304090748, -0.6512358232995515, 1.6125915580465564
1933, 19.32420731707317, -0.6536484614833882, 1.5909519756666106, -0.2030056445680954, -2.2699849545975233, 7.631745293635694, -21.24167907859988, 3.3602106300420593, -0.7068297595557749, -0.6536485151589528, 1.5909511640471132
1934, 19.334209494773518, -0.6556785179290691, 1.568252126120636, -0.20300564456809794, -2.269984954597516, 0.0, 0.0, 3.095221816620672, -0.5346906451681839, -0.6556765194982525, 1.5682509334373702
1935, 19.344211672473865, -0.65770857437475, 1.5455522765746608, -0.20300564456809794, -2.269984954597516, 0.0, 0.0, 3.109995981722532, -0.5157040771644057, -0.6577093750328544, 1.5455509411069457
1936, 19.354213850174215, -0.659738630820431, 1.5228524270286856, -0.20300564456809794, -2.269984954597516, 0.0, 0.0, 3.1244433249695165, -0.4970961476544744, -0.659738894620827, 1.5228534027102774
1937, 19.364216027874562, -0.661768687266112, 1.5001525774827105, -0.20300564456809794, -2.269984954597516, 0.0, 0.0, 3.1385524320823395, -0.4788782361432241, -0.6617680220094478, 1.500151923161901
1938, 19.374218205574913, -0.663798743711793, 1.4774527279367353, -0.20300564456809794, -2.269984954597516, 0.0, 0.0, 3.152312094861154, -0.4610614836658604, -0.6637983663728698, 1.4774509113184566
1939, 19.38422038327526, -0.665828800157474, 1.4547528783907602, -0.20300564456809794, -2.269984954597516, 0.0, 0.0, 3.165711318042377, -0.44365678597474933, -0.6658305571398951, 1.4547532748582281
1940, 19.394222560975606, -0.6678588566031549, 1.432053028844785, -0.20300564456809794, -2.269984954597516, 0.0, 0.0, 3.178739326022212, -0.42667478687618443, -0.667860106830181, 1.4320543552269034
1941, 19.404224738675957, -0.6698889130488359, 1.4093531792988099, -0.20300564456809794, -2.269984954597516, 0.0, 0.0, 3.191385569442799, -0.4101258717212072, -0.6698907620253814, 1.4093515359246513
1942, 19.414226916376304, -0.6719189694945169, 1.3866533297528347, -0.20300564456809794, -2.269984954597516, 0.0, 0.0, 3.203639731636926, -0.3940201610544626, -0.6719192669845121, 1.386652720352449
1943, 19.424229094076654, -0.6739490259401979, 1.3639534802068594, -0.20300564456809794, -2.269984954597516, 0.0, 0.0, 3.215491734927414, -0.3783675044249716, -0.6739483616254894, 1.3639531556736793
1944, 19.434231271777, -0.6759790823858789, 1.3412536306608842, -0.20300564456809794, -2.269984954597516, 0.0, 0.0, 3.2269317467773044, -0.3631774743626073, -0.6759786040734613, 1.3412550272442554
1945, 19.444233449477352, -0.6780091388315599, 1.318553781114909, -0.20300564456809794, -2.269984954597516, 0.0, 0.0, 3.2379501857871045, -0.3484593605239572, -0.6780085159923557, 1.318553249570602
1946, 19.4542356271777, -0.6800391952772409, 1.2958539315689337, -0.20300564456809794, -2.269984954597516, 0.0, 0.0, 3.248537727535454, -0.3342221640111531, -0.6800389304380646, 1.2958556048721135
1947, 19.464237804878046, -0.6820692517229219, 1.2731540820229585, -0.20300564456809794, -2.269984954597516, 0.0, 0.0, 3.258685310259633, -0.3204745918671421, -0.6820695230713207, 1.2731538623141847
1948, 19.474239982578396, -0.6840993081686029, 1.2504542324769834, -0.20300564456809794, -2.269984954597516, 0.0, 0.0, 3.268384140372466, -0.30722505175076453, -0.6840998247825628, 1.2504550711032407
1949, 19.484242160278743, -0.6861293646142838, 1.2277543829310082, -0.20300564456809794, -2.269984954597516, 0.0, 0.0, 3.277625697812274, -0.29448164679489774, -0.686130275557268, 1.2277541917815855
1950, 19.494244337979094, -0.6881594210599647, 1.205054533385033, -0.20300564456809794, -2.269984954597516, 0.0, 0.0, 3.286401741222604, -0.28225217065080654, -0.6881589461982949, 1.2050547490814294
1951, 19.50424651567944, -0.6901894775056457, 1.182354683839058, -0.20300564456809794, -2.269984954597516, 0.0, 0.0, 3.2947043129586016, -0.27054410272173446, -0.6901891129706315, 1.1823554996997854
1952, 19.51424869337979, -0.6922195339513267, 1.1596548342930828, -0.20300564456809794, -2.269984954597516, 0.0, 0.0, 3.302525743916998, -0.25936460358864977, -0.6922191876929757, 1.1596531449122338
1953, 19.524250871080138, -0.6942495903970077, 1.1369549847471077, -0.20300564456809794, -2.269984954597516, 0.0, 0.0, 3.3098586581867506, -0.24872051063094258, -0.6942516637359891, 1.1369544945813088
1954, 19.534253048780485, -0.6962796468426887, 1.1142551352011325, -0.20300564456809794, -2.269984954597516, 0.0, 0.0, 3.316695977517557, -0.23861833384475262, -0.6962799576307992, 1.1142554518060248
1955, 19.544255226480836, -0.6983097032883697, 1.0915552856551574, -0.20300564456809794, -2.269984954597516, 0.0, 0.0, 3.32303092560351, -0.2290642518614836, -0.6983093979773957, 1.0915548624727318
1956, 19.554257404181183, -0.7003397597340507, 1.068855436109182, -0.20300564456809794, -2.269984954597516, 0.0, 0.0, 3.328857032179311, -0.22006410816894362, -0.7003391952607331, 1.068856297795842
1957, 19.564259581881533, -0.7023698161797316, 1.0461555865632068, -0.20300564456809794, -2.269984954597516, 0.0, 0.0, 3.334168136926576, -0.21162340753741504, -0.7023700284551262, 1.0461551645669918
1958, 19.57426175958188, -0.7043998726254126, 1.0234557370172317, -0.20300564456809794, -2.269984954597516, 0.0, 0.0, 3.3389583931878573, -0.20374731265284673, -0.7043990625939696, 1.0234555512302466
1959, 19.584263937282227, -0.7064299290710936, 1.0007558874712565, -0.20300564456809794, -2.269984954597516, 0.0, 0.0, 3.3432222714861712, -0.19644064095922453, -0.7064273433574992, 1.0007566662325893
1960, 19.594266114982577, -0.7084599855167746, 0.9780560379252814, -0.20300564456809794, -2.269984954597516, 0.0, 0.0, 3.346954562847876, -0.18970786171205112, -0.7084582874854011, 0.9780537322962896
1961, 19.604268292682924, -0.7104900419624556, 0.955356188379306, -0.20300564456809794, -2.269984954597516, 0.0, 0.0, 3.3501503819269445, -0.18355309324473934, -0.7104907676535308, 0.9553551165249777
1962, 19.614270470383275, -0.7125200984081366, 0.9326563388333309, -0.20300564456809794, -2.269984954597516, 0.0, 0.0, 3.3528051699287293, -0.17798010044958867, -0.7125224885300486, 0.932655858328654
1963, 19.624272648083622, -0.7145501548538176, 0.909956489287356, -0.20300564456809794, -2.269984954597516, 0.0, 0.0, 3.3549146973314845, -0.172992292474886, -0.7145509717239421, 0.9099567174335076
1964, 19.634274825783972, -0.7165802112994986, 0.8872566397413808, -0.20300564456809794, -2.269984954597516, 0.0, 0.0, 3.3564750664040117, -0.16859272063954145, -0.7165803833771827, 0.8872573803830155
1965, 19.64427700348432, -0.7186102677451794, 0.8645567901954054, -0.20300564456809794, -2.269984954597516, 0.0, 0.0, 3.357482713517942, -0.1647840765665325, -0.7186094805876553, 0.8645556908544965
1966, 19.654279181184666, -0.7206403241908604, 0.8418569406494303, -0.20300564456809794, -2.269984954597516, 0.0, 0.0, 3.3579344112532743, -0.16156869053629808, -0.7206407809107505, 0.8418581015844055
1967, 19.664281358885017, -0.7226703806365414, 0.8191570911034551, -0.20300564456809794, -2.269984954597516, 0.0, 0.0, 3.3578272702959246, -0.158948530061092, -0.722669705565855, 0.8191567768987089
1968, 19.674283536585364, -0.7247004370822224, 0.79645724155748, -0.20300564456809794, -2.269984954597516, 0.0, 0.0, 3.3571587411261863, -0.15692519868116572, -0.7247011293779844, 0.7964575468839981
1969, 19.684285714285714, -0.7267304935279034, 0.7737573920115048, -0.20300564456809794, -2.269984954597516, 0.0, 0.0, 3.35592661549709, -0.15549993498351777, -0.72673134323407, 0.7737574779523089
1970, 19.69428789198606, -0.7287605499735844, 0.7510575424655297, -0.20300564456809794, -2.269984954597516, 0.0, 0.0, 3.3541290277018296, -0.1546736118438108, -0.7287594942336466, 0.7510579223887258
1971, 19.704290069686408, -0.7307906064192654, 0.7283576929195545, -0.20300564456809794, -2.269984954597516, 0.0, 0.0, 3.3517644556295147, -0.15444673589191948, -0.7307919714260641, 0.7283562691031368
1972, 19.71429224738676, -0.7328206628649464, 0.7056578433735792, -0.20300564456809794, -2.269984954597516, 0.0, 0.0, 3.348831721608664, -0.1548194472014356, -0.7328218766547482, 0.7056574788165447
1973, 19.724294425087106, -0.7348507193106273, 0.682957993827604, -0.20300564456809794, -2.269984954597516, 0.0, 0.0, 3.345329993037959, -0.1557915192033229, -0.7348508749309755, 0.6829575239817945
1974, 19.734296602787456, -0.7368807757563083, 0.6602581442816289, -0.20300564456809794, -2.269984954597516, 0.0, 0.0, 3.341258782803937, -0.15736235882377259, -0.7368800838745297, 0.6602578798513934
1975, 19.744298780487803, -0.7389108322019893, 0.6375582947356537, -0.20300564456809794, -2.269984954597516, 0.0, 0.0, 3.336617949485426, -0.15953100684617705, -0.7389105676881841, 0.6375583778205962
1976, 19.754300958188153, -0.7409408886476703, 0.6148584451896786, -0.20300564456809794, -2.269984954597516, 0.0, 0.0, 3.3314076973446314, -0.16229613849699898, -0.740940801101627, 0.6148593189517372
1977, 19.7643031358885, -0.7429709450933513, 0.5921585956437034, -0.20300564456809794, -2.269984954597516, 0.0, 0.0, 3.3256285761049487, -0.1656560642551811, -0.742972009857446, 0.5921584244607765
1978, 19.774305313588847, -0.7450010015390323, 0.5694587460977281, -0.20300564456809794, -2.269984954597516, 0.0, 0.0, 3.3192814805156985, -0.1696087308845986, -0.7450017069474886, 0.5694580645055659
1979, 19.784307491289198, -0.7470310579847133, 0.5467588965517529, -0.20300564456809794, -2.269984954597516, 0.0, 0.0, 3.3123676497040924, -0.17415172268892465, -0.7470304025726605, 0.5467594836047953
1980, 19.794309668989545, -0.7490611144303942, 0.5240590470057778, -0.20300564456809794, -2.269984954597516, 0.0, 0.0, 3.304888666314892, -0.1792822629881422, -0.7490587255247669, 0.5240599222390421
1981, 19.804311846689895, -0.7510911708760752, 0.5013591974598026, -0.20300564456809794, -2.269984954597516, 0.0, 0.0, 3.296846455438354, -0.18499721581580042, -0.7510921918680304, 0.5013588559571913
1982, 19.814314024390242, -0.7531212273217562, 0.47865934791382747, -0.20300564456809794, -2.269984954597516, 0.0, 0.0, 3.2882432833271587, -0.1912930878359751, -0.7531211541184243, 0.47866016266936473
1983, 19.82431620209059, -0.7551512837674371, 0.4559594983678523, -0.20300564456809794, -2.269984954597516, 0.0, 0.0, 3.279081755903183, -0.19816603047876558, -0.7551496597852793, 0.4559593911960444
1984, 19.83431837979094, -0.7571813402131181, 0.4332596488218772, -0.20300564456809794, -2.269984954597516, 0.0, 0.0, 3.2693648170550826, -0.20561184229301754, -0.7571827645014592, 0.43326069102150394
1985, 19.844320557491287, -0.7592113966587991, 0.4105597992759018, -0.20300564456809794, -2.269984954597516, 0.0, 0.0, 3.2590957467277963, -0.21362597151483942, -0.7592109024324748, 0.41055935350890893
1986, 19.854322735191637, -0.7612414531044801, 0.38785994972992666, -0.20300564456809794, -2.269984954597516, 0.0, 0.0, 3.2482781588051917, -0.22220351885033485, -0.761242518640185, 0.3878596293028288
1987, 19.864324912891984, -0.7632715095501611, 0.3651601001839515, -0.20300564456809794, -2.269984954597516, 0.0, 0.0, 3.2369159987872216, -0.2313392404708574, -0.7632711286342936, 0.36515947138363003
1988, 19.874327090592335, -0.7653015659958421, 0.34246025063797636, -0.20300564456809794, -2.269984954597516, 0.0, 0.0, 3.2250135412630634, -0.24102755121895103, -0.7653009686504801, 0.342460364786116
1989, 19.88432926829268, -0.767331622441523, 0.3197604010920012, -0.20300564456809794, -2.269984954597516, 0.0, 0.0, 3.2125753871818743, -0.2512625280230162, -0.767330380393673, 0.31975812310400126
1990, 19.89433144599303, -0.769361678887204, 0.29706055154602606, -0.20300564456809794, -2.269984954597516, 0.0, 0.0, 3.1996064609228623, -0.2620379135186194, -0.7693601345343827, 0.29706120371392875
1991, 19.90433362369338, -0.771391735332885, 0.2743607020000509, -0.20300564456809794, -2.269984954597516, 0.0, 0.0, 3.186112007166565, -0.273347119874225, -0.7713918984514557, 0.274360886699107
1992, 19.914335801393726, -0.773421791778566, 0.25166085245407555, -0.20300564456809794, -2.269984954597516, 0.0, 0.0, 3.1720975875693025, -0.28518323281901337, -0.7734209232424062, 0.25166168581018944
1993, 19.924337979094076, -0.775451848224247, 0.2289610029081004, -0.20300564456809794, -2.269984954597516, 0.0, 0.0, 3.157569077242889, -0.29753901587032405, -0.7754516607511358, 0.22896147437041062
1994, 19.934340156794423, -0.777481904669928, 0.20626115336212525, -0.20300564456809794, -2.269984954597516, 0.0, 0.0, 3.1425326610418556, -0.31040691475813764, -0.7774818473250963, 0.20625974524227292
1995, 19.94434233449477, -0.7795119611156089, 0.1835613038161501, -0.20300564456809794, -2.269984954597516, 0.0, 0.0, 3.126994829660497, -0.3237790620438896, -0.779511242447893, 0.1835622563954568
1996, 19.95434451219512, -0.7815420175612899, 0.16086145427017495, -0.20300564456809794, -2.269984954597516, 0.0, 0.0, 3.1109623755422096, -0.3376472819307952, -0.7815428328029044, 0.1608602246520799
1997, 19.964346689895468, -0.7835720740069709, 0.1381616047241998, -0.20300564456809794, -2.269984954597516, 0.0, 0.0, 3.0944423886036847, -0.3520030952627409, -0.7835718825009783, 0.13816293887584444
1998, 19.97434886759582, -0.7856021304526519, 0.11546175517822443, -0.20300564456809794, -2.269984954597516, 0.0, 0.0, 3.0774422517766507, -0.36683772470868947, -0.7856017662228907, 0.11546198473381038
1999, 19.984351045296165, -0.7876321868983329, 0.09276190563224929, -0.20300564456809794, -2.269984954597516, 0.0, 0.0, 3.059969636369943, -0.38214210012942507, -0.7876322270354725, 0.09276283856170005
2000, 19.994353222996516, -0.7896622433440138, 0.07006205608627414, -0.20300564456809794, -2.269984954597516, 0.0, 0.0, 3.04203249725483, -0.3979068641233592, -0.789662401797158, 0.07006244369621162
2001, 20.004355400696863, -0.7916922997896948, 0.04736220654029899, -0.20300564456809794, -2.269984954597516, 0.0, 0.0, 3.0236390678765863, -0.4141223777480054, -0.7916923871867257, 0.047363323974395875
2002, 20.01435757839721, -0.7937223562353758, 0.02466235699432362, -0.20300564456809794, -2.269984954597516, 0.0, 0.0, 3.0047978550954557, -0.4307787264136257, -0.7937222531751401, 0.02466392755119323
2003, 20.02435975609756, -0.7957524126810568, 0.0019625074483484717, -0.20300564456809794, -2.269984954597516, 0.0, 0.0, 2.985517633860206, -0.4478657259454425, -0.7957521264365653, 0.0019628702219426945
2004, 20.034361933797907, -0.7977824691267378, -0.020737342097626676, -0.20300564456809794, -2.269984954597516, 0.0, 0.0, 2.9658074417176303, -0.4653729288107118, -0.7977825384601771, -0.020737083987051746
2005, 20.044364111498258, -0.7998125255724188, -0.043437191643601825, -0.20300564456809794, -2.269984954597516, 0.0, 0.0, 2.945676573161393, -0.4832896305068495, -0.7998128221883797, -0.043436524275388695
2006, 20.054366289198605, -0.8018425820180997, -0.06613704118957697, -0.20300564456809794, -2.269984954597516, 0.0, 0.0, 2.9251345738237733, -0.5016048761067027, -0.8018437368302045, -0.06613840073634156
2007, 20.06436846689895, -0.8038726384637807, -0.08883689073555212, -0.20300564456809794, -2.269984954597516, 0.0, 0.0, 2.9041912345139105, -0.5203074669569671, -0.8038729631056208, -0.08883737132744579
2008, 20.074370644599302, -0.8059026949094616, -0.11153674028152727, -0.20300564456809794, -2.269984954597516, 0.0, 0.0, 2.8828565851062784, -0.5393859675256514, -0.8059025421363784, -0.11153774272184748
2009, 20.08437282229965, -0.8079327513551426, -0.13423658982750242, -0.20300564456809794, -2.269984954597516, 0.0, 0.0, 2.861140888283189, -0.558828712394404, -0.8079321011632566, -0.1342365241838383
2010, 20.094375, -0.8099628078008236, -0.15693643937347757, -0.20300564456809794, -2.269984954597516, 0.0, 0.0, 2.839054633135229, -0.5786238133914255, -0.8099623573771083, -0.15693707253639186
2011, 20.104377177700346, -0.8119928642465046, -0.1796362889194527, -0.20300564456809794, -2.269984954597516, 0.0, 0.0, 2.8166085286236044, -0.5987591668606059, -0.8119920865069502, -0.17963665940632845
2012, 20.114379355400697, -0.8140229206921856, -0.20233613846542786, -0.20300564456809794, -2.269984954597516, 0.0, 0.0, 2.793813496908471, -0.6192224610624399, -0.8140237900489974, -0.20233609356699497
2013, 20.124381533101044, -0.8160529771378666, -0.225035988011403, -0.20300564456809794, -2.269984954597516, 0.0, 0.0, 2.7706806665473938, -0.6400011837021979, -0.8160512839318091, -0.22503484700285825
2014, 20.13438371080139, -0.8180830335835476, -0.24773583755737816, -0.20300564456809794, -2.269984954597516, 0.0, 0.0, 2.7472213655681643, -0.661082629580747, -0.818083609994374, -0.24773612779401513
2015, 20.14438588850174, -0.8201130900292286, -0.27043568710335375, -0.20300564456809794, -2.269984954597516, 0.0, 0.0, 2.723447114420286, -0.6824539083633441, -0.8201130582013405, -0.27043575276739984
2016, 20.15438806620209, -0.8221431464749095, -0.2931355366493289, -0.20300564456809794, -2.269984954597516, 0.0, 0.0, 2.699369618809503, -0.7041019524616501, -0.8221421903993843, -0.293136082329195
2017, 20.16439024390244, -0.8241732029205905, -0.31583538619530405, -0.20300564456809794, -2.269984954597516, 0.0, 0.0, 2.675000762419816, -0.7260135250241513, -0.8241743632998959, -0.3158355126398798
2018, 20.174392421602786, -0.8262032593662715, -0.3385352357412792, -0.20300564456809794, -2.269984954597516, 0.0, 0.0, 2.650352599527528, -0.7481752280300888, -0.826202292745953, -0.33853784237051054
2019, 20.184394599303133, -0.8282333158119525, -0.36123508528725434, -0.20300564456809794, -2.269984954597516, 0.0, 0.0, 2.62543734751187, -0.7705735104819634, -0.8282342882173401, -0.36123335220293395
2020, 20.194396777003483, -0.8302633722576335, -0.3839349348332295, -0.20300564456809794, -2.269984954597516, 0.0, 0.0, 2.600267379266885, -0.7931946766915916, -0.8302637200550933, -0.3839349083888351
2021, 20.20439895470383, -0.8322934287033145, -0.40663478437920464, -0.20300564456809794, -2.269984954597516, 0.0, 0.0, 2.5748552155192552, -0.8160248946546564, -0.8322918633581963, -0.40663521871746905
2022, 20.21440113240418, -0.8338724750484675, -0.4283191059979661, -0.1175234281090488, -2.1196556517507488, 8.076241281250654, 9.755302025078542, 3.7051236400333396, -0.41920707130066315, -0.8338729840425617, -0.42831831244644836
2023, 20.224403310104528, -0.8346438972654955, -0.44902789741421967, -0.03676101529654219, -2.0221026314999633, 8.076241281250654, 9.755302025078542, 3.7141928462008087, -0.3918715472445786, -0.834642862071887, -0.4490263536381266
2024, 20.234405487804878, -0.8346076953543984, -0.4687611586279654, 0.04400139751596446, -1.9245496112491778, 8.076241281250654, 9.755302025078542, 3.72671835995158, -0.3630781920080829, -0.8346087011566141, -0.4687599653500261
2025, 20.244407665505225, -0.8337638693151761, -0.4875188896392032, 0.12476381032847106, -1.8269965909983923, 8.076241281250654, 9.755302025078542, 3.742863413281692, -0.332796354299393, -0.8337614280107931, -0.48751792773086505
2026, 20.254409843205572, -0.8321124191478289, -0.5053010904479333, 0.20552622314097765, -1.7294435707476068, 8.076241281250654, 9.755302025078542, 3.7627716647132647, -0.3010003441093838, -0.8321112088080637, -0.5053012670466732
2027, 20.264412020905922, -0.8296533448523566, -0.5221077610541554, 0.2862886359534843, -1.6318905504968213, 8.076241281250654, 9.755302025078542, 3.786568133433697, -0.2676686921458674, -0.8296517614245909, -0.5221064753628137
2028, 20.27441419860627, -0.8263866464287593, -0.5379389014578697, 0.36705104876599093, -1.5343375302460358, 8.076241281250654, 9.755302025078542, 3.8143600758083007, -0.23278347768154495, -0.826386405108967, -0.5379402297746229
2029, 20.28441637630662, -0.8223123238770368, -0.5527945116590762, 0.4478134615784976, -1.4367845099952503, 8.076241281250654, 9.755302025078542, 3.8462377932117784, -0.19632972741847665, -0.8223116864926193, -0.5527929293033774
2030, 20.294418554006967, -0.8174303771971893, -0.5666745916577748, 0.5285758743910043, -1.3392314897444646, 8.076241281250654, 9.755302025078542, 3.8822753615723915, -0.1582948873123564, -0.8174301842935252, -0.5666750683679971
2031, 20.304420731707314, -0.8117408063892166, -0.5795791414539655, 0.6093382872035108, -1.2416784694936793, 8.076241281250654, 9.755302025078542, 3.9225312743400904, -0.11866836876193987, -0.8117417203523888, -0.5795783398766674
2032, 20.314422909407664, -0.8052436114531191, -0.5915081610476484, 0.6901007000160175, -1.1441254492428938, 8.076241281250654, 9.755302025078542, 3.9670489917868683, -0.07744117013852286, -0.8052434679199486, -0.5915072614200464
2033, 20.32442508710801, -0.7979387923888963, -0.6024616504388234, 0.7708631128285242, -1.0465724289921083, 8.076241281250654, 9.755302025078542, 4.015857390636128, -0.034605574292613905, -0.7979390115326871, -0.602461784968423
2034, 20.33442726480836, -0.7898263491965485, -0.6124396096274906, 0.8516255256410307, -0.9490194087413226, 8.076241281250654, 9.755302025078542, 4.068971109011784, 0.009845077585453832, -0.7898271204314643, -0.6124387310872667
2035, 20.34442944250871, -0.7809062818760757, -0.6214420386136498, 0.9323879384535373, -0.8514663884905374, 8.076241281250654, 9.755302025078542, 4.126390782611806, 0.05591653557282816, -0.780906951194931, -0.6214431609226317
2036, 20.35443162020906, -0.7711785904274777, -0.6294689373973013, 1.013150351266044, -0.7539133682397516, 8.076241281250654, 9.755302025078542, 4.188103168861113, 0.10361371406392661, -0.7711791829963567, -0.6294704460269824
2037, 20.364433797909406, -0.7606432748507548, -0.6365203059784449, 1.0939127640785506, -0.6563603479889661, 8.076241281250654, 9.755302025078542, 4.254081156601359, 0.15294068835993258, -0.7606430236366922, -0.6365203414705884
2038, 20.374435975609753, -0.7493003351459068, -0.6425961443570807, 1.1746751768910573, -0.5588073277381805, 8.076241281250654, 9.755302025078542, 4.324283659648143, 0.20390061500393764, -0.7493022804978836, -0.6425948781786724
2039, 20.384438153310104, -0.7371497713129336, -0.6476964525332085, 1.255437589703564, -0.46125430748739504, 8.076241281250654, 9.755302025078542, 4.398655393306578, 0.25649557617829627, -0.7371490073077033, -0.6476962209060009
2040, 20.39444033101045, -0.7241915833518354, -0.6518212305068285, 1.3362000025160705, -0.36370128723660944, 8.076241281250654, 9.755302025078542, 4.47712653370285, 0.3107263486093204, -0.724191138601611, -0.6518218229339475
2041, 20.4044425087108, -0.7104257712626122, -0.6549704782779406, 1.416962415328577, -0.26614826698582417, 8.076241281250654, 9.755302025078542, 4.55961226058019, 0.366592097586692, -0.7104244499149295, -0.6549696492034014
2042, 20.414444686411148, -0.6958523350452639, -0.657144195846545, 1.4977248281410838, -0.16859524673503856, 8.076241281250654, 9.755302025078542, 4.646012185041348, 0.4240899969166059, -0.6958531210355384, -0.6571428639139039
2043, 20.424446864111495, -0.6804712746997905, -0.6583423832126415, 1.5784872409535904, -0.07104222648425307, 8.076241281250654, 9.755302025078542, 4.736209664614517, 0.4832147759040873, -0.6804720311298406, -0.658342448481958
2044, 20.434449041811845, -0.6642825902261921, -0.6585650403762301, 1.6592496537660968, 0.026510793766532537, 8.076241281250654, 9.755302025078542, 4.830071008993792, 0.5439581948162802, -0.6642828092739892, -0.6585658317513631
2045, 20.444451219512192, -0.6472862816244684, -0.6578121673373108, 1.7400120665786036, 0.12406381401731792, 8.076241281250654, 9.755302025078542, 4.927444580876505, 0.6063084507294352, -0.6472866084286991, -0.6578119260060123
2046, 20.454453397212543, -0.62948234889462, -0.6560837640958836, 1.82077447939111, 0.22161683426810352, 8.076241281250654, 9.755302025078542, 5.028159797505173, 0.6702495162218952, -0.629481505037471, -0.656084774058314
2047, 20.46445557491289, -0.6108707920366463, -0.6533798306519487, 1.9015368922036169, 0.319169854518889, 8.076241281250654, 9.755302025078542, 5.132026039837367, 0.735760414056872, -0.610870413298356, -0.653379384712921
2048, 20.47445775261324, -0.5914516110505476, -0.6497003670055059, 1.9822993050161235, 0.4167228747696744, 8.076241281250654, 9.755302025078542, 5.238831477727632, 0.8028144318144155, -0.5914514661992191, -0.6497008452388395
2049, 20.484459930313587, -0.5712248059363239, -0.6450453731565553, 2.06306171782863, 0.5142758950204599, 8.076241281250654, 9.755302025078542, 5.34834182112464, 0.8713782813925599, -0.5712252598242173, -0.6450463199898258
2050, 20.494462108013934, -0.5501903766939749, -0.6394148491050967, 2.1438241306411365, 0.6118289152712455, 8.076241281250654, 9.755302025078542, 5.46029900907542, 0.9414112094123425, -0.5501883834279535, -0.6394147679797679
2051, 20.504464285714285, -0.528348323323501, -0.6328087948511303, 2.2245865434536434, 0.7093819355220312, 8.076241281250654, 9.755302025078542, 5.574419850295147, 1.0128640658371881, -0.5283480952902209, -0.6328084608218831
2052, 20.51446646341463, -0.505698645824902, -0.6252272103946561, 2.30534895626615, 0.8069349557728166, 8.076241281250654, 9.755302025078542, 5.6903946312112215, 1.0856783395584386, -0.5056983457587575, -0.6252274274462398
2053, 20.524468641114982, -0.482241344198178, -0.616670095735674, 2.3861113690786566, 0.904487976023602, 8.076241281250654, 9.755302025078542, 5.807885709725646, 1.1597851713066825, -0.48224114514882604, -0.6166694476920258
2054, 20.53447081881533, -0.45797641844332887, -0.607137450874184, 2.4668737818911635, 1.0020409962743875, 8.076241281250654, 9.755302025078542, 5.926526115457434, 1.2351043560203991, -0.457976301417449, -0.6071378430926847
2055, 20.54447299651568, -0.4329038685603546, -0.5966292758101862, 2.54763619470367, 1.0995940165251732, 8.076241281250654, 9.755302025078542, 6.045918179918591, 1.3115433487321093, -0.43290264978000775, -0.5966285222206386
2056, 20.554475174216027, -0.4070236945492554, -0.5851455705436805, 2.6283986075161763, 1.1971470367759585, 8.076241281250654, 9.755302025078542, 6.165632222929166, 1.388996290105283, -0.40702295274794786, -0.5851443313259219
2057, 20.564477351916373, -0.38033589641003107, -0.5726863350746669, 2.709161020328683, 1.294700057026744, 8.076241281250654, 9.755302025078542, 6.285205324567676, 1.4673430699543517, -0.38033547982218513, -0.5726866001536803
2058, 20.574479529616724, -0.3528404741426817, -0.5592515694031457, 2.78992343314119, 1.3922530772775294, 8.076241281250654, 9.755302025078542, 6.4041402150540385, 1.5464484493799906, -0.35284083433490415, -0.5592492300746957
2059, 20.58448170731707, -0.3245374277472073, -0.5448412735291164, 2.8706858459536964, 1.4898060975283152, 8.076241281250654, 9.755302025078542, 6.521904318135136, 1.6261612645195391, -0.32453766805457857, -0.5448411069248675
2060, 20.59448388501742, -0.29542675722360767, -0.5294554474525793, 2.951448258766203, 1.5873591177791007, 8.076241281250654, 9.755302025078542, 6.637928986741025, 1.7063137373065653, -0.2954262423096366, -0.5294552027849507
2061, 20.60448606271777, -0.2655084625718831, -0.5130940911735344, 3.032210671578709, 1.684912138029886, 8.076241281250654, 9.755302025078542, 6.75160897284446, 1.7867209210036352, -0.26550713691487005, -0.5130934818252494
2062, 20.614488240418115, -0.23518635585609704, -0.49624496979323607, 3.032210671578707, 1.6849121380298828, 0.0, 0.0, 5.705350627647942, 1.4842377473673996, -0.23518550427180876, -0.4962457420956524
2063, 20.624490418118466, -0.20486424914030998, -0.47939584841293725, 3.032210671578707, 1.6849121380298828, 0.0, 0.0, 5.754217034771311, 1.517029097739044, -0.20486371721333735, -0.47939517433419
2064, 20.634492595818813, -0.17454214242452282, -0.4625467270326384, 3.032210671578707, 1.6849121380298828, 0.0, 0.0, 5.79827236402129, 1.5481551038131922, -0.17454325197020307, -0.46254477665416555
2065, 20.644494773519163, -0.14422003570873576, -0.44569760565233957, 3.032210671578707, 1.6849121380298828, 0.0, 0.0, 5.837436594709733, 1.5775518777378574, -0.14421975072269314, -0.4456992357379696
2066, 20.65449695121951, -0.1138979289929486, -0.4288484842720407, 3.032210671578707, 1.6849121380298828, 0.0, 0.0, 5.871636469470424, 1.605159423915166, -0.11389684882228791, -0.4288497228714163
2067, 20.66449912891986, -0.08357582227716154, -0.4119993628917419, 3.032210671578707, 1.6849121380298828, 0.0, 0.0, 5.900805639605876, 1.6309217709402386, -0.08357301094059585, -0.41199912927944793
2068, 20.674501306620208, -0.05325371556137448, -0.395150241511443, 3.032210671578707, 1.6849121380298828, 0.0, 0.0, 5.92488479882703, 1.6547870945750067, -0.053252332801129475, -0.3951500685493596
2069, 20.684503484320555, -0.022931608845587315, -0.3783011201311442, 3.032210671578707, 1.6849121380298828, 0.0, 0.0, 5.94382180510245, 1.6767078314838135, -0.02293200065054474, -0.3783023987918868
2070, 20.694505662020905, 0.0073904978701997415, -0.3614519987508453, 3.032210671578707, 1.6849121380298828, 0.0, 0.0, 5.9575717903566, 1.6966407834782145, 0.007392426098747596, -0.36145224014096433
2071, 20.704507839721252, 0.0377126045859868, -0.3446028773705465, 3.032210671578707, 1.6849121380298828, 0.0, 0.0, 5.966097257780407, 1.7145472120395133, 0.037711255542577905, -0.34460342177386477
2072, 20.714510017421603, 0.06803471130177396, -0.3277537559902477, 3.032210671578707, 1.6849121380298828, 0.0, 0.0, 5.9693681665413205, 1.730392922909191, 0.06803562175567723, -0.32775211629120565
2073, 20.72451219512195, 0.09835681801756102, -0.31090463460994877, 3.032210671578707, 1.6849121380298828, 0.0, 0.0, 5.967362003704672, 1.7441483405594913, 0.09835658738073455, -0.3109043869605088
2074, 20.734514372822296, 0.1286789247333482, -0.29405551322964996, 3.032210671578707, 1.6849121380298828, 0.0, 0.0, 5.9600638432031126, 1.7557885723789457, 0.12867888510747733, -0.29405458337546386
2075, 20.744516550522647, 0.15900103144913524, -0.27720639184935114, 3.032210671578707, 1.6849121380298828, 0.0, 0.0, 5.947466391716196, 1.7652934624304977, 0.1590011957871526, -0.277206861582379
2076, 20.754518728222994, 0.1893231381649223, -0.2603572704690523, 3.032210671578707, 1.6849121380298828, 0.0, 0.0, 5.929570021347876, 1.7726476346630873, 0.18932205123209822, -0.2603582615198664
2077, 20.764520905923344, 0.21964524488070936, -0.2435081490887534, 3.032210671578707, 1.6849121380298828, 0.0, 0.0, 5.906382789015554, 1.7778405254810354, 0.21964475941788997, -0.24350875316005108
2078, 20.77452308362369, 0.2499673515964964, -0.22665902770845459, 3.032210671578707, 1.6849121380298828, 0.0, 0.0, 5.877920442490427, 1.7808664055992212, 0.24996679031384178, -0.22665768642765544
2079, 20.784525261324042, 0.2802894583122837, -0.20980990632815577, 3.032210671578707, 1.6849121380298828, 0.0, 0.0, 5.844206413055167, 1.7817243911359109, 0.2802898762290498, -0.20980820980681322
2080, 20.79452743902439, 0.31061156502807075, -0.19296078494785696, 3.032210671578707, 1.6849121380298828, 0.0, 0.0, 5.8052717947712855, 1.780418443919022, 0.3106107673588054, -0.19295953229213916
2081, 20.804529616724736, 0.3409336717438578, -0.17611166356755803, 3.032210671578707, 1.6849121380298828, 0.0, 0.0, 5.761155310374947, 1.776957361005614, 0.3409332407881788, -0.17611062088119064
2082, 20.814531794425086, 0.37125577845964486, -0.15926254218725922, 3.032210671578707, 1.6849121380298828, 0.0, 0.0, 5.7119032638463665, 1.7713547534383958, 0.3712564513518131, -0.15926143929989864
2083, 20.824533972125433, 0.4015778851754319, -0.1424134208069604, 3.032210671578707, 1.6849121380298828, 0.0, 0.0, 5.65756947972422, 1.7636290142869855, 0.4015787917377415, -0.1424143673564542
2084, 20.834536149825784, 0.4318999918912192, -0.12556429942666159, 3.032210671578707, 1.6849121380298828, 0.0, 0.0, 5.598215229262684, 1.7538032760454976, 0.43189975087699706, -0.12556253583549426
2085, 20.84453832752613, 0.46222209860700625, -0.10871517804636266, 3.032210671578707, 1.6849121380298828, 0.0, 0.0, 5.5339091435547, 1.7419053574817123, 0.4622226869640174, -0.10871479387345276
2086, 20.854540505226478, 0.4925442053227933, -0.09186605666606384, 3.032210671578707, 1.6849121380298828, 0.0, 0.0, 5.464727113770802, 1.7279677000565514, 0.4925448555376621, -0.09186567561254771
2087, 20.864542682926828, 0.5228663120385804, -0.07501693528576503, 3.032210671578707, 1.6849121380298828, 0.0, 0.0, 5.390752178688345, 1.712027294055795, 0.522866777862927, -0.07501832209793041
2088, 20.874544860627175, 0.5531884187543674, -0.058167813905466215, 3.032210671578707, 1.6849121380298828, 0.0, 0.0, 5.312074399711025, 1.694125594598844, 0.5531885936279259, -0.058168331241586484
2089, 20.884547038327526, 0.5835105254701545, -0.04131869252516729, 3.032210671578707, 1.6849121380298828, 0.0, 0.0, 5.228790723603378, 1.6743084277118823, 0.5835109321050562, -0.04131949304770207
2090, 20.894549216027873, 0.6138326321859418, -0.024469571144868474, 3.032210671578707, 1.6849121380298828, 0.0, 0.0, 5.1410048331891, 1.6526258866748662, 0.6138323355458201, -0.02446905947898084
2091, 20.904551393728223, 0.6441547389017286, -0.00762044976456977, 3.032210671578707, 1.6849121380298828, 0.0, 0.0, 5.0488269862859205, 1.6291322188734374, 0.6441553527080855, -0.007622457410258854
2092, 20.91455357142857, 0.6744768456175156, 0.009228671615729156, 3.032210671578707, 1.6849121380298828, 0.0, 0.0, 4.952373843172843, 1.6038857034079508, 0.6744785951463073, 0.009227553345605845
2093, 20.924555749128917, 0.7047989523333027, 0.02607779299602797, 3.032210671578707, 1.6849121380298828, 0.0, 0.0, 4.851768282908294, 1.576948519732401, 0.7047986194977017, 0.026076419173923334
2094, 20.934557926829267, 0.73512105904909, 0.042926914376326786, 3.032210671578707, 1.6849121380298828, 0.0, 0.0, 4.747139208839569, 1.5483866076159596, 0.7351234961247379, 0.04292805791399837
2095, 20.944560104529614, 0.765443165764877, 0.0597760357566256, 3.032210671578707, 1.6849121380298828, 0.0, 0.0, 4.6386213436653305, 1.5182695187391637, 0.7654438969233464, 0.05977488152284285
2096, 20.954562282229965, 0.7957652724806641, 0.07662515713692453, 3.032210671578707, 1.6849121380298828, 0.0, 0.0, 4.52635501443335, 1.4866702602553858, 0.7957654014068364, 0.07662626681382372
2097, 20.964564459930312, 0.8260873791964511, 0.09347427851722334, 3.032210671578707, 1.6849121380298828, 0.0, 0.0, 4.410485927875494, 1.45366513066611, 0.8260867684431832, 0.09347453580973547
2098, 20.97456663763066, 0.8564094859122382, 0.11032339989752216, 3.032210671578707, 1.6849121380298828, 0.0, 0.0, 4.291164936500827, 1.4193335483756226, 0.8564103560643465, 0.11032502621339584
2099, 20.98456881533101, 0.8867315926280253, 0.12717252127782097, 3.032210671578707, 1.6849121380298828, 0.0, 0.0, 4.168547795885782, 1.3837578733070184, 0.8867310985791691, 0.12717375700769595
2100, 20.994570993031356, 0.9170536993438125, 0.1440216426581199, 3.032210671578707, 1.6849121380298828, 0.0, 0.0, 4.042794913617486, 1.3470232219768579, 0.9170521440527645, 0.14402277535155497
2101, 21.004573170731707, 0.9473758060595996, 0.1608707640384187, 3.032210671578707, 1.6849121380298828, 0.0, 0.0, 3.9140710903625404, 1.309217276440368, 0.9473778668430274, 0.16087147529435075
2102, 21.014575348432054, 0.9776979127753866, 0.17771988541871753, 3.032210671578707, 1.6849121380298828, 0.0, 0.0, 3.7825452535488164, 1.2704300875326995, 0.9776984836008709, 0.17772048730407783
2103, 21.024577526132404, 1.0080200194911737, 0.19456900679901634, 3.032210671578707, 1.6849121380298828, 0.0, 0.0, 3.6483901841620243, 1.2307538728444642, 1.0080215731255373, 0.19456917545240227
2104, 21.03457970383275, 1.0383421262069608, 0.21141812817931516, 3.032210671578707, 1.6849121380298828, 0.0, 0.0, 3.511782237172069, 1.1902828098814706, 1.0383429806713802, 0.2114179990180249
2105, 21.044581881533098, 1.068664232922748, 0.22826724955961397, 3.032210671578707, 1.6849121380298828, 0.0, 0.0, 3.372901056116282, 1.1491128248692941, 1.0686641333532108, 0.22826820717721338
2106, 21.05458405923345, 1.098986339638535, 0.245116370939913, 3.032210671578707, 1.6849121380298828, 0.0, 0.0, 3.231929282377765, 1.1073413776730152, 1.0989855459511668, 0.2451153719826561
2107, 21.064586236933796, 1.129308446354322, 0.2619654923202118, 3.032210671578707, 1.6849121380298828, 0.0, 0.0, 3.0890522597069188, 1.0650672433110824, 1.129307909194398, 0.2619656856763959
2108, 21.074588414634146, 1.1596305530701092, 0.27881461370051064, 3.032210671578707, 1.6849121380298828, 0.0, 0.0, 2.9444577345431524, 1.0223902905498474, 1.1596324102889588, 0.27881382324132137
2109, 21.084590592334493, 1.1899526597858965, 0.29566373508080945, 3.032210671578707, 1.6849121380298828, 0.0, 0.0, 2.7983355527013805, 0.9794112580718074, 1.1899531675906205, 0.29566329710382516
2110, 21.09459277003484, 1.2202747665016833, 0.31251285646110827, 3.032210671578707, 1.6849121380298828, 0.0, 0.0, 2.650877352994435, 0.9362315287159816, 1.2202749054522783, 0.3125123537069721
2111, 21.10459494773519, 1.2505968732174706, 0.3293619778414071, 3.032210671578707, 1.6849121380298828, 0.0, 0.0, 2.502276258367847, 0.8929529022931384, 1.2505984302767745, 0.329362166634067
2112, 21.114597125435537, 1.2809189799332574, 0.3462110992217059, 3.032210671578707, 1.6849121380298828, 0.0, 0.0, 2.3527265651276514, 0.8496773674817681, 1.2809192592589134, 0.3462095948858679
2113, 21.124599303135888, 1.3112410866490447, 0.3630602206020047, 3.032210671578707, 1.6849121380298828, 0.0, 0.0, 2.2024234308447115, 0.8065068733127131, 1.311240950672347, 0.36306119345805826
2114, 21.134601480836235, 1.341563193364832, 0.37990934198230375, 3.032210671578707, 1.6849121380298828, 0.0, 0.0, 2.0515625615209476, 0.7635431007513136, 1.3415633580219222, 0.37990985119445464
2115, 21.144603658536585, 1.3718853000806188, 0.39675846336260256, 3.032210671578707, 1.6849121380298828, 0.0, 0.0, 1.9003398986032898, 0.7208872348856775, 1.3718847894034285, 0.3967579656548121
2116, 21.154605836236932, 1.402207406796406, 0.4136075847429014, 3.032210671578707, 1.6849121380298828, 0.0, 0.0, 1.7489513064305833, 0.6786397382283488, 1.4022071714572626, 0.4136080301207495
2117, 21.16460801393728, 1.432529513512193, 0.4304567061232002, 3.032210671578707, 1.6849121380298828, 0.0, 0.0, 1.5975922606968356, 0.6369001256361686, 1.4325279640108957, 0.4304560002511097
2118, 21.17461019163763, 1.4628516202279802, 0.447305827503499, 3.032210671578707, 1.6849121380298828, 0.0, 0.0, 1.4464575385110712, 0.5957667413495065, 1.462852380031881, 0.44730580475108583
2119, 21.184612369337977, 1.4931737269437675, 0.4641549488837978, 3.032210671578707, 1.6849121380298828, 0.0, 0.0, 1.2957409106299311, 0.5553365386473421, 1.4931722542965544, 0.46415478024884893
2120, 21.194614547038327, 1.5234958336595543, 0.48100407026409664, 3.032210671578707, 1.6849121380298828, 0.0, 0.0, 1.1456348364336417, 0.5157048626088347, 1.5234957692385236, 0.48100441673180416
2121, 21.204616724738674, 1.5538179403753416, 0.4978531916443957, 3.032210671578707, 1.6849121380298828, 0.0, 0.0, 0.9963301622094587, 0.47696523646511285, 1.5538187338532352, 0.49785464131725454
2122, 21.21461890243902, 1.5841400470911284, 0.5147023130246945, 3.032210671578707, 1.6849121380298828, 0.0, 0.0, 0.8480158232989733, 0.4392091520170349, 1.5841388173552924, 0.5147012207277725
2123, 21.22462108013937, 1.6144621538069157, 0.5315514344049933, 3.032210671578707, 1.6849121380298828, 0.0, 0.0, 0.7008785506567246, 0.40252586458559575, 1.614461411017256, 0.5315519360487854
2124, 21.23462325783972, 1.644784260522703, 0.5484005557852921, 3.032210671578707, 1.6849121380298828, 0.0, 0.0, 0.555102582357717, 0.36700219295159997, 1.644782819472663, 0.5483996422450356
2125, 21.24462543554007, 1.6751063672384898, 0.5652496771655909, 3.032210671578707, 1.6849121380298828, 0.0, 0.0, 0.41086938058025435, 0.332722324730091, 1.6751041744903963, 0.5652485449454392
2126, 21.254627613240416, 1.705428473954277, 0.5820987985458898, 3.032210671578707, 1.6849121380298828, 0.0, 0.0, 0.26835735457844345, 0.29976762761294484, 1.70542850564032, 0.5821003556662009
2127, 21.264629790940766, 1.735750580670064, 0.5989479199261886, 3.032210671578707, 1.6849121380298828, 0.0, 0.0, 0.1277415901455612, 0.26821646689998024, 1.7357513146931611, 0.5989494447355331
2128, 21.274631968641113, 1.7660726873858512, 0.6157970413064874, 3.032210671578707, 1.6849121380298828, 0.0, 0.0, -0.010806413944772553, 0.23814402972492676, 1.7660728017950829, 0.6157959892703282
2129, 21.28463414634146, 1.796394794101638, 0.6326461626867864, 3.032210671578707, 1.6849121380298828, 0.0, 0.0, -0.14711900204772288, 0.20962215636771642, 1.7963940217159988, 0.6326463000728956
2130, 21.29463632404181, 1.8267169008174253, 0.6494952840670852, 3.032210671578707, 1.6849121380298828, 0.0, 0.0, -0.28103260985098655, 0.18271917902877255, 1.826716567394877, 0.649494263352449
2131, 21.304638501742158, 1.8570390075332126, 0.666344405447384, 3.032210671578707, 1.6849121380298828, 0.0, 0.0, -0.4123880042343784, 0.15749976842438262, 1.8570382802860057, 0.6663436412702822
2132, 21.31464067944251, 1.8873611142489994, 0.6831935268276829, 3.032210671578707, 1.6849121380298828, 0.0, 0.0, -0.5410305143644549, 0.1340247885448248, 1.8873625990682925, 0.6831937333059294
2133, 21.324642857142855, 1.9176832209647867, 0.7000426482079817, 3.032210671578707, 1.6849121380298828, 0.0, 0.0, -0.66681025362202, 0.11235115989875732, 1.9176839764313138, 0.7000433411420603
2134, 21.334645034843202, 1.9480053276805736, 0.7168917695882805, 3.032210671578707, 1.6849121380298828, 0.0, 0.0, -0.7895823319798814, 0.09253173154850303, 1.9480034935446522, 0.7168911485820024
2135, 21.344647212543553, 1.9783274343963608, 0.7337408909685793, 3.032210671578707, 1.6849121380298828, 0.0, 0.0, -0.9092070584685217, 0.07461516222128073, 1.9783273739870644, 0.7337408025161797
2136, 21.3546493902439, 2.008649541112148, 0.7505900123488781, 3.032210671578707, 1.6849121380298828, 0.0, 0.0, -1.0255501333882282, 0.058645810761262185, 2.008650381072873, 0.7505912349122402
2137, 21.36465156794425, 2.03865791748689, 0.7676144900679946, 2.9130996664811675, 1.6886630337582802, -17.547594198605793, -2.756947630673903, -2.9427308799597487, -0.43911235054699294, 2.0386563480898925, 0.7676132664035876
2138, 21.374653745644597, 2.0669115344417714, 0.7843632730240437, 2.7376237244951094, 1.6610935574515413, -17.547594198605793, -2.756947630673903, -3.1122497009382353, -0.47433052954062827, 2.0669114715952075, 0.7843636055345407
2139, 21.384655923344948, 2.0934103919767924, 0.8008363612170255, 2.5621477825090513, 1.6335240811448022, -17.547594198605793, -2.756947630673903, -3.272679497724152, -0.5068025316271006, 2.0934110859324524, 0.8008358341683367
2140, 21.394658101045295, 2.1181544900919524, 0.8170337546469398, 2.3866718405229936, 1.605954604838063, -17.547594198605793, -2.756947630673903, -3.4244684117400688, -0.5366940091094771, 2.1181540576430877, 0.8170348424199155
2141, 21.40466027874564, 2.141143828787252, 0.8329554533137868, 2.211195898536935, 1.578385128531324, -17.547594198605793, -2.756947630673903, -3.568064831276157, -0.5641701419665294, 2.1411432603503155, 0.8329541136148187
2142, 21.414662456445992, 2.162378408062691, 0.8486014572175664, 2.0357199565508775, 1.5508156522245848, -17.547594198605793, -2.756947630673903, -3.703911724857914, -0.5893937071682932, 2.1623790928921536, 0.848601615734227
2143, 21.42466463414634, 2.1818582279182697, 0.8639717663582785, 1.8602440145648187, 1.5232461759178462, -17.547594198605793, -2.756947630673903, -3.8324416195961097, -0.6125234319627043, 2.1818573013289466, 0.8639727838507933
2144, 21.43466681184669, 2.199583288353988, 0.8790663807359234, 1.6847680725787608, 1.495676699611107, -17.547594198605793, -2.756947630673903, -3.954072188108756, -0.6337126072444484, 2.199583633339626, 0.8790655873923062
2145, 21.444668989547036, 2.215553589369845, 0.8938853003505007, 1.5092921305927027, 1.4681072233043677, -17.547594198605793, -2.756947630673903, -4.069202405131951, -0.6531079362675192, 2.21555448375565, 0.8938861370924794
2146, 21.454671167247383, 2.229769130965842, 0.9084285252020107, 1.3338161886066442, 1.4405377469976286, -17.547594198605793, -2.756947630673903, -4.178209233697308, -0.6708485936925739, 2.229768587165402, 0.9084281600750804
2147, 21.464673344947734, 2.242229913141978, 0.9226960552904533, 1.1583402466205865, 1.4129682706908895, -17.547594198605793, -2.756947630673903, -4.281444800584065, -0.6870654701759429, 2.242232312234158, 0.9226971709956242
2148, 21.47467552264808, 2.2529359358982535, 0.9366878906158285, 0.9828643046345282, 1.3853987943841508, -17.547594198605793, -2.756947630673903, -4.379234021499619, -0.7018805783236846, 2.252934548790165, 0.9366881299099556
2149, 21.48467770034843, 2.2618871992346685, 0.9504040311781363, 0.8073883626484699, 1.3578293180774115, -17.547594198605793, -2.756947630673903, -4.4718726379606455, -0.7154065967744373, 2.2618883064474984, 0.9504043443657373
2150, 21.494679878048778, 2.2690837031512228, 0.9638444769773767, 0.6319124206624123, 1.3302598417706726, -17.547594198605793, -2.756947630673903, -4.559625630008547, -0.7277465303707513, 2.2690831605803226, 0.9638422071214231
2151, 21.50468205574913, 2.2745254476479166, 0.9770092280135498, 0.4564364786763542, 1.3026903654639335, -17.547594198605793, -2.756947630673903, -4.642725971579796, -0.7389934657706008, 2.2745249250698762, 0.9770116757224367
2152, 21.514684233449476, 2.27821243272475, 0.9898982842866554, 0.2809605366902963, 1.2751208891571943, -17.547594198605793, -2.756947630673903, -4.72137369845869, -0.7492304033880011, 2.2782126055924685, 0.9898976258070968
2153, 21.524686411149823, 2.280144658381723, 1.0025116457966936, 0.10548459470423799, 1.2475514128504555, -17.547594198605793, -2.756947630673903, -4.79573526217341, -0.7585301481914092, 2.2801454033610877, 1.0025116077121081
2154, 21.534688588850173, 2.2803221246188348, 1.0148493125436646, -0.06999134728181988, 1.2199819365437163, -17.547594198605793, -2.756947630673903, -4.86594314687318, -0.7669552435960577, 2.280322397401665, 1.0148492450501088
2155, 21.54469076655052, 2.2787448314360863, 1.026911284527568, -0.2454672892678782, 1.1924124602369772, -17.547594198605793, -2.756947630673903, -4.932095730071442, -0.7745579344337655, 2.2787467669572736, 1.026912663720662
2156, 21.55469294425087, 2.275412778833477, 1.0386975617484042, -0.4209432312539363, 1.1648429839302383, -17.547594198605793, -2.756947630673903, -4.994257372092945, -0.7813801467500625, 2.2754124099367004, 1.0386963918273862
2157, 21.564695121951218, 2.270325966811008, 1.0502081442061728, -0.5964191732399944, 1.1372735076234992, -17.547594198605793, -2.756947630673903, -5.052458723063776, -0.7874534739482455, 2.270324915892193, 1.0502084589112757
2158, 21.574697299651568, 2.2634843953686774, 1.061443031900874, -0.7718951152260527, 1.10970403131676, -17.547594198605793, -2.756947630673903, -5.106697240281329, -0.7927991605631883, 2.2634852415372833, 1.0614421219279218
2159, 21.584699477351915, 2.2548880645064866, 1.072402224832508, -0.9473710572121106, 1.082134555010021, -17.547594198605793, -2.756947630673903, -5.156937912749026, -0.7974280766985713, 2.2548888987433564, 1.0724017027417403
2160, 21.594701655052262, 2.244536974224435, 1.0830857230010746, -1.1228469991981689, 1.0545650787032819, -17.547594198605793, -2.756947630673903, -5.203114193514023, -0.8013406778976238, 2.2445359157889064, 1.0830846790499755
2161, 21.604703832752612, 2.232431124522523, 1.0934935264065737, -1.2983229411842268, 1.026995602396543, -17.547594198605793, -2.756947630673903, -5.245129144163452, -0.8045269469404058, 2.232429817458642, 1.0934938517563664
2162, 21.61470601045296, 2.2185705154007507, 1.1036256350490055, -1.4737988831702853, 0.9994261260898039, -17.547594198605793, -2.756947630673903, -5.282856799373513, -0.8069663157731944, 2.2185716212676208, 1.1036262783132615
2163, 21.62470818815331, 2.2029551468591175, 1.1134820489283699, -1.6492748251563432, 0.9718566497830647, -17.547594198605793, -2.756947630673903, -5.31614376272374, -0.8086275674823741, 2.202953407127585, 1.11348192585103
2164, 21.634710365853657, 2.1855850188976236, 1.1230627680446668, -1.824750767142401, 0.9442871734763258, -17.547594198605793, -2.756947630673903, -5.344811048040748, -0.8094687199318067, 2.1855863412647007, 1.1230633846256106
2165, 21.644712543554004, 2.1664601315162693, 1.1323677923978963, -2.0002267091284596, 0.9167176971695867, -17.547594198605793, -2.756947630673903, -5.368656183273973, -0.8094368943945729, 2.1664593952205426, 1.1323670014499083
2166, 21.654714721254354, 2.1455804847150546, 1.1413971219880585, -2.175702651114517, 0.8891482208628476, -17.547594198605793, -2.756947630673903, -5.387455596277944, -0.8084681742322191, 2.1455810266881685, 1.1413979667380052
2167, 21.6647168989547, 2.122946078493979, 1.1501507568151532, -2.3511785931005753, 0.8615787445561086, -17.547594198605793, -2.756947630673903, -5.400967303824455, -0.8064874604109087, 2.1229475342616078, 1.1501526150257886
2168, 21.67471907665505, 2.098556912853043, 1.1586286968791808, -2.5266545350866334, 0.8340092682493696, -17.547594198605793, -2.756947630673903, -5.408933926630684, -0.8034083323958575, 2.098556148028754, 1.158629099640944
2169, 21.6847212543554, 2.072412987792246, 1.1668309421801406, -2.7021304770726915, 0.8064397919426305, -17.547594198605793, -2.756947630673903, -5.411086054096794, -0.7991329247320708, 2.0724120260292653, 1.166829062657352
2170, 21.69472343205575, 2.044514303311589, 1.1747574927180333, -2.8776064190587496, 0.7788703156358914, -17.547594198605793, -2.756947630673903, -5.407145982723744, -0.793551831396231, 2.044514864731564, 1.174756160243621
2171, 21.704725609756096, 2.0148608594110713, 1.1824083484928585, -3.0530823610448072, 0.7513008393291524, -17.547594198605793, -2.756947630673903, -5.3968318517470575, -0.7865440517829223, 2.0148591393248303, 1.1824088171309657
2172, 21.714727787456443, 1.9834526560906927, 1.1897835095046163, -3.2285583030308653, 0.7237313630224134, -17.547594198605793, -2.756947630673903, -5.379862198287467, -0.7779769939546428, 1.9834520360410046, 1.1897842906414673
2173, 21.724729965156794, 1.9502896933504537, 1.1968829757533068, -3.4040342450169243, 0.6961618867156742, -17.547594198605793, -2.756947630673903, -5.355960952191703, -0.7677065525200417, 1.9502887817948351, 1.1968838059108948
2174, 21.73473214285714, 1.9153719711903543, 1.2037067472389298, -3.579510187002982, 0.6685924104089352, -17.547594198605793, -2.756947630673903, -5.324862887618723, -0.755577280182987, 1.9153725671796382, 1.2037066824051605
2175, 21.74473432055749, 1.8786994896103941, 1.2102548239614856, -3.75498612898904, 0.6410229341021961, -17.547594198605793, -2.756947630673903, -5.286319544218254, -0.7414226735938934, 1.8786992428154168, 1.2102553088370245
2176, 21.754736498257838, 1.8402722486105734, 1.2165272059209737, -3.9304620709750986, 0.613453457795457, -17.547594198605793, -2.756947630673903, -5.240105625348291, -0.7250655955940759, 1.840270687919788, 1.2165293591927822
2177, 21.764738675958185, 1.8009676279008238, 1.2226617404989282, -3.9304620709750924, 0.613453457795458, 0.0, 0.0, -3.6373699185919417, -0.37602694247736457, 1.8009664547763435, 1.2226622238385914
2178, 21.774740853658535, 1.7616630071910728, 1.2287962750768828, -3.9304620709750924, 0.613453457795458, 0.0, 0.0, -3.5009950679963415, -0.3710254727832054, 1.7616637896828349, 1.2287952669643265
2179, 21.784743031358882, 1.722358386481322, 1.2349308096548373, -3.9304620709750924, 0.613453457795458, 0.0, 0.0, -3.3625523946874285, -0.3649690961051786, 1.7223581621415447, 1.2349310679971002
2180, 21.794745209059233, 1.6830537657715707, 1.241065344232792, -3.9304620709750924, 0.613453457795458, 0.0, 0.0, -3.2222530594774685, -0.35786380580889865, 1.6830550081539044, 1.2410664545210641
2181, 21.80474738675958, 1.64374914506182, 1.2471998788107466, -3.9304620709750924, 0.613453457795458, 0.0, 0.0, -3.0803106247184138, -0.349716760890189, 1.6437491287141512, 1.2472012685573455
2182, 21.81474956445993, 1.6044445243520689, 1.2533344133887012, -3.9304620709750924, 0.613453457795458, 0.0, 0.0, -2.9369407276038046, -0.34053627812384357, 1.604445004528638, 1.253333329312276
2183, 21.824751742160277, 1.565139903642318, 1.2594689479666556, -3.9304620709750924, 0.613453457795458, 0.0, 0.0, -2.792360750780424, -0.33033182293821783, 1.56513980052593, 1.259468622797866
2184, 21.834753919860624, 1.525835282932567, 1.2656034825446103, -3.9304620709750924, 0.613453457795458, 0.0, 0.0, -2.6467894907743803, -0.31911399902567783, 1.5258345215847027, 1.2656069859107428
2185, 21.844756097560975, 1.486530662222816, 1.271738017122565, -3.9304620709750924, 0.613453457795458, 0.0, 0.0, -2.500446824739223, -0.3068945367003467, 1.4865316437546363, 1.2717378220984048
2186, 21.85475827526132, 1.447226041513065, 1.2778725517005194, -3.9304620709750924, 0.613453457795458, 0.0, 0.0, -2.3535533760356353, -0.2936862800159489, 1.447227296928149, 1.2778738946367045
2187, 21.864760452961672, 1.4079214208033142, 1.284007086278474, -3.9304620709750924, 0.613453457795458, 0.0, 0.0, -2.2063301791535688, -0.2795031726579271, 1.4079203423468472, 1.2840055734428524
2188, 21.87476263066202, 1.3686168000935632, 1.2901416208564287, -3.9304620709750924, 0.613453457795458, 0.0, 0.0, -2.058998344488109, -0.2643602426253523, 1.3686184832788648, 1.2901417981346484
2189, 21.884764808362366, 1.3293121793838123, 1.2962761554343833, -3.9304620709750924, 0.613453457795458, 0.0, 0.0, -1.911778723480079, -0.24827358571947344, 1.329311741228243, 1.296277736165802
2190, 21.894766986062717, 1.2900075586740614, 1.3024106900123378, -3.9304620709750924, 0.613453457795458, 0.0, 0.0, -1.7648915746312817, -0.23126034785707816, 1.2900081333952798, 1.3024096039730215
2191, 21.904769163763063, 1.2507029379643104, 1.3085452245902924, -3.9304620709750924, 0.613453457795458, 0.0, 0.0, -1.6185562309024077, -0.21333870622811635, 1.2507029474453264, 1.308544627932242
2192, 21.914771341463414, 1.2113983172545593, 1.3146797591682469, -3.9304620709750924, 0.613453457795458, 0.0, 0.0, -1.4729907689989936, -0.19452784931831824, 1.2113978408049217, 1.314680493001338
2193, 21.92477351916376, 1.1720936965448083, 1.3208142937462015, -3.9304620709750924, 0.613453457795458, 0.0, 0.0, -1.3284116810473854, -0.17484795581878293, 1.1720942923829578, 1.320814615749536
2194, 21.93477569686411, 1.1327890758350574, 1.3269488283241562, -3.9304620709750924, 0.613453457795458, 0.0, 0.0, -1.1850335491584723, -0.15432017244573804, 1.1327892945785996, 1.3269495012598638
2195, 21.94477787456446, 1.0934844551253065, 1.3330833629021108, -3.9304620709750924, 0.613453457795458, 0.0, 0.0, -1.0430687233720417, -0.13296659069487693, 1.093484566435103, 1.3330834591496818
2196, 21.954780052264805, 1.0541798344155555, 1.3392178974800653, -3.9304620709750924, 0.613453457795458, 0.0, 0.0, -0.902727003468859, -0.11081022255583889, 1.0541799407798254, 1.3392177765871551
2197, 21.964782229965156, 1.0148752137058046, 1.34535243205802, -3.9304620709750924, 0.613453457795458, 0.0, 0.0, -0.7642153251311894, -0.0878749752135572, 1.0148753404590225, 1.3453517668844095
2198, 21.974784407665503, 0.9755705929960536, 1.3514869666359746, -3.9304620709750924, 0.613453457795458, 0.0, 0.0, -0.6277374509252749, -0.0641856247642979, 0.975570373687341, 1.3514868726419769
2199, 21.984786585365853, 0.9362659722863027, 1.357621501213929, -3.9304620709750924, 0.613453457795458, 0.0, 0.0, -0.4934936665714169, -0.03976778897531508, 0.9362672209453669, 1.357621027324737
2200, 21.9947887630662, 0.8969613515765518, 1.3637560357918836, -3.9304620709750924, 0.613453457795458, 0.0, 0.0, -0.36168048295871724, -0.014647899118082786, 0.8969618108229821, 1.3637577230367914
2201, 22.004790940766547, 0.8576567308668008, 1.3698905703698383, -3.9304620709750924, 0.613453457795458, 0.0, 0.0, -0.23249034435222593, 0.011146829093907129, 0.8576571644128771, 1.3698892543892107
2202, 22.014793118466898, 0.8183521101570497, 1.376025104947793, -3.9304620709750924, 0.613453457795458, 0.0, 0.0, -0.10611134323031624, 0.03758842543080587, 0.818351503405766, 1.376025070721206
2203, 22.024795296167245, 0.7790474894472987, 1.3821596395257474, -3.9304620709750924, 0.613453457795458, 0.0, 0.0, 0.017273057820549775, 0.0646481959026095, 0.7790482776580395, 1.3821595996942135
2204, 22.034797473867595, 0.7397428687375478, 1.388294174103702, -3.9304620709750924, 0.613453457795458, 0.0, 0.0, 0.1374842967377583, 0.09229675431206333, 0.7397418244482876, 1.388293393423643
2205, 22.044799651567942, 0.7004382480277969, 1.3944287086816565, -3.9304620709750924, 0.613453457795458, 0.0, 0.0, 0.2543489747371732, 0.12050405456955723, 0.7004376690329269, 1.3944293092757065
2206, 22.054801829268293, 0.6611336273180461, 1.4005632432596111, -3.9304620709750924, 0.613453457795458, 0.0, 0.0, 0.3676991107989551, 0.1492394237344586, 0.6611330029766082, 1.4005628063885898
2207, 22.06480400696864, 0.6218290066082952, 1.4066977778375658, -3.9304620709750924, 0.613453457795458, 0.0, 0.0, 0.4773723875061713, 0.17847159574653845, 0.6218297254441604, 1.4066980042565953
2208, 22.074806184668986, 0.582524385898544, 1.4128323124155204, -3.9304620709750924, 0.613453457795458, 0.0, 0.0, 0.5832123878714481, 0.20816874581037498, 0.582525108395888, 1.4128327473250586
2209, 22.084808362369337, 0.5432197651887933, 1.4189668469934749, -3.9304620709750924, 0.613453457795458, 0.0, 0.0, 0.6850688228011335, 0.23829852539491098, 0.5432197640529282, 1.418965796115499
2210, 22.094810540069684, 0.5039151444790422, 1.4251013815714295, -3.9304620709750924, 0.613453457795458, 0.0, 0.0, 0.7827977488611852, 0.2688280978096603, 0.5039145696764824, 1.4251011503505018
2211, 22.104812717770034, 0.46461052376929146, 1.431235916149384, -3.9304620709750924, 0.613453457795458, 0.0, 0.0, 0.876261776024202, 0.2997241743184225, 0.46461044065896806, 1.4312368392510255
2212, 22.11481489547038, 0.4253059030595403, 1.4373704507273386, -3.9304620709750924, 0.613453457795458, 0.0, 0.0, 0.9653302650927882, 0.33095305075077874, 0.4253058375781502, 1.4373720536720818
2213, 22.12481707317073, 0.3860012823497896, 1.4435049853052933, -3.9304620709750924, 0.613453457795458, 0.0, 0.0, 1.0498795145105297, 0.3624806445710865, 0.3860009741754412, 1.4435036856500612
2214, 22.13481925087108, 0.34669666164003843, 1.449639519883248, -3.9304620709750924, 0.613453457795458, 0.0, 0.0, 1.1297929362885475, 0.39427253236419824, 0.3466967938812032, 1.4496401940670478
2215, 22.144821428571426, 0.3073920409302877, 1.4557740544612023, -3.9304620709750924, 0.613453457795458, 0.0, 0.0, 1.2049612207925018, 0.4262939876966563, 0.30739221035832937, 1.4557745629029428
2216, 22.154823606271776, 0.26808742022053655, 1.461908589039157, -3.9304620709750924, 0.613453457795458, 0.0, 0.0, 1.27528249015238, 0.4585100193117201, 0.2680871455814746, 1.4619073433018144
2217, 22.164825783972123, 0.22878279951078584, 1.4680431236171116, -3.9304620709750924, 0.613453457795458, 0.0, 0.0, 1.3406624400750318, 0.490885409616197, 0.2287806634515539, 1.4680444182116497
2218, 22.174827961672474, 0.18947817880103468, 1.474177658195066, -3.9304620709750924, 0.613453457795458, 0.0, 0.0, 1.4010144698575646, 0.523384753416745, 0.1894792889023992, 1.4741772396929171
2219, 22.18483013937282, 0.15017355809128352, 1.4803121927730207, -3.9304620709750924, 0.613453457795458, 0.0, 0.0, 1.4562598004179346, 0.55597249686302, 0.15017411679333226, 1.480313454196792
2220, 22.194832317073168, 0.1108689373815328, 1.4864467273509754, -3.9304620709750924, 0.613453457795458, 0.0, 0.0, 1.5063275801777716, 0.5886129765548369, 0.11087155840097736, 1.486447776769131
2221, 22.204834494773518, 0.07270840572190618, 1.492219328077317, -3.732786095245247, 0.5459272014748844, 16.65341414348299, -6.26657423185567, 2.724912645518099, 0.6969285792974792, 0.07271043161938577, 1.4922191647028735
2222, 22.214836672473865, 0.036213215476627814, 1.497365271380473, -3.5662519538104167, 0.4832614591563277, 16.65341414348299, -6.26657423185567, 2.8317061902736658, 0.6704642037932348, 0.036212302151638724, 1.4973658832910055
2223, 22.224838850174216, 0.0013833666456977145, 1.5018845572604436, -3.399717812375587, 0.42059571683777097, 16.65341414348299, -6.26657423185567, 2.9338810370112873, 0.6442277779829599, 0.0013824676668586385, 1.5018837033114762
2224, 22.234841027874563, -0.03178114077088401, 1.5057771857172284, -3.233183670940757, 0.3579299745192141, 16.65341414348299, -6.26657423185567, 3.0320120876011254, 0.618204748590061, -0.031781314587484746, 1.5057776331621802
2225, 22.24484320557491, -0.06328030677311736, 1.5090431567508278, -3.066649529505927, 0.29526423220065745, 16.65341414348299, -6.26657423185567, 3.1266549560366856, 0.5923843678855536, -0.06327916861136393, 1.509043547176426
2226, 22.25484538327526, -0.09311413136100255, 1.5116824703612417, -2.900115388071097, 0.2325984898821007, 16.65341414348299, -6.26657423185567, 3.218343603006109, 0.5667594490710375, -0.09311341566279491, 1.5116804532022792
2227, 22.264847560975607, -0.12128261453453948, 1.51369512654847, -2.7335812466362666, 0.16993274756354393, 16.65341414348299, -6.26657423185567, 3.3075884053076026, 0.5413261109183745, -0.1212831629605869, 1.5136944224759186
2228, 22.274849738675957, -0.14778575629372803, 1.5150811253125125, -2.567047105201437, 0.10726700524498717, 16.65341414348299, -6.26657423185567, 3.394874612277996, 0.5160835137083779, -0.14778632859249377, 1.5150826086845866
2229, 22.284851916376304, -0.1726235566385681, 1.5158404666533696, -2.4005129637666065, 0.04460126292643035, 16.65341414348299, -6.26657423185567, 3.480661142431951, 0.4910335881991639, -0.17262200325591118, 1.5158404348023218
2230, 22.294854094076655, -0.19579601556906007, 1.5159731505710412, -2.233978822331777, -0.018064479392126354, 16.65341414348299, -6.26657423185567, 3.565379675038355, 0.46618075906422796, -0.1957980952124732, 1.5159727791651822
2231, 22.304856271777002, -0.21730313308520371, 1.5154791770655271, -2.0674446808969464, -0.08073022171068306, 16.65341414348299, -6.26657423185567, 3.6494339932906623, 0.4415316639717385, -0.21730463641511452, 1.5154793923713423
2232, 22.31485844947735, -0.2371449091869991, 1.5143585461368274, -1.9009105394621164, -0.14339596402923988, 16.65341414348299, -6.26657423185567, 3.733199537970956, 0.417094869230615, -0.2371447109241338, 1.5143578642924067
2233, 22.3248606271777, -0.2553213438744461, 1.5126112577849422, -1.7343763980272864, -0.20606170634779664, 16.65341414348299, -6.26657423185567, 3.8170231329868063, 0.3928805827059889, -0.25532200879333644, 1.5126103906643174
2234, 22.334862804878046, -0.27183243714754485, 1.5102373120098715, -1.5678422565924564, -0.26872744866635334, 16.65341414348299, -6.26657423185567, 3.901222846809776, 0.36890036450684494, -0.2718318343045944, 1.5102355538032934
2235, 22.344864982578397, -0.28667818900629527, 1.5072367088116152, -1.4013081151576263, -0.3313931909849102, 16.65341414348299, -6.26657423185567, 3.986087956609415, 0.34516683577190976, -0.2866759219561897, 1.5072361203633162
2236, 22.354867160278744, -0.29985859945069737, 1.5036094481901734, -1.2347739737227963, -0.394058933303467, 16.65341414348299, -6.26657423185567, 4.071878984711539, 0.32169338572608885, -0.2998605044123539, 1.5036101062442735
2237, 22.36486933797909, -0.3113736684807512, 1.499355530145546, -1.0682398322879663, -0.4567246756220238, 16.65341414348299, -6.26657423185567, 4.158827779878133, 0.2984938770486104, -0.31137368552474776, 1.4993560487347595
2238, 22.37487151567944, -0.3212233960964568, 1.4944749546777327, -0.9017056908531362, -0.5193904179405804, 16.65341414348299, -6.26657423185567, 4.247137618780823, 0.2755823494851817, -0.3212240705504456, 1.4944758042908761
2239, 22.384873693379788, -0.329407782297814, 1.4889677217867343, -0.7351715494183062, -0.5820561602591372, 16.65341414348299, -6.26657423185567, 4.336983305900073, 0.2529727215494759, -0.3294075422661604, 1.4889676265200347
2240, 22.39487587108014, -0.33592682708482285, 1.4828338314725502, -0.5686374079834762, -0.644721902577694, 16.65341414348299, -6.26657423185567, 4.428511252915019, 0.2306784900936557, -0.3359270171820024, 1.482834207193919
2241, 22.404878048780485, -0.34078053045748347, 1.4760732837351804, -0.40210326654864614, -0.7073876448962507, 16.65341414348299, -6.26657423185567, 4.521839521446596, 0.20871242748293933, -0.3407805559316648, 1.4760744652485165
2242, 22.414880226480836, -0.3439688924157958, 1.468686078574625, -0.2355691251138161, -0.7700533872148073, 16.65341414348299, -6.26657423185567, 4.617057815777337, 0.18708627608492984, -0.34396913488104974, 1.4686852568113045
2243, 22.424882404181183, -0.3454919129597598, 1.4606722159908843, -0.06903498367898608, -0.8327191295333642, 16.65341414348299, -6.26657423185567, 4.7142274148971355, 0.1658104397800555, -0.3454912660750661, 1.4606733362556086
2244, 22.43488458188153, -0.3453495920893755, 1.4520316959839579, 0.09749915775584439, -0.895384871851921, 16.65341414348299, -6.26657423185567, 4.81338103592139, 0.14489367221454358, -0.34534988191743116, 1.452031832588254
2245, 22.44488675958188, -0.34354192980464293, 1.4427645185538458, 0.2640332991906744, -0.9580506141704779, 16.65341414348299, -6.26657423185567, 4.914522623604871, 0.12434276155138868, -0.34354051932987784, 1.4427655377415076
2246, 22.454888937282227, -0.34006892610556205, 1.4328706837005483, 0.43056744062550445, -1.0207163564890345, 16.65341414348299, -6.26657423185567, 5.017627063342579, 0.10416221152737715, -0.3400679463120465, 1.4328709383437779
2247, 22.464891114982578, -0.33493058099213285, 1.422350191424065, 0.5971015820603345, -1.0833820988075913, 16.65341414348299, -6.26657423185567, 5.122639817719958, 0.08435391869491715, -0.3349307821339056, 1.422349900677793
2248, 22.474893292682925, -0.3281268944643554, 1.4112030417243964, 0.7636357234951647, -1.1460478411261479, 16.65341414348299, -6.26657423185567, 5.22947648936208, 0.0649168458158228, -0.32812744751613615, 1.4112046173428672
2249, 22.48489547038327, -0.31965786652222955, 1.399429234601542, 0.9301698649299943, -1.208713583444705, 16.65341414348299, -6.26657423185567, 5.3380223155479625, 0.04584669147992393, -0.31966021282570917, 1.3994291558717176
2250, 22.494897648083622, -0.30952349716575545, 1.3870287700555022, 1.0967040063648246, -1.2713793257632617, 16.65341414348299, -6.26657423185567, 5.448131602814092, 0.02713555614400387, -0.30952252442360345, 1.3870274083667844
2251, 22.50489982578397, -0.297723786394933, 1.374001648086277, 1.2632381477996546, -1.3340450680818183, 16.65341414348299, -6.26657423185567, 5.559627112581222, 0.008771604925740917, -0.2977222916631004, 1.3739999965370153
2252, 22.51490200348432, -0.2842587342097623, 1.360347868693866, 1.4297722892344846, -1.3967108104003751, 16.65341414348299, -6.26657423185567, 5.672299411709125, -0.009261272357363848, -0.2842581869517431, 1.3603485855779742
2253, 22.524904181184667, -0.26912834061024327, 1.3460674318782693, 1.5963064306693147, -1.4593765527189317, 16.65341414348299, -6.26657423185567, 5.785906204820586, -0.026983803243088023, -0.26912984881840263, 1.346068275051752
2254, 22.534906358885017, -0.25233260559637605, 1.3311603376394872, 1.7628405721041447, -1.5220422950374888, 16.65341414348299, -6.26657423185567, 5.900171668240279, -0.04442167592639035, -0.2523321502126225, 1.3311588896497109
2255, 22.544908536585364, -0.2338715291681604, 1.3156265859775196, 1.9293747135389747, -1.5847080373560454, 16.65341414348299, -6.26657423185567, 6.0147858084632855, -0.06160588275992007, -0.2338697433441366, 1.3156242862781553
2256, 22.55491071428571, -0.21374511132559643, 1.2994661768923663, 2.0959088549738047, -1.6473737796746022, 16.65341414348299, -6.26657423185567, 6.1294038711936425, -0.07857306268986186, -0.21374392106550338, 1.299466821579469
2257, 22.56491289198606, -0.19195335206868425, 1.2826791103840274, 2.2624429964086348, -1.7100395219931588, 16.65341414348299, -6.26657423185567, 6.243645830160981, -0.09536584113530244, -0.1919531500166531, 1.2826802578546321
2258, 22.57491506968641, -0.16849625139742375, 1.2652653864525032, 2.428977137843465, -1.7727052643117156, 16.65341414348299, -6.26657423185567, 6.35709598811119, -0.11203316557811205, -0.16849901083299396, 1.265264676181544
2259, 22.58491724738676, -0.14337380931181498, 1.247225005097793, 2.595511279278295, -1.8353710066302724, 16.65341414348299, -6.26657423185567, 6.469302725545999, -0.12863063487737436, -0.14337593713485702, 1.2472271211067014
2260, 22.594919425087106, -0.11658602581185773, 1.2285579663198976, 2.762045420713125, -1.898036748948829, 16.65341414348299, -6.26657423185567, 6.579778435917617, -0.14522082005877102, -0.11658542448033214, 1.2285588361751898
2261, 22.604921602787456, -0.08896557160472751, 1.20957759883041, 2.7620454207131195, -1.898036748948827, 0.0, 0.0, 5.352651336701714, -0.3798579668580697, -0.08896500668340027, 1.209577297016353
2262, 22.614923780487803, -0.061345117397596294, 1.1905972313409217, 2.7620454207131195, -1.898036748948827, 0.0, 0.0, 5.3511785334841235, -0.3885465826932213, -0.06134586271208283, 1.1905988657068427
2263, 22.62492595818815, -0.033724663190465076, 1.1716168638514333, 2.7620454207131195, -1.898036748948827, 0.0, 0.0, 5.347016798811156, -0.39731750159853596, -0.033726137553530704, 1.1716180944538384
2264, 22.6349281358885, -0.006104208983333859, 1.152636496361945, 2.7620454207131195, -1.898036748948827, 0.0, 0.0, 5.34016362890549, -0.40616975461834426, -0.0061038355690308365, 1.1526364492834211
2265, 22.644930313588848, 0.02151624522379736, 1.1336561288724567, 2.7620454207131195, -1.898036748948827, 0.0, 0.0, 5.330618533612237, -0.4151023522618089, 0.02151492819589955, 1.13365387325086
2266, 22.6549324912892, 0.049136699430928577, 1.1146757613829685, 2.7620454207131195, -1.898036748948827, 0.0, 0.0, 5.31838303731907, -0.42411428469519163, 0.04913549136917606, 1.1146765823497886
2267, 22.664934668989545, 0.0767571536380598, 1.0956953938934801, 2.7620454207131195, -1.898036748948827, 0.0, 0.0, 5.303460678347708, -0.43320452194080417, 0.07675620074067913, 1.0956944430873239
2268, 22.674936846689892, 0.10437760784519101, 1.076715026403992, 2.7620454207131195, -1.898036748948827, 0.0, 0.0, 5.285857006817116, -0.4423720140825873, 0.10437883206074268, 1.0767153735144852
2269, 22.684939024390243, 0.13199806205232223, 1.0577346589145036, 2.7620454207131195, -1.898036748948827, 0.0, 0.0, 5.265579580979971, -0.4516156914782538, 0.13199754707012626, 1.0577340209686743
2270, 22.69494120209059, 0.15961851625945345, 1.0387542914250152, 2.7620454207131195, -1.898036748948827, 0.0, 0.0, 5.242637962035087, -0.460934464977936, 0.15961827605522488, 1.0387533451113324
2271, 22.70494337979094, 0.18723897046658478, 1.019773923935527, 2.7620454207131195, -1.898036748948827, 0.0, 0.0, 5.217043707419691, -0.4703272261492636, 0.18724029402003514, 1.0197732579647356
2272, 22.714945557491287, 0.214859424673716, 1.0007935564460388, 2.7620454207131195, -1.898036748948827, 0.0, 0.0, 5.188810362586518, -0.479792847508811, 0.21485963482756207, 1.0007915473720708
2273, 22.724947735191638, 0.2424798788808472, 0.9818131889565505, 2.7620454207131195, -1.898036748948827, 0.0, 0.0, 5.157953451271957, -0.48933018275983964, 0.24247989780206528, 0.9818129414940289
2274, 22.734949912891985, 0.27010033308797843, 0.9628328214670622, 2.7620454207131195, -1.898036748948827, 0.0, 0.0, 5.124490464262534, -0.49893806703626237, 0.2701004398976909, 0.9628340612852537
2275, 22.74495209059233, 0.29772078729510965, 0.9438524539775739, 2.7620454207131195, -1.898036748948827, 0.0, 0.0, 5.088440846668219, -0.5086153171527547, 0.29772287740493164, 0.943851753869545
2276, 22.754954268292682, 0.32534124150224086, 0.9248720864880856, 2.7620454207131195, -1.898036748948827, 0.0, 0.0, 5.04982598371214, -0.5183607318609358, 0.32534177195099323, 0.9248705845511588
2277, 22.76495644599303, 0.35296169570937197, 0.9058917189985973, 2.7620454207131195, -1.898036748948827, 0.0, 0.0, 5.008669185047454, -0.5281730921115406, 0.352961592216241, 0.9058906529638524
2278, 22.77495862369338, 0.3805821499165032, 0.886911351509109, 2.7620454207131195, -1.898036748948827, 0.0, 0.0, 4.964995667613225, -0.5380511613224994, 0.38058228855015563, 0.886913939574594
2279, 22.784960801393726, 0.4082026041236344, 0.8679309840196208, 2.7620454207131195, -1.898036748948827, 0.0, 0.0, 4.918832537042269, -0.5479936856528415, 0.40820283669689966, 0.8679322376880648
2280, 22.794962979094073, 0.4358230583307656, 0.8489506165301325, 2.7620454207131195, -1.898036748948827, 0.0, 0.0, 4.870208767635043, -0.5579993942823389, 0.43582194981720485, 0.8489520374725694
2281, 22.804965156794424, 0.46344351253789684, 0.8299702490406442, 2.7620454207131195, -1.898036748948827, 0.0, 0.0, 4.819155180914734, -0.5680669996967997, 0.46344167901078787, 0.8299708692438812
2282, 22.81496733449477, 0.49106396674502806, 0.8109898815511559, 2.7620454207131195, -1.898036748948827, 0.0, 0.0, 4.765704422779781, -0.5781951979789238, 0.4910628485268771, 0.8109898710795153
2283, 22.82496951219512, 0.5186844209521593, 0.7920095140616676, 2.7620454207131195, -1.898036748948827, 0.0, 0.0, 4.709890939271165, -0.5883826691046254, 0.5186844332698486, 0.792008176368184
2284, 22.834971689895468, 0.5463048751592905, 0.7730291465721794, 2.7620454207131195, -1.898036748948827, 0.0, 0.0, 4.651750950972794, -0.5986280772447341, 0.5463046050829223, 0.7730270813411315
2285, 22.84497386759582, 0.5739253293664217, 0.7540487790826911, 2.7620454207131195, -1.898036748948827, 0.0, 0.0, 4.5913224260644165, -0.6089300710719713, 0.5739237090304535, 0.7540473595408519
2286, 22.854976045296166, 0.6010301317116645, 0.7354124401868664, 2.672774954206502, -1.8387553524748814, -7.541056063557259, 4.975707421518063, 3.878975535760244, -0.7360148456804086, 0.6010291107759309, 0.7354115337729353
2287, 22.864978222996513, 0.6273808284505518, 0.7172736720331935, 2.597364393570929, -1.7889982782597007, -7.541056063557259, 4.975707421518063, 3.7724933354942287, -0.7279507138106192, 0.627379439543826, 0.7172745155904274
2288, 22.874980400696863, 0.6529774195830832, 0.6996324746216722, 2.521953832935356, -1.7392412040445202, -7.541056063557259, 4.975707421518063, 3.6663420109030103, -0.7191873109609964, 0.6529776472733156, 0.6996324512240407
2289, 22.88498257839721, 0.6778199051092589, 0.682488847952303, 2.4465432722997837, -1.6894841298293395, -7.541056063557259, 4.975707421518063, 3.560704519725243, -0.709735710456388, 0.6778184726131471, 0.6824872057154314
2290, 22.89498475609756, 0.701908285029079, 0.6658427920250856, 2.371132711664211, -1.6397270556141588, -7.541056063557259, 4.975707421518063, 3.4557536666668573, -0.6996076491591801, 0.7019084586298386, 0.6658420574790783
2291, 22.904986933797908, 0.7252425593425432, 0.6496943068400198, 2.295722151028638, -1.5899699813989783, -7.541056063557259, 4.975707421518063, 3.3516523190661833, -0.6888154206767176, 0.7252426379667145, 0.649693092156268
2292, 22.914989111498254, 0.7478227280496517, 0.6340433923971058, 2.2203115903930657, -1.5402129071837973, -7.541056063557259, 4.975707421518063, 3.2485536525678818, -0.6773717742408265, 0.7478236432888931, 0.6340426206618702
2293, 22.924991289198605, 0.7696487911504045, 0.6188900486963438, 2.144901029757493, -1.4904558329686168, -7.541056063557259, 4.975707421518063, 3.1466014225515346, -0.665289819167724, 0.769647318793722, 0.618891011267371
2294, 22.934993466898952, 0.7907207486448016, 0.6042342757377336, 2.0694904691219205, -1.440698758753436, -7.541056063557259, 4.975707421518063, 3.045930257284698, -0.6525829347864042, 0.7907211408788308, 0.6042338769376046
2295, 22.944995644599302, 0.8110386005328429, 0.5900760735212751, 1.9940799084863472, -1.3909416845382556, -7.541056063557259, 4.975707421518063, 2.9466659689966423, -0.6392646857060795, 0.8110386791995338, 0.5900766771267142
2296, 22.95499782229965, 0.8306023468145286, 0.5764154420469684, 1.9186693478507748, -1.3411846103230747, -7.541056063557259, 4.975707421518063, 2.8489258792958965, -0.6253487422782578, 0.8306027525943075, 0.5764151360599717
2297, 22.965, 0.8494119874898585, 0.5632523813148136, 1.8432587872152024, -1.291427536107894, -7.541056063557259, 4.975707421518063, 2.752819155579962, -0.6108488060964554, 0.8494117727924245, 0.5632508180044419
2298, 22.975002177700347, 0.8674675225588326, 0.5505868913248105, 1.7678482265796296, -1.2416704618927135, -7.541056063557259, 4.975707421518063, 2.658447155307834, -0.5957785403661668, 0.8674656373084239, 0.5505864046172587
2299, 22.985004355400694, 0.8847689520214511, 0.5384189720769593, 1.692437665944057, -1.1919133876775327, -7.541056063557259, 4.975707421518063, 2.5659037752235028, -0.5801515049694571, 0.8847690879211864, 0.5384174308448858
2300, 22.995006533101044, 0.9013162758777138, 0.5267486235712598, 1.6170271053084844, -1.142156313462352, -7.541056063557259, 4.975707421518063, 2.4752758028304696, -0.5639810960422227, 0.9013156663914412, 0.5267492187029615
2301, 23.00500871080139, 0.9171094941276209, 0.5155758458077122, 1.5416165446729115, -1.0923992392471713, -7.541056063557259, 4.975707421518063, 2.386643267622328, -0.547280489877668, 0.9171080767861303, 0.5155763423594988
2302, 23.01501088850174, 0.9321486067711722, 0.5049006387863164, 1.466205984037339, -1.0426421650319906, -7.541056063557259, 4.975707421518063, 2.3000797897718437, -0.5300625909667247, 0.9321491059756581, 0.5049006720181681
2303, 23.02501306620209, 0.9464336138083677, 0.49472300250707235, 1.3907954234017663, -0.99288509081681, -7.541056063557259, 4.975707421518063, 2.215652924170006, -0.5123399839848914, 0.946433688326009, 0.4947227577233034
2304, 23.035015243902436, 0.9599645152392074, 0.4850429369699802, 1.315384862766194, -0.9431280166016295, -7.541056063557259, 4.975707421518063, 2.133424497886853, -0.49412488953513006, 0.9599648544825978, 0.4850424741425049
2305, 23.045017421602786, 0.9727413110636915, 0.47586044217503976, 1.239974302130621, -0.8933709423864487, -7.541056063557259, 4.975707421518063, 2.0534509392968983, -0.4754291234579511, 0.9727393216248439, 0.47586113717903855
2306, 23.055019599303133, 0.98476400128182, 0.4671755181222512, 1.1645637414950485, -0.843613868171268, -7.541056063557259, 4.975707421518063, 1.9757835972736881, -0.45626405952251475, 0.9847644787206453, 0.4671767431936185
2307, 23.065021777003484, 0.9960325858935926, 0.4589881648116144, 1.0891531808594759, -0.7938567939560873, -7.541056063557259, 4.975707421518063, 1.900469049010195, -0.4366405953163598, 0.9960330806044664, 0.4589863240413909
2308, 23.07502395470383, 1.0065470648990094, 0.4512983822431294, 1.013742620223903, -0.7440997197409067, -7.541056063557259, 4.975707421518063, 1.8275493951643722, -0.416569121156175, 1.0065477437071189, 0.45129843339497994
2309, 23.08502613240418, 1.0163074382980706, 0.44410617041679623, 0.9383320595883304, -0.6943426455257259, -7.541056063557259, 4.975707421518063, 1.7570625411624543, -0.39605949184771555, 1.0163080789948826, 0.444106253463134
2310, 23.095028310104528, 1.025313706090776, 0.4374115293326149, 0.8629214989527576, -0.6445855713105453, -7.541056063557259, 4.975707421518063, 1.689042463616555, -0.3751210011294996, 1.0253136312174818, 0.43741206144773237
2311, 23.105030487804875, 1.0335658682771258, 0.4312144589905853, 0.787510938317185, -0.5948284970953646, -7.541056063557259, 4.975707421518063, 1.6235194609281764, -0.35376235864216216, 1.0335646253165898, 0.431213785944306
2312, 23.115032665505225, 1.0410639248571198, 0.4255149593907076, 0.7121003776816124, -0.545071422880184, -7.541056063557259, 4.975707421518063, 1.5605203872556461, -0.33199166927326856, 1.0410625232628283, 0.42551489743392606
2313, 23.125034843205572, 1.047807875830758, 0.42031303053298164, 0.6366898170460398, -0.49531434866500323, -7.541056063557259, 4.975707421518063, 1.500068869121669, -0.3098164147358982, 1.0478066582311845, 0.42031224748259344
2314, 23.135037020905923, 1.0537977211980405, 0.4156086724174075, 0.561279256410467, -0.44555727444982257, -7.541056063557259, 4.975707421518063, 1.4421855040276466, -0.2872434372483319, 1.0537974673777069, 0.41560768813081017
2315, 23.14503919860627, 1.0590334609589673, 0.41140188504398517, 0.48586869577489444, -0.3958002002346419, -7.541056063557259, 4.975707421518063, 1.3868880405245188, -0.264278925191682, 1.0590324102422766, 0.4114027278937331
2316, 23.155041376306617, 1.0635150951135386, 0.4076926684127147, 0.4104581351393217, -0.34604312601946124, -7.541056063557259, 4.975707421518063, 1.3341915392663657, -0.24092840063220372, 1.0635161150823544, 0.4076934076362999
2317, 23.165043554006967, 1.0672426236617538, 0.40448102252359597, 0.335047574503749, -0.2962860518042806, -7.541056063557259, 4.975707421518063, 1.2841085146433031, -0.21719670860528306, 1.067242252721128, 0.40448093190587653
2318, 23.175045731707314, 1.0702160466036135, 0.40176694737662905, 0.2596370138681764, -0.24652897758909986, -7.541056063557259, 4.975707421518063, 1.2366490566549713, -0.1930880080686767, 1.070216729942568, 0.40176694952308994
2319, 23.185047909407665, 1.0724353639391173, 0.39955044297181397, 0.18422645323260375, -0.19677190337391923, -7.541056063557259, 4.975707421518063, 1.191820932745865, -0.16860576444339703, 1.0724341682061187, 0.39955027921505293
2320, 23.19505008710801, 1.0739005756682656, 0.3978315093091507, 0.10881589259703103, -0.14701482915873856, -7.541056063557259, 4.975707421518063, 1.1496296693793986, -0.1437527436717114, 1.073901665909877, 0.3978327660009238
2321, 23.205052264808362, 1.074611681791058, 0.3966101463886392, 0.033405331961458395, -0.09725775494355786, -7.541056063557259, 4.975707421518063, 1.1100786131797782, -0.11853100773295519, 1.0746115121061315, 0.3966106862387094
2322, 23.21505444250871, 1.0745686823074947, 0.3958863542102795, -0.04200522867411424, -0.04750068072837721, -7.541056063557259, 4.975707421518063, 1.0731689715200392, -0.09294191156926657, 1.0745691290050277, 0.3958863043693792
2323, 23.225056620209056, 1.0737715772175758, 0.39566013277407164, -0.11741578930968688, 0.002256393486803482, -7.541056063557259, 4.975707421518063, 1.038899832481788, -0.06698610138485875, 1.073769851712771, 0.39565981446051296
2324, 23.235058797909407, 1.072220366521301, 0.39593148208001555, -0.19282634994525955, 0.05201346770198415, -7.541056063557259, 4.975707421518063, 1.007268164157915, -0.04066351429405206, 1.072222415641917, 0.3959312063823199
2325, 23.245060975609753, 1.0699150502186705, 0.3967004021281113, -0.2682369105808322, 0.10177054191716482, -7.541056063557259, 4.975707421518063, 0.9782687933145832, -0.013973379304949594, 1.0699145058688055, 0.3966980966333651
2326, 23.255063153310104, 1.0672326811128623, 0.39771810754728293, -0.2682369105808297, 0.10177054191716317, 0.0, 0.0, 1.6249053858188203, 0.15497767851591482, 1.0672345641293044, 0.39771991367843423
2327, 23.26506533101045, 1.064550312007054, 0.39873581296645455, -0.2682369105808297, 0.10177054191716317, 0.0, 0.0, 1.6345807989259622, 0.1566011248088564, 1.0645491671871206, 0.3987358548448379
2328, 23.275067508710798, 1.0618679429012456, 0.39975351838562617, -0.2682369105808297, 0.10177054191716317, 0.0, 0.0, 1.6442439533962487, 0.15822427912168047, 1.0618672449751345, 0.399751972488674
2329, 23.28506968641115, 1.0591855737954374, 0.4007712238047978, -0.2682369105808297, 0.10177054191716317, 0.0, 0.0, 1.653894786882285, 0.15984713695879776, 1.0591852629346985, 0.4007726186869661
2330, 23.295071864111495, 1.056503204689629, 0.40178892922396947, -0.2682369105808297, 0.10177054191716317, 0.0, 0.0, 1.6635332371240208, 0.16146969382544046, 1.05650176664977, 0.40178667326546763
2331, 23.305074041811846, 1.0538208355838208, 0.4028066346431411, -0.2682369105808297, 0.10177054191716317, 0.0, 0.0, 1.6731592419491685, 0.1630919452276732, 1.0538224676634578, 0.4028064498502297
2332, 23.315076219512193, 1.0511384664780126, 0.4038243400623127, -0.2682369105808297, 0.10177054191716317, 0.0, 0.0, 1.6827727392736394, 0.16471388667240655, 1.0511381505807948, 0.40382284318262407
2333, 23.325078397212543, 1.0484560973722041, 0.40484204548148434, -0.2682369105808297, 0.10177054191716317, 0.0, 0.0, 1.692373667101965, 0.16633551366740867, 1.048455771266642, 0.40483973210431934
2334, 23.33508057491289, 1.045773728266396, 0.40585975090065596, -0.2682369105808297, 0.10177054191716317, 0.0, 0.0, 1.7019619635277237, 0.16795682172131818, 1.0457736008023029, 0.40586104523233435
2335, 23.345082752613237, 1.0430913591605877, 0.40687745631982764, -0.2682369105808297, 0.10177054191716317, 0.0, 0.0, 1.7115375667339683, 0.169577806343656, 1.0430901898022882, 0.40687760775990217
2336, 23.355084930313588, 1.0404089900547793, 0.40789516173899926, -0.2682369105808297, 0.10177054191716317, 0.0, 0.0, 1.7211004149936533, 0.1711984630448397, 1.0404087072099872, 0.4078953264987437
2337, 23.365087108013935, 1.037726620948971, 0.4089128671581709, -0.2682369105808297, 0.10177054191716317, 0.0, 0.0, 1.7306504466700503, 0.17281878733619288, 1.0377256372302877, 0.40891175883136255
2338, 23.375089285714285, 1.0350442518431626, 0.4099305725773425, -0.2682369105808297, 0.10177054191716317, 0.0, 0.0, 1.740187600217181, 0.17443877472996014, 1.0350437135413817, 0.4099312574501113
2339, 23.385091463414632, 1.0323618827373544, 0.4109482779965141, -0.2682369105808297, 0.10177054191716317, 0.0, 0.0, 1.7497118141802352, 0.17605842073931827, 1.0323626040181455, 0.41094897867412483
2340, 23.39509364111498, 1.0296795136315462, 0.4119659834156858, -0.2682369105808297, 0.10177054191716317, 0.0, 0.0, 1.759223027195995, 0.1776777208783895, 1.0296817623640384, 0.41196637399999386
2341, 23.40509581881533, 1.0269971445257378, 0.4129836888348574, -0.2682369105808297, 0.10177054191716317, 0.0, 0.0, 1.7687211779932566, 0.17929667066225333, 1.0269969396218133, 0.4129855722873044
2342, 23.415097996515676, 1.0243147754199295, 0.41400139425402904, -0.2682369105808297, 0.10177054191716317, 0.0, 0.0, 1.778206205393248, 0.18091526560695845, 1.0243158995517083, 0.4139992821748849
2343, 23.425100174216027, 1.021632406314121, 0.41501909967320066, -0.2682369105808297, 0.10177054191716317, 0.0, 0.0, 1.7876780483100545, 0.18253350122953704, 1.0216319015663198, 0.4150192784062692
2344, 23.435102351916374, 1.018950037208313, 0.4160368050923723, -0.2682369105808297, 0.10177054191716317, 0.0, 0.0, 1.7971366457510334, 0.18415137304801424, 1.018951746810021, 0.41603558187847745
2345, 23.445104529616724, 1.0162676681025047, 0.41705451051154396, -0.2682369105808297, 0.10177054191716317, 0.0, 0.0, 1.8065819368172384, 0.18576887658142408, 1.016267064237379, 0.417055478648731
2346, 23.45510670731707, 1.0135852989966962, 0.4180722159307156, -0.2682369105808297, 0.10177054191716317, 0.0, 0.0, 1.816013860703834, 0.18738600734981933, 1.013584402368458, 0.418072360860375
2347, 23.46510888501742, 1.010902929890888, 0.4190899213498872, -0.2682369105808297, 0.10177054191716317, 0.0, 0.0, 1.8254323567005115, 0.18900276087428416, 1.010903288468095, 0.41908838810501453
2348, 23.47511106271777, 1.0082205607850798, 0.42010762676905883, -0.2682369105808297, 0.10177054191716317, 0.0, 0.0, 1.8348373641919122, 0.19061913267694783, 1.0082206596169696, 0.4201074584837361
2349, 23.485113240418116, 1.0055381916792714, 0.42112533218823045, -0.2682369105808297, 0.10177054191716317, 0.0, 0.0, 1.8442288226580386, 0.1922351182809963, 1.005538904461751, 0.42112562590028296
2350, 23.495115418118466, 1.0028558225734632, 0.4221430376074021, -0.2682369105808297, 0.10177054191716317, 0.0, 0.0, 1.8536066716746709, 0.19385071321068406, 1.0028562444458233, 0.4221439159393197
2351, 23.505117595818813, 1.0001734534676547, 0.42316074302657375, -0.2682369105808297, 0.10177054191716317, 0.0, 0.0, 1.8629708509137852, 0.1954659129913478, 1.000173903358478, 0.4231612013703295
2352, 23.51511977351916, 0.9974910843618465, 0.42417844844574537, -0.2682369105808297, 0.10177054191716317, 0.0, 0.0, 1.8723213001439623, 0.19708071314941775, 0.9974918340219657, 0.42417829798632095
2353, 23.52512195121951, 0.9948087152560382, 0.425196153864917, -0.2682369105808297, 0.10177054191716317, 0.0, 0.0, 1.8816579592308058, 0.19869510921243067, 0.9948074058883017, 0.4251943988300381
2354, 23.535124128919858, 0.9921263461502299, 0.4262138592840886, -0.2682369105808297, 0.10177054191716317, 0.0, 0.0, 1.8909807681373538, 0.20030909670904196, 0.9921270445264428, 0.4262154296314908
2355, 23.545126306620208, 0.9894439770444217, 0.42723156470326024, -0.2682369105808297, 0.10177054191716317, 0.0, 0.0, 1.90028966692449, 0.2019226711690382, 0.9894450091075271, 0.4272323917270556
2356, 23.555128484320555, 0.9867616079386133, 0.4282492701224319, -0.2682369105808297, 0.10177054191716317, 0.0, 0.0, 1.9095845957513558, 0.20353582812334933, 0.9867635203199301, 0.42824853745940505
2357, 23.565130662020906, 0.984079238832805, 0.42926697554160353, -0.2682369105808297, 0.10177054191716317, 0.0, 0.0, 1.9188654948757617, 0.2051485631040614, 0.984078487352161, 0.4292672939701976
2358, 23.575132839721253, 0.9813968697269968, 0.43028468096077516, -0.2682369105808297, 0.10177054191716317, 0.0, 0.0, 1.9281323046545957, 0.20676087164442833, 0.9813986517474366, 0.43028196368596394
2359, 23.5851350174216, 0.9787145006211884, 0.4313023863799468, -0.2682369105808297, 0.10177054191716317, 0.0, 0.0, 1.9373849655442366, 0.20837274927888538, 0.978713418581878, 0.43130209665222047
2360, 23.59513719512195, 0.9760321315153802, 0.4323200917991184, -0.2682369105808297, 0.10177054191716317, 0.0, 0.0, 1.9466234181009574, 0.2099841915430599, 0.9760327113311327, 0.43231943743454326
2361, 23.605139372822297, 0.9733497624095718, 0.4333377972182901, -0.2682369105808297, 0.10177054191716317, 0.0, 0.0, 1.9558476029813356, 0.21159519397378537, 0.9733488395798549, 0.4333357360238952
2362, 23.615141550522647, 0.9706673933037635, 0.4343555026374617, -0.2682369105808297, 0.10177054191716317, 0.0, 0.0, 1.9650574609426628, 0.2132057521091125, 0.9706667853990298, 0.43435413867924766
2363, 23.625143728222994, 0.9679850241979553, 0.4353732080566333, -0.2682369105808297, 0.10177054191716317, 0.0, 0.0, 1.9742529328433476, 0.21481586148832257, 0.967986224901836, 0.43537280344556856
2364, 23.635145905923345, 0.965302655092147, 0.43639091347580494, -0.2682369105808297, 0.10177054191716317, 0.0, 0.0, 1.983433959643323, 0.21642551765193901, 0.9653030607175391, 0.43639123537909424
2365, 23.645148083623692, 0.9626202859863386, 0.43740861889497656, -0.2682369105808297, 0.10177054191716317, 0.0, 0.0, 1.992600482404452, 0.2180347161417401, 0.9626229574610197, 0.4374097494520491
2366, 23.65515026132404, 0.9599379168805303, 0.43842632431414824, -0.2682369105808297, 0.10177054191716317, 0.0, 0.0, 2.0017524422909303, 0.21964345250077116, 0.9599371619317448, 0.43842707521153784
2367, 23.66515243902439, 0.957255547774722, 0.43944402973331986, -0.2682369105808297, 0.10177054191716317, 0.0, 0.0, 2.01088978056969, 0.22125172227335743, 0.9572543424924775, 0.43944534964503507
2368, 23.675154616724736, 0.9545731786689138, 0.4404617351524915, -0.2682369105808297, 0.10177054191716317, 0.0, 0.0, 2.020012438610806, 0.22285952100511555, 0.9545759033179525, 0.4404618529603126
2369, 23.685156794425087, 0.9518908095631055, 0.4414794405716631, -0.2682369105808297, 0.10177054191716317, 0.0, 0.0, 2.0291203578878934, 0.2244668442429667, 0.951890455828835, 0.44147910416511055
2370, 23.695158972125434, 0.9492084404572971, 0.44249714599083473, -0.2682369105808297, 0.10177054191716317, 0.0, 0.0, 2.038213479978513, 0.22607368753514864, 0.9492080299742113, 0.44249785364414884
2371, 23.70516114982578, 0.9465260713514888, 0.44351485141000635, -0.2682369105808297, 0.10177054191716317, 0.0, 0.0, 2.0472917465645666, 0.22768004643122758, 0.9465259451847144, 0.4435146959441966
2372, 23.71516332752613, 0.9438437022456805, 0.444532556829178, -0.2682369105808297, 0.10177054191716317, 0.0, 0.0, 2.0563550994327042, 0.2292859164821114, 0.943842563020658, 0.44453206156783914
2373, 23.725165505226478, 0.9411613331398723, 0.44555026224834965, -0.2682369105808297, 0.10177054191716317, 0.0, 0.0, 2.0654034804747154, 0.23089129324006108, 0.941161061021226, 0.44555073024920683
2374, 23.73516768292683, 0.938478964034064, 0.44656796766752127, -0.2682369105808297, 0.10177054191716317, 0.0, 0.0, 2.0744368316879362, 0.23249617225870392, 0.9384798870032457, 0.44656771489805175
2375, 23.745169860627175, 0.9357965949282556, 0.4475856730866929, -0.2682369105808297, 0.10177054191716317, 0.0, 0.0, 2.0834550951756374, 0.2341005490930451, 0.9357958190418598, 0.4475878095155466
2376, 23.755172038327526, 0.9331142258224474, 0.4486033785058645, -0.2682369105808297, 0.10177054191716317, 0.0, 0.0, 2.0924582131474296, 0.23570441929948024, 0.9331138926393309, 0.4486013415527061
2377, 23.765174216027873, 0.9304318567166391, 0.4496210839250362, -0.2682369105808297, 0.10177054191716317, 0.0, 0.0, 2.101446127919654, 0.2373077784358081, 0.9304316044869316, 0.44962188196443337
2378, 23.77517639372822, 0.9277494876108308, 0.4506387893442078, -0.2682369105808297, 0.10177054191716317, 0.0, 0.0, 2.110418781915781, 0.23891062206124208, 0.9277499178383398, 0.45063792279081194
2379, 23.78517857142857, 0.9250671185050224, 0.45165649476337943, -0.2682369105808297, 0.10177054191716317, 0.0, 0.0, 2.1193761176668042, 0.2405129457364235, 0.9250670935490926, 0.45165686333888516
2380, 23.795180749128917, 0.9223847493992141, 0.45267420018255106, -0.2682369105808297, 0.10177054191716317, 0.0, 0.0, 2.1283180778116315, 0.2421147450234329, 0.9223875597023232, 0.4526726012905904
2381, 23.805182926829268, 0.9197023802934059, 0.4536919056017227, -0.2682369105808297, 0.10177054191716317, 0.0, 0.0, 2.13724460509748, 0.2437160154858029, 0.9197015731750815, 0.4536936574002577
2382, 23.815185104529615, 0.9170200111875976, 0.45470961102089436, -0.2682369105808297, 0.10177054191716317, 0.0, 0.0, 2.1461556423802723, 0.2453167526885307, 0.9170188776202732, 0.45470980146888396
2383, 23.82518728222996, 0.9143376420817892, 0.455727316440066, -0.2682369105808297, 0.10177054191716317, 0.0, 0.0, 2.155051132625023, 0.2469169521980902, 0.914337641831108, 0.45572839347929334
2384, 23.835189459930312, 0.9116552729759809, 0.4567450218592376, -0.2682369105808297, 0.10177054191716317, 0.0, 0.0, 2.1639310189062275, 0.24851660958244376, 0.911654090217232, 0.4567448937608458
2385, 23.84519163763066, 0.9089729038701726, 0.4577627272784092, -0.2682369105808297, 0.10177054191716317, 0.0, 0.0, 2.1727952444082597, 0.2501157204110549, 0.9089726189436976, 0.4577617383008755
2386, 23.85519381533101, 0.9062905347643644, 0.45878043269758084, -0.2682369105808297, 0.10177054191716317, 0.0, 0.0, 2.1816437524257535, 0.2517142802549006, 0.9062926580952719, 0.4587799180704023
2387, 23.865195993031357, 0.9036081656585561, 0.4597981381167525, -0.2682369105808297, 0.10177054191716317, 0.0, 0.0, 2.1904764863639974, 0.25331228468648387, 0.9036080934794054, 0.4597990601698468
2388, 23.875198170731707, 0.9009257965527477, 0.46081584353592414, -0.2682369105808297, 0.10177054191716317, 0.0, 0.0, 2.199293389739318, 0.2549097292798455, 0.9009247523160626, 0.46081487677728533
2389, 23.885200348432054, 0.8982434274469394, 0.46183354895509576, -0.2682369105808297, 0.10177054191716317, 0.0, 0.0, 2.208094406179468, 0.2565066096105764, 0.8982428552144205, 0.4618343548673721
2390, 23.8952025261324, 0.8955610583411311, 0.4628512543742674, -0.2682369105808297, 0.10177054191716317, 0.0, 0.0, 2.2168794794240108, 0.25810292125582995, 0.8955610242067752, 0.46285170402311615
2391, 23.90520470383275, 0.8928786892353229, 0.463868959793439, -0.2682369105808297, 0.10177054191716317, 0.0, 0.0, 2.22564855332471, 0.25969865979433415, 0.8928794673102484, 0.46386964480913856
2392, 23.9152068815331, 0.8901963201295146, 0.4648866652126107, -0.2682369105808297, 0.10177054191716317, 0.0, 0.0, 2.23440157184591, 0.2612938208064043, 0.8901963703402985, 0.46488590220563886
2393, 23.92520905923345, 0.8875139510237062, 0.4659043706317823, -0.2682369105808297, 0.10177054191716317, 0.0, 0.0, 2.2431384790649194, 0.2628883998739548, 0.8875130356867635, 0.46590366741060385
2394, 23.935211236933796, 0.884831581917898, 0.4669220760509539, -0.2682369105808297, 0.10177054191716317, 0.0, 0.0, 2.2518592191723976, 0.26448239258051154, 0.884831073451824, 0.4669224678932459
2395, 23.945213414634143, 0.8821492128120897, 0.46793978147012555, -0.2682369105808297, 0.10177054191716317, 0.0, 0.0, 2.2605637364727325, 0.26607579451122404, 0.8821476498420419, 0.46794074376819184
2396, 23.955215592334493, 0.8794668437062814, 0.46895748688929717, -0.2682369105808297, 0.10177054191716317, 0.0, 0.0, 2.269251975384425, 0.26766860125287806, 0.8794674898282091, 0.4689584884305811
2397, 23.96521777003484, 0.876784474600473, 0.46997519230846885, -0.2682369105808297, 0.10177054191716317, 0.0, 0.0, 2.2779238804404645, 0.2692608083939068, 0.8767851823735878, 0.46997536312332666
2398, 23.97521994773519, 0.8741021054946647, 0.47099289772764047, -0.2682369105808297, 0.10177054191716317, 0.0, 0.0, 2.286579396288716, 0.2708524115244045, 0.8741026294166804, 0.47099457978891657
2399, 23.985222125435538, 0.8714197363888565, 0.4720106031468121, -0.2682369105808297, 0.10177054191716317, 0.0, 0.0, 2.295218467692294, 0.2724434062361378, 0.8714200173940508, 0.4720108857530663
2400, 23.99522430313589, 0.8687373672830482, 0.4730283085659837, -0.2682369105808297, 0.10177054191716317, 0.0, 0.0, 2.30384103952994, 0.27403378812255846, 0.8687372468934216, 0.4730289668587946
2401, 24.005226480836235, 0.8660549981772399, 0.47404601398515533, -0.2682369105808297, 0.10177054191716317, 0.0, 0.0, 2.3124470567963997, 0.2756235527788145, 0.8660548213078588, 0.47404766543722554
2402, 24.015228658536582, 0.8633726290714315, 0.475063719404327, -0.2682369105808297, 0.10177054191716317, 0.0, 0.0, 2.321036464602804, 0.277212695801764, 0.8633716921061275, 0.4750643535245726
2403, 24.025230836236933, 0.8606902599656232, 0.47608142482349863, -0.2682369105808297, 0.10177054191716317, 0.0, 0.0, 2.329609208177038, 0.278801212789986, 0.860690854640452, 0.4760824814936626
2404, 24.03523301393728, 0.858007890859815, 0.47709913024267026, -0.2682369105808297, 0.10177054191716317, 0.0, 0.0, 2.3381652328641183, 0.2803890993437932, 0.8580069086321787, 0.47709923298283413
2405, 24.04523519163763, 0.8553255217540067, 0.4781168356618419, -0.2682369105808297, 0.10177054191716317, 0.0, 0.0, 2.346704484126569, 0.28197635106524427, 0.8553250533752459, 0.4781164516683872
2406, 24.055237369337977, 0.8526431526481983, 0.4791345410810135, -0.2682369105808297, 0.10177054191716317, 0.0, 0.0, 2.355226907544791, 0.2835629635581559, 0.8526426199912199, 0.479133531663896
2407, 24.065239547038324, 0.8499607835423901, 0.4801522465001852, -0.2682369105808297, 0.10177054191716317, 0.0, 0.0, 2.3637324488174363, 0.2851489324281146, 0.8499609573250602, 0.48015232134941993
2408, 24.075241724738675, 0.8472784144365817, 0.4811699519193568, -0.2682369105808297, 0.10177054191716317, 0.0, 0.0, 2.37222105376178, 0.28673425328248997, 0.8472796689560528, 0.48117035714704165
2409, 24.08524390243902, 0.8445960453307735, 0.4821876573385284, -0.2682369105808297, 0.10177054191716317, 0.0, 0.0, 2.380692668314085, 0.28831892173044515, 0.8445974273668948, 0.4821881747691107
2410, 24.095246080139372, 0.8419136762249652, 0.48320536275770004, -0.2682369105808297, 0.10177054191716317, 0.0, 0.0, 2.389147238529982, 0.2899029333829509, 0.8419137417144202, 0.48320488492108576
2411, 24.10524825783972, 0.8389277931670538, 0.4837855629078645, -0.33510552934548954, 0.01660883690476303, -7.303444710870168, -8.28223562233666, 1.3796351123455417, -0.05076436170372475, 0.8389279603485927, 0.48378570082969885
2412, 24.11525043554007, 0.8352115656380553, 0.4835375394957953, -0.4081399764541912, -0.06621351931860366, -7.303444710870168, -8.28223562233666, 1.3556516399159102, -0.0879240192038119, 0.8352116343099903, 0.48353720781074017
2413, 24.125252613240416, 0.83076499363797, 0.48246129252149245, -0.48117442356289297, -0.14903587554197034, -7.303444710870168, -8.28223562233666, 1.3344349828574325, -0.123571095376839, 0.8307636271346909, 0.4824620787865853
2414, 24.135254790940763, 0.8255880771667975, 0.48055682198495586, -0.5542088706715947, -0.23185823176533704, -7.303444710870168, -8.28223562233666, 1.3159638519989731, -0.15771527808528663, 0.8255892086064014, 0.48055650098588604
2415, 24.145256968641114, 0.819680816224538, 0.47782412788618567, -0.6272433177802965, -0.3146805879887038, -7.303444710870168, -8.28223562233666, 1.300215021654183, -0.19036912269079834, 0.8196806388205667, 0.4778233701740092
2416, 24.15525914634146, 0.8130432108111916, 0.4742632102251818, -0.7002777648889982, -0.39750294421207044, -7.303444710870168, -8.28223562233666, 1.2871630188173833, -0.2215483050862222, 0.8130430034933709, 0.4742633656289675
2417, 24.16526132404181, 0.805675260926758, 0.4698740690019443, -0.7733122119977001, -0.4803253004354371, -7.303444710870168, -8.28223562233666, 1.2767797593285182, -0.2512719287168448, 0.8056764203201319, 0.46987255302817266
2418, 24.175263501742158, 0.7975769665712376, 0.46465670421647304, -0.8463466591064017, -0.5631476566588037, -7.303444710870168, -8.28223562233666, 1.2690341319996756, -0.2795628843446766, 0.7975749454144228, 0.4646583667105807
2419, 24.185265679442505, 0.78874832774463, 0.4586111158687682, -0.9193811062151035, -0.6459700128821705, -7.303444710870168, -8.28223562233666, 1.263891531892522, -0.30644826097032724, 0.7887489460143124, 0.45861030024557237
2420, 24.195267857142856, 0.7791893444469354, 0.45173730395882966, -0.9924155533238053, -0.7287923691055372, -7.303444710870168, -8.28223562233666, 1.261313344185204, -0.33195980593474167, 0.7791879343566288, 0.4517359510885094
2421, 24.205270034843203, 0.7689000166781539, 0.4440352684866574, -1.065450000432507, -0.8116147253289039, -7.303444710870168, -8.28223562233666, 1.2612563803757588, -0.35613443177068943, 0.7689005397019072, 0.4440334862877618
2422, 24.215272212543553, 0.7578803444382853, 0.43550500945225157, -1.1384844475412086, -0.8944370815522705, -7.303444710870168, -8.28223562233666, 1.2636722689430235, -0.37901476685471125, 0.7578807801881451, 0.4355050985738599
2423, 24.2252743902439, 0.7461303277273297, 0.426146526855612, -1.2115188946499105, -0.9772594377756372, -7.303444710870168, -8.28223562233666, 1.2685068030313733, -0.40064974631822126, 0.7461312305912657, 0.42614778855725377
2424, 24.23527656794425, 0.733649966545287, 0.4159598206967388, -1.2845533417586124, -1.0600817939990037, -7.303444710870168, -8.28223562233666, 1.2756992482473448, -0.42109523900637125, 0.7336497635234112, 0.41595839376355465
2425, 24.245278745644598, 0.7204392608921575, 0.4049448909756319, -1.3575877888673138, -1.1429041502223707, -7.303444710870168, -8.28223562233666, 1.2851816142587575, -0.44041470552082107, 0.7204376785233941, 0.4049439282489709
2426, 24.255280923344944, 0.7064982107679407, 0.39310173769229134, -1.4306222359760157, -1.2257265064457372, -7.303444710870168, -8.28223562233666, 1.2968778945735264, -0.45867988154460976, 0.7064998162985975, 0.3931021577588412
2427, 24.265283101045295, 0.6918268161726371, 0.38043036084671716, -1.5036566830847173, -1.308548862669104, -7.303444710870168, -8.28223562233666, 1.3107032796481808, -0.4759714797221529, 0.6918267238223089, 0.3804295742942511
2428, 24.275285278745642, 0.6764250771062463, 0.36693076043890926, -1.576691130193419, -1.3913712188924705, -7.303444710870168, -8.28223562233666, 1.3265633493356956, -0.49237990235490325, 0.6764238665323876, 0.36693221838894324
2429, 24.285287456445992, 0.6602929935687687, 0.3526029364688677, -1.649725577302121, -1.4741935751158375, -7.303444710870168, -8.28223562233666, 1.3443532516277386, -0.508005956075264, 0.6602920747910761, 0.35260389906683626
2430, 24.29528963414634, 0.643430565560204, 0.33744688893659247, -1.7227600244108228, -1.5570159313392042, -7.303444710870168, -8.28223562233666, 1.3639568756746199, -0.5229615584819733, 0.6434288846031821, 0.3374468307363047
2431, 24.305291811846686, 0.6258377930805522, 0.32146261784208363, -1.7957944715195244, -1.6398382875625706, -7.303444710870168, -8.28223562233666, 1.3852460281720642, -0.5373704254659912, 0.6258379529450417, 0.3214623696064202
2432, 24.315293989547037, 0.6075146761298134, 0.304650123185341, -1.868828918628226, -1.7226606437859373, -7.303444710870168, -8.28223562233666, 1.4080796233792585, -0.5513687266364158, 0.6075152534042794, 0.304652044315361
2433, 24.325296167247384, 0.5884612147079876, 0.28700940496636485, -1.941863365736928, -1.8054830000093038, -7.303444710870168, -8.28223562233666, 1.4323028982668944, -0.5651056948838458, 0.5884596112393498, 0.2870094976145604
2434, 24.335298344947734, 0.5686774088150748, 0.2685404631851549, -2.0148978128456294, -1.8883053562326708, -7.303444710870168, -8.28223562233666, 1.4577466655728881, -0.5787441747102031, 0.5686773075860634, 0.2685402412130105
2435, 24.34530052264808, 0.5481632584510749, 0.2492432978417114, -2.0879322599543313, -1.9711277124560374, -7.303444710870168, -8.28223562233666, 1.4842266188495237, -0.5924610925296032, 0.548161240758419, 0.24924199974033145
2436, 24.35530270034843, 0.5269187636159882, 0.22911790893603412, -2.160966707063033, -2.0539500686794043, -7.303444710870168, -8.28223562233666, 1.5115427048973955, -0.60644783072893, 0.5269189951414149, 0.22911926483936507
2437, 24.36530487804878, 0.5049439243098144, 0.20816429646812323, -2.234001154171735, -2.136772424902771, -7.303444710870168, -8.28223562233666, 1.539478580272759, -0.6209104858984842, 0.5049436869404105, 0.2081653728458256
2438, 24.375307055749126, 0.48223874053255344, 0.18638246043797874, -2.307035601280437, -2.2195947811261374, -7.303444710870168, -8.28223562233666, 1.5678011697957004, -0.6360699903364275, 0.48223887450380126, 0.18638319357015823
2439, 24.385309233449476, 0.45880321228420556, 0.16377240084560046, -2.3800700483891384, -2.302417137349504, -7.303444710870168, -8.28223562233666, 1.5962603461417346, -0.6521620747347721, 0.4588027623607908, 0.16377159944763062
2440, 24.395311411149823, 0.43463733956477063, 0.14033411769098858, -2.45310449549784, -2.385239493572871, -7.303444710870168, -8.28223562233666, 1.6245887506293926, -0.6694370489137256, 0.43463816991230675, 0.14033623057908914
2441, 24.405313588850174, 0.40974112237424865, 0.11606761097414303, -2.5261389426065417, -2.468061849796238, -7.303444710870168, -8.28223562233666, 1.652501776176451, -0.6881593766347328, 0.4097415566527958, 0.11606740942259072
2442, 24.41531576655052, 0.3841145607126397, 0.09097288069506376, -2.5991733897152436, -2.550884206019604, -7.303444710870168, -8.28223562233666, 1.6796977340382053, -0.7086070199453519, 0.3841155737225264, 0.0909732263212201
2443, 24.425317944250867, 0.3577576545799438, 0.06504992685375083, -2.6722078368239455, -2.633706562242971, -7.303444710870168, -8.28223562233666, 1.7058582263087398, -0.7310705282507235, 0.3577575113305816, 0.0650484001959103
2444, 24.435320121951218, 0.33067040397616076, 0.03829874945020434, -2.745242283932647, -2.716528918466338, -7.303444710870168, -8.28223562233666, 1.7306487462023064, -0.7558518474310469, 0.33066979086757325, 0.03829870816052623
2445, 24.445322299651565, 0.3028528089012908, 0.010719348484424018, -2.818276731041349, -2.7993512746897045, -7.303444710870168, -8.28223562233666, 1.7537195277749567, -0.7832628249002596, 0.302853322617352, 0.010719782605642759
2446, 24.455324477351915, 0.2743048693553337, -0.0176882760435898, -2.8913111781500507, -2.882173630913071, -7.303444710870168, -8.28223562233666, 1.774706665931929, -0.8136233875991744, 0.2743047678187536, -0.017689014660101924
2447, 24.465326655052262, 0.2450265853382898, -0.0469241241338374, -2.964345625258752, -2.9649959871364375, -7.303444710870168, -8.28223562233666, 1.793233526227584, -0.8472593716099013, 0.24502755686779476, -0.046923697365731404
2448, 24.475328832752613, 0.21501795685015868, -0.07698819578631866, -3.0373800723674544, -3.0478183433598045, -7.303444710870168, -8.28223562233666, 1.808912462035147, -0.884499984441245, 0.21501649648152227, -0.07698758591420728
2449, 24.48533101045296, 0.18427898389094066, -0.10788049100103347, -3.110414519476156, -3.1306406995831715, -7.303444710870168, -8.28223562233666, 1.8213468540774134, -0.9256748841396979, 0.1842804235516522, -0.10788026236706012
2450, 24.495333188153307, 0.15280966646063554, -0.13960100977798207, -3.1834489665848578, -3.213463055806538, -7.303444710870168, -8.28223562233666, 1.8301334840042212, -0.9711108632973464, 0.15280978546870144, -0.1395990783304689
2451, 24.505335365853657, 0.12097517679478798, -0.17173564033604638, -3.183448966584855, -3.213463055806535, 0.0, 0.0, 2.8971673504753817, -0.6626315253012629, 0.12097492799586107, -0.17173655841815613
2452, 24.515337543554004, 0.08914068712893941, -0.2038702708941118, -3.183448966584855, -3.213463055806535, 0.0, 0.0, 2.9228741146303365, -0.6742104591488908, 0.0891403883795187, -0.20386936489858223
2453, 24.525339721254355, 0.05730619746309085, -0.23600490145217712, -3.183448966584855, -3.213463055806535, 0.0, 0.0, 2.941007689478546, -0.6897295063128992, 0.05730459108688966, -0.23600553802833052
2454, 24.5353418989547, 0.025471707797242282, -0.26813953201024254, -3.183448966584855, -3.213463055806535, 0.0, 0.0, 2.951577525898019, -0.7091446213883169, 0.025470990406381778, -0.26814009803815236
2455, 24.54534407665505, -0.006362781868606393, -0.30027416256830797, -3.183448966584855, -3.213463055806535, 0.0, 0.0, 2.954612882300532, -0.7323956718602008, -0.006361977610864128, -0.30027311414300173
2456, 24.5553462543554, -0.03819727153445496, -0.3324087931263733, -3.183448966584855, -3.213463055806535, 0.0, 0.0, 2.9501626303571324, -0.7594066641691708, -0.038196358367772056, -0.33240922076232016
2457, 24.565348432055746, -0.07003176120030352, -0.3645434236844387, -3.183448966584855, -3.213463055806535, 0.0, 0.0, 2.9382949918597827, -0.7900860348340577, -0.07003163237887619, -0.36454505157536227
2458, 24.575350609756097, -0.10186625086615209, -0.396678054242504, -3.183448966584855, -3.213463055806535, 0.0, 0.0, 2.9190972078607773, -0.8243270054611637, -0.10186720676082239, -0.3966771967247897
2459, 24.585352787456443, -0.13370074053200065, -0.42881268480056944, -3.183448966584855, -3.213463055806535, 0.0, 0.0, 2.8926751414969853, -0.8620080002081011, -0.1336999162140134, -0.4288130154261261
2460, 24.595354965156794, -0.16553523019784921, -0.46094731535863476, -3.183448966584855, -3.213463055806535, 0.0, 0.0, 2.8591528161655972, -0.9029931240144633, -0.16553504495515997, -0.4609465318978054
2461, 24.60535714285714, -0.19736971986369778, -0.4930819459167002, -3.183448966584855, -3.213463055806535, 0.0, 0.0, 2.8186718909707995, -0.9471326996627719, -0.19736944701635098, -0.4930819777118869
2462, 24.615359320557488, -0.22920420952954645, -0.5252165764747656, -3.183448966584855, -3.213463055806535, 0.0, 0.0, 2.7713910756057105, -0.9942638614922185, -0.2292028368773927, -0.5252149274260243
2463, 24.62536149825784, -0.2610386991953949, -0.557351207032831, -3.183448966584855, -3.213463055806535, 0.0, 0.0, 2.7174854870698697, -1.044211203355693, -0.2610379624482877, -0.5573518373828904
2464, 24.635363675958185, -0.2928731888612436, -0.5894858375908962, -3.183448966584855, -3.213463055806535, 0.0, 0.0, 2.657145950848774, -1.0967874781883982, -0.29287391572589644, -0.5894852536307975
2465, 24.645365853658536, -0.32470767852709204, -0.6216204681489617, -3.183448966584855, -3.213463055806535, 0.0, 0.0, 2.5905782493973977, -1.151794346344895, -0.32470707813075245, -0.6216208727446223
2466, 24.655368031358883, -0.3565421681929407, -0.6537550987070271, -3.183448966584855, -3.213463055806535, 0.0, 0.0, 2.5180023209734053, -1.2090231696615938, -0.3565426032945979, -0.6537544463880599
2467, 24.665370209059233, -0.3883766578587894, -0.6858897292650925, -3.183448966584855, -3.213463055806535, 0.0, 0.0, 2.4396514120572688, -1.268255848014294, -0.3883768292769028, -0.6858897993494226
2468, 24.67537238675958, -0.42021114752463784, -0.7180243598231579, -3.183448966584855, -3.213463055806535, 0.0, 0.0, 2.3557711867745414, -1.3292656949661668, -0.42020935905380197, -0.7180226870680415
2469, 24.685374564459927, -0.4520456371904865, -0.7501589903812231, -3.183448966584855, -3.213463055806535, 0.0, 0.0, 2.2666187968999605, -1.391818348941268, -0.45204593702760193, -0.7501596612771405
2470, 24.695376742160278, -0.48388012685633497, -0.7822936209392886, -3.183448966584855, -3.213463055806535, 0.0, 0.0, 2.1724619161726477, -1.4556727162129377, -0.4838794188772252, -0.7822949690368673
2471, 24.705378919860625, -0.5157146165221836, -0.814428251497354, -3.183448966584855, -3.213463055806535, 0.0, 0.0, 2.0735777427862208, -1.5205819418658513, -0.5157144346876266, -0.8144281793262719
2472, 24.715381097560975, -0.5475491061880321, -0.8465628820554194, -3.183448966584855, -3.213463055806535, 0.0, 0.0, 1.9702519740364401, -1.586294404775636, -0.5475501073709881, -0.8465646759813504
2473, 24.725383275261322, -0.5793835958538808, -0.8786975126134846, -3.183448966584855, -3.213463055806535, 0.0, 0.0, 1.862777757211572, -1.6525547325512215, -0.579383418512051, -0.8786973415672215
2474, 24.73538545296167, -0.6112180855197294, -0.91083214317155, -3.183448966584855, -3.213463055806535, 0.0, 0.0, 1.751454620896686, -1.7191048323029767, -0.6112174000832543, -0.910830231843976
2475, 24.74538763066202, -0.6430525751855779, -0.9429667737296155, -3.183448966584855, -3.213463055806535, 0.0, 0.0, 1.6365873909321582, -1.785684933034434, -0.6430533095726536, -0.9429647377845587
2476, 24.755389808362366, -0.6748870648514266, -0.9751014042876809, -3.183448966584855, -3.213463055806535, 0.0, 0.0, 1.5184850953184714, -1.852034635407356, -0.6748877764114248, -0.9751015446657719
2477, 24.765391986062717, -0.706721554517275, -1.0072360348457463, -3.183448966584855, -3.213463055806535, 0.0, 0.0, 1.3974598623938546, -1.917893964599204, -0.7067219265841344, -1.0072362145719043
2478, 24.775394163763064, -0.7385560441831237, -1.0393706654038115, -3.183448966584855, -3.213463055806535, 0.0, 0.0, 1.2738258166281895, -1.9830044219588816, -0.7385556085159701, -1.0393683432735674
2479, 24.785396341463414, -0.7703905338489722, -1.071505295961877, -3.183448966584855, -3.213463055806535, 0.0, 0.0, 1.147897976375872, -2.047110031170989, -0.7703936624011186, -1.071505359922314
2480, 24.79539851916376, -0.8022250235148206, -1.1036399265199421, -3.183448966584855, -3.213463055806535, 0.0, 0.0, 1.019991157912064, -2.1099583746607236, -0.8022260976719607, -1.1036406650188588
2481, 24.80540069686411, -0.8340595131806693, -1.1357745570780076, -3.183448966584855, -3.213463055806535, 0.0, 0.0, 0.8904188900408849, -2.1713016160109153, -0.8340609966514211, -1.135773382047317
2482, 24.81540287456446, -0.8658940028465177, -1.167909187636073, -3.183448966584855, -3.213463055806535, 0.0, 0.0, 0.7594923435110235, -2.2308975042192896, -0.865894373967017, -1.1679068307825975
2483, 24.825405052264806, -0.8977284925123664, -1.2000438181941384, -3.183448966584855, -3.213463055806535, 0.0, 0.0, 0.627519279403896, -2.2885103556977837, -0.8977288080927411, -1.2000442650267944
2484, 24.835407229965156, -0.9295629821782149, -1.2321784487522036, -3.183448966584855, -3.213463055806535, 0.0, 0.0, 0.49480302057245185, -2.343912010006129, -0.9295628812622436, -1.2321792252864343
2485, 24.845409407665503, -0.9603329300088187, -1.2630359191261988, -3.0430005065056114, -3.031174090082513, 6.798855310953807, 10.914589463401297, 1.1004868446922524, -2.0511314256958397, -0.9603318444364985, -1.2630358397661303
2486, 24.85541158536585, -0.9904229923083271, -1.2928019305538538, -2.975011953396073, -2.9220281954485, 6.798855310953807, 10.914589463401297, 0.9613896351344027, -2.039668426520741, -0.9904242038209471, -1.292802405464136
2487, 24.8654137630662, -1.0198331690767404, -1.3214764830351688, -2.907023400286535, -2.812882300814487, 6.798855310953807, 10.914589463401297, 0.8264215062458522, -2.024405012098826, -1.0198344448941603, -1.3214761929306162
2488, 24.875415940766548, -1.048563460314058, -1.3490595765701436, -2.8390348471769964, -2.7037364061804743, 6.798855310953807, 10.914589463401297, 0.6959010711305063, -2.0054416719684505, -1.048564723393501, -1.3490610200180635
2489, 24.885418118466898, -1.0766138660202802, -1.3755512111587784, -2.7710462940674585, -2.594590511546461, 6.798855310953807, 10.914589463401297, 0.5700891525871994, -1.9829009737295555, -1.0766164880142464, -1.3755513737106386
2490, 24.895420296167245, -1.1039843861954073, -1.400951386801073, -2.70305774095792, -2.4854446169124476, 6.798855310953807, 10.914589463401297, 0.4491938773443733, -1.9569240335126783, -1.1039829867649416, -1.4009516341133075
2491, 24.905422473867596, -1.1306750208394387, -1.4252601034970274, -2.6350691878483827, -2.376298722278435, 6.798855310953807, 10.914589463401297, 0.3333756713553828, -1.9276671813955761, -1.1306757367534597, -1.4252589483091687
2492, 24.915424651567943, -1.1566857699523747, -1.4484773612466417, -2.567080634738844, -2.2671528276444217, 6.798855310953807, 10.914589463401297, 0.22275211070027034, -1.8952988419556958, -1.156686707058128, -1.448477365667652
2493, 24.92542682926829, -1.1820166335342157, -1.4706031600499159, -2.499092081629306, -2.158006933010409, 6.798855310953807, 10.914589463401297, 0.11740259156545219, -1.8599966437096438, -1.1820164420261108, -1.470603217134735
2494, 24.93542900696864, -1.206667611584961, -1.49163749990685, -2.4311035285197677, -2.048861038376396, 6.798855310953807, 10.914589463401297, 0.01737279086403043, -1.8219447654820176, -1.206667918627636, -1.491638505241335
2495, 24.945431184668987, -1.230638704104611, -1.5115803808174437, -2.36311497541023, -1.9397151437423825, 6.798855310953807, 10.914589463401297, -0.07732110369161749, -1.7813315227576796, -1.2306377107709519, -1.5115816220725327
2496, 24.955433362369337, -1.2539299110931657, -1.5304318027816977, -2.2951264223006915, -1.8305692491083696, 6.798855310953807, 10.914589463401297, -0.16668840883669733, -1.7383471927821494, -1.2539281492140897, -1.5304299499872929
2497, 24.965435540069684, -1.276541232550625, -1.5481917657996114, -2.227137869191153, -1.7214233544743562, 6.798855310953807, 10.914589463401297, -0.2507602154839146, -1.693182073551882, -1.276540631736139, -1.5481909880164295
2498, 24.97543771777003, -1.2984726684769887, -1.5648602698711849, -2.1591493160816153, -1.6122774598403433, 6.798855310953807, 10.914589463401297, -0.32958591726495856, -1.6460247688392746, -1.298473410110886, -1.564862171509617
2499, 24.985439895470382, -1.319724218872257, -1.5804373149964182, -2.091160762972077, -1.5031315652063304, 6.798855310953807, 10.914589463401297, -0.40322999810648585, -1.597060688980064, -1.3197245421922665, -1.5804382628160485
2500, 24.99544207317073, -1.3402958837364303, -1.5949229011753114, -2.023172209862539, -1.393985670572317, 6.798855310953807, 10.914589463401297, -0.4717690756378975, -1.5464707552634778, -1.3402946909613735, -1.594921914928875
2501, 25.00544425087108, -1.360187663069508, -1.6083170284078645, -1.9551836567530008, -1.2848397759383041, 6.798855310953807, 10.914589463401297, -0.5352891944289697, -1.4944302943563157, -1.3601869569584808, -1.6083168216563113
2502, 25.015446428571426, -1.3793995568714905, -1.6206196966940776, -1.8871951036434629, -1.175693881304291, 6.798855310953807, 10.914589463401297, -0.5938833608273999, -1.441108108209043, -1.3793996246068227, -1.620619276907607
2503, 25.025448606271777, -1.3979315651423774, -1.6318309060339504, -1.8192065505339248, -1.0665479866702778, 6.798855310953807, 10.914589463401297, -0.6476493094533253, -1.3866657042836579, -1.3979304823629917, -1.6318296902142861
2504, 25.035450783972124, -1.4157836878821688, -1.641950656427483, -1.7512179974243864, -0.957402092036265, 6.798855310953807, 10.914589463401297, -0.6966874901550226, -1.3312566706603357, -1.415782898944844, -1.6419504102008569
2505, 25.04545296167247, -1.432955925090865, -1.6509789478746757, -1.6832294443148483, -0.8482561974022519, 6.798855310953807, 10.914589463401297, -0.7410992633834542, -1.2750261805757683, -1.4329546523597294, -1.6509794201718442
2506, 25.05545513937282, -1.449448276768466, -1.6589157803755281, -1.6152408912053104, -0.7391103027682387, 6.798855310953807, 10.914589463401297, -0.7809852914524417, -1.2181106111773732, -1.4494490129946052, -1.6589155143457617
2507, 25.065457317073168, -1.4652607429149713, -1.6657611539300405, -1.5472523380957723, -0.6299644081342257, 6.798855310953807, 10.914589463401297, -0.816444112967753, -1.1606372617040144, -1.465262166809323, -1.665759834407984
2508, 25.07545949477352, -1.4803933235303814, -1.6715150685382127, -1.479263784986234, -0.5208185135002126, 6.798855310953807, 10.914589463401297, -0.8475708877878914, -1.10272415688961, -1.4803946621444806, -1.6715140216685365
2509, 25.085461672473865, -1.4948460186146961, -1.6761775242000447, -1.411275231876696, -0.41167261886619955, 6.798855310953807, 10.914589463401297, -0.8744563001808422, -1.0444799220987664, -1.4948459055876269, -1.6761780027251227
2510, 25.095463850174212, -1.5086188281679154, -1.6797485209155367, -1.3432866787671578, -0.3025267242321864, 6.798855310953807, 10.914589463401297, -0.8971856083274011, -0.9860037175151855, -1.508618424795466, -1.6797481774535499
2511, 25.105466027874563, -1.5217117521900392, -1.6822280586846885, -1.2752981256576197, -0.19338082959817338, 6.798855310953807, 10.914589463401297, -0.9158378289594054, -0.9273852195897961, -1.5217108918349669, -1.6822296076597436
2512, 25.11546820557491, -1.5341247906810678, -1.6836161375075, -1.2073095725480816, -0.08423493496416024, 6.798855310953807, 10.914589463401297, -0.9304850466805491, -0.868704638895728, -1.5341243421710582, -1.6836179785232148
2513, 25.12547038327526, -1.545857943641001, -1.6839127573839716, -1.1393210194385435, 0.024910959669852795, 6.798855310953807, 10.914589463401297, -0.9411918383721821, -0.8100327645144365, -1.5458601435479657, -1.6839113345700336
2514, 25.135472560975607, -1.5569112110698387, -1.683117918314103, -1.0713324663290051, 0.13405685430386594, 6.798855310953807, 10.914589463401297, -0.9480148040135525, -0.7514310260777293, -1.5569106586737491, -1.6831178383679664
2515, 25.145474738675958, -1.567284592967581, -1.6812316202978943, -1.003343913219467, 0.24320274893787897, 6.798855310953807, 10.914589463401297, -0.9510021962254636, -0.6929515656035465, -1.5672838872768842, -1.681231354390199
2516, 25.155476916376305, -1.576978089334228, -1.6782538633353454, -0.9353553601099289, 0.352348643571892, 6.798855310953807, 10.914589463401297, -0.950193641861012, -0.6346373122811086, -1.5769786506648034, -1.6782560023503328
2517, 25.16547909407665, -1.5859917001697796, -1.6741846474264566, -0.8673668070003908, 0.46149453820590514, 6.798855310953807, 10.914589463401297, -0.9456199500022895, -0.5765220543780873, -1.5859925958764394, -1.6741844911504995
2518, 25.175481271777002, -1.5943254254742358, -1.6690239725712273, -0.7993782538908527, 0.5706404328399183, 6.798855310953807, 10.914589463401297, -0.9373030017649683, -0.51863050345537, -1.594325675156851, -1.6690249122287104
2519, 25.18548344947735, -1.6019792652475966, -1.6627718387696582, -0.7313897007813146, 0.6797863274739313, 6.798855310953807, 10.914589463401297, -0.9252557183527971, -0.46097834708232144, -1.6019761926549692, -1.6627711882635332
2520, 25.1954856271777, -1.6089532194898621, -1.6554282460217487, -0.6634011476717764, 0.7889322221079443, 6.798855310953807, 10.914589463401297, -0.909482104831862, -0.4035722872471658, -1.608951903713429, -1.6554295943612365
2521, 25.205487804878047, -1.6152472882010322, -1.6469931943274991, -0.5954125945622383, 0.8980781167419573, 6.798855310953807, 10.914589463401297, -0.8899773681018457, -0.3464100626544094, -1.6152480158925397, -1.646993944730666
2522, 25.215489982578394, -1.620861471381107, -1.6374666836869096, -0.5274240414527002, 1.0072240113759705, 6.798855310953807, 10.914589463401297, -0.8667281085211433, -0.2894804540961883, -1.6208604521772576, -1.6374664775681151
2523, 25.225492160278744, -1.6257957690300862, -1.6268487140999799, -0.45943548834316195, 1.1163699060099836, 6.798855310953807, 10.914589463401297, -0.8397125855877093, -0.23276327307964662, -1.6257950081098458, -1.626848924289928
2524, 25.23549433797909, -1.6300501811479702, -1.61513928556671, -0.39144693523362384, 1.2255158006439968, 6.798855310953807, 10.914589463401297, -0.8089010589814072, -0.1762293348908459, -1.6300503323596218, -1.6151405986147445
2525, 25.24549651567944, -1.6339646505003063, -1.6028841275602703, -0.3914469352336261, 1.225515800643993, 0.0, 0.0, -1.376960769133472, -0.36586236973501063, -1.6339635803585726, -1.602883290477839
2526, 25.25549869337979, -1.6378791198526426, -1.5906289695538303, -0.3914469352336261, 1.225515800643993, 0.0, 0.0, -1.3910989685163053, -0.36660683715315967, -1.6378790541565538, -1.5906302886401291
2527, 25.26550087108014, -1.6417935892049789, -1.5783738115473904, -0.3914469352336261, 1.225515800643993, 0.0, 0.0, -1.405167355826145, -0.36728292639254634, -1.641792945404915, -1.5783730040375337
2528, 25.275503048780486, -1.6457080585573152, -1.5661186535409506, -0.3914469352336261, 1.225515800643993, 0.0, 0.0, -1.4191656790924936, -0.3678905903783888, -1.6457099730497355, -1.5661178766266748
2529, 25.285505226480833, -1.6496225279096512, -1.5538634955345105, -0.3914469352336261, 1.225515800643993, 0.0, 0.0, -1.4330936908853815, -0.3684297868331282, -1.6496220889661193, -1.5538641952951742
2530, 25.295507404181183, -1.6535369972619876, -1.5416083375280707, -0.3914469352336261, 1.225515800643993, 0.0, 0.0, -1.446951148321451, -0.36890047827937156, -1.6535361133834316, -1.5416080057636927
2531, 25.30550958188153, -1.6574514666143239, -1.5293531795216306, -0.3914469352336261, 1.225515800643993, 0.0, 0.0, -1.4607378130697393, -0.3693026320424935, -1.657452255423039, -1.529350277052851
2532, 25.31551175958188, -1.6613659359666602, -1.5170980215151908, -0.3914469352336261, 1.225515800643993, 0.0, 0.0, -1.4744534513571737, -0.36963622025289833, -1.6613652943641706, -1.5170988892881903
2533, 25.325513937282228, -1.6652804053189965, -1.5048428635087507, -0.3914469352336261, 1.225515800643993, 0.0, 0.0, -1.488097833973772, -0.36990121984794466, -1.6652821687120518, -1.5048429258378506
2534, 25.335516114982575, -1.6691948746713328, -1.492587705502311, -0.3914469352336261, 1.225515800643993, 0.0, 0.0, -1.5016707362775474, -0.3700976125735257, -1.6691948815117927, -1.4925872544061323
2535, 25.345518292682925, -1.6731093440236688, -1.480332547495871, -0.3914469352336261, 1.225515800643993, 0.0, 0.0, -1.5151719381991196, -0.37022538498531354, -1.6731104538491421, -1.4803325548871369
2536, 25.355520470383272, -1.6770238133760051, -1.468077389489431, -0.3914469352336261, 1.225515800643993, 0.0, 0.0, -1.5286012242460358, -0.3702845284496614, -1.677025284197981, -1.468077580124932
2537, 25.365522648083623, -1.6809382827283414, -1.455822231482991, -0.3914469352336261, 1.225515800643993, 0.0, 0.0, -1.5419583835067887, -0.3702750391441657, -1.6809394074601673, -1.4558210302101182
2538, 25.37552482578397, -1.6848527520806778, -1.443567073476551, -0.3914469352336261, 1.225515800643993, 0.0, 0.0, -1.5552432096545459, -0.37019691805788757, -1.684853371257746, -1.4435674687505728
2539, 25.38552700348432, -1.688767221433014, -1.4313119154701113, -0.3914469352336261, 1.225515800643993, 0.0, 0.0, -1.5684555009505878, -0.37005017099123694, -1.6887656077417377, -1.4313122150218704
2540, 25.395529181184667, -1.6926816907853501, -1.4190567574636712, -0.3914469352336261, 1.225515800643993, 0.0, 0.0, -1.5815950602474407, -0.36983480855551076, -1.6926820049652405, -1.4190570769353337
2541, 25.405531358885014, -1.6965961601376864, -1.4068015994572312, -0.3914469352336261, 1.225515800643993, 0.0, 0.0, -1.5946616949917256, -0.36955084617209644, -1.696595741153091, -1.4068010781900702
2542, 25.415533536585365, -1.7005106294900227, -1.3945464414507913, -0.3914469352336261, 1.225515800643993, 0.0, 0.0, -1.6076552172267042, -0.36919830407133347, -1.7005114209327428, -1.394546631104444
2543, 25.42553571428571, -1.704425098842359, -1.3822912834443515, -0.3914469352336261, 1.225515800643993, 0.0, 0.0, -1.6205754435945348, -0.3687772072910328, -1.704425129616558, -1.3822921201284937
2544, 25.435537891986062, -1.7083395681946953, -1.3700361254379114, -0.3914469352336261, 1.225515800643993, 0.0, 0.0, -1.6334221953382302, -0.3682875856746596, -1.7083403848419854, -1.3700362235116386
2545, 25.44554006968641, -1.7122540375470316, -1.3577809674314714, -0.3914469352336261, 1.225515800643993, 0.0, 0.0, -1.6461952983033221, -0.3677294738691732, -1.7122539650617317, -1.3577824844285715
2546, 25.455542247386756, -1.716168506899368, -1.3455258094250315, -0.3914469352336261, 1.225515800643993, 0.0, 0.0, -1.6588945829392328, -0.36710291132253103, -1.7161682597507886, -1.3455237537689777
2547, 25.465544425087106, -1.720082976251704, -1.3332706514185917, -0.3914469352336261, 1.225515800643993, 0.0, 0.0, -1.6715198843003443, -0.36640794228084816, -1.7200813208556645, -1.333271591677269
2548, 25.475546602787453, -1.7239974456040403, -1.3210154934121516, -0.3914469352336261, 1.225515800643993, 0.0, 0.0, -1.6840710420467846, -0.36564461578522345, -1.7239978508211158, -1.321015241395383
2549, 25.485548780487804, -1.7279119149563766, -1.3087603354057118, -0.3914469352336261, 1.225515800643993, 0.0, 0.0, -1.6965479004449049, -0.3648129856682204, -1.7279113822570793, -1.3087584151118477
2550, 25.49555095818815, -1.731826384308713, -1.296505177399272, -0.3914469352336261, 1.225515800643993, 0.0, 0.0, -1.7089503083674746, -0.3639131105500154, -1.7318263581718552, -1.2965041472228578
2551, 25.5055531358885, -1.7357408536610492, -1.284250019392832, -0.3914469352336261, 1.225515800643993, 0.0, 0.0, -1.7212781192935738, -0.36294505383420295, -1.735742246504408, -1.2842494570402998
2552, 25.515555313588848, -1.7396553230133853, -1.2719948613863918, -0.3914469352336261, 1.225515800643993, 0.0, 0.0, -1.7335311913081954, -0.361908883703265, -1.739654687185077, -1.2719943225658468
2553, 25.525557491289195, -1.7435697923657216, -1.259739703379952, -0.3914469352336261, 1.225515800643993, 0.0, 0.0, -1.745709387101549, -0.3608046731137009, -1.7435696421551734, -1.2597394507375932
2554, 25.535559668989546, -1.747484261718058, -1.2474845453735122, -0.3914469352336261, 1.225515800643993, 0.0, 0.0, -1.7578125739680752, -0.35963249979082235, -1.747485043825209, -1.2474836248721775
2555, 25.545561846689893, -1.7513987310703942, -1.235229387367072, -0.3914469352336261, 1.225515800643993, 0.0, 0.0, -1.7698406238051612, -0.35839244622320876, -1.7513984885406033, -1.2352288920107126
2556, 25.555564024390243, -1.7553132004227305, -1.2229742293606323, -0.3914469352336261, 1.225515800643993, 0.0, 0.0, -1.7817934131115658, -0.3570845996568275, -1.7553134008958267, -1.2229747908683153
2557, 25.56556620209059, -1.7592276697750666, -1.2107190713541924, -0.3914469352336261, 1.225515800643993, 0.0, 0.0, -1.7936708229855491, -0.355709052088817, -1.759226753954672, -1.2107191921096447
2558, 25.575568379790937, -1.763142139127403, -1.1984639133477524, -0.3914469352336261, 1.225515800643993, 0.0, 0.0, -1.8054727391227094, -0.3542659002609342, -1.7631419567594633, -1.1984642644629235
2559, 25.585570557491288, -1.7670566084797392, -1.1862087553413123, -0.3914469352336261, 1.225515800643993, 0.0, 0.0, -1.817199051813527, -0.3527552456526679, -1.767057694974394, -1.1862077617335345
2560, 25.595572735191634, -1.7709710778320755, -1.1739535973348725, -0.3914469352336261, 1.225515800643993, 0.0, 0.0, -1.828849655940611, -0.3511771944740153, -1.7709724960135602, -1.1739526986867477
2561, 25.605574912891985, -1.7748855471844118, -1.1616984393284326, -0.3914469352336261, 1.225515800643993, 0.0, 0.0, -1.840424450975662, -0.34953185765792594, -1.7748860105729243, -1.161698280414239
2562, 25.615577090592332, -1.7788000165367481, -1.1494432813219926, -0.3914469352336261, 1.225515800643993, 0.0, 0.0, -1.8519233409761335, -0.34781935085241045, -1.7788008579316157, -1.1494442765982982
2563, 25.625579268292682, -1.7827144858890844, -1.1371881233155525, -0.3914469352336261, 1.225515800643993, 0.0, 0.0, -1.8633462345816076, -0.3460397944123188, -1.7827135186306473, -1.1371871016635346
2564, 25.63558144599303, -1.7866289552414205, -1.1249329653091127, -0.3914469352336261, 1.225515800643993, 0.0, 0.0, -1.8746930450098724, -0.34419331339078163, -1.7866306989499934, -1.124932622570695
2565, 25.645583623693376, -1.7905434245937568, -1.1126778073026728, -0.3914469352336261, 1.225515800643993, 0.0, 0.0, -1.8859636900527186, -0.342280037530325, -1.7905429970640443, -1.1126785138711761
2566, 25.655585801393727, -1.7944578939460931, -1.1004226492962328, -0.3914469352336261, 1.225515800643993, 0.0, 0.0, -1.8971580920714275, -0.3403001012536474, -1.794459314079045, -1.1004226479525727
2567, 25.665587979094074, -1.7983723632984294, -1.0881674912897927, -0.3914469352336261, 1.225515800643993, 0.0, 0.0, -1.9082761779919892, -0.33825364365407407, -1.7983723441172332, -1.0881674337041118
2568, 25.675590156794424, -1.8022868326507657, -1.075912333283353, -0.3914469352336261, 1.225515800643993, 0.0, 0.0, -1.9193178793000154, -0.33614080848567407, -1.8022876267587469, -1.0759134701648772
2569, 25.68559233449477, -1.8062013020031018, -1.063657175276913, -0.3914469352336261, 1.225515800643993, 0.0, 0.0, -1.930283132035365, -0.3339617441530517, -1.8062014036522702, -1.0636574923409858
2570, 25.69559451219512, -1.810115771355438, -1.051402017270473, -0.3914469352336261, 1.225515800643993, 0.0, 0.0, -1.9411718767864892, -0.33171660370081046, -1.8101146585643304, -1.0514009337733208
2571, 25.70559668989547, -1.8140302407077744, -1.0391468592640332, -0.3914469352336261, 1.225515800643993, 0.0, 0.0, -1.9519840586844721, -0.3294055448026856, -1.8140306504868924, -1.0391467795282066
2572, 25.715598867595816, -1.8179447100601107, -1.0268917012575933, -0.3914469352336261, 1.225515800643993, 0.0, 0.0, -1.9627196273967977, -0.3270287297503546, -1.8179456221938084, -1.0268903926091697
2573, 25.725601045296166, -1.821859179412447, -1.0146365432511533, -0.3914469352336261, 1.225515800643993, 0.0, 0.0, -1.9733785371208183, -0.32458632544191623, -1.821858613875602, -1.0146369047432497
2574, 25.735603222996513, -1.825773648764783, -1.0023813852447132, -0.3914469352336261, 1.225515800643993, 0.0, 0.0, -1.9839607465769402, -0.3220785033700484, -1.825773791976332, -1.002382583572324
2575, 25.745605400696864, -1.8296881181171196, -0.9901262272382734, -0.3914469352336261, 1.225515800643993, 0.0, 0.0, -1.9944662190015268, -0.31950543960984124, -1.8296875825293435, -0.9901278556247329
2576, 25.75560757839721, -1.8336025874694557, -0.9778710692318334, -0.3914469352336261, 1.225515800643993, 0.0, 0.0, -2.0048949221394983, -0.31686731480630403, -1.8336017204336184, -0.9778715589376561
2577, 25.765609756097557, -1.837517056821792, -0.9656159112253935, -0.3914469352336261, 1.225515800643993, 0.0, 0.0, -2.01524682823667, -0.3141643141615519, -1.8375164576843246, -0.9656166608948428
2578, 25.775611933797908, -1.8414315261741283, -0.9533607532189535, -0.3914469352336261, 1.225515800643993, 0.0, 0.0, -2.0255219140317795, -0.3113966274216696, -1.8414305349013451, -0.9533600234052785
2579, 25.785614111498255, -1.8453459955264646, -0.9411055952125136, -0.3914469352336261, 1.225515800643993, 0.0, 0.0, -2.0357201607482525, -0.3085644488632563, -1.8453469029303518, -0.9411056968576221
2580, 25.795616289198605, -1.849260464878801, -0.9288504372060736, -0.3914469352336261, 1.225515800643993, 0.0, 0.0, -2.045841554085667, -0.3056679772796488, -1.8492600514000155, -0.9288505904226964
2581, 25.805618466898952, -1.853174934231137, -0.9165952791996337, -0.3914469352336261, 1.225515800643993, 0.0, 0.0, -2.0558860842109405, -0.30270741596682604, -1.8531755899915192, -0.9165940344583988
2582, 25.815620644599303, -1.8570894035834733, -0.9043401211931937, -0.3914469352336261, 1.225515800643993, 0.0, 0.0, -2.0658537457492385, -0.2996829727089968, -1.857088953300167, -0.904339297170093
2583, 25.82562282229965, -1.8610038729358096, -0.8920849631867538, -0.3914469352336261, 1.225515800643993, 0.0, 0.0, -2.0757445377745904, -0.29659485976387046, -1.861005043574883, -0.8920856398648356
2584, 25.835624999999997, -1.864918342288146, -0.8798298051803138, -0.3914469352336261, 1.225515800643993, 0.0, 0.0, -2.085558463800235, -0.2934432938476127, -1.8649187935604217, -0.8798305276674829
2585, 25.845627177700347, -1.8688328116404822, -0.8675746471738739, -0.3914469352336261, 1.225515800643993, 0.0, 0.0, -2.0952955317686723, -0.29022849611948387, -1.8688332974176802, -0.8675748752195044
2586, 25.855629355400694, -1.8727472809928183, -0.855319489167434, -0.3914469352336261, 1.225515800643993, 0.0, 0.0, -2.104955754041451, -0.28695069216616864, -1.8727472005651664, -0.8553204456500235
2587, 25.865631533101045, -1.8766617503451546, -0.843064331160994, -0.3914469352336261, 1.225515800643993, 0.0, 0.0, -2.1145391473886628, -0.28361011198578856, -1.87666269077228, -0.8430641938373578
2588, 25.87563371080139, -1.880576219697491, -0.8308091731545542, -0.3914469352336261, 1.225515800643993, 0.0, 0.0, -2.124045732978163, -0.2802069899716073, -1.8805777420519967, -0.8308091882848312
2589, 25.88563588850174, -1.8844906890498272, -0.8185540151481141, -0.3914469352336261, 1.225515800643993, 0.0, 0.0, -2.1334755363645113, -0.276741564895423, -1.8844901638402212, -0.8185539723093681
2590, 25.89563806620209, -1.8879119876721715, -0.8063670741103507, -0.2935548956891091, 1.214195744002679, 9.714993309066184, -0.8996719547317295, -1.191419919490823, -0.046277843170834276, -1.8879099180107564, -0.806366947482639
2591, 25.905640243902436, -1.8903617869636093, -0.7942701002680604, -0.19640496259844709, 1.2051990244553614, 9.714993309066184, -0.8996719547317295, -1.140500674755867, -0.044265529763118816, -1.890363665619486, -0.7942707290084968
2592, 25.915642421602787, -1.8918400869241405, -0.7822630936212435, -0.0992550295077852, 1.1962023049080444, 9.714993309066184, -0.8996719547317295, -1.0861255115206583, -0.0420968019753718, -1.8918385083387206, -0.7822618560961291
2593, 25.925644599303133, -1.892346887553765, -0.7703460541698997, -0.0021050964171232533, 1.1872055853607268, 9.714993309066184, -0.8996719547317295, -1.0282734955579496, -0.03973802878534549, -1.8923470635495017, -0.7703453551896342
2594, 25.935646777003484, -1.891882188852483, -0.7585189819140289, 0.09504483667353858, 1.1782088658134096, 9.714993309066184, -0.8996719547317295, -0.9669188177186305, -0.0371537353175414, -1.891882558151655, -0.7585191629366168
2595, 25.94564895470383, -1.8904459908202944, -0.7467818768536314, 0.19219476976420063, 1.1692121462660925, 9.714993309066184, -0.8996719547317295, -0.9020308456775302, -0.03430668720505958, -1.890444947127497, -0.746781338978466
2596, 25.955651132404178, -1.888038293457199, -0.7351347389887071, 0.28934470285486247, 1.1602154267187752, 9.714993309066184, -0.8996719547317295, -0.8335742291988821, -0.031157983420609714, -1.8880392936664476, -0.7351343287466434
2597, 25.96565331010453, -1.884659096763197, -0.7235775683192558, 0.3864946359455244, 1.1512187071714577, 9.714993309066184, -0.8996719547317295, -0.7615090596593068, -0.02766715826685584, -1.8846578942980483, -0.7235766449955567
2598, 25.975655487804875, -1.8803084007382884, -0.7121103648452778, 0.48364456903618636, 1.1422219876241406, 9.714993309066184, -0.8996719547317295, -0.6857910846949633, -0.023792293246111873, -1.8803087361905375, -0.7121098105038008
2599, 25.985657665505226, -1.8749862053824733, -0.7007331285667731, 0.5807945021268482, 1.1332252680768233, 9.714993309066184, -0.8996719547317295, -0.6063719789590816, -0.019490139554044772, -1.874985269328207, -0.7007314680630167
2600, 25.995659843205573, -1.8686925106957515, -0.6894458594837414, 0.6779444352175101, 1.1242285485295058, 9.714993309066184, -0.8996719547317295, -0.5231996720832791, -0.014716251960839477, -1.8686927991363458, -0.6894449977214695
2601, 26.00566202090592, -1.8614273166781232, -0.6782485575961829, 0.7750943683081722, 1.1152318289821888, 9.714993309066184, -0.8996719547317295, -0.43621873502732683, -0.009425134855522654, -1.8614271620663188, -0.6782476325032734
2602, 26.01566419860627, -1.853190623329588, -0.6671412229040976, 0.8722443013988339, 1.1062351094348712, 9.714993309066184, -0.8996719547317295, -0.34537082607392655, -0.0035704012340733726, -1.8531911483477481, -0.6671409026669225
2603, 26.025666376306617, -1.8439824306501464, -0.6561238554074854, 0.9693942344894959, 1.097238389887554, 9.714993309066184, -0.8996719547317295, -0.25059519777407124, 0.0028950545912367343, -1.8439826151329137, -0.6561248265366132
2604, 26.035668554006968, -1.8338027386397981, -0.6451964551063465, 1.066544167580158, 1.0882416703402367, 9.714993309066184, -0.8996719547317295, -0.15182926617089298, 0.010018869795954677, -1.833804467779552, -0.6451972008476333
2605, 26.045670731707315, -1.8226515472985432, -0.6343590220006807, 1.1636941006708197, 1.0792449507929194, 9.714993309066184, -0.8996719547317295, -0.04900924362197989, 0.01784901061769617, -1.822649548221867, -0.6343579283236785
2606, 26.055672909407665, -1.8105288566263817, -0.623611556090488, 1.2608440337614815, 1.070248231245602, 9.714993309066184, -0.8996719547317295, 0.057929163502034586, 0.026433553989968828, -1.8105287547447395, -0.6236115719168678
2607, 26.065675087108012, -1.7974346666233136, -0.6129540573757686, 1.3579939668521437, 1.061251511698285, 9.714993309066184, -0.8996719547317295, 0.16904999104502028, 0.03582045256952998, -1.7974340113906722, -0.6129527369434085
2608, 26.07567726480836, -1.7833689772893389, -0.6023865258565223, 1.4551438999428057, 1.0522547921509675, 9.714993309066184, -0.8996719547317295, 0.2844161861437154, 0.04605728254846814, -1.783368034349224, -0.6023859005474951
2609, 26.08567944250871, -1.7683317886244574, -0.5919089615327493, 1.5522938330334675, 1.04325807260365, 9.714993309066184, -0.8996719547317295, 0.40408870824992965, 0.05719097371317616, -1.7683315644782018, -0.5919081939451576
2610, 26.095681620209056, -1.7523231006286695, -0.5815213644044493, 1.6494437661241297, 1.034261353056333, 9.714993309066184, -0.8996719547317295, 0.5281255614080289, 0.06926752129810526, -1.7523216362406255, -0.581522508895093
2611, 26.105683797909407, -1.7353429133019749, -0.5712237344716226, 1.7465936992147912, 1.0252646335090156, 9.714993309066184, -0.8996719547317295, 0.6565807573716725, 0.08233167928366109, -1.735344163724761, -0.5712224575757309
2612, 26.115685975609754, -1.7173912266443736, -0.561016071734269, 1.8437436323054532, 1.0162679139616984, 9.714993309066184, -0.8996719547317295, 0.7895032094744168, 0.09642663490583275, -1.7173919166780494, -0.5610137995583934
2613, 26.1256881533101, -1.6984680406558659, -0.5508983761923886, 1.9408935653961155, 1.0072711944143808, 9.714993309066184, -0.8996719547317295, 0.9269355575613906, 0.11159366428104489, -1.6984662215936916, -0.5508995666235548
2614, 26.13569033101045, -1.6785733553364512, -0.5408706478459814, 2.0380434984867772, 0.9982744748670637, 9.714993309066184, -0.8996719547317295, 1.0689129247476046, 0.12787176920425114, -1.6785736810566174, -0.540870350852955
2615, 26.1456925087108, -1.6577071706861302, -0.5309328866950473, 2.135193431577439, 0.9892777553197463, 9.714993309066184, -0.8996719547317295, 1.2154616072960538, 0.14529729535221858, -1.6577073762518075, -0.5309326911462522
2616, 26.15569468641115, -1.6358694867049024, -0.5210850927395865, 2.2323433646681012, 0.9802810357724291, 9.714993309066184, -0.8996719547317295, 1.3665976995089941, 0.16390353231807026, -1.6358683524263906, -0.52108671904058
2617, 26.165696864111496, -1.6130603033927682, -0.5113272659795987, 2.329493297758763, 0.9712843162251118, 9.714993309066184, -0.8996719547317295, 1.5223256562014174, 0.18372029611802704, -1.6130589670158701, -0.5113271100310149
2618, 26.175699041811846, -1.589279620749727, -0.5016594064150841, 2.426643230849425, 0.9622875966777944, 9.714993309066184, -0.8996719547317295, 1.6826367960795272, 0.2047734950474428, -1.5892803439033405, -0.5016596260440465
2619, 26.185701219512193, -1.5645274387757795, -0.4920815140460428, 2.523793163940087, 0.9532908771304771, 9.714993309066184, -0.8996719547317295, 1.8475077501807116, 0.22708468002092094, -1.5645274982545427, -0.4920808562243856
2620, 26.19570339721254, -1.5388037574709252, -0.4825935888724746, 2.620943097030749, 0.9442941575831599, 9.714993309066184, -0.8996719547317295, 2.0168988604466715, 0.25067058081065174, -1.5388022389609197, -0.48259360203687424
2621, 26.20570557491289, -1.5121085768351645, -0.47319563089437955, 2.718093030121411, 0.9352974380358425, 9.714993309066184, -0.8996719547317295, 2.1907525344984644, 0.27554262989797307, -1.5121082189832218, -0.4731950269944466
2622, 26.215707752613238, -1.4844418968684971, -0.46388764011175776, 2.8152429632120723, 0.9263007184885252, 9.714993309066184, -0.8996719547317295, 2.3689915637612087, 0.30170647597513245, -1.4844420635867641, -0.46388959520223894
2623, 26.225709930313588, -1.455803717570923, -0.454669616524609, 2.912392896302734, 0.9173039989412081, 9.714993309066184, -0.8996719547317295, 2.5515174132456417, 0.3291614894765871, -1.4558043690320215, -0.45466756272295805
2624, 26.235712108013935, -1.4261940389424423, -0.44554156013293356, 3.009542829393397, 0.9083072793938907, 9.714993309066184, -0.8996719547317295, 2.738208492531486, 0.35790026288087773, -1.426194656094447, -0.4455417687860525
2625, 26.245714285714282, -1.395612860983055, -0.43650347093673125, 3.1066927624840583, 0.8993105598465734, 9.714993309066184, -0.8996719547317295, 2.928918418809899, 0.3879081089037156, -1.3956122988290105, -0.43650352202825937
2626, 26.255716463414632, -1.3640601836927613, -0.42755534893600206, 3.2038426955747203, 0.890313840299256, 9.714993309066184, -0.8996719547317295, 3.1234742842242156, 0.4191625600985538, -1.3640598990977788, -0.42755717060348425
2627, 26.26571864111498, -1.3315360070715607, -0.41869719413074613, 3.3009926286653823, 0.8813171207519388, 9.714993309066184, -0.8996719547317295, 3.3216749411930535, 0.4516328737903032, -1.331537602616516, -0.41869879576476926
2628, 26.27572081881533, -1.2980403311194535, -0.4099290065209633, 3.398142561756044, 0.8723204012046215, 9.714993309066184, -0.8996719547317295, 3.523289320899389, 0.4852795466881349, -1.298040148339431, -0.4099277545395669
2629, 26.285722996515677, -1.2635731558364398, -0.40125078610665366, 3.495292494846706, 0.8633236816573041, 9.714993309066184, -0.8996719547317295, 3.72805480167317, 0.5200538439512273, -1.2635736024483957, -0.4012518161807331
2630, 26.295725174216027, -1.228620230887974, -0.39261754929008086, 3.495292494846703, 0.8633236816573044, 0.0, 0.0, 2.9010145440875164, 0.28876317893578063, -1.2286181240586496, -0.3926170687032528
2631, 26.305727351916374, -1.1936673059395067, -0.38398431247350784, 3.495292494846703, 0.8633236816573044, 0.0, 0.0, 3.0548367410594626, 0.33340912026300085, -1.1936674484844356, -0.3839840169021115
2632, 26.31572952961672, -1.1587143809910396, -0.3753510756569348, 3.495292494846703, 0.8633236816573044, 0.0, 0.0, 3.2071249229367256, 0.37807464465151397, -1.158712215020863, -0.37534963767225354
2633, 26.325731707317072, -1.1237614560425726, -0.3667178388403617, 3.495292494846703, 0.8633236816573044, 0.0, 0.0, 3.357662860535435, 0.42267848749028425, -1.1237646357920346, -0.3667192335437961
2634, 26.33573388501742, -1.0888085310941054, -0.35808460202378867, 3.495292494846703, 0.8633236816573044, 0.0, 0.0, 3.5062365048271857, 0.46713951351310556, -1.0888086752372024, -0.3580839107768154
2635, 26.34573606271777, -1.0538556061456386, -0.34945136520721565, 3.495292494846703, 0.8633236816573044, 0.0, 0.0, 3.652634303410732, 0.5113768706438142, -1.053855363096692, -0.34945080121004346
2636, 26.355738240418116, -1.0189026811971713, -0.34081812839064257, 3.495292494846703, 0.8633236816573044, 0.0, 0.0, 3.796647513741873, 0.5553101433027064, -1.018902607407927, -0.3408177189857995
2637, 26.365740418118463, -0.9839497562487043, -0.3321848915740695, 3.495292494846703, 0.8633236816573044, 0.0, 0.0, 3.938070512634935, 0.5988595048829809, -0.9839507360057492, -0.33218507257374247
2638, 26.375742595818814, -0.9489968313002373, -0.3235516547574965, 3.495292494846703, 0.8633236816573044, 0.0, 0.0, 4.076701101554458, 0.6419458691076113, -0.9489970690480385, -0.3235528636658432
2639, 26.38574477351916, -0.9140439063517702, -0.3149184179409234, 3.495292494846703, 0.8633236816573044, 0.0, 0.0, 4.212340807221502, 0.6844910399791659, -0.9140455249670136, -0.3149197654283785
2640, 26.39574695121951, -0.8790909814033032, -0.3062851811243504, 3.495292494846703, 0.8633236816573044, 0.0, 0.0, 4.344795177065749, 0.7264178600377766, -0.8790927603570162, -0.3062862270389387
2641, 26.405749128919858, -0.8441380564548362, -0.2976519443077773, 3.495292494846703, 0.8633236816573044, 0.0, 0.0, 4.473874069061954, 0.7676503566456677, -0.8441358532000892, -0.29765263982248397
2642, 26.41575130662021, -0.809185131506369, -0.2890187074912043, 3.495292494846703, 0.8633236816573044, 0.0, 0.0, 4.599391935497541, 0.8081138860204032, -0.809185270124951, -0.28901912344200226
2643, 26.425753484320555, -0.7742322065579019, -0.2803854706746312, 3.495292494846703, 0.8633236816573044, 0.0, 0.0, 4.721168100227063, 0.84773527474329, -0.7742324323113495, -0.2803851254697119
2644, 26.435755662020902, -0.7392792816094349, -0.27175223385805813, 3.495292494846703, 0.8633236816573044, 0.0, 0.0, 4.839027028978896, 0.8864429584741673, -0.7392796363282045, -0.27175139097546985
2645, 26.445757839721253, -0.7043263566609679, -0.2631189970414851, 3.495292494846703, 0.8633236816573044, 0.0, 0.0, 4.952798592289963, 0.9241671176091222, -0.704326361963856, -0.26312002114355876
2646, 26.4557600174216, -0.6693734317125009, -0.25448576022491204, 3.495292494846703, 0.8633236816573044, 0.0, 0.0, 5.062318320655305, 0.9608398096234754, -0.6693714100738372, -0.25448666984891977
2647, 26.46576219512195, -0.6344205067640338, -0.24585252340833902, 3.495292494846703, 0.8633236816573044, 0.0, 0.0, 5.167427651491121, 0.9963950978486782, -0.634420278567504, -0.24585261398317837
2648, 26.475764372822297, -0.5994675818155666, -0.23721928659176594, 3.495292494846703, 0.8633236816573044, 0.0, 0.0, 5.2679741675222855, 1.0307691764385378, -0.5994673014929981, -0.2372183442586445
2649, 26.485766550522644, -0.5645146568670996, -0.22858604977519287, 3.495292494846703, 0.8633236816573044, 0.0, 0.0, 5.363811826218437, 1.0639004912874195, -0.564513193468761, -0.22858647250852412
2650, 26.495768728222995, -0.5295617319186325, -0.21995281295861985, 3.495292494846703, 0.8633236816573044, 0.0, 0.0, 5.454801179916387, 1.0957298566707765, -0.5295610254565573, -0.21995114221096337
2651, 26.50577090592334, -0.4946088069701655, -0.21131957614204677, 3.495292494846703, 0.8633236816573044, 0.0, 0.0, 5.540809586280875, 1.1262005673864626, -0.4946085213902476, -0.21131984692091094
2652, 26.515773083623692, -0.4596558820216985, -0.20268633932547375, 3.495292494846703, 0.8633236816573044, 0.0, 0.0, 5.621711408770583, 1.1552585061838556, -0.4596583655704163, -0.20268713128630803
2653, 26.52577526132404, -0.42470295707323147, -0.19405310250890068, 3.495292494846703, 0.8633236816573044, 0.0, 0.0, 5.697388206791679, 1.182852246276743, -0.42470354695696216, -0.19405532814817675
2654, 26.53577743902439, -0.3897500321247642, -0.18541986569232766, 3.495292494846703, 0.8633236816573044, 0.0, 0.0, 5.767728915237117, 1.208933148745282, -0.38974970811901616, -0.18542143759624052
2655, 26.545779616724737, -0.3547971071762972, -0.17678662887575458, 3.495292494846703, 0.8633236816573044, 0.0, 0.0, 5.832630013126352, 1.233455454642036, -0.3547972252160447, -0.17678714389088762
2656, 26.555781794425084, -0.3198441822278302, -0.1681533920591815, 3.495292494846703, 0.8633236816573044, 0.0, 0.0, 5.891995681077032, 1.2563763716271685, -0.31984527739811497, -0.16815353606494998
2657, 26.565783972125434, -0.28489125727936315, -0.15952015524260849, 3.495292494846703, 0.8633236816573044, 0.0, 0.0, 5.945737947357541, 1.2776561549682435, -0.2848923169575728, -0.1595200798651512
2658, 26.57578614982578, -0.24993833233089613, -0.1508869184260354, 3.495292494846703, 0.8633236816573044, 0.0, 0.0, 5.993776822287129, 1.2972581827508038, -0.2499375876737074, -0.1508870882886585
2659, 26.58578832752613, -0.21498540738242933, -0.14225368160946245, 3.495292494846703, 0.8633236816573044, 0.0, 0.0, 6.036040420768402, 1.3151490251568958, -0.2149857383518929, -0.14225497724233055
2660, 26.59579050522648, -0.18003248243396208, -0.13362044479288937, 3.495292494846703, 0.8633236816573044, 0.0, 0.0, 6.072465072755587, 1.3312985076799577, -0.18003157886021995, -0.13361972665332492
2661, 26.605792682926825, -0.14507955748549506, -0.1249872079763163, 3.495292494846703, 0.8633236816573044, 0.0, 0.0, 6.10299542148072, 1.3456797681560273, -0.1450784107123491, -0.12498909267310487
2662, 26.615794860627176, -0.11012663253702804, -0.11635397115974327, 3.495292494846703, 0.8633236816573044, 0.0, 0.0, 6.127584509279152, 1.3582693075029624, -0.1101280558149924, -0.1163531426200048
2663, 26.625797038327523, -0.07517370758856101, -0.1077207343431702, 3.495292494846703, 0.8633236816573044, 0.0, 0.0, 6.14619385087511, 1.369047034071313, -0.07517321116086512, -0.10772277726874879
2664, 26.635799216027873, -0.04022078264009399, -0.09908749752659718, 3.495292494846703, 0.8633236816573044, 0.0, 0.0, 6.158793494007722, 1.3779963015226293, -0.04022009697280683, -0.0990873066246457
2665, 26.64580139372822, -0.005267857691626965, -0.0904542607100241, 3.495292494846703, 0.8633236816573044, 0.0, 0.0, 6.165362067297795, 1.3851039401632759, -0.0052685578309618385, -0.09045446623313966
2666, 26.65580357142857, 0.02968506725684028, -0.08182102389345103, 3.495292494846703, 0.8633236816573044, 0.0, 0.0, 6.165886815275605, 1.3903602816742566, 0.02968410028875723, -0.08182138047696651
2667, 26.665805749128918, 0.0646379922053073, -0.07318778707687801, 3.495292494846703, 0.8633236816573044, 0.0, 0.0, 6.160363620510171, 1.3937591771901008, 0.06463800980248399, -0.07318779813019492
2668, 26.675807926829265, 0.0995909171537741, -0.06455455026030499, 3.495292494846703, 0.8633236816573044, 0.0, 0.0, 6.148797012800699, 1.3952980086924867, 0.09959010472324474, -0.0645543540635571
2669, 26.685810104529615, 0.13454384210224135, -0.05592131344373186, 3.495292494846703, 0.8633236816573044, 0.0, 0.0, 6.1312001654112755, 1.3949776936969875, 0.13454383758949814, -0.05592284151731695
2670, 26.695812282229962, 0.1694967670507086, -0.04728807662715884, 3.495292494846703, 0.8633236816573044, 0.0, 0.0, 6.107594878350203, 1.392802683224057, 0.1694968836209926, -0.04728792157167692
2671, 26.705814459930313, 0.2044496919991754, -0.03865483981058582, 3.495292494846703, 0.8633236816573044, 0.0, 0.0, 6.0780115487158, 1.388780953058127, 0.20444903241434573, -0.03865433449471395
2672, 26.71581663763066, 0.23940261694764264, -0.030021602994012797, 3.495292494846703, 0.8633236816573044, 0.0, 0.0, 6.0424891281508195, 1.3829239883114464, 0.2394033136001073, -0.03002078125364325
2673, 26.72581881533101, 0.27435554189610944, -0.021388366177439666, 3.495292494846703, 0.8633236816573044, 0.0, 0.0, 6.001075067467894, 1.3752467613220003, 0.27435579711073343, -0.021388549344984426
2674, 26.735820993031357, 0.3093084668445767, -0.012755129360866646, 3.495292494846703, 0.8633236816573044, 0.0, 0.0, 5.953825248528673, 1.3657677029275108, 0.309308601466769, -0.01275340802611127
2675, 26.745823170731704, 0.34426139179304394, -0.004121892544293626, 3.495292494846703, 0.8633236816573044, 0.0, 0.0, 5.90080390347931, 1.3545086671701108, 0.34426184150591205, -0.004122437175363178
2676, 26.755825348432055, 0.37921431674151074, 0.004511344272279505, 3.495292494846703, 0.8633236816573044, 0.0, 0.0, 5.842083521464901, 1.341494889498744, 0.3792146609174769, 0.004509839703257977
2677, 26.7658275261324, 0.414167241689978, 0.013144581088852525, 3.495292494846703, 0.8633236816573044, 0.0, 0.0, 5.777744742965167, 1.3267549385487152, 0.414166382845991, 0.013143195105132802
2678, 26.775829703832752, 0.4491201666384448, 0.021777817905425545, 3.495292494846703, 0.8633236816573044, 0.0, 0.0, 5.707876241913135, 1.3103206615900005, 0.4491206454904053, 0.02177839717600601
2679, 26.7858318815331, 0.48407309158691203, 0.030411054721998676, 3.495292494846703, 0.8633236816573044, 0.0, 0.0, 5.632574595777792, 1.292227123747952, 0.48407320094030126, 0.030411677732951538
2680, 26.795834059233446, 0.5190260165353788, 0.039044291538571696, 3.495292494846703, 0.8633236816573044, 0.0, 0.0, 5.551944143810672, 1.2725125411118785, 0.5190248797953182, 0.039044157836613934
2681, 26.805836236933796, 0.5539789414838461, 0.047677528355144716, 3.495292494846703, 0.8633236816573044, 0.0, 0.0, 5.466096833674773, 1.2512182078585647, 0.553979481573121, 0.047676772130068615
2682, 26.815838414634143, 0.5889318664323133, 0.056310765171717736, 3.495292494846703, 0.8633236816573044, 0.0, 0.0, 5.375152056692701, 1.2283884175291924, 0.5889310641726777, 0.05631178513862005
2683, 26.825840592334494, 0.6238847913807801, 0.06494400198829087, 3.495292494846703, 0.8633236816573044, 0.0, 0.0, 5.279236471968539, 1.204070378609198, 0.6238846174002188, 0.06494253442744857
2684, 26.83584277003484, 0.6588377163292474, 0.07357723880486389, 3.495292494846703, 0.8633236816573044, 0.0, 0.0, 5.178483819655594, 1.178314124571458, 0.6588368604081081, 0.07357876138923872
2685, 26.84584494773519, 0.6937906412777142, 0.08221047562143691, 3.495292494846703, 0.8633236816573044, 0.0, 0.0, 5.0730347236590845, 1.151172418553679, 0.6937923153858336, 0.08221051201569718
2686, 26.855847125435538, 0.7287435662261814, 0.09084371243801004, 3.495292494846703, 0.8633236816573044, 0.0, 0.0, 4.96303648407939, 1.1227006528510786, 0.7287449324055535, 0.09084224213115721
2687, 26.865849303135885, 0.7636964911746482, 0.09947694925458306, 3.495292494846703, 0.8633236816573044, 0.0, 0.0, 4.848642859717572, 1.0929567434152911, 0.7636967082213446, 0.09947633140935686
2688, 26.875851480836236, 0.7986494161231155, 0.10811018607115608, 3.495292494846703, 0.8633236816573044, 0.0, 0.0, 4.730013840980329, 1.0620010195599066, 0.7986493600910268, 0.108109232195099
2689, 26.885853658536583, 0.8336023410715827, 0.1167434228877291, 3.495292494846703, 0.8633236816573044, 0.0, 0.0, 4.607315413536615, 1.0298961090821717, 0.8336038522273599, 0.11674146560770754
2690, 26.895855836236933, 0.8685552660200495, 0.12537665970430223, 3.495292494846703, 0.8633236816573044, 0.0, 0.0, 4.480719313092461, 0.9967068190190722, 0.8685550408390492, 0.12537648508166063
2691, 26.90585801393728, 0.9035081909685168, 0.13400989652087525, 3.495292494846703, 0.8633236816573044, 0.0, 0.0, 4.350402771664422, 0.9625000122643206, 0.903508440578702, 0.13400995927114542
2692, 26.915860191637627, 0.9384611159169836, 0.14264313333744827, 3.495292494846703, 0.8633236816573044, 0.0, 0.0, 4.2165482557452405, 0.9273444802806311, 0.9384611326128729, 0.14264262361266988
2693, 26.925862369337977, 0.9734140408654508, 0.1512763701540214, 3.495292494846703, 0.8633236816573044, 0.0, 0.0, 4.07934319676783, 0.8913108121490755, 0.9734136262314843, 0.15127573232963049
2694, 26.935864547038324, 1.008366965813918, 0.15990960697059442, 3.495292494846703, 0.8633236816573044, 0.0, 0.0, 3.938979714285657, 0.8544712602042832, 1.0083659990993041, 0.15990795125440463
2695, 26.945866724738675, 1.0433198907623848, 0.16854284378716744, 3.495292494846703, 0.8633236816573044, 0.0, 0.0, 3.795654332298711, 0.8168996025107177, 1.04331741545523, 0.16854379667186095
2696, 26.955868902439022, 1.078272815710852, 0.17717608060374046, 3.495292494846703, 0.8633236816573044, 0.0, 0.0, 3.6495676891648507, 0.778671002441276, 1.0782714172453642, 0.17717512418458614
2697, 26.965871080139372, 1.113225740659319, 0.1858093174203136, 3.495292494846703, 0.8633236816573044, 0.0, 0.0, 3.5009242415460804, 0.7398618656249568, 1.1132258124812802, 0.18580926729597222
2698, 26.97587325783972, 1.1481786656077861, 0.1944425542368866, 3.495292494846703, 0.8633236816573044, 0.0, 0.0, 3.349931962848351, 0.7005496945353326, 1.1481783081796197, 0.19444027767890298
2699, 26.985875435540066, 1.1827363582288841, 0.20326818961868381, 3.410707371432399, 0.9004353676853164, -9.012378135478688, 3.574365901119745, 2.3076685203411045, 0.44089701227842826, 1.1827374276658218, 0.20326827218332164
2700, 26.995877613240417, 1.216392813036434, 0.21245126159059294, 3.320583590077612, 0.9361790266965139, -9.012378135478688, 3.574365901119745, 2.1123179850305824, 0.41722207972804826, 1.2163923564358528, 0.2124516719835403
2701, 27.005879790940764, 1.2491480300304363, 0.22199177015261412, 3.2304598087228253, 0.9719226857077115, -9.012378135478688, 3.574365901119745, 1.9188218598050355, 0.3937745163790859, 1.2491482382676762, 0.22199042930027088
2702, 27.015881968641114, 1.2810020092108907, 0.2318897153047472, 3.140336027368038, 1.007666344718909, -9.012378135478688, 3.574365901119745, 1.7274828962572666, 0.37063460083911093, 1.2810004625128837, 0.23188878993669515
2703, 27.02588414634146, 1.3119547505777973, 0.24214509704699227, 3.0502122460132512, 1.0434100037301066, -9.012378135478688, 3.574365901119745, 1.5385792043384177, 0.3478780014791374, 1.3119535782968583, 0.2421445971250949
2704, 27.035886324041808, 1.3420062541311557, 0.25275791537934933, 2.960088464658464, 1.0791536627413039, -9.012378135478688, 3.574365901119745, 1.3523651346987686, 0.32557580330294533, 1.3420054671879422, 0.2527575101836369
2705, 27.04588850174216, 1.3711565198709665, 0.2637281703018184, 2.8699646833036767, 1.1148973217525013, -9.012378135478688, 3.574365901119745, 1.1690722242161178, 0.3037945566366138, 1.3711573996150732, 0.2637292667685749
2706, 27.055890679442506, 1.3994055477972296, 0.2750558618143994, 2.77984090194889, 1.1506409807636988, -9.012378135478688, 3.574365901119745, 0.988910192746784, 0.2825963456450311, 1.3994061666625839, 0.2750562999733003
2707, 27.065892857142856, 1.4267533379099444, 0.2867409899170924, 2.689717120594103, 1.1863846397748965, -9.012378135478688, 3.574365901119745, 0.8120679799789298, 0.26203887471371357, 1.4267530985638117, 0.2867406249199559
2708, 27.075895034843203, 1.4531998902091114, 0.29878355460989736, 2.5995933392393162, 1.2221282987860937, -9.012378135478688, 3.574365901119745, 0.6387148121045015, 0.24217557077452284, 1.4532008718988338, 0.29878537930716453
2709, 27.085897212543554, 1.478745204694731, 0.31118355589281427, 2.509469557884529, 1.2578719577972912, -9.012378135478688, 3.574365901119745, 0.46900128884757686, 0.2230556997017687, 1.4787445114584614, 0.31118383561008645
2710, 27.0958993902439, 1.5033892813668022, 0.3239409937658432, 2.419345776529742, 1.2936156168084887, -9.012378135478688, 3.574365901119745, 0.3030604821874239, 0.20472449495964, 1.5033890279042978, 0.32394014441046376
2711, 27.105901567944247, 1.5271321202253256, 0.3370558682289841, 2.3292219951749553, 1.3293592758196864, -9.012378135478688, 3.574365901119745, 0.1410090388891274, 0.1872232967420075, 1.5271327132613248, 0.33705699520588217
2712, 27.115903745644598, 1.5499737212703013, 0.3505281792822369, 2.2390982138201685, 1.3651029348308836, -9.012378135478688, 3.574365901119745, -0.017051720300829132, 0.17058969991042883, 1.5499732021374844, 0.35052746624034237
2713, 27.125905923344945, 1.571914084501729, 0.36435792692560176, 2.1489744324653812, 1.4008465938420813, -9.012378135478688, 3.574365901119745, -0.17103471122560032, 0.15485770910482588, 1.571914098115672, 0.36435674317622513
2714, 27.135908101045295, 1.5929532099196089, 0.3785451111590786, 2.0588506511105944, 1.4365902528532786, -9.012378135478688, 3.574365901119745, -0.32086601241203727, 0.1400578994730013, 1.5929550556886045, 0.3785453968692191
2715, 27.145910278745642, 1.613091097523941, 0.3930897319826674, 1.9687268697558076, 1.4723339118644763, -9.012378135478688, 3.574365901119745, -0.4664838118069494, 0.12621758153920704, 1.6130894768926296, 0.39308917085142414
2716, 27.15591245644599, 1.632327747314725, 0.40799178939636815, 1.8786030884010205, 1.5080775708756735, -9.012378135478688, 3.574365901119745, -0.6078373786767378, 0.11336096880767199, 1.6323280834556044, 0.40799116440539507
2717, 27.16591463414634, 1.6506631592919614, 0.42325128340018087, 1.7884793070462337, 1.5438212298868712, -9.012378135478688, 3.574365901119745, -0.7448860646335497, 0.10150934677378187, 1.6506640236397767, 0.4232508330441861
2718, 27.175916811846687, 1.66809733345565, 0.4388682139941056, 1.6983555256914467, 1.5795648888980685, -9.012378135478688, 3.574365901119745, -0.8775983372334017, 0.09068124209291017, 1.6680971659223802, 0.4388672419969187
2719, 27.185918989547037, 1.6846302698057904, 0.45484258117814225, 1.6082317443366598, 1.615308547909266, -9.012378135478688, 3.574365901119745, -1.005950849114284, 0.08089259073425614, 1.6846293656115319, 0.4548418299519313
2720, 27.195921167247384, 1.700261968342383, 0.4711743849522909, 1.5181079629818726, 1.6510522069204634, -9.012378135478688, 3.574365901119745, -1.1299275452045596, 0.07215690402402741, 1.7002612540814708, 0.4711744103481497
2721, 27.205923344947735, 1.714992429065428, 0.4878636253165516, 1.4279841816270857, 1.6867958659316609, -9.012378135478688, 3.574365901119745, -1.2495188101332426, 0.0644854315585639, 1.71499146484652, 0.48786317383467864
2722, 27.21592552264808, 1.7288216519749249, 0.5049103022709243, 1.337860400272299, 1.7225395249428583, -9.012378135478688, 3.574365901119745, -1.3647206576130202, 0.05788732004318109, 1.7288201849506553, 0.5049074500267797
2723, 27.22592770034843, 1.7417496370708738, 0.5223144158154087, 1.2477366189175119, 1.758283183954056, -9.012378135478688, 3.574365901119745, -1.4755339632427944, 0.05236976718639996, 1.7417499488106445, 0.5223137861990349
2724, 27.23592987804878, 1.753776384353275, 0.5400759659500054, 1.1576128375627248, 1.7940268429652535, -9.012378135478688, 3.574365901119745, -1.581963741887668, 0.04793816985157451, 1.7537764872719641, 0.5400759884444444
2725, 27.245932055749126, 1.7649018938221284, 0.5581949526747139, 1.0674890562079378, 1.829770501976451, -9.012378135478688, 3.574365901119745, -1.6840184705390353, 0.044596265738590546, 1.7649015678010092, 0.558194639041506
2726, 27.255934233449477, 1.7751261654774337, 0.5766713759895343, 0.977365274853151, 1.8655141609876484, -9.012378135478688, 3.574365901119745, -1.7817094573340775, 0.042346267937119264, 1.7751276975560983, 0.576670837473934
2727, 27.265936411149823, 1.7844491993191913, 0.5955052358944668, 0.887241493498364, 1.901257819998846, -9.012378135478688, 3.574365901119745, -1.8750502572205894, 0.04118899175983404, 1.7844500352089012, 0.595504535646474
2728, 27.27593858885017, 1.7928709953474011, 0.6146965323895114, 0.797117712143577, 1.9370014790100434, -9.012378135478688, 3.574365901119745, -1.9640561345878123, 0.0411239733289358, 1.7928709998952383, 0.6146971897143837
2729, 27.28594076655052, 1.800391553562063, 0.6342452654746678, 0.70699393078879, 1.9727451380212409, -9.012378135478688, 3.574365901119745, -2.0487435730448436, 0.04214957945229725, 1.8003940260266496, 0.6342444312232699
2730, 27.295942944250868, 1.807010873963177, 0.6541514351499362, 0.6168701494340031, 2.008488797032438, -9.012378135478688, 3.574365901119745, -2.1291298324132297, 0.044263108386511485, 1.8070115455302238, 0.6541509056471676
2731, 27.30594512195122, 1.812728956550743, 0.6744150414153165, 0.526746368079216, 2.044232456043636, -9.012378135478688, 3.574365901119745, -2.2052325529074124, 0.0474608811431978, 1.812728719546301, 0.6744159855557657
2732, 27.315947299651565, 1.8175458013247612, 0.695036084270809, 0.4366225867244291, 2.0799761150548335, -9.012378135478688, 3.574365901119745, -2.2770694064039088, 0.051738323052066826, 1.8175467147032636, 0.6950372196701986
2733, 27.325949477351916, 1.8214614082852316, 0.7160145637164133, 0.34649880536964217, 2.115719774066031, -9.012378135478688, 3.574365901119745, -2.3446577946451845, 0.05709003534965884, 1.821460935275447, 0.7160131975203529
2734, 27.335951655052263, 1.824475777432154, 0.7373504797521298, 0.25637502401485524, 2.1514634330772284, -9.012378135478688, 3.574365901119745, -2.408014594185304, 0.06350985661633124, 1.8244758572886992, 0.7373507251520646
2735, 27.34595383275261, 1.8265889087655287, 0.7590438323779579, 0.16625124266006824, 2.1872070920884257, -9.012378135478688, 3.574365901119745, -2.4671559478593204, 0.07099091393621859, 1.8265906715925988, 0.7590450274606116
2736, 27.35595601045296, 1.8278008022853556, 0.7810946215938981, 0.07612746130528128, 2.222950751099623, -9.012378135478688, 3.574365901119745, -2.5220971025452155, 0.0795256637055286, 1.8277988782960701, 0.781094116143416
2737, 27.365958188153307, 1.8281114579916344, 0.8035028473999504, -0.013996320049505684, 2.2586944101108206, -9.012378135478688, 3.574365901119745, -2.572852292983786, 0.08910592206392365, 1.8281117955848674, 0.8035029379509661
2738, 27.375960365853658, 1.8275208758843653, 0.8262685097961147, -0.10412010140429265, 2.294438069122018, -9.012378135478688, 3.574365901119745, -2.619434671426233, 0.09972288497192072, 1.8275214527872816, 0.8262689140643249
2739, 27.385962543554005, 1.8264796748703225, 0.849212890487334, -0.10412010140428964, 2.294438069122017, 0.0, 0.0, -1.8669515229432287, 0.27183258259143417, 1.8264797501988286, 0.8492121819190142
2740, 27.39596472125435, 1.8254384738562797, 0.8721572711785542, -0.10412010140428964, 2.294438069122017, 0.0, 0.0, -1.874359692717849, 0.2624038976733841, 1.8254378058300411, 0.87215809025544
2741, 27.405966898954702, 1.8243972728422366, 0.8951016518697744, -0.10412010140428964, 2.294438069122017, 0.0, 0.0, -1.8813037846332619, 0.2533996774578807, 1.8243961758435323, 0.8951021674350198
2742, 27.41596907665505, 1.8233560718281938, 0.9180460325609946, -0.10412010140428964, 2.294438069122017, 0.0, 0.0, -1.887778747842957, 0.24482424139304726, 1.823356285031439, 0.9180453736352752
2743, 27.4259712543554, 1.822314870814151, 0.9409904132522148, -0.10412010140428964, 2.294438069122017, 0.0, 0.0, -1.893779757945067, 0.2366817032305022, 1.8223147639244146, 0.9409905515138285
2744, 27.435973432055746, 1.821273669800108, 0.963934793943435, -0.10412010140428964, 2.294438069122017, 0.0, 0.0, -1.8993022193318525, 0.22897596905194395, 1.8212744700702255, 0.9639346320690052
2745, 27.445975609756097, 1.8202324687860651, 0.9868791746346551, -0.10412010140428964, 2.294438069122017, 0.0, 0.0, -1.9043417674284515, 0.22171073539535735, 1.8202316532356948, 0.9868787066913507
2746, 27.455977787456444, 1.8191912677720223, 1.0098235553258754, -0.10412010140428964, 2.294438069122017, 0.0, 0.0, -1.9088942708197787, 0.21488948748174685, 1.819192842553625, 1.0098237508234258
2747, 27.46597996515679, 1.8181500667579793, 1.0327679360170956, -0.10412010140428964, 2.294438069122017, 0.0, 0.0, -1.91295583326457, 0.20851549754323706, 1.8181499233385519, 1.0327676245055486
2748, 27.47598214285714, 1.8171088657439365, 1.0557123167083158, -0.10412010140428964, 2.294438069122017, 0.0, 0.0, -1.9165227955955675, 0.20259182325335257, 1.8171103169442888, 1.0557117441862551
2749, 27.48598432055749, 1.8160676647298934, 1.078656697399536, -0.10412010140428964, 2.294438069122017, 0.0, 0.0, -1.9195917375049194, 0.19712130626022306, 1.8160675244472426, 1.078656876434732
2750, 27.49598649825784, 1.8150264637158506, 1.1016010780907561, -0.10412010140428964, 2.294438069122017, 0.0, 0.0, -1.9221594792139434, 0.19210657082341953, 1.8150262305906129, 1.1016008077474166
2751, 27.505988675958186, 1.8139852627018078, 1.1245454587819763, -0.10412010140428964, 2.294438069122017, 0.0, 0.0, -1.924223083026403, 0.18755002255507913, 1.8139851743769826, 1.1245454945470463
2752, 27.515990853658533, 1.8129440616877648, 1.1474898394731965, -0.10412010140428964, 2.294438069122017, 0.0, 0.0, -1.9257798547645755, 0.1834538472659164, 1.8129423946232925, 1.1474885329458604
2753, 27.525993031358883, 1.811902860673722, 1.1704342201644167, -0.10412010140428964, 2.294438069122017, 0.0, 0.0, -1.9268273450873883, 0.17982000991667624, 1.8119032109231012, 1.1704332251628673
2754, 27.53599520905923, 1.8108616596596792, 1.1933786008556369, -0.10412010140428964, 2.294438069122017, 0.0, 0.0, -1.9273633506899743, 0.17665025367553777, 1.8108623187001722, 1.1933804393801892
2755, 27.54599738675958, 1.8098204586456361, 1.216322981546857, -0.10412010140428964, 2.294438069122017, 0.0, 0.0, -1.9273859153840796, 0.17394609908191028, 1.8098193339558042, 1.2163217192109486
2756, 27.555999564459928, 1.8087792576315933, 1.2392673622380772, -0.10412010140428964, 2.294438069122017, 0.0, 0.0, -1.926893331058774, 0.17170884331703307, 1.808778266826656, 1.2392670760934403
2757, 27.566001742160278, 1.8077380566175503, 1.2622117429292974, -0.10412010140428964, 2.294438069122017, 0.0, 0.0, -1.9258841385209993, 0.1699395595817208, 1.807737192895342, 1.2622107935754174
2758, 27.576003919860625, 1.8066968556035075, 1.2851561236205176, -0.10412010140428964, 2.294438069122017, 0.0, 0.0, -1.9243571282155523, 0.16863909658155896, 1.8066999383339328, 1.2851565977230728
2759, 27.586006097560972, 1.8056556545894646, 1.3081005043117377, -0.10412010140428964, 2.294438069122017, 0.0, 0.0, -1.9223113408241255, 0.16780807811979204, 1.8056553008844083, 1.3080996159579539
2760, 27.596008275261322, 1.8046144535754216, 1.331044885002958, -0.10412010140428964, 2.294438069122017, 0.0, 0.0, -1.919746067743131, 0.16744690279810226, 1.8046159760822853, 1.3310479311906838
2761, 27.60601045296167, 1.8035732525613788, 1.353989265694178, -0.10412010140428964, 2.294438069122017, 0.0, 0.0, -1.91666085144006, 0.16755574382542204, 1.8035743205699346, 1.3539900357719845
2762, 27.61601263066202, 1.802532051547336, 1.3769336463853985, -0.10412010140428964, 2.294438069122017, 0.0, 0.0, -1.9130554856881936, 0.1681345489348699, 1.802533040820962, 1.3769342633800477
2763, 27.626014808362367, 1.801490850533293, 1.3998780270766187, -0.10412010140428964, 2.294438069122017, 0.0, 0.0, -1.90893001567956, 0.169183040408853, 1.8014899286528145, 1.3998787087919171
2764, 27.636016986062714, 1.8004496495192501, 1.4228224077678389, -0.10412010140428964, 2.294438069122017, 0.0, 0.0, -1.9042847380160668, 0.170700715212321, 1.8004478880761499, 1.4228239992368303
2765, 27.646019163763064, 1.799408448505207, 1.445766788459059, -0.10412010140428964, 2.294438069122017, 0.0, 0.0, -1.8991202005788035, 0.1726868452341096, 1.7994080800873533, 1.4457671177847136
2766, 27.65602134146341, 1.7983672474911643, 1.4687111691502792, -0.10412010140428964, 2.294438069122017, 0.0, 0.0, -1.8934372022755894, 0.17514047763625618, 1.7983668005842828, 1.4687119636119441
2767, 27.666023519163762, 1.7973260464771215, 1.4916555498414994, -0.10412010140428964, 2.294438069122017, 0.0, 0.0, -1.8872367926668576, 0.17806043531112303, 1.7973251372111014, 1.491657572179184
2768, 27.67602569686411, 1.7962848454630784, 1.5145999305327194, -0.10412010140428964, 2.294438069122017, 0.0, 0.0, -1.8805202714700775, 0.1814453174461026, 1.796285464177626, 1.5145991369447123
2769, 27.68602787456446, 1.7952436444490356, 1.5375443112239395, -0.10412010140428964, 2.294438069122017, 0.0, 0.0, -1.873289187942931, 0.18529350019564372, 1.7952446335658727, 1.5375445872416802
2770, 27.696030052264806, 1.7942024434349928, 1.5604886919151597, -0.10412010140428964, 2.294438069122017, 0.0, 0.0, -1.8655453401455404, 0.18960313746026447, 1.7942027243508298, 1.5604891323700456
2771, 27.706032229965153, 1.7931612424209498, 1.5834330726063799, -0.10412010140428964, 2.294438069122017, 0.0, 0.0, -1.8572907740821074, 0.19437216177218974, 1.7931616011856568, 1.5834316488335423
2772, 27.716034407665504, 1.792120041406907, 1.6063774532976003, -0.10412010140428964, 2.294438069122017, 0.0, 0.0, -1.84852778272237, 0.1995982852871775, 1.7921204843328153, 1.6063788572506505
2773, 27.72603658536585, 1.791078840392864, 1.6293218339888205, -0.10412010140428964, 2.294438069122017, 0.0, 0.0, -1.8392589049033305, 0.2052790008820694, 1.7910776629126017, 1.6293223619190518
2774, 27.7360387630662, 1.790037639378821, 1.6522662146800406, -0.10412010140428964, 2.294438069122017, 0.0, 0.0, -1.829486924111816, 0.2114115833575282, 1.7900382836570186, 1.65226570771599
2775, 27.746040940766548, 1.7889964383647783, 1.6752105953712608, -0.10412010140428964, 2.294438069122017, 0.0, 0.0, -1.819214867148416, 0.2179930907453933, 1.7889982372945634, 1.6752110226975905
2776, 27.7560431184669, 1.7879552373507352, 1.698154976062481, -0.10412010140428964, 2.294438069122017, 0.0, 0.0, -1.808446002673473, 0.22502036572002249, 1.787954338199374, 1.6981546215795116
2777, 27.766045296167245, 1.7869140363366924, 1.7210993567537012, -0.10412010140428964, 2.294438069122017, 0.0, 0.0, -1.7971838396358057, 0.23249003711294414, 1.7869138427775808, 1.721099731948929
2778, 27.776047473867592, 1.7858728353226496, 1.7440437374449214, -0.10412010140428964, 2.294438069122017, 0.0, 0.0, -1.785432125584925, 0.2403985215300951, 1.7858712308735123, 1.7440442958301727
2779, 27.786049651567943, 1.7848316343086066, 1.7669881181361415, -0.10412010140428964, 2.294438069122017, 0.0, 0.0, -1.773194844867561, 0.2487420250708654, 1.7848332841403898, 1.7669881752321157
2780, 27.79605182926829, 1.7837904332945638, 1.7899324988273617, -0.10412010140428964, 2.294438069122017, 0.0, 0.0, -1.7604762167093704, 0.25751654514812605, 1.7837901141587034, 1.7899316135210712
2781, 27.80605400696864, 1.782749232280521, 1.812876879518582, -0.10412010140428964, 2.294438069122017, 0.0, 0.0, -1.7472806931827345, 0.26671787240836964, 1.7827493302962942, 1.8128770829001863
2782, 27.816056184668987, 1.781708031266478, 1.835821260209802, -0.10412010140428964, 2.294438069122017, 0.0, 0.0, -1.733612957061652, 0.2763415927510373, 1.781708125495718, 1.8358209597956656
2783, 27.826058362369334, 1.780666830252435, 1.8587656409010223, -0.10412010140428964, 2.294438069122017, 0.0, 0.0, -1.7194779195647414, 0.2863830894460687, 1.7806663777248655, 1.8587661595336036
2784, 27.836060540069685, 1.779625629238392, 1.8817100215922424, -0.10412010140428964, 2.294438069122017, 0.0, 0.0, -1.704880717987447, 0.29683754534865536, 1.77962695945524, 1.8817117924338487
2785, 27.84606271777003, 1.7785844282243493, 1.9046544022834626, -0.10412010140428964, 2.294438069122017, 0.0, 0.0, -1.6898267132246048, 0.3076999452101359, 1.778584106969003, 1.9046535920364704
2786, 27.856064895470382, 1.7775432272103064, 1.9275987829746828, -0.10412010140428964, 2.294438069122017, 0.0, 0.0, -1.674321487184539, 0.31896507808392727, 1.7775445324300279, 1.927598941711999
2787, 27.86606707317073, 1.7765020261962634, 1.950543163665903, -0.10412010140428964, 2.294438069122017, 0.0, 0.0, -1.6583708400959674, 0.330627539825332, 1.77650319664152, 1.9505436532665361
2788, 27.87606925087108, 1.7754608251822206, 1.9734875443571231, -0.10412010140428964, 2.294438069122017, 0.0, 0.0, -1.641980787708991, 0.34268173568402993, 1.7754603932387967, 1.9734868500071545
2789, 27.886071428571427, 1.7744196241681776, 1.9964319250483433, -0.10412010140428964, 2.294438069122017, 0.0, 0.0, -1.6251575583915356, 0.3551218829880022, 1.7744201373925579, 1.9964310271615464
2790, 27.896073606271774, 1.7733784231541347, 2.0193763057395637, -0.10412010140428964, 2.294438069122017, 0.0, 0.0, -1.6079075901226474, 0.36794201391760817, 1.7733780691720984, 2.019377139110968
2791, 27.906075783972124, 1.772337222140092, 2.0423206864307835, -0.10412010140428964, 2.294438069122017, 0.0, 0.0, -1.5902375273840847, 0.3811359783684769, 1.7723371373350325, 2.042322757800293
2792, 27.91607796167247, 1.771296021126049, 2.065265067122004, -0.10412010140428964, 2.294438069122017, 0.0, 0.0, -1.5721542179517216, 0.3946974469018485, 1.7712968132956017, 2.065264579486922
2793, 27.92608013937282, 1.770254820112006, 2.0882094478132243, -0.10412010140428964, 2.294438069122017, 0.0, 0.0, -1.5536647095883127, 0.4086199137809392, 1.770255460482698, 2.0882085917629776
2794, 27.93608231707317, 1.7692136190979633, 2.1111538285044444, -0.10412010140428964, 2.294438069122017, 0.0, 0.0, -1.534776246639207, 0.4228967000918842, 1.7692132083544634, 2.1111531268197816
2795, 27.946084494773515, 1.7681724180839202, 2.1340982091956646, -0.10412010140428964, 2.294438069122017, 0.0, 0.0, -1.5154962665326686, 0.43752095694775317, 1.7681723852987379, 2.134098207648219
2796, 27.956086672473866, 1.7671312170698774, 2.157042589886885, -0.10412010140428964, 2.294438069122017, 0.0, 0.0, -1.495832396186498, 0.45248566877410745, 1.7671302612292525, 2.157043395033282
2797, 27.966088850174213, 1.7660900160558346, 2.179986970578105, -0.10412010140428964, 2.294438069122017, 0.0, 0.0, -1.4757924483226816, 0.46778365667451594, 1.7660883920315802, 2.1799869451121467
2798, 27.976091027874563, 1.7650488150417916, 2.202931351269325, -0.10412010140428964, 2.294438069122017, 0.0, 0.0, -1.4553844176918596, 0.48340758187442323, 1.7650498735003606, 2.2029309893215
2799, 27.98609320557491, 1.7640076140277487, 2.2258757319605453, -0.10412010140428964, 2.294438069122017, 0.0, 0.0, -1.434616477209441, 0.49934994924171106, 1.7640078426166594, 2.225875641763692
2800, 27.99609538327526, 1.7629664130137057, 2.2488201126517655, -0.10412010140428964, 2.294438069122017, 0.0, 0.0, -1.413496974005229, 0.5156031108822678, 1.7629649578069155, 2.2488188155629563
2801, 28.006097560975608, 1.761925211999663, 2.2717644933429857, -0.10412010140428964, 2.294438069122017, 0.0, 0.0, -1.392034425388474, 0.5321592698088399, 1.761925481847378, 2.2717637252416862
2802, 28.016099738675955, 1.76088401098562, 2.294708874034206, -0.10412010140428964, 2.294438069122017, 0.0, 0.0, -1.3702375147302994, 0.5490104836814061, 1.7608852373053203, 2.2947093288281324
2803, 28.026101916376305, 1.759842809971577, 2.317653254725426, -0.10412010140428964, 2.294438069122017, 0.0, 0.0, -1.348115087265506, 0.5661486686172783, 1.7598420677889939, 2.3176531852642115
2804, 28.036104094076652, 1.7588016089575342, 2.3405976354166462, -0.10412010140428964, 2.294438069122017, 0.0, 0.0, -1.3256761458157735, 0.5835656030691057, 1.7588017618291927, 2.340597502745002
2805, 28.046106271777003, 1.7577604079434912, 2.3635420161078664, -0.10412010140428964, 2.294438069122017, 0.0, 0.0, -1.3029298464363337, 0.6012529317689135, 1.7577598679303528, 2.3635404829209334
2806, 28.05610844947735, 1.7567192069294484, 2.3864863967990866, -0.10412010140428964, 2.294438069122017, 0.0, 0.0, -1.279885493988234, 0.6192021697362948, 1.7567204696458114, 2.3864845015152762
2807, 28.066110627177697, 1.7556780059154056, 2.4094307774903068, -0.10412010140428964, 2.294438069122017, 0.0, 0.0, -1.2565525376383107, 0.6374047063488241, 1.7556777417404246, 2.409432035271171
2808, 28.076112804878047, 1.7546368049013625, 2.432375158181527, -0.10412010140428964, 2.294438069122017, 0.0, 0.0, -1.232940566289079, 0.655851809472743, 1.7546372491120612, 2.4323748582712765
2809, 28.086114982578394, 1.7535956038873197, 2.455319538872747, -0.10412010140428964, 2.294438069122017, 0.0, 0.0, -1.2090593039407302, 0.6745346296519399, 1.7535942803046707, 2.4553202978291746
2810, 28.096117160278745, 1.752554402873277, 2.4782639195639673, -0.10412010140428964, 2.294438069122017, 0.0, 0.0, -1.184918604987496, 0.6934442043532065, 1.752557424289502, 2.478264613306223
2811, 28.10611933797909, 1.7515132018592339, 2.5012083002551875, -0.10412010140428964, 2.294438069122017, 0.0, 0.0, -1.1605284494506467, 0.7125714622657416, 1.7515121180668245, 2.5012091990239047
2812, 28.116121515679442, 1.750472000845191, 2.5241526809464077, -0.10412010140428964, 2.294438069122017, 0.0, 0.0, -1.1358989381504458, 0.7319072276528378, 1.750472087095088, 2.5241518864919614
2813, 28.12612369337979, 1.7494307998311482, 2.547097061637628, -0.10412010140428964, 2.294438069122017, 0.0, 0.0, -1.1110402878193832, 0.7514422247536587, 1.7494312155367502, 2.547095818736574
2814, 28.136125871080136, 1.7476564506713608, 2.5695291927562045, -0.2511024557931417, 2.199760968944936, -14.733507962880394, -8.690428582546346, -1.5878466441397858, 0.7133583796358661, 1.7476561264208534, 2.569530586049885
2815, 28.146128048780486, 1.7444087507152854, 2.5910922810165267, -0.39843753542194577, 2.112856683119472, -14.733507962880394, -8.690428582546346, -1.613816896905535, 0.690894335851562, 1.7444092536708795, 2.5910941053595664
2816, 28.156130226480833, 1.7396876999629218, 2.611786326418594, -0.5457726150507498, 2.0259523972940086, -14.733507962880394, -8.690428582546346, -1.6388500149680278, 0.666528104865753, 1.7396892815411062, 2.6117860368588426
2817, 28.166132404181184, 1.7334932984142704, 2.631611328962407, -0.6931076946795539, 1.939048111468545, -14.733507962880394, -8.690428582546346, -1.66284904400624, 0.640186806096853, 1.733492866662832, 2.631611250612849
2818, 28.17613458188153, 1.7258255460693308, 2.6505672886479648, -0.840442774308358, 1.8521438256430813, -14.733507962880394, -8.690428582546346, -1.6857080980953953, 0.6118091130950466, 1.7258267946279335, 2.650568283387473
2819, 28.186136759581878, 1.7166844429281032, 2.6686542054752684, -0.987777853937162, 1.7652395398176182, -14.733507962880394, -8.690428582546346, -1.707314850240901, 0.5813444264593466, 1.716683993198552, 2.668656677055229
2820, 28.196138937282228, 1.7060699889905875, 2.685872079444317, -1.135112933565966, 1.6783352539921543, -14.733507962880394, -8.690428582546346, -1.727552943015926, 0.5487521828760187, 1.7060704812630807, 2.6858731342652775
2821, 28.206141114982575, 1.693982184256784, 2.702220910555112, -1.2824480131947702, 1.5914309681666907, -14.733507962880394, -8.690428582546346, -1.7463043196237507, 0.5140013086884327, 1.693984958052729, 2.702221644378959
2822, 28.216143292682926, 1.680421028726692, 2.717700698807651, -1.4297830928235742, 1.5045266823412273, -14.733507962880394, -8.690428582546346, -1.763451477244078, 0.4770698247755749, 1.6804226782026037, 2.717700426703241
2823, 28.226145470383273, 1.6653865224003124, 2.7323114442019363, -1.5771181724523784, 1.417622396515764, -14.733507962880394, -8.690428582546346, -1.778879645624286, 0.4379446080914689, 1.665386362249566, 2.7323129215672006
2824, 28.236147648083623, 1.6488786652776446, 2.7460531467379665, -1.7244532520811822, 1.3307181106903003, -14.733507962880394, -8.690428582546346, -1.7924788945850136, 0.39662131394485717, 1.6488785700026989, 2.746052510287556
2825, 28.24614982578397, 1.6308974573586887, 2.7589258064157423, -1.8717883317099864, 1.2438138248648365, -14.733507962880394, -8.690428582546346, -1.8041461744686127, 0.3531044619204283, 1.6308971698756451, 2.7589255029820516
2826, 28.256152003484317, 1.6114428986434448, 2.770929423235263, -2.0191234113387906, 1.156909539039373, -14.733507962880394, -8.690428582546346, -1.8137872936135802, 0.3074076872005994, 1.611442605753308, 2.770928607647722
2827, 28.266154181184667, 1.5905149891319128, 2.7820639971965297, -2.1664584909675946, 1.0700052532139095, -14.733507962880394, -8.690428582546346, -1.8213188367332271, 0.2595541578810281, 1.59051626652843, 2.782063647710939
2828, 28.276156358885014, 1.568113728824093, 2.7923295282995415, -2.3137935705963986, 0.9831009673884461, -14.733507962880394, -8.690428582546346, -1.8266700276576229, 0.20957715762384704, 1.5681130979578952, 2.792329321585642
2829, 28.286158536585365, 1.5442391177199848, 2.8017260165442988, -2.4611286502252026, 0.8961966815629826, -14.733507962880394, -8.690428582546346, -1.8297845393091143, 0.15752083160086738, 1.544239048322451, 2.8017235185539464
2830, 28.296160714285712, 1.5188911558195888, 2.810253461930801, -2.6084637298540065, 0.8092923957375189, -14.733507962880394, -8.690428582546346, -1.830622253068095, 0.10344109208642288, 1.5188924766054268, 2.81025365695169
2831, 28.30616289198606, 1.4920698431229047, 2.817911864459049, -2.7557988094828105, 0.7223881099120554, -14.733507962880394, -8.690428582546346, -1.829160968891006, 0.04740667820969702, 1.4920692731732723, 2.8179118557463956
2832, 28.31616506968641, 1.4637751796299325, 2.824701224129042, -2.903133889111615, 0.635483824086592, -14.733507962880394, -8.690428582546346, -1.8253980667100438, -0.010499637784533333, 1.4637760619098767, 2.824701985457467
2833, 28.326167247386756, 1.4340071653406723, 2.830621540940781, -3.050468968740419, 0.5485795382611285, -14.733507962880394, -8.690428582546346, -1.8193521188155566, -0.07017970793981132, 1.4340064184199677, 2.8306232417922317
2834, 28.336169425087107, 1.402765800255124, 2.8356728148942647, -3.197804048369223, 0.4616752524356649, -14.733507962880394, -8.690428582546346, -1.8110644521380024, -0.13151854275776942, 1.4027662250660813, 2.8356741087969235
2835, 28.346171602787454, 1.3700510843732878, 2.839855045989494, -3.345139127998027, 0.37477096661020115, -14.733507962880394, -8.690428582546346, -1.8006006586444323, -0.1943827386074996, 1.3700516224729695, 2.8398542113675633
2836, 28.356173780487804, 1.3358630176951634, 2.843168234226469, -3.492474207626831, 0.28786668078473787, -14.733507962880394, -8.690428582546346, -1.7880520514795566, -0.25861881869503806, 1.3358640537509308, 2.8431677012687273
2837, 28.36617595818815, 1.3002016002207513, 2.845612379605189, -3.6398092872556354, 0.20096239495927404, -14.733507962880394, -8.690428582546346, -1.7735370640438428, -0.3240515122534817, 1.300201458682649, 2.8456130850371397
2838, 28.376178135888498, 1.2630668319500507, 2.8471874821256544, -3.787144366884439, 0.11405810913381065, -14.733507962880394, -8.690428582546346, -1.7572025889354752, -0.3904820014532123, 1.2630651856146913, 2.847186245173638
2839, 28.38618031358885, 1.2244587128830622, 2.8478935417878652, -3.9344794465132433, 0.027153823308347147, -14.733507962880394, -8.690428582546346, -1.7392252536068524, -0.4576861708591403, 1.2244592390264248, 2.847895225670438
2840, 28.396182491289196, 1.1843772430197859, 2.847730558591821, -4.081814526142048, -0.059750462517116354, -14.733507962880394, -8.690428582546346, -1.719812629707608, -0.5254129000479453, 1.1843770619536191, 2.847729548812978
2841, 28.406184668989546, 1.1428224223602212, 2.846698532537523, -4.229149605770851, -0.14665474834257997, -14.733507962880394, -8.690428582546346, -1.6992043734020155, -0.5933824461902869, 1.1428235566732867, 2.846697854933054
2842, 28.416186846689893, 1.0997942509043686, 2.8447974636249698, -4.376484685399656, -0.23355903416804336, -14.733507962880394, -8.690428582546346, -1.6776732944421702, -0.6612849699217263, 1.0997928778117112, 2.8447970791516277
2843, 28.42618902439024, 1.055292728652228, 2.8420273518541617, -4.52381976502846, -0.3204633199935071, -14.733507962880394, -8.690428582546346, -1.6555263524167263, -0.7287792645621363, 1.0552929452687823, 2.842026292154235
2844, 28.43619120209059, 1.0093178556037994, 2.8383881972250995, -4.671154844657263, -0.4073676058189707, -14.733507962880394, -8.690428582546346, -1.6331055793268723, -0.7954917555531855, 1.009317927688056, 2.838387533624686
2845, 28.446193379790937, 0.9618696317590827, 2.8338799997377824, -4.818489924286068, -0.49427189164443414, -14.733507962880394, -8.690428582546346, -1.610788928393924, -0.8610158436858683, 0.9618706761119775, 2.8338808291454654
2846, 28.456195557491288, 0.912948057118078, 2.8285027593922107, -4.965825003914872, -0.5811761774698977, -14.733507962880394, -8.690428582546346, -1.5889910496806972, -0.92491167206295, 0.9129471593972727, 2.8285021368848273
2847, 28.466197735191635, 0.8625531316807852, 2.8222564761883846, -5.113160083543676, -0.6680804632953612, -14.733507962880394, -8.690428582546346, -1.568163993590582, -0.9867064025190543, 0.8625533587400731, 2.822256105241933
2848, 28.476199912891985, 0.8106848554472044, 2.8151411501263035, -5.260495163172479, -0.7549847491208248, -14.733507962880394, -8.690428582546346, -1.5487978434463479, -1.0458950920931072, 0.810683711368345, 2.8151406689619924
2849, 28.486202090592332, 0.7573432284173355, 2.807156781205968, -5.407830242801284, -0.8418890349462882, -14.733507962880394, -8.690428582546346, -1.5314212779708307, -1.101942263757518, 0.757343292513609, 2.807155839315558
2850, 28.49620426829268, 0.7025282505911785, 2.798303369427378, -5.555165322430088, -0.9287933207717519, -14.733507962880394, -8.690428582546346, -1.5166020633931818, -1.154284267554679, 0.7025272330210378, 2.798301432144887
2851, 28.50620644599303, 0.6462399219687336, 2.788580914790533, -5.702500402058892, -1.0156976065972154, -14.733507962880394, -8.690428582546346, -1.504947472862852, -1.2023325281315698, 0.6462403620101728, 2.788582226010498
2852, 28.516208623693377, 0.5884782425500006, 2.7779894172954336, -5.849835481687696, -1.102601892422679, -14.733507962880394, -8.690428582546346, -1.4971046276245548, -1.2454777719190264, 0.5884779546625346, 2.777989290248998
2853, 28.526210801393727, 0.5292432123349797, 2.7665288769420795, -5.9971705613165005, -1.1895061782481424, -14.733507962880394, -8.690428582546346, -1.4937607497333283, -1.2830953213676572, 0.5292439635612276, 2.766528310433255
2854, 28.536212979094074, 0.4692715067218167, 2.754633815159598, -5.997170561316495, -1.1895061782481395, 0.0, 0.0, -1.0344187222981354, -1.299982048636489, 0.4692716314498891, 2.754635638197179
2855, 28.54621515679442, 0.4092998011086517, 2.742738753377117, -5.997170561316495, -1.1895061782481395, 0.0, 0.0, -0.9536589117579823, -1.2953423131777142, 0.4092998940463187, 2.742737572764765
2856, 28.55621733449477, 0.3493280954954867, 2.7308436915946355, -5.997170561316495, -1.1895061782481395, 0.0, 0.0, -0.8791367634818403, -1.285683022756283, 0.34932810251784224, 2.730844934782289
2857, 28.56621951219512, 0.2893563898823217, 2.718948629812154, -5.997170561316495, -1.1895061782481395, 0.0, 0.0, -0.8111348809083827, -1.2710145544125202, 0.2893569042335023, 2.718947832837867
2858, 28.57622168989547, 0.2293846842691567, 2.707053568029673, -5.997170561316495, -1.1895061782481395, 0.0, 0.0, -0.7499202759532859, -1.2513733496719102, 0.229385451631747, 2.7070547621384335
2859, 28.586223867595816, 0.1694129786559917, 2.6951585062471914, -5.997170561316495, -1.1895061782481395, 0.0, 0.0, -0.6957433519212, -1.2268217319703407, 0.16941113059900023, 2.6951588913384374
2860, 28.596226045296167, 0.10944127304282669, 2.68326344446471, -5.997170561316495, -1.1895061782481395, 0.0, 0.0, -0.6488369055749978, -1.1974475904314876, 0.1094408411978421, 2.6832643215702983
2861, 28.606228222996513, 0.04946956742966169, 2.6713683826822283, -5.997170561316495, -1.1895061782481395, 0.0, 0.0, -0.6094151524459352, -1.1633639316280893, 0.04947027817964548, 2.6713674703466164
2862, 28.61623040069686, -0.010502138183503318, 2.659473320899747, -5.997170561316495, -1.1895061782481395, 0.0, 0.0, -0.5776727795916563, -1.1247083016404213, -0.010503698929166918, 2.6594733872115865
2863, 28.62623257839721, -0.07047384379666832, 2.6475782591172656, -5.997170561316495, -1.1895061782481395, 0.0, 0.0, -0.5537840301135595, -1.0816420813948735, -0.07047509248422745, 2.6475780598767518
2864, 28.636234756097558, -0.13044554940983333, 2.6356831973347843, -5.997170561316495, -1.1895061782481395, 0.0, 0.0, -0.537901823829412, -1.0343496589197638, -0.1304446168980833, 2.6356817433416544
2865, 28.64623693379791, -0.19041725502299833, 2.623788135552303, -5.997170561316495, -1.1895061782481395, 0.0, 0.0, -0.5301569185599981, -0.983037482790937, -0.19041821474341714, 2.623788593083761
2866, 28.656239111498255, -0.25038896063616334, 2.6118930737698216, -5.997170561316495, -1.1895061782481395, 0.0, 0.0, -0.5306571165287379, -0.9279330016530805, -0.2503882483701737, 2.611893256566818
2867, 28.666241289198602, -0.31036066624932857, 2.5999980119873403, -5.997170561316495, -1.1895061782481395, 0.0, 0.0, -0.5394865203895267, -0.8692834952908456, -0.310359861155682, 2.599998145917404
2868, 28.676243466898953, -0.37033237186249335, 2.5881029502048585, -5.997170561316495, -1.1895061782481395, 0.0, 0.0, -0.5567048433895834, -0.8073548032837384, -0.3703308563875379, 2.588103366810046
2869, 28.6862456445993, -0.4303040774756586, 2.576207888422377, -5.997170561316495, -1.1895061782481395, 0.0, 0.0, -0.5823467781399132, -0.742429957807504, -0.43030471773233625, 2.5762065094445843
2870, 28.69624782229965, -0.49027578308882336, 2.564312826639896, -5.997170561316495, -1.1895061782481395, 0.0, 0.0, -0.6164214284054963, -0.6748077276395679, -0.49027682634479713, 2.564313428705862
2871, 28.706249999999997, -0.5502474887019886, 2.5524177648574145, -5.997170561316495, -1.1895061782481395, 0.0, 0.0, -0.6589118082398779, -0.6048010808845393, -0.5502475185261868, 2.5524169560557772
2872, 28.716252177700348, -0.6102191943151534, 2.540522703074933, -5.997170561316495, -1.1895061782481395, 0.0, 0.0, -0.7097744126740504, -0.5327355743553934, -0.6102179581078593, 2.5405228318158963
2873, 28.726254355400695, -0.6701908999283186, 2.5286276412924518, -5.997170561316495, -1.1895061782481395, 0.0, 0.0, -0.7689388640271964, -0.45894767792460267, -0.6701908144410436, 2.5286265383474524
2874, 28.73625653310104, -0.7301626055414834, 2.51673257950997, -5.997170561316495, -1.1895061782481395, 0.0, 0.0, -0.8363076377368661, -0.383783042495222, -0.7301623050417557, 2.5167323431511255
2875, 28.746258710801392, -0.7901343111546486, 2.5048375177274886, -5.997170561316495, -1.1895061782481395, 0.0, 0.0, -0.9117558714085887, -0.30759472053300907, -0.7901341415636711, 2.5048368372159295
2876, 28.75626088850174, -0.8501060167678134, 2.4929424559450073, -5.997170561316495, -1.1895061782481395, 0.0, 0.0, -0.9951312605600493, -0.23074134834556226, -0.8501064542726263, 2.492942409040567
2877, 28.76626306620209, -0.9100777223809786, 2.481047394162526, -5.997170561316495, -1.1895061782481395, 0.0, 0.0, -1.0862540442832116, -0.1535852994919666, -0.9100778502812161, 2.4810473256231584
2878, 28.776265243902436, -0.9700494279941434, 2.4691523323800446, -5.997170561316495, -1.1895061782481395, 0.0, 0.0, -1.1849170837696583, -0.07649081885547837, -0.9700513213693738, 2.4691511555801497
2879, 28.786267421602787, -1.0300211336073086, 2.4572572705975633, -5.997170561316495, -1.1895061782481395, 0.0, 0.0, -1.2908860363408994, 0.00017785298839145813, -1.0300192213169266, 2.457256724329049
2880, 28.796269599303134, -1.0899928392204734, 2.445362208815082, -5.997170561316495, -1.1895061782481395, 0.0, 0.0, -1.403899627297138, 0.07605835542591688, -1.0899920901760374, 2.4453630319821826
2881, 28.80627177700348, -1.1499645448336386, 2.4334671470326006, -5.997170561316495, -1.1895061782481395, 0.0, 0.0, -1.52367002154639, 0.15079207379872828, -1.1499655278376744, 2.4334676546483576
2882, 28.81627395470383, -1.2099362504468034, 2.4215720852501192, -5.997170561316495, -1.1895061782481395, 0.0, 0.0, -1.6498832966018755, 0.2240259861041839, -1.2099359986615623, 2.421570850029025
2883, 28.82627613240418, -1.2699079560599682, 2.409677023467638, -5.997170561316495, -1.1895061782481395, 0.0, 0.0, -1.7822000181409563, 0.295414480869423, -1.2699069617261145, 2.4096774108164087
2884, 28.83627831010453, -1.329879661673133, 2.397781961685156, -5.997170561316495, -1.1895061782481395, 0.0, 0.0, -1.9202559189049173, 0.36462113681476804, -1.3298800049293136, 2.3977820349475603
2885, 28.846280487804876, -1.3898513672862982, 2.3858868999026748, -5.997170561316495, -1.1895061782481395, 0.0, 0.0, -2.0636626812874654, 0.4313204551194285, -1.3898505086918482, 2.3858874420642056
2886, 28.856282665505223, -1.449823072899463, 2.3739918381201934, -5.997170561316495, -1.1895061782481395, 0.0, 0.0, -2.2120088235127096, 0.4951995353471357, -1.4498225123180475, 2.373992173762152
2887, 28.866284843205573, -1.5097947785126282, 2.362096776337712, -5.997170561316495, -1.1895061782481395, 0.0, 0.0, -2.3648606888426826, 0.5559596863801959, -1.50979582507202, 2.3620973433272834
2888, 28.87628702090592, -1.569766484125793, 2.3502017145552307, -5.997170561316495, -1.1895061782481395, 0.0, 0.0, -2.5217635367820863, 0.6133179640459612, -1.5697654277564421, 2.3502023491937254
2889, 28.88628919860627, -1.6297381897389582, 2.338306652772749, -5.997170561316495, -1.1895061782481395, 0.0, 0.0, -2.682242734766448, 0.6670086274981863, -1.629738506473146, 2.338308545693505
2890, 28.896291376306618, -1.689709895352123, 2.3264115909902676, -5.997170561316495, -1.1895061782481395, 0.0, 0.0, -2.8458050483311346, 0.7167845068351444, -1.6897100322706577, 2.3264100103095355
2891, 28.906293554006968, -1.7488414618920693, 2.3138774560967175, -5.7793620380508175, -1.3074470675310395, 26.75892318876051, -10.806715635202462, -1.8211831981056692, 0.4792702828132115, -1.7488426772697663, 2.313877681571131
2892, 28.916295731707315, -1.8052971361131396, 2.300262649639647, -5.511772806163213, -1.4155142238830642, 26.75892318876051, -10.806715635202462, -1.8483694763028762, 0.4263999432011921, -1.8052970753721187, 2.300262819303877
2893, 28.926297909407662, -1.8590769180153337, 2.285567171619056, -5.244183574275608, -1.523581380235089, 26.75892318876051, -10.806715635202462, -1.867398731362386, 0.3705246543267805, -1.8590777573714594, 2.285568493738743
2894, 28.936300087108012, -1.910180807598652, 2.269791022034945, -4.976594342388003, -1.6316485365871136, 26.75892318876051, -10.806715635202462, -1.8779196569483496, 0.3117733861612595, -1.910182321045018, 2.269789006087937
2895, 28.94630226480836, -1.9586088048630939, 2.2529342008873137, -4.709005110500397, -1.7397156929391384, 26.75892318876051, -10.806715635202462, -1.879672779190782, 0.2503214837766956, -1.9586103546024407, 2.252933921288929
2896, 28.95630444250871, -2.0043609098086597, 2.2349967081761624, -4.4414158786127915, -1.8477828492911632, 26.75892318876051, -10.806715635202462, -1.8724754135926034, 0.186385510589679, -2.004359022611733, 2.23499572356073
2897, 28.966306620209057, -2.04743712243535, 2.2159785439014903, -4.173826646725186, -1.955850005643188, 26.75892318876051, -10.806715635202462, -1.8562075020996007, 0.12021820892940926, -2.047436330790044, 2.2159797454812207
2898, 28.976308797909404, -2.087837442743164, 2.1958797080632984, -3.9062374148375807, -2.0639171619952124, 26.75892318876051, -10.806715635202462, -1.830798478044381, 0.052103602556989204, -2.0878384587960577, 2.195878913773569
2899, 28.986310975609754, -2.1255618707321013, 2.174700200661586, -3.6386481829499755, -2.171984318347237, 26.75892318876051, -10.806715635202462, -1.7962152589551834, -0.017647743723656628, -2.1255619293094523, 2.174699364762728
2900, 28.9963131533101, -2.160610406402163, 2.1524400216963535, -3.3710589510623703, -2.280051474699262, 26.75892318876051, -10.806715635202462, -1.7524514267918925, -0.08870330068938825, -2.160611273323478, 2.152438726863297
2901, 29.006315331010452, -2.192983049753349, 2.129099171167601, -3.103469719174765, -2.3881186310512863, 26.75892318876051, -10.806715635202462, -1.6995176217040373, -0.16071298828664715, -2.1929824273299334, 2.129100473120905
2902, 29.0163175087108, -2.2226798007856585, 2.104677649075328, -2.8358804872871595, -2.496185787403311, 26.75892318876051, -10.806715635202462, -1.6374331484351086, -0.2333134332359692, -2.2226792436970184, 2.104678707513135
2903, 29.02631968641115, -2.249700659499092, 2.0791754554195347, -2.5682912553995543, -2.604252943755336, 26.75892318876051, -10.806715635202462, -1.5662187734716437, -0.30613208293147776, -2.2497008602843858, 2.0791745665498698
2904, 29.036321864111496, -2.27404562589365, 2.0525925902002213, -2.300702023511949, -2.7123201001073607, 26.75892318876051, -10.806715635202462, -1.4858906753503223, -0.3787911920584912, -2.2740453659473223, 2.0525917755134384
2905, 29.046324041811843, -2.295714699969331, 2.024929053417387, -2.033112791624344, -2.8203872564593855, 26.75892318876051, -10.806715635202462, -1.3964554995662233, -0.4509117014278978, -2.2957130402863997, 2.024928626564598
2906, 29.056326219512194, -2.314707881726137, 1.9961848450710333, -1.7655235597367385, -2.92845441281141, 26.75892318876051, -10.806715635202462, -1.2979064626472552, -0.5221170305570206, -2.3147072887199314, 1.9961854150526286
2907, 29.06632839721254, -2.331025171164066, 1.9663599651611592, -1.4979343278491328, -3.036521569163435, 26.75892318876051, -10.806715635202462, -1.1902204465704045, -0.5920368065428346, -2.3310253126385776, 1.9663582568700948
2908, 29.07633057491289, -2.3446665682831194, 1.9354544136877645, -1.2303450959615274, -3.1445887255154594, 26.75892318876051, -10.806715635202462, -1.073356024224662, -0.660310551807982, -2.3446667876895595, 1.935452712698369
2909, 29.086332752613238, -2.3556320730832967, 1.90346819065085, -0.9627558640739227, -3.2526558818674842, 26.75892318876051, -10.806715635202462, -0.9472523585436157, -0.7265913523889035, -2.355631335743058, 1.9034696744219792
2910, 29.096334930313585, -2.3639216855645975, 1.8704012960504148, -0.695166632186317, -3.360723038219509, 26.75892318876051, -10.806715635202462, -0.8118289217537625, -0.7905495266162439, -2.363921570364762, 1.8704005532705932
2911, 29.106337108013935, -2.369535405727023, 1.8362537298864596, -0.4275774002987123, -3.4687901945715334, 26.75892318876051, -10.806715635202462, -0.6669859864744203, -0.851876311349329, -2.3695334338410325, 1.8362521424983957
2912, 29.116339285714282, -2.372473233570572, 1.801025492158984, -0.15998816841110663, -3.576857350923558, 26.75892318876051, -10.806715635202462, -0.51260584676867, -0.9102875794089244, -2.3724734062360846, 1.8010254538732258
2913, 29.126341463414633, -2.372735169095245, 1.7647165828679885, 0.107601063476499, -3.684924507275583, 26.75892318876051, -10.806715635202462, -0.348554734329967, -0.9655275975469859, -2.372736706142726, 1.7647178395518248
2914, 29.13634364111498, -2.370321212301042, 1.7273270020134723, 0.3751902953641042, -3.7929916636276078, 26.75892318876051, -10.806715635202462, -0.17468540247942144, -1.0173728292418889, -2.370321398352773, 1.727325677177077
2915, 29.14634581881533, -2.365231363187963, 1.6888567495954363, 0.6427795272517094, -3.9010588199796326, 26.75892318876051, -10.806715635202462, 0.009159641742398916, -1.0656357808586108, -2.365231275144855, 1.688855918513128
2916, 29.156347996515677, -2.357465621756008, 1.6493058256138797, 0.910368759139315, -4.0091259763316565, 26.75892318876051, -10.806715635202462, 0.20314426964322263, -1.1101688833152572, -2.357464855053543, 1.6493057933123316
2917, 29.166350174216024, -2.3470239880051764, 1.6086742300688028, 1.1779579910269202, -4.117193132683682, 26.75892318876051, -10.806715635202462, 0.4074342322961085, -1.1508683944049636, -2.3470254513688333, 1.6086754997663795
2918, 29.176352351916375, -2.3339064619354692, 1.566961962960206, 1.4455472229145256, -4.225260289035706, 26.75892318876051, -10.806715635202462, 0.6221920300736515, -1.1876782993970503, -2.3339070113749063, 1.5669629030920564
2919, 29.18635452961672, -2.318113043546886, 1.5241690242880888, 1.7131364548021308, -4.333327445387731, 26.75892318876051, -10.806715635202462, 0.8475711435352584, -1.2205941795529465, -2.3181113376757208, 1.5241691563602657
2920, 29.196356707317072, -2.2996437328394266, 1.4802954140524514, 1.980725686689736, -4.441394601739756, 26.75892318876051, -10.806715635202462, 1.083709614517665, -1.249667009820418, -2.2996425828896427, 1.4802964537580146
2921, 29.20635888501742, -2.278498529813091, 1.4353411322532934, 2.248314918577341, -4.54946175809178, 26.75892318876051, -10.806715635202462, 1.3307229633131517, -1.275006838305364, -2.278498414210898, 1.4353425297734765
2922, 29.216361062717766, -2.25467743446788, 1.3893061788906156, 2.5159041504649466, -4.657528914443805, 26.75892318876051, -10.806715635202462, 1.5886964265702734, -1.2967862912685524, -2.2546772892927827, 1.3893041124244812
2923, 29.226363240418117, -2.2281804468037922, 1.3421905539644174, 2.7834933823525527, -4.76559607079583, 26.75892318876051, -10.806715635202462, 1.8576765013422527, -1.3152438384751746, -2.2281798178573546, 1.3421896966626008
2924, 29.236365418118464, -2.199007566820829, 1.293994257474699, 3.051082614240158, -4.873663227147855, 26.75892318876051, -10.806715635202462, 2.1376617838929386, -1.3306867448746074, -2.199005871006203, 1.2939934747579156
2925, 29.246367595818814, -2.167158794518989, 1.2447172894214602, 3.3186718461277627, -4.981730383499879, 26.75892318876051, -10.806715635202462, 2.4285930978353614, -1.3434936259611303, -2.1671594545614714, 1.244715811434801
2926, 29.25636977351916, -2.1326341298982734, 1.194359649804701, 3.5862610780153683, -5.089797539851904, 26.75892318876051, -10.806715635202462, 2.730342915339235, -1.354116515937653, -2.1326341021684403, 1.194360340570771
2927, 29.26637195121951, -2.0954335729586817, 1.1429213386244221, 3.8538503099029735, -5.197864696203929, 26.75892318876051, -10.806715635202462, 3.042704087942401, -1.3630823501678597, -2.0954338010034306, 1.1429208825024588
2928, 29.27637412891986, -2.055557123700214, 1.0904023558806224, 4.121439541790579, -5.305931852555953, 26.75892318876051, -10.806715635202462, 3.365377920394393, -1.3709937565722528, -2.055556998030932, 1.0904015874954236
2929, 29.286376306620205, -2.01300478212287, 1.036802701573303, 4.389028773678184, -5.413999008907978, 26.75892318876051, -10.806715635202462, 3.6979616424094774, -1.3785290448351388, -2.0130049371363135, 1.0368021361498165
2930, 29.296378484320556, -1.96777654822665, 0.9821223757024629, 4.6566180055657895, -5.522066165260004, 26.75892318876051, -10.806715635202462, 4.039935359658601, -1.3864412777973074, -1.9677781323568473, 0.9821220737395677
2931, 29.306380662020903, -1.921210368170994, 0.9269017140498648, 4.656618005565781, -5.522066165259999, 0.0, 0.0, 2.0198791112488443, -1.8800090635572384, -1.92120998008182, 0.9268997682398407
2932, 29.316382839721253, -1.874644188115336, 0.8716810523972647, 4.656618005565781, -5.522066165259999, 0.0, 0.0, 2.1496032828744527, -1.902037463439591, -1.8746433337954531, 0.8716804718859069
2933, 29.3263850174216, -1.8280780080596781, 0.8164603907446646, 4.656618005565781, -5.522066165259999, 0.0, 0.0, 2.2805358787048573, -1.9251172896351534, -1.8280783078786715, 0.8164615447610741
2934, 29.336387195121947, -1.7815118280040203, 0.7612397290920645, 4.656618005565781, -5.522066165259999, 0.0, 0.0, 2.412391552004442, -1.9491995033884013, -1.78151173006759, 0.7612399835093655
2935, 29.346389372822298, -1.7349456479483625, 0.7060190674394646, 4.656618005565781, -5.522066165259999, 0.0, 0.0, 2.5448836923279274, -1.9742321259088609, -1.7349459994028118, 0.7060183198759318
2936, 29.356391550522645, -1.6883794678927047, 0.6507984057868645, 4.656618005565781, -5.522066165259999, 0.0, 0.0, 2.677725004298047, -2.000160395225261, -1.6883792851295332, 0.6507974670502865
2937, 29.366393728222995, -1.6418132878370468, 0.5955777441342645, 4.656618005565781, -5.522066165259999, 0.0, 0.0, 2.8106280855106167, -2.026926931515783, -1.6418134056932323, 0.5955777283966931
2938, 29.376395905923342, -1.595247107781389, 0.5403570824816644, 4.656618005565781, -5.522066165259999, 0.0, 0.0, 2.9433060024545075, -2.054471910410528, -1.5952469474928532, 0.5403570683952277
2939, 29.386398083623693, -1.548680927725731, 0.4851364208290643, 4.656618005565781, -5.522066165259999, 0.0, 0.0, 3.0754728633451296, -2.082733243737983, -1.5486818817553005, 0.4851367974560789
2940, 29.39640026132404, -1.5021147476700731, 0.4299157591764644, 4.656618005565781, -5.522066165259999, 0.0, 0.0, 3.206844386783048, -2.1116467671646144, -1.5021139309909843, 0.4299161917208047
2941, 29.406402439024387, -1.4555485676144153, 0.3746950975238643, 4.656618005565781, -5.522066165259999, 0.0, 0.0, 3.3371384651642657, -2.141146434155666, -1.4555491662412694, 0.3746944034495083
2942, 29.416404616724737, -1.4089823875587575, 0.31947443587126423, 4.656618005565781, -5.522066165259999, 0.0, 0.0, 3.4660757217854536, -2.1711645156659953, -1.4089810285388276, 0.31947488589198514
2943, 29.426406794425084, -1.3624162075030997, 0.26425377421866414, 4.656618005565781, -5.522066165259999, 0.0, 0.0, 3.593380060605945, -2.2016318049523047, -1.362413606943687, 0.26425601163196005
2944, 29.436408972125435, -1.3158500274474418, 0.20903311256606427, 4.656618005565781, -5.522066165259999, 0.0, 0.0, 3.7187792076486073, -2.2324778268825107, -1.3158484846514948, 0.20903407202699015
2945, 29.44641114982578, -1.269283847391784, 0.15381245091346418, 4.656618005565781, -5.522066165259999, 0.0, 0.0, 3.842005243043624, -2.2636310511042903, -1.269283985520975, 0.15381168650332383
2946, 29.45641332752613, -1.2227176673361262, 0.0985917892608641, 4.656618005565781, -5.522066165259999, 0.0, 0.0, 3.9627951227428033, -2.295019108423066, -1.2227172945571079, 0.09859255929621981
2947, 29.46641550522648, -1.1761514872804684, 0.043371127608264004, 4.656618005565781, -5.522066165259999, 0.0, 0.0, 4.080891188957157, -2.326569009729933, -1.1761504579267603, 0.04337053343873624
2948, 29.476417682926826, -1.1295853072248103, -0.011849534044336085, 4.656618005565781, -5.522066165259999, 0.0, 0.0, 4.1960416683970845, -2.3582073668122288, -1.1295839963566434, -0.011850768633449209
2949, 29.486419860627176, -1.0830191271691525, -0.06707019569693617, 4.656618005565781, -5.522066165259999, 0.0, 0.0, 4.308001157422568, -2.3898606143737315, -1.0830182907618742, -0.06707082656529455
2950, 29.496422038327523, -1.0364529471134947, -0.12229085734953626, 4.656618005565781, -5.522066165259999, 0.0, 0.0, 4.4165310932401916, -2.421455232587768, -1.0364544314424686, -0.12229092423151637
2951, 29.506424216027874, -0.9898867670578368, -0.1775115190021359, 4.656618005565781, -5.522066165259999, 0.0, 0.0, 4.521400210314456, -2.452917969504903, -0.9898852176082455, -0.177511787180072
2952, 29.51642639372822, -0.943320587002179, -0.232732180654736, 4.656618005565781, -5.522066165259999, 0.0, 0.0, 4.62238498119286, -2.4841760626373146, -0.9433215354456685, -0.23273263997450722
2953, 29.526428571428568, -0.896754406946521, -0.2879528423073361, 4.656618005565781, -5.522066165259999, 0.0, 0.0, 4.719270040977266, -2.5151574590444734, -0.896755075000945, -0.2879519032688792
2954, 29.536430749128918, -0.8501882268908632, -0.3431735039599362, 4.656618005565781, -5.522066165259999, 0.0, 0.0, 4.811848594708236, -2.5457910332493205, -0.8501889907650643, -0.34317450849526115
2955, 29.546432926829265, -0.8036220468352053, -0.39839416561253627, 4.656618005565781, -5.522066165259999, 0.0, 0.0, 4.899922806964292, -2.576006802320739, -0.8036219332186785, -0.39839405114218973
2956, 29.556435104529616, -0.7570558667795475, -0.45361482726513636, 4.656618005565781, -5.522066165259999, 0.0, 0.0, 4.9833041730141066, -2.6057361374667662, -0.7570569146776606, -0.4536160433113839
2957, 29.566437282229963, -0.7104896867238897, -0.5088354889177364, 4.656618005565781, -5.522066165259999, 0.0, 0.0, 5.061813870896746, -2.634911971493624, -0.710489795032014, -0.5088334720343087
2958, 29.57643945993031, -0.6639235066682319, -0.5640561505703365, 4.656618005565781, -5.522066165259999, 0.0, 0.0, 5.135283093842867, -2.6634690014982514, -0.6639230915314046, -0.5640567261909264
2959, 29.58644163763066, -0.617357326612574, -0.6192768122229366, 4.656618005565781, -5.522066165259999, 0.0, 0.0, 5.203553362488356, -2.6913438861765524, -0.6173564128106328, -0.619277442559351
2960, 29.596443815331007, -0.5707911465569167, -0.6744974738755363, 4.656618005565781, -5.522066165259999, 0.0, 0.0, 5.266476816371126, -2.7184754371459916, -0.5707883046069273, -0.6744980598917385
2961, 29.606445993031357, -0.5242249665012588, -0.7297181355281364, 4.656618005565781, -5.522066165259999, 0.0, 0.0, 5.323916484241627, -2.74480480369941, -0.5242238757680681, -0.7297182291882565
2962, 29.616448170731704, -0.477658786445601, -0.7849387971807364, 4.656618005565781, -5.522066165259999, 0.0, 0.0, 5.375746532757943, -2.7702756504269677, -0.47765891738063, -0.784940725334943
2963, 29.626450348432055, -0.4310926063899432, -0.8401594588333361, 4.656618005565781, -5.522066165259999, 0.0, 0.0, 5.421852493177192, -2.7948343271648564, -0.43109388620052586, -0.8401598586419162
2964, 29.636452526132402, -0.3845264263342849, -0.8953801204859362, 4.656618005565781, -5.522066165259999, 0.0, 0.0, 5.462131465696071, -2.818430030752824, -0.3845269377929018, -0.8953802739756032
2965, 29.64645470383275, -0.33852120657558327, -0.9504848926508385, 4.468398907855355, -5.4087313479461505, -26.424613602962012, 20.34917370881491, 3.507058320130467, -3.1308231012892533, -0.33851930021041016, -0.950486443305537
2966, 29.6564568815331, -0.2951584481771775, -1.0035547474448594, 4.2041527718257345, -5.205239610858001, -26.424613602962012, 20.34917370881491, 3.470023692072653, -2.9881842344654728, -0.2951570794964493, -1.0035544808539731
2967, 29.666459059233446, -0.2544381511390684, -1.0545896848679988, 3.939906635796114, -5.001747873769852, -26.424613602962012, 20.34917370881491, 3.4253064869424605, -2.844950028318841, -0.2544373281966008, -1.0545912030100886
2968, 29.676461236933797, -0.21636031546125534, -1.1035897049202563, 3.6756604997664946, -4.798256136681703, -26.424613602962012, 20.34917370881491, 3.3730073624145636, -2.7019794933055428, -0.21636017393798804, -1.1035892835636854
2969, 29.686463414634144, -0.18092494114373836, -1.1505548076016328, 3.4114143637368737, -4.5947643995935525, -26.424613602962012, 20.34917370881491, 3.3132897952537705, -2.560031916423226, -0.1809237739529982, -1.1505517244704029
2970, 29.69646559233449, -0.14813202818651783, -1.1954849929121276, 3.1471682277072532, -4.391272662505404, -26.424613602962012, 20.34917370881491, 3.2463684415722995, -2.4197706448276697, -0.148131088289065, -1.1954853237085052
2971, 29.70646777003484, -0.1179815765895933, -1.238380260851741, 2.882922091677633, -4.187780925417255, -26.424613602962012, 20.34917370881491, 3.1724977706229716, -2.2817681039245366, -0.11798261230365559, -1.2383807391339365
2972, 29.716469947735188, -0.09047358635296499, -1.2792406114204729, 2.618675955648013, -3.984289188329106, -26.424613602962012, 20.34917370881491, 3.091961080866551, -2.1465117477331654, -0.09047402203576377, -1.2792417593149212
2973, 29.72647212543554, -0.06560805747663301, -1.3180660446183232, 2.3544298196183924, -3.7807974512409563, -26.424613602962012, 20.34917370881491, 3.005059980138121, -2.0144106713746264, -0.06560775728848432, -1.3180654015246425
2974, 29.736474303135886, -0.04338498996059714, -1.354856560445292, 2.090183683588772, -3.577305714152807, -26.424613602962012, 20.34917370881491, 2.9121043881265454, -1.8858026477339245, -0.04338487520271251, -1.3548564866287671
2975, 29.746476480836236, -0.0238043838048575, -1.3896121589013792, 1.8259375475591515, -3.3738139770646582, -26.424613602962012, 20.34917370881491, 2.8134030991710173, -1.7609613818111751, -0.02380482255127189, -1.3896129445610357
2976, 29.756478658536583, -0.006866239009414077, -1.422332839986585, 1.5616914115295313, -3.1703222399765085, -26.424613602962012, 20.34917370881491, 2.7092549265912558, -1.6401038063251077, -0.006866847491832302, -1.422332602131513
2977, 29.76648083623693, 0.007429444425733123, -1.4530186037009094, 1.2974452754999108, -2.9668305028883593, -26.424613602962012, 20.34917370881491, 2.5999404363660585, -1.5233972702518184, 0.007429037075808893, -1.4530180397204167
2978, 29.77648301393728, 0.0190826665005841, -1.4816694500443524, 1.0331991394702906, -2.76333876580021, -26.424613602962012, 20.34917370881491, 2.485714267875872, -1.4109664978103453, 0.01908336085500011, -1.4816692964633775
2979, 29.786485191637627, 0.028093427215138966, -1.5082853790169137, 0.7689530034406706, -2.5598470287120607, -26.424613602962012, 20.34917370881491, 2.36679803251303, -1.3029002187125356, 0.028093413475461924, -1.5082852480197018
2980, 29.796487369337978, 0.0344617265693975, -1.5328663906185938, 0.5047068674110498, -2.3563552916239114, -26.424613602962012, 20.34917370881491, 2.243373777098977, -1.1992573911559454, 0.03446034308718719, -1.5328659848251711
2981, 29.806489547038325, 0.03818756456335992, -1.5554124848493922, 0.24046073138142932, -2.1528635545357617, -26.424613602962012, 20.34917370881491, 2.115577998076399, -1.1000729570249184, 0.03818905779163295, -1.5554123425560162
2982, 29.816491724738675, 0.03927094119702612, -1.5759236617093089, -0.023785404648191122, -1.9493718174476127, -26.424613602962012, 20.34917370881491, 1.98349619420038, -1.005363084120516, 0.039269465955016895, -1.5759229595995385
2983, 29.826493902439022, 0.0377118564703961, -1.5943999211983444, -0.2880315406778111, -1.7458800803594638, -26.424613602962012, 20.34917370881491, 1.8471579497649595, -0.9151298630677814, 0.03771055795916676, -1.5943990139791588
2984, 29.83649608013937, 0.033510310383469966, -1.6108412633164984, -0.5522776767074316, -1.5423883432713144, -26.424613602962012, 20.34917370881491, 1.7065325470923651, -0.8293654369977209, 0.03350982547578765, -1.6108415553182263
2985, 29.84649825783972, 0.0266663029362475, -1.6252476880637707, -0.816523812737052, -1.3388966061831653, -26.424613602962012, 20.34917370881491, 1.5615251158987389, -0.748055550354362, 0.026666883583734462, -1.6252480866130568
2986, 29.856500435540067, 0.01717983412872892, -1.6376191954401615, -1.080769948766672, -1.1354048690950156, -26.424613602962012, 20.34917370881491, 1.4119733380407276, -0.671182509441979, 0.017180445517915248, -1.6376200034479318
2987, 29.866502613240417, 0.0050509039609140105, -1.647955785445671, -1.3450160847962924, -0.9319131320068668, -26.424613602962012, 20.34917370881491, 1.2576447388376977, -0.5987275518285682, 0.005050811218565133, -1.6479556517366725
2988, 29.876504790940764, -0.009720487567197011, -1.656257458080299, -1.6092622208259124, -0.728421394918717, -26.424613602962012, 20.34917370881491, 1.0982346104317926, -0.5306726246940954, -0.00971915012478652, -1.6562573692850493
2989, 29.88650696864111, -0.027134340455604256, -1.6625242133440454, -1.8735083568555337, -0.524929657830568, -26.424613602962012, 20.34917370881491, 0.9333646282439665, -0.46700157389738906, -0.027133877938288857, -1.6625241272784939
2990, 29.89650914634146, -0.04719065470430772, -1.6667560512369102, -2.1377544928851537, -0.3214379207424187, -26.424613602962012, 20.34917370881491, 0.7625822382252618, -0.4077007461779121, -0.0471897338786313, -1.6667547750217342
2991, 29.90651132404181, -0.06988943031330741, -1.6689529717588938, -2.402000628914774, -0.11794618365426945, -26.424613602962012, 20.34917370881491, 0.5853609099612997, -0.3527590067530676, -0.06988916488427185, -1.6689530249502542
2992, 29.91651350174216, -0.09523066728260321, -1.6691149749099956, -2.666246764944394, 0.08554555343387982, -26.424613602962012, 20.34917370881491, 0.401101368381535, -0.3021671738624954, -0.09523133158107903, -1.6691157572667452
2993, 29.926515679442506, -0.12321436561219523, -1.667242060690216, -2.9304929009740146, 0.2890372905220293, -26.424613602962012, 20.34917370881491, 0.2091339344041343, -0.25591687079160974, -0.12321314688942824, -1.667240476911208
2994, 29.936517857142857, -0.15384052530208359, -1.6633342290995552, -3.194739037003634, 0.49252902761017836, -26.424613602962012, 20.34917370881491, 0.008722121785806447, -0.21399879482000056, -0.15384078842025675, -1.6633338738757786
2995, 29.946520034843203, -0.18710914635226816, -1.6573914801380125, -3.4589851730332555, 0.6960207646983279, -26.424613602962012, 20.34917370881491, -0.20093234687193728, -0.17640040162861703, -0.18710957270321996, -1.6573927273791476
2996, 29.95652221254355, -0.22302022876274874, -1.6494138138055885, -3.7232313090628755, 0.8995125017864767, -26.424613602962012, 20.34917370881491, -0.4206829282967952, -0.14310300320534464, -0.2230199491539522, -1.6494139464296365
2997, 29.9665243902439, -0.26157377253352565, -1.639401230102283, -3.9874774450924964, 1.1030042388746262, -26.424613602962012, 20.34917370881491, -0.6514298633164628, -0.11407827745494592, -0.2615737664242751, -1.6394002310038152
2998, 29.976526567944248, -0.3027697776645988, -1.627353729028096, -4.251723581122117, 1.3064959759627754, -26.424613602962012, 20.34917370881491, -0.8941098034482404, -0.08928418879075539, -0.3027696931075632, -1.6273520482459294
2999, 29.9865287456446, -0.346608244155968, -1.6132713105830274, -4.515969717151736, 1.5099877130509247, -26.424613602962012, 20.34917370881491, -1.1496832621106756, -0.06866032120727439, -0.3466094735971653, -1.6132696828650603
3000, 29.996530923344945, -0.3930891720076337, -1.5971539747670773, -4.780215853181358, 1.713479450139074, -26.424613602962012, 20.34917370881491, -1.4191196967802222, -0.052122628950454164, -0.39308865691381856, -1.5971536772446844
3001, 30.006533101045292, -0.4422125612195954, -1.5790017215802459, -5.044461989210978, 1.9169711872272235, -26.424613602962012, 20.34917370881491, -1.7033800391427127, -0.03955761516006051, -0.442212787885687, -1.5790032283932023
3002, 30.016535278745643, -0.493978411791853, -1.5588145510225329, -5.308708125240598, 2.120462924315373, -26.424613602962012, 20.34917370881491, -2.003396509582309, -0.030815955996156275, -0.49397746175881135, -1.558814722246131
3003, 30.02653745644599, -0.5483867237244072, -1.5365924630939385, -5.572954261270218, 2.323954661403522, -26.424613602962012, 20.34917370881491, -2.3200495816344757, -0.02570559701152697, -0.5483857519460158, -1.5365927733685125
3004, 30.03653963414634, -0.6054374970172575, -1.5123354577944625, -5.837200397299838, 2.5274463984916715, -26.424613602962012, 20.34917370881491, -2.65414200276287, -0.02398436011271743, -0.6054379250975319, -1.5123355391303925
3005, 30.046541811846687, -0.6638095009902542, -1.4870609938095467, -5.83720039729983, 2.5274463984916644, 0.0, 0.0, -1.2148307992364065, 0.04752843760193182, -0.6638093229070778, -1.487059563642321
3006, 30.056543989547038, -0.7221815049632524, -1.46178652982463, -5.83720039729983, 2.5274463984916644, 0.0, 0.0, -1.3684258027503582, 0.02235497846968637, -0.7221817305767264, -1.4617858611989876
3007, 30.066546167247385, -0.7805535089362509, -1.4365120658397132, -5.83720039729983, 2.5274463984916644, 0.0, 0.0, -1.52987652556467, -0.001768046634783138, -0.7805537676092258, -1.4365140934980976
3008, 30.07654834494773, -0.8389255129092491, -1.4112376018547965, -5.83720039729983, 2.5274463984916644, 0.0, 0.0, -1.6986896673831997, -0.024813260381819857, -0.8389253382693409, -1.4112367741698506
3009, 30.086550522648082, -0.8972975168822473, -1.38596313786988, -5.83720039729983, 2.5274463984916644, 0.0, 0.0, -1.8743445451988214, -0.046754269062159404, -0.8972974602207042, -1.3859644188707256
3010, 30.09655270034843, -0.9556695208552458, -1.3606886738849633, -5.83720039729983, 2.5274463984916644, 0.0, 0.0, -2.056294805215264, -0.06756569223254538, -0.9556696098400345, -1.3606893097749668
3011, 30.10655487804878, -1.0140415248282442, -1.3354142099000468, -5.83720039729983, 2.5274463984916644, 0.0, 0.0, -2.2439702244346913, -0.08722319137681311, -1.0140418194085952, -1.3354131426181923
3012, 30.116557055749126, -1.0724135288012424, -1.31013974591513, -5.83720039729983, 2.5274463984916644, 0.0, 0.0, -2.4367785958409764, -0.10570349755048869, -1.072412962444636, -1.3101416440324631
3013, 30.126559233449473, -1.1307855327742407, -1.2848652819302133, -5.83720039729983, 2.5274463984916644, 0.0, 0.0, -2.6341076908216006, -0.12298443797799652, -1.1307836879119355, -1.284866123301115
3014, 30.136561411149824, -1.1891575367472393, -1.2595908179452966, -5.83720039729983, 2.5274463984916644, 0.0, 0.0, -2.835327292205693, -0.13904496157263346, -1.1891574591251202, -1.259592680693563
3015, 30.14656358885017, -1.2475295407202376, -1.2343163539603799, -5.83720039729983, 2.5274463984916644, 0.0, 0.0, -3.0397912910527167, -0.15386516335056521, -1.2475293148441127, -1.2343163520981952
3016, 30.15656576655052, -1.3059015446932358, -1.2090418899754634, -5.83720039729983, 2.5274463984916644, 0.0, 0.0, -3.24683984010675, -0.16742630771124567, -1.3059012616812262, -1.209039459789984
3017, 30.16656794425087, -1.364273548666234, -1.1837674259905466, -5.83720039729983, 2.5274463984916644, 0.0, 0.0, -3.4558015566356435, -0.17971085055780356, -1.3642720659740009, -1.1837680152998906
3018, 30.17657012195122, -1.4226455526392328, -1.1584929620056301, -5.83720039729983, 2.5274463984916644, 0.0, 0.0, -3.665995767203597, -0.19070246023215653, -1.422647930609618, -1.1584937001968727
3019, 30.186572299651566, -1.481017556612231, -1.1332184980207134, -5.83720039729983, 2.5274463984916644, 0.0, 0.0, -3.876734786780137, -0.20038603724081616, -1.481015340930613, -1.1332191613961948
3020, 30.196574477351913, -1.5395803346689223, -1.107775718033194, -5.742466750760503, 2.503570291629806, 22.762210981722173, -8.141541424424235, -2.259808318775489, 0.16314801787188848, -1.5395805314656252, -1.1077749284615104
3021, 30.206576655052263, -1.5958668916274412, -1.0831470921881172, -5.514844640943281, 2.4221548773855632, 22.762210981722173, -8.141541424424235, -2.302957097453773, 0.17083477607000863, -1.5958663114380325, -1.0831476296210294
3022, 30.21657883275261, -1.649877227487788, -1.0593326204854827, -5.2872225311260586, 2.340739463141321, 22.762210981722173, -8.141541424424235, -2.3390628656511585, 0.17666124406577843, -1.6498757679513192, -1.0593322279299935
3023, 30.22658101045296, -1.7016113422499624, -1.0363323029252909, -5.059600421308836, 2.2593240488970787, 22.762210981722173, -8.141541424424235, -2.367735520171339, 0.1805506889652322, -1.7016113146668164, -1.036332275385405
3024, 30.236583188153308, -1.7510692359139648, -1.0141461395075413, -4.831978311491615, 2.177908634652836, 22.762210981722173, -8.141541424424235, -2.3887017617566224, 0.1824423234541135, -1.7510680229823539, -1.014146760274768
3025, 30.246585365853655, -1.7982509084797949, -0.9927741302322339, -4.604356201674394, 2.0964932204085933, 22.762210981722173, -8.141541424424235, -2.4017921640672277, 0.18229006611800092, -1.798250527066106, -0.9927729235396885
3026, 30.256587543554005, -1.8431563599474527, -0.9722162750993693, -4.376734091857171, 2.015077806164351, 22.762210981722173, -8.141541424424235, -2.4069283520969456, 0.18006131534365977, -1.8431579986597266, -0.9722163919006998
3027, 30.266589721254352, -1.8857855903169383, -0.9524725741089469, -4.149111982039949, 1.9336623919201088, 22.762210981722173, -8.141541424424235, -2.404110478864417, 0.17573574503896716, -1.8857851172318483, -0.9524707355037298
3028, 30.276591898954702, -1.9261385995882518, -0.933543027260967, -3.9214898722227263, 1.852246977675866, 22.762210981722173, -8.141541424424235, -2.393405151749288, 0.16930412943129358, -1.9261376757502622, -0.9335444610094614
3029, 30.28659407665505, -1.964215387761393, -0.9154276345554295, -3.693867762405505, 1.7708315634316243, 22.762210981722173, -8.141541424424235, -2.374933925874251, 0.16076720325810712, -1.9642148702385838, -0.9154272310796666
3030, 30.2965962543554, -2.000015954836362, -0.8981263959923345, -3.4662456525882823, 1.6894161491873816, 22.762210981722173, -8.141541424424235, -2.348862451642773, 0.15013456275590575, -2.0000154256663483, -0.8981267158418194
3031, 30.306598432055747, -2.0335403008131587, -0.881639311571682, -3.2386235427710606, 1.6080007349431389, 22.762210981722173, -8.141541424424235, -2.315390336981918, 0.13742361198995723, -2.033540806204614, -0.8816384133791157
3032, 30.316600609756094, -2.0647884256917832, -0.8659663812934717, -3.011001432953839, 1.5265853206988969, 22.762210981722173, -8.141541424424235, -2.2747417619657018, 0.12265855825200733, -2.0647893123629095, -0.8659664272300072
3033, 30.326602787456444, -2.0937603294722353, -0.851107605157704, -2.783379323136617, 1.4451699064546544, 22.762210981722173, -8.141541424424235, -2.227156864185638, 0.10586945948912696, -2.0937618854986857, -0.8511077921384871
3034, 30.33660496515679, -2.1204560121545155, -0.8370629831643787, -2.555757213319395, 1.363754492210412, 22.762210981722173, -8.141541424424235, -2.1728838973123388, 0.08709132601606451, -2.1204558859475418, -0.8370638950308184
3035, 30.346607142857142, -2.1448754737386233, -0.8238325153134958, -2.328135103502173, 1.2823390779661696, 22.762210981722173, -8.141541424424235, -2.112172152534886, 0.06636327810663234, -2.144874961250496, -0.8238315211990797
3036, 30.35660932055749, -2.167018714224559, -0.8114162016050552, -2.1005129936849514, 1.200923663721927, 22.762210981722173, -8.141541424424235, -2.0452656227255694, 0.04372776045675175, -2.1670198929454605, -0.8114162662852953
3037, 30.366611498257836, -2.186885733612322, -0.7998140420390571, -1.8728908838677292, 1.1195082494776845, 22.762210981722173, -8.141541424424235, -1.9723973819933351, 0.01922981396187673, -2.1868844011026676, -0.7998133868605091
3038, 30.376613675958186, -2.2044765319019137, -0.7890260366155015, -1.6452687740505076, 1.0380928352334422, 22.762210981722173, -8.141541424424235, -1.8937846484913794, -0.007083595246990537, -2.2044758136727576, -0.7890260816489909
3039, 30.386615853658533, -2.2197911090933324, -0.7790521853343884, -1.417646664233285, 0.9566774209891997, 22.762210981722173, -8.141541424424235, -1.809624495665123, -0.03516419001367854, -2.219790386555894, -0.7790531387289017
3040, 30.396618031358884, -2.2328294651865797, -0.7698924881957174, -1.1900245544160628, 0.8752620067449572, 22.762210981722173, -8.141541424424235, -1.7200901763069751, -0.06496294052120843, -2.2328307247331733, -0.769895630337807
3041, 30.40662020905923, -2.243591600181654, -0.7615469451994892, -0.9624024445988413, 0.793846592500715, 22.762210981722173, -8.141541424424235, -1.6253280245744817, -0.09643056807659617, -2.2435917415453, -0.76154616954508
3042, 30.41662238675958, -2.252077514078556, -0.7540155563457032, -0.7347803347816191, 0.7124311782564723, 22.762210981722173, -8.141541424424235, -1.5254549032943852, -0.1295179959010116, -2.2520784712855266, -0.7540164461238889
3043, 30.426624564459928, -2.258287206877286, -0.7472983216343596, -0.5071582249643973, 0.63101576401223, 22.762210981722173, -8.141541424424235, -1.4205561671960487, -0.16417674879156086, -2.2582896116175473, -0.7472978089071415
3044, 30.436626742160275, -2.2622206785778443, -0.7413952410654585, -0.27953611514717536, 0.5496003497679878, 22.762210981722173, -8.141541424424235, -1.3106841169889654, -0.20035930376868333, -2.2622186777452575, -0.7413936458271139
3045, 30.446628919860625, -2.26387792918023, -0.7363063146389999, -0.05191400532995294, 0.46818493552374524, 22.762210981722173, -8.141541424424235, -1.1958569242295831, -0.23801939404064135, -2.2638782170323215, -0.7363063283124613
3046, 30.456631097560972, -2.2632589586844434, -0.7320315423549837, 0.17570810448726837, 0.38676952127950276, 22.762210981722173, -8.141541424424235, -1.0760580125341495, -0.27711226880714845, -2.2632610621279357, -0.7320317309086298
3047, 30.466633275261323, -2.2603637670904844, -0.7285709242134099, 0.40333021430449034, 0.30535410703526045, 22.762210981722173, -8.141541424424235, -0.951235886719065, -0.3175949115909219, -2.2603632825879227, -0.7285727110773716
3048, 30.47663545296167, -2.2551923543983534, -0.7259244602142785, 0.6309523241217123, 0.22393869279101797, 22.762210981722173, -8.141541424424235, -0.8213044077284486, -0.359426219931711, -2.255191468210346, -0.725924969076449
3049, 30.486637630662017, -2.24774472060805, -0.7240921503575894, 0.8585744339389345, 0.1425232785467755, 22.762210981722173, -8.141541424424235, -0.6861435175854742, -0.402567149404642, -2.2477440436471445, -0.7240940289062532
3050, 30.496639808362367, -2.238020865719575, -0.7230739946433429, 1.086196543756156, 0.06110786430253312, 22.762210981722173, -8.141541424424235, -0.545600424926694, -0.44698082503562825, -2.2380233984879743, -0.7230744771101248
3051, 30.506641986062714, -2.226020789732927, -0.7228699930715388, 1.313818653573378, -0.020307549941709357, 22.762210981722173, -8.141541424424235, -0.3994912677927458, -0.4926326232827223, -2.2260213625988254, -0.7228691227163127
3052, 30.516644163763065, -2.211744492648107, -0.7234801456421771, 1.5414407633906, -0.10172296418595178, 22.762210981722173, -8.141541424424235, -0.2476032760961452, -0.5394902278347274, -2.21174380783694, -0.7234814652339098
3053, 30.52664634146341, -2.195191974465115, -0.7249044523552579, 1.7690628732078222, -0.18313837843019404, 22.762210981722173, -8.141541424424235, -0.08969746140105173, -0.5875236625475969, -2.1951912748766085, -0.72490452153898
3054, 30.536648519163762, -2.176363235183951, -0.727142913210781, 1.9966849830250437, -0.2645537926744366, 22.762210981722173, -8.141541424424235, 0.07448813384502662, -0.6367053048949539, -2.1763647832494564, -0.7271415036078541
3055, 30.54665069686411, -2.155258274804614, -0.7301955282087466, 2.2243070928422664, -0.34596920691867905, 22.762210981722173, -8.141541424424235, 0.24523459188047803, -0.6870098833505627, -2.1552588342448407, -0.730194225186808
3056, 30.556652874564456, -2.1318770933271054, -0.7340622973491546, 2.451929202659488, -0.4273846211629214, 22.762210981722173, -8.141541424424235, 0.42283764174642036, -0.7384144621461224, -2.1318756428797987, -0.7340610738273671
3057, 30.566655052264807, -2.1062196907514243, -0.738743220632005, 2.67955131247671, -0.5088000354071638, 22.762210981722173, -8.141541424424235, 0.6076025085108515, -0.7908984168548802, -2.1062201364125626, -0.7387415918356628
3058, 30.576657229965154, -2.0782860670775714, -0.7442382980572979, 2.907173422293932, -0.5902154496514063, 22.762210981722173, -8.141541424424235, 0.7998380505263881, -0.8444434042369795, -2.078285415321144, -0.7442384072327641
3059, 30.586659407665504, -2.0480762223055455, -0.7505475296250331, 3.134795532111154, -0.6716308638956486, 22.762210981722173, -8.141541424424235, 0.9998501478171451, -0.8990333297420265, -2.048076518171303, -0.7505491356968224
3060, 30.59666158536585, -2.016728266984435, -0.7572638382639894, 3.1347955321111463, -0.671630863895646, 0.0, 0.0, -0.8781401580824835, -1.3853534649443422, -2.016728364977749, -0.7572641975662288
3061, 30.606663763066198, -1.9853803116633237, -0.7639801469029459, 3.1347955321111463, -0.671630863895646, 0.0, 0.0, -0.7718348554341399, -1.377358138924881, -1.9853804782579278, -0.7639800375807788
3062, 30.61666594076655, -1.9540323563422122, -0.7706964555419024, 3.1347955321111463, -0.671630863895646, 0.0, 0.0, -0.6636201899757206, -1.3688072776079787, -1.9540326738827123, -0.7706955031380069
3063, 30.626668118466895, -1.9226844010211006, -0.7774127641808588, 3.1347955321111463, -0.671630863895646, 0.0, 0.0, -0.5535992640599183, -1.3597066022455522, -1.922684639795208, -0.7774123609493376
3064, 30.636670296167246, -1.8913364456999893, -0.7841290728198153, 3.1347955321111463, -0.671630863895646, 0.0, 0.0, -0.4418767483127424, -1.350062164186382, -1.8913362097092852, -0.7841275258959952
3065, 30.646672473867593, -1.8599884903788777, -0.7908453814587717, 3.1347955321111463, -0.671630863895646, 0.0, 0.0, -0.3285587810583148, -1.339880341180925, -1.8599867136493082, -0.7908451106710165
3066, 30.656674651567943, -1.8286405350577661, -0.7975616900977283, 3.1347955321111463, -0.671630863895646, 0.0, 0.0, -0.21375286642417213, -1.3291678334882582, -1.8286396932735531, -0.7975624616195243
3067, 30.66667682926829, -1.7972925797366548, -0.8042779987366846, 3.1347955321111463, -0.671630863895646, 0.0, 0.0, -0.09756777122575744, -1.3179316597875224, -1.7972918928648653, -0.8042785252144798
3068, 30.676679006968637, -1.7659446244155432, -0.8109943073756412, 3.1347955321111463, -0.671630863895646, 0.0, 0.0, 0.0198865792701326, -1.3061791528963427, -1.7659430943402512, -0.8109949189467376
3069, 30.686681184668988, -1.7345966690944317, -0.8177106160145976, 3.1347955321111463, -0.671630863895646, 0.0, 0.0, 0.13849920660211867, -1.293917955298825, -1.7345949519746737, -0.8177119888862108
3070, 30.696683362369335, -1.7032487137733203, -0.824426924653554, 3.1347955321111463, -0.671630863895646, 0.0, 0.0, 0.25815818528948853, -1.2811560144858465, -1.7032487164850303, -0.8244258805618164
3071, 30.706685540069685, -1.6719007584522088, -0.8311432332925105, 3.1347955321111463, -0.671630863895646, 0.0, 0.0, 0.37875074982334955, -1.2679015781104612, -1.6719011360601677, -0.8311434394813139
3072, 30.716687717770032, -1.6405528031310972, -0.837859541931467, 3.1347955321111463, -0.671630863895646, 0.0, 0.0, 0.5001634023703594, -1.254163188961368, -1.640554157359477, -0.8378596086156365
3073, 30.72668989547038, -1.6092048478099858, -0.8445758505704235, 3.1347955321111463, -0.671630863895646, 0.0, 0.0, 0.6222820210851164, -1.239949679757488, -1.6092032917146424, -0.8445752077875389
3074, 30.73669207317073, -1.5778568924888743, -0.85129215920938, 3.1347955321111463, -0.671630863895646, 0.0, 0.0, 0.744991968926724, -1.2252701677668079, -1.5778582475396843, -0.8512928490750067
3075, 30.746694250871077, -1.5465089371677627, -0.8580084678483364, 3.1347955321111463, -0.671630863895646, 0.0, 0.0, 0.8681782028746189, -1.2101340492527624, -1.546509985198597, -0.8580088108444308
3076, 30.756696428571427, -1.5151609818466514, -0.8647247764872928, 3.1347955321111463, -0.671630863895646, 0.0, 0.0, 0.9917253834384544, -1.1945509937515182, -1.5151616569727904, -0.864723773679231
3077, 30.766698606271774, -1.4838130265255398, -0.8714410851262493, 3.1347955321111463, -0.671630863895646, 0.0, 0.0, 1.115517984356574, -1.1785309381836369, -1.4838129022788873, -0.8714414403412951
3078, 30.776700783972124, -1.4524650712044282, -0.8781573937652059, 3.1347955321111463, -0.671630863895646, 0.0, 0.0, 1.2394404023774848, -1.1620840808036899, -1.4524656780170355, -0.8781565913350136
3079, 30.78670296167247, -1.421117115883317, -0.8848737024041622, 3.1347955321111463, -0.671630863895646, 0.0, 0.0, 1.3633770670187628, -1.145220874991494, -1.42111757430996, -0.8848726054461229
3080, 30.79670513937282, -1.3897691605622053, -0.8915900110431187, 3.1347955321111463, -0.671630863895646, 0.0, 0.0, 1.4872125501978424, -1.127952022888741, -1.3897680855940215, -0.8915904201301625
3081, 30.80670731707317, -1.3584212052410938, -0.8983063196820752, 3.1347955321111463, -0.671630863895646, 0.0, 0.0, 1.610831675629376, -1.110288468884875, -1.358422092824256, -0.8983071242275918
3082, 30.816709494773516, -1.3270732499199824, -0.9050226283210316, 3.1347955321111463, -0.671630863895646, 0.0, 0.0, 1.7341196278841102, -1.0922413929561792, -1.3270731949496153, -0.9050216006886938
3083, 30.826711672473866, -1.2957252945988709, -0.9117389369599881, 3.1347955321111463, -0.671630863895646, 0.0, 0.0, 1.85696206100463, -1.0738222038621061, -1.2957235995060463, -0.9117373939413225
3084, 30.836713850174213, -1.2643773392777593, -0.9184552455989445, 3.1347955321111463, -0.671630863895646, 0.0, 0.0, 1.9792452065737773, -1.0550425322029877, -1.2643771677802478, -0.9184538563602982
3085, 30.846716027874564, -1.233029383956648, -0.9251715542379011, 3.1347955321111463, -0.671630863895646, 0.0, 0.0, 2.100855981132192, -1.035914223343331, -1.2330284368601545, -0.9251728523170683
3086, 30.85671820557491, -1.2016814286355364, -0.9318878628768574, 3.1347955321111463, -0.671630863895646, 0.0, 0.0, 2.2216820928420784, -1.0164493302049948, -1.2016814281659738, -0.9318869015349719
3087, 30.866720383275258, -1.1703334733144248, -0.938604171515814, 3.1347955321111463, -0.671630863895646, 0.0, 0.0, 2.3416121472950744, -0.9966601059346294, -1.1703336092875507, -0.9386039728864503
3088, 30.876722560975608, -1.1389855179933135, -0.9453204801547704, 3.1347955321111463, -0.671630863895646, 0.0, 0.0, 2.460535752363046, -0.976558996449814, -1.138986344482702, -0.945319235376298
3089, 30.886724738675955, -1.1076375626722021, -0.9520367887937269, 3.1347955321111463, -0.671630863895646, 0.0, 0.0, 2.5783436219915616, -0.956158632868428, -1.1076350186222836, -0.9520356155390276
3090, 30.896726916376306, -1.0762896073510906, -0.9587530974326833, 3.1347955321111463, -0.671630863895646, 0.0, 0.0, 2.694927678836903, -0.9354718238258424, -1.0762896018334212, -0.9587523748047635
3091, 30.906729094076653, -1.0449416520299792, -0.9654694060716398, 3.1347955321111463, -0.671630863895646, 0.0, 0.0, 2.81018115564865, -0.9145115476845955, -1.0449394468137168, -0.9654711989508677
3092, 30.916731271777, -1.0135936967088677, -0.9721857147105963, 3.1347955321111463, -0.671630863895646, 0.0, 0.0, 2.9239986953011643, -0.8932909446412833, -1.0135939012451296, -0.9721865602158223
3093, 30.92673344947735, -0.9822457413877561, -0.9789020233495527, 3.1347955321111463, -0.671630863895646, 0.0, 0.0, 3.036276449378617, -0.871823308735445, -0.9822458478589228, -0.9789021217767111
3094, 30.936735627177697, -0.9508977860666448, -0.9856183319885092, 3.1347955321111463, -0.671630863895646, 0.0, 0.0, 3.146912175219712, -0.8501220797653068, -0.9508961264189858, -0.9856201920834945
3095, 30.946737804878047, -0.9195498307455332, -0.9923346406274657, 3.1347955321111463, -0.671630863895646, 0.0, 0.0, 3.2558053313298014, -0.8282008351152716, -0.9195496935182198, -0.9923348864731701
3096, 30.956739982578394, -0.8882018754244216, -0.9990509492664221, 3.1347955321111463, -0.671630863895646, 0.0, 0.0, 3.3628571710696624, -0.8060732815001332, -0.8882021788262279, -0.9990513863513669
3097, 30.966742160278745, -0.8568539201033103, -1.0057672579053785, 3.1347955321111463, -0.671630863895646, 0.0, 0.0, 3.4679708345320446, -0.7837532466310071, -0.8568531343791865, -1.0057671467258713
3098, 30.976744337979092, -0.8255059647821987, -1.012483566544335, 3.1347955321111463, -0.671630863895646, 0.0, 0.0, 3.571051438518783, -0.7612546708080464, -0.8255062915346322, -1.0124845529178872
3099, 30.98674651567944, -0.7941580094610872, -1.0191998751832916, 3.1347955321111463, -0.671630863895646, 0.0, 0.0, 3.6720061645332684, -0.738591598445038, -0.7941605582263217, -1.01920084818108
3100, 30.99674869337979, -0.7628100541399758, -1.025916183822248, 3.1347955321111463, -0.671630863895646, 0.0, 0.0, 3.770744344704964, -0.7157781695310262, -0.7628096770010795, -1.0259160467712891
3101, 31.006750871080136, -0.7314620988188643, -1.0326324924612045, 3.1347955321111463, -0.671630863895646, 0.0, 0.0, 3.867177545564779, -0.69282861103414, -0.7314623777480159, -1.0326321548022208
3102, 31.016753048780487, -0.7001141434977527, -1.0393488011001608, 3.1347955321111463, -0.671630863895646, 0.0, 0.0, 3.961219649592186, -0.669757228252845, -0.7001135697651714, -1.0393490485968488
3103, 31.026755226480834, -0.6687661881766411, -1.0460651097391174, 3.1347955321111463, -0.671630863895646, 0.0, 0.0, 4.052786934457215, -0.646578396119865, -0.6687665615317274, -1.0460651835031043
3104, 31.03675740418118, -0.6374182328555298, -1.052781418378074, 3.1347955321111463, -0.671630863895646, 0.0, 0.0, 4.14179814988274, -0.6233065504640469, -0.6374194363522574, -1.0527814188444065
3105, 31.04675958188153, -0.6060702775344184, -1.0594977270170303, 3.1347955321111463, -0.671630863895646, 0.0, 0.0, 4.228174592054788, -0.5999561792354785, -0.6060710989338485, -1.059499032797013
3106, 31.056761759581878, -0.5747223222133067, -1.0662140356559868, 3.1347955321111463, -0.671630863895646, 0.0, 0.0, 4.31184017551109, -0.5765418136991776, -0.5747217037979806, -1.0662143742025183
3107, 31.06676393728223, -0.5433743668921953, -1.0729303442949432, 3.1347955321111463, -0.671630863895646, 0.0, 0.0, 4.392721502440503, -0.5530780196026984, -0.5433749881490357, -1.072930725815958
3108, 31.076766114982576, -0.512026411571084, -1.0796466529338997, 3.1347955321111463, -0.671630863895646, 0.0, 0.0, 4.470747929328577, -0.529579388323012, -0.5120271638390882, -1.079646413994988
3109, 31.086768292682926, -0.4806784562499722, -1.0863629615728563, 3.1347955321111463, -0.671630863895646, 0.0, 0.0, 4.545851630887064, -0.5060605279980346, -0.4806786367656455, -1.0863614233020216
3110, 31.096770470383273, -0.44933050092886084, -1.0930792702118126, 3.1347955321111463, -0.671630863895646, 0.0, 0.0, 4.617967661207913, -0.4825360546481876, -0.4493283740626475, -1.0930805241314934
3111, 31.10677264808362, -0.4179825456077495, -1.0997955788507692, 3.1347955321111463, -0.671630863895646, 0.0, 0.0, 4.687034012084987, -0.45902058329336926, -0.4179812877583657, -1.0997970881435821
3112, 31.11677482578397, -0.3866345902866377, -1.1065118874897255, 3.1347955321111463, -0.671630863895646, 0.0, 0.0, 4.75299166844954, -0.4355287190707334, -0.38663542824939995, -1.1065101662367363
3113, 31.126777003484317, -0.35528663496552637, -1.113228196128682, 3.1347955321111463, -0.671630863895646, 0.0, 0.0, 4.815784660868302, -0.41207504835866743, -0.3552867804087094, -1.1132288705569875
3114, 31.136779181184668, -0.32393867964441503, -1.1199445047676386, 3.1347955321111463, -0.671630863895646, 0.0, 0.0, 4.8753601150559644, -0.38867412991234285, -0.32393976424866777, -1.1199461193910685
3115, 31.146781358885015, -0.29259072432330324, -1.126660813406595, 3.1347955321111463, -0.671630863895646, 0.0, 0.0, 4.931668298356696, -0.3653404860162322, -0.29259075118376676, -1.1266609553534832
3116, 31.156783536585362, -0.2612427690021919, -1.1333771220455513, 3.1347955321111463, -0.671630863895646, 0.0, 0.0, 4.984662663152376, -0.34208859365895355, -0.2612452181656849, -1.1333755647390618
3117, 31.166785714285712, -0.22989481368108056, -1.1400934306845079, 3.1347955321111463, -0.671630863895646, 0.0, 0.0, 5.034299887158204, -0.31893287573579193, -0.2298937434148438, -1.1400940262465549
3118, 31.17678789198606, -0.19854685835996877, -1.1468097393234644, 3.1347955321111463, -0.671630863895646, 0.0, 0.0, 5.080539910569392, -0.2958876922842468, -0.1985487203174414, -1.146810351459444
3119, 31.18679006968641, -0.16719890303885743, -1.153526047962421, 3.1347955321111463, -0.671630863895646, 0.0, 0.0, 5.123345970025725, -0.27296733175791704, -0.16719913664711694, -1.1535277747125634
3120, 31.196792247386757, -0.13585094771774608, -1.1602423566013773, 3.1347955321111463, -0.671630863895646, 0.0, 0.0, 5.162684629363921, -0.2501860023440159, -0.1358511780485087, -1.1602407545465507
3121, 31.206794425087107, -0.1045029923966343, -1.1669586652403336, 3.1347955321111463, -0.671630863895646, 0.0, 0.0, 5.198525807130806, -0.22755782332979127, -0.10450128508044759, -1.1669583477182601
3122, 31.216796602787454, -0.07315503707552296, -1.1736749738792902, 3.1347955321111463, -0.671630863895646, 0.0, 0.0, 5.23084280083355, -0.20509681652308454, -0.07315577664723251, -1.1736772318568045
3123, 31.2267987804878, -0.04180708175441161, -1.1803912825182468, 3.1347955321111463, -0.671630863895646, 0.0, 0.0, 5.2596123079063215, -0.18281689773223142, -0.0418076660476398, -1.1803934478024825
3124, 31.23680095818815, -0.010459126433299826, -1.1871075911572033, 3.1347955321111463, -0.671630863895646, 0.0, 0.0, 5.284814443375994, -0.1607318683104832, -0.010459850754983794, -1.1871069895637725
3125, 31.2468031358885, 0.020888828887811517, -1.1938238997961597, 3.1347955321111463, -0.671630863895646, 0.0, 0.0, 5.306432754212705, -0.13885540677007135, 0.020888678849825332, -1.1938228909457917
3126, 31.25680531358885, 0.05223678420892286, -1.200540208435116, 3.1347955321111463, -0.671630863895646, 0.0, 0.0, 5.32445423035433, -0.11720106047100415, 0.052237973982910364, -1.200540285977333
3127, 31.266807491289196, 0.08358473953003465, -1.2072565170740726, 3.1347955321111463, -0.671630863895646, 0.0, 0.0, 5.338869312397158, -0.09578223738964223, 0.08358381574486028, -1.2072568868506712
3128, 31.276809668989543, 0.11493269485114599, -1.2139728257130291, 3.1347955321111463, -0.671630863895646, 0.0, 0.0, 5.349671895948303, -0.0746121979720451, 0.11493356233355065, -1.2139733144927636
3129, 31.286811846689893, 0.14628065017225733, -1.2206891343519854, 3.1347955321111463, -0.671630863895646, 0.0, 0.0, 5.356859332638643, -0.053704047077029526, 0.14628044255511574, -1.220690124913813
3130, 31.29681402439024, 0.17762860549336912, -1.227405442990942, 3.1347955321111463, -0.671630863895646, 0.0, 0.0, 5.360432427798323, -0.033070726013834206, 0.1776277679848952, -1.2274054776300796
3131, 31.30681620209059, 0.20897656081448046, -1.2341217516298983, 3.1347955321111463, -0.671630863895646, 0.0, 0.0, 5.360395434800091, -0.01272500467921528, 0.20897568732392593, -1.23412297750401
3132, 31.316818379790938, 0.2403245161355918, -1.240838060268855, 3.1347955321111463, -0.671630863895646, 0.0, 0.0, 5.3567560460789725, 0.007320526201251565, 0.24032476435828984, -1.2408369455138593
3133, 31.32682055749129, 0.2716724714567036, -1.2475543689078115, 3.1347955321111463, -0.671630863895646, 0.0, 0.0, 5.349525380840063, 0.027053462722958888, 0.2716715159727356, -1.2475550751238627
3134, 31.336822735191635, 0.30302042677781493, -1.2542706775467678, 3.1347955321111463, -0.671630863895646, 0.0, 0.0, 5.338717969469343, 0.04646159533849736, 0.30302229034747813, -1.2542730824071682
3135, 31.346824912891982, 0.3343683820989263, -1.2609869861857241, 3.1347955321111463, -0.671630863895646, 0.0, 0.0, 5.324351734665697, 0.06553291627576346, 0.33436994914306456, -1.2609853633876538
3136, 31.356827090592333, 0.3651000994575655, -1.2672249642850084, 3.0052309007801687, -0.5746113285342397, -13.58816701675094, 9.837296278835828, 4.3486088571435015, 0.02537269069225634, 0.3650997692106692, -1.2672249616558289
3137, 31.36682926829268, 0.3944730001145298, -1.2724792127564089, 2.86934923061266, -0.4762383657458814, -13.58816701675094, 9.837296278835828, 4.275130962662969, 0.10926902119797188, 0.3944707615920537, -1.2724806020790471
3138, 31.37683144599303, 0.42248708406981883, -1.2767497315999259, 2.7334675604451504, -0.37786540295752297, -13.58816701675094, 9.837296278835828, 4.199267436913222, 0.1916595509726565, 0.4224866821221893, -1.2767507579477124
3139, 31.386833623693377, 0.44914235132343283, -1.2800365208155593, 2.5975858902776405, -0.2794924401691647, -13.58816701675094, 9.837296278835828, 4.121399594324465, 0.27253162624422034, 0.4491428549333004, -1.280036564487484
3140, 31.396835801393724, 0.47443880187537163, -1.2823395804033093, 2.461704220110131, -0.1811194773808063, -13.58816701675094, 9.837296278835828, 4.041887612063402, 0.3518760676201744, 0.47443900813310846, -1.2823381503870197
3141, 31.406837979094075, 0.49837643572563545, -1.2836589103631755, 2.3258225499426213, -0.08274651459244786, -13.58816701675094, 9.837296278835828, 3.9610704820301965, 0.4296868291105566, 0.4983758053243289, -1.2836581066101178
3142, 31.41684015679442, 0.5209552528742241, -1.2839945106951582, 2.1899408797751123, 0.015626448195910414, -13.58816701675094, 9.837296278835828, 3.879266126973067, 0.5059606914117334, 0.5209567190148636, -1.2839958174152493
3143, 31.426842334494772, 0.5421752533211377, -1.2833463813992574, 2.0540592096076025, 0.1139994109842688, -13.58816701675094, 9.837296278835828, 3.796771656947314, 0.5806969901410485, 0.5421755118012771, -1.283346163977151
3144, 31.43684451219512, 0.5620364370663762, -1.281714522475473, 1.918177539440093, 0.21237237377262697, -13.58816701675094, 9.837296278835828, 3.7138637438642332, 0.6538973795753962, 0.5620366547830152, -1.2817130380286221
3145, 31.44684668989547, 0.5805388041099397, -1.2790989339238048, 1.7822958692725834, 0.3107453365609856, -13.58816701675094, 9.837296278835828, 3.6307990934237764, 0.725565632325139, 0.5805367811111892, -1.2791005584873971
3146, 31.456848867595816, 0.5976823544518279, -1.275499615744253, 1.646414199105074, 0.40911829934934385, -13.58816701675094, 9.837296278835828, 3.5478149952774025, 0.7957074752649976, 0.5976819203922831, -1.275499765829053
3147, 31.466851045296163, 0.6134670880920412, -1.270916567936818, 1.5105325289375644, 0.5074912621377023, -13.58816701675094, 9.837296278835828, 3.465129933802694, 0.8643304619423351, 0.6134679589069348, -1.2709141914321707
3148, 31.476853222996514, 0.6278930050305793, -1.265349790501499, 1.374650858770055, 0.6058642249260604, -13.58816701675094, 9.837296278835828, 3.3829442433713623, 0.9314438815872249, 0.6278931891818833, -1.2653506605662919
3149, 31.48685540069686, 0.6409601052674423, -1.2587992834382966, 1.2387691886025451, 0.7042371877144189, -13.58816701675094, 9.837296278835828, 3.3014407934427377, 0.997058704754485, 0.6409590833081537, -1.2587962109665298
3150, 31.49685757839721, 0.6526683888026301, -1.2512650467472106, 1.102887518435036, 0.8026101505027774, -13.58816701675094, 9.837296278835828, 3.220785690204679, 1.0611875655320673, 0.6526671382177041, -1.2512637072751749
3151, 31.50685975609756, 0.663017855636143, -1.242747080428241, 0.9670058482675264, 0.9009831132911357, -13.58816701675094, 9.837296278835828, 3.1411289828047226, 1.1238447801494813, 0.6630156672329559, -1.2427483521091514
3152, 31.516861933797905, 0.6720085057679808, -1.233245384481388, 0.8311241781000172, 0.999356076079494, -13.58816701675094, 9.837296278835828, 3.062605363460466, 1.1850464017109084, 0.6720075501931906, -1.2332454886990378
3153, 31.526864111498256, 0.6796403391981434, -1.2227599589066511, 0.6952425079325075, 1.0977290388678522, -13.58816701675094, 9.837296278835828, 2.985334851906285, 1.2448103106570763, 0.6796410828079515, -1.222759571603389
3154, 31.536866289198603, 0.6859133559266308, -1.2112908037040309, 0.5593608377649979, 1.1961020016562107, -13.58816701675094, 9.837296278835828, 2.9094234557221754, 1.3031563404245354, 0.6859125498825221, -1.211291225531141
3155, 31.546868466898953, 0.6908275559534434, -1.198837918873527, 0.4234791675974885, 1.294474964444569, -13.58816701675094, 9.837296278835828, 2.8349637991002044, 1.3601064376175402, 0.6908294211279342, -1.198839138303883
3156, 31.5568706445993, 0.6943829392785807, -1.1854013044151395, 0.28759749742997887, 1.3928479272329275, -13.58816701675094, 9.837296278835828, 2.7620357135369313, 1.4156848558332675, 0.6943834030239792, -1.185402107963287
3157, 31.56687282229965, 0.696579505902043, -1.1709809603288683, 0.15171582726246946, 1.4912208900212858, -13.58816701675094, 9.837296278835828, 2.690706784799556, 1.4699183820825983, 0.6965798862596163, -1.1709833866011894
3158, 31.576874999999998, 0.6974172558238301, -1.1555768866147138, 0.015834157094959833, 1.5895938528096443, -13.58816701675094, 9.837296278835828, 2.6210328513042835, 1.5228365945234486, 0.697417613927026, -1.1555784331427534
3159, 31.586877177700345, 0.696896189043942, -1.1391890832726754, -0.1200475130725498, 1.6879668155980028, -13.58816701675094, 9.837296278835828, 2.5530584497730926, 1.5744721499690353, 0.6968961655640755, -1.1391883522069755
3160, 31.596879355400695, 0.695016305562379, -1.1218175503027537, -0.2559291832400592, 1.786339778386361, -13.58816701675094, 9.837296278835828, 2.4868172047064228, 1.6248610993471906, 0.6950168363153645, -1.1218156505756438
3161, 31.606881533101042, 0.6917776053791409, -1.1034622877049483, -0.3918108534075688, 1.8847127411747189, -13.58816701675094, 9.837296278835828, 2.4223321588316282, 1.6740432289668612, 0.6917797773455835, -1.1034608028004842
3162, 31.616883710801392, 0.6871800884942276, -1.0841232954792592, -0.527692523575078, 1.9830857039630776, -13.58816701675094, 9.837296278835828, 2.3596160422684296, 1.7220624250925338, 0.6871802694193012, -1.0841240249725523
3163, 31.62688588850174, 0.6812237549076394, -1.0638005736256866, -0.6635741937425877, 2.081458666751436, -13.58816701675094, 9.837296278835828, 2.298671478701452, 1.768967058935217, 0.681222651791462, -1.0637996956732465
3164, 31.636888066202086, 0.673908604619376, -1.0424941221442305, -0.7994558639100972, 2.1798316295397946, -13.58816701675094, 9.837296278835828, 2.2394911273753864, 1.8148103887390001, 0.6739090989211945, -1.0424924588417916
3165, 31.646890243902437, 0.6652346376294374, -1.0202039410348906, -0.9353375340776067, 2.278204592328153, -13.58816701675094, 9.837296278835828, 2.182057760239409, 1.8596509751747474, 0.665233561954604, -1.020203236812759
3166, 31.656892421602784, 0.6552018539378237, -0.9969300302976674, -1.071219204245116, 2.3765775551165107, -13.58816701675094, 9.837296278835828, 2.1263442740738743, 1.9035531057476205, 0.6552026212515966, -0.9969283722518179
3167, 31.666894599303134, 0.643810253544535, -0.9726723899325604, -1.2071008744126257, 2.4749505179048694, -13.58816701675094, 9.837296278835828, 2.0723136379433904, 1.9465872233838084, 0.6438095895535927, -0.9726697431340955
3168, 31.67689677700348, 0.6310598364495712, -0.9474310199395699, -1.342982544580135, 2.5733234806932277, -13.58816701675094, 9.837296278835828, 2.019918776845915, 1.9888303537860137, 0.6310585301537752, -0.9474319350415218
3169, 31.686898954703832, 0.6169506026529323, -0.9212059203186959, -1.4788642147476447, 2.671696443481586, -13.58816701675094, 9.837296278835828, 1.9691023929768134, 2.0303665255396317, 0.6169499088448598, -0.9212066742884452
3170, 31.69690113240418, 0.6014825521546183, -0.8939970910699382, -1.6147458849151544, 2.7700694062699442, -13.58816701675094, 9.837296278835828, 1.9197967266092495, 2.071287176315874, 0.6014796573230298, -0.893996643266718
3171, 31.706903310104526, 0.5846556849546292, -0.8658045321932969, -1.7506275550826635, 2.8684423690583025, -13.58816701675094, 9.837296278835828, 1.8719232592167627, 2.111691537859268, 0.5846557657872286, -0.8658038357152418
3172, 31.716905487804876, 0.566470001052965, -0.836628243688772, -1.8865092252501732, 2.9668153318466612, -13.58816701675094, 9.837296278835828, 1.8253923621387487, 2.1516869917709536, 0.5664698650535441, -0.8366297155565514
3173, 31.726907665505223, 0.5469255004496256, -0.8064682255563637, -2.022390895417683, 3.0651882946350195, -13.58816701675094, 9.837296278835828, 1.7801028948227113, 2.191389387413426, 0.5469257311643069, -0.8064692756634578
3174, 31.736909843205574, 0.5260221831446114, -0.7753244777960716, -2.158272565585192, 3.163561257423378, -13.58816701675094, 9.837296278835828, 1.7359417574754268, 2.2309233125755714, 0.5260222938833071, -0.7753235155719596
3175, 31.74691202090592, 0.5037600491379219, -0.743197000407896, -2.2941542357527016, 3.261934220211736, -13.58816701675094, 9.837296278835828, 1.692783403824575, 2.2704223068591967, 0.503761351299925, -0.7431980616960954
3176, 31.75691419860627, 0.4808185067803956, -0.7105776582057798, -2.294154235752697, 3.261934220211733, 0.0, 0.0, 2.7918231949338392, 2.5165539624092967, 0.48081806508191816, -0.7105779282140641
3177, 31.766916376306618, 0.4578769644228686, -0.6779583160036624, -2.294154235752697, 3.261934220211733, 0.0, 0.0, 2.831698406929617, 2.5213078974322434, 0.45787624814074734, -0.6779581101933218
3178, 31.776918554006965, 0.43493542206534164, -0.645338973801545, -2.294154235752697, 3.261934220211733, 0.0, 0.0, 2.869922555962472, 2.5260425023274675, 0.4349354844978276, -0.6453404852187729
3179, 31.786920731707315, 0.41199387970781465, -0.6127196315994277, -2.294154235752697, 3.261934220211733, 0.0, 0.0, 2.9064752041282094, 2.530754705270589, 0.41199469670047734, -0.6127178211568971
3180, 31.796922909407662, 0.38905233735028766, -0.5801002893973103, -2.294154235752697, 3.261934220211733, 0.0, 0.0, 2.941336724614747, 2.535441371178346, 0.3890530257085215, -0.5801005777400939
3181, 31.806925087108013, 0.36611079499276067, -0.547480947195193, -2.294154235752697, 3.261934220211733, 0.0, 0.0, 2.9744883132585413, 2.5400993048681686, 0.3661096677366726, -0.5474792950942309
3182, 31.81692726480836, 0.3431692526352337, -0.5148616049930756, -2.294154235752697, 3.261934220211733, 0.0, 0.0, 3.005911999701999, 2.5447252542898724, 0.34316928970599325, -0.5148602429994028
3183, 31.826929442508707, 0.3202277102777067, -0.4822422627909583, -2.294154235752697, 3.261934220211733, 0.0, 0.0, 3.0355906581445633, 2.5493159138260353, 0.32022709877907146, -0.4822427775075377
3184, 31.836931620209057, 0.2972861679201797, -0.4496229205888409, -2.294154235752697, 3.261934220211733, 0.0, 0.0, 3.0635080176803977, 2.5538679276575786, 0.29728689495249006, -0.4496222093089686
3185, 31.846933797909404, 0.2743446255626527, -0.41700357838672353, -2.294154235752697, 3.261934220211733, 0.0, 0.0, 3.089648672215746, 2.5583778931909746, 0.27434535991083076, -0.41700345839020186
3186, 31.856935975609755, 0.2514030832051257, -0.38438423618460615, -2.294154235752697, 3.261934220211733, 0.0, 0.0, 3.1139980899592206, 2.562842364543447, 0.25140126355081943, -0.38438359387134946
3187, 31.8669381533101, 0.22846154084759873, -0.3517648939824889, -2.294154235752697, 3.261934220211733, 0.0, 0.0, 3.1365426224785407, 2.567257856082477, 0.22845985698681767, -0.3517660019028147
3188, 31.876940331010452, 0.20551999849007174, -0.3191455517803714, -2.294154235752697, 3.261934220211733, 0.0, 0.0, 3.157269513317368, 2.5716208460158567, 0.20551811088567581, -0.3191449284308035
3189, 31.8869425087108, 0.18257845613254475, -0.28652620957825414, -2.294154235752697, 3.261934220211733, 0.0, 0.0, 3.1761669061661233, 2.5759277800284766, 0.18257761553489515, -0.2865274677787519
3190, 31.896944686411146, 0.15963691377501776, -0.25390686737613666, -2.294154235752697, 3.261934220211733, 0.0, 0.0, 3.193223852580925, 2.5801750749619954, 0.15963635061193612, -0.25390836585120036
3191, 31.906946864111497, 0.13669537141749077, -0.2212875251740194, -2.294154235752697, 3.261934220211733, 0.0, 0.0, 3.208430319244918, 2.584359122533486, 0.13669403244034756, -0.2212882319409636
3192, 31.916949041811844, 0.11375382905996378, -0.18866818297190213, -2.294154235752697, 3.261934220211733, 0.0, 0.0, 3.221777194766576, 2.588476293089105, 0.11375418054629817, -0.18866900255477648
3193, 31.926951219512194, 0.0908122867024368, -0.15604884076978465, -2.294154235752697, 3.261934220211733, 0.0, 0.0, 3.2332562960097326, 2.5925229393888047, 0.09081212288258957, -0.15604929574948004
3194, 31.93695339721254, 0.0678707443449098, -0.12342949856766738, -2.294154235752697, 3.261934220211733, 0.0, 0.0, 3.24286037395033, 2.596495400418067, 0.06787048620276737, -0.12342848610872992
3195, 31.946955574912888, 0.044929201987382705, -0.0908101563655499, -2.294154235752697, 3.261934220211733, 0.0, 0.0, 3.2505831190551606, 2.6003900052226085, 0.044929133681982716, -0.09080984401148624
3196, 31.95695775261324, 0.021987659629855716, -0.058190814163432636, -2.294154235752697, 3.261934220211733, 0.0, 0.0, 3.2564191661780373, 2.6042030767619866, 0.021987660667729093, -0.05819039953549203
3197, 31.966959930313585, -0.0009538827276712736, -0.02557147196131515, -2.294154235752697, 3.261934220211733, 0.0, 0.0, 3.260364098969148, 2.6079309357780054, -0.0009545456314266499, -0.025570493055630673
3198, 31.976962108013936, -0.023895425085198263, 0.007047870240802112, -2.294154235752697, 3.261934220211733, 0.0, 0.0, 3.2624144537935575, 2.6115699046738174, -0.023894432013557627, 0.0070486093766417585
3199, 31.986964285714283, -0.04683696744272525, 0.039667212442919375, -2.294154235752697, 3.261934220211733, 0.0, 0.0, 3.262567723155081, 2.615116311399589, -0.04683819189908679, 0.039667165718042435
3200, 31.996966463414633, -0.06977850980025224, 0.07228655464503686, -2.294154235752697, 3.261934220211733, 0.0, 0.0, 3.260822358622011, 2.618566493340607, -0.06977897573697839, 0.0722857918011748
3201, 32.00696864111498, -0.09272005215777923, 0.10490589684715412, -2.294154235752697, 3.261934220211733, 0.0, 0.0, 3.2571777732514593, 2.621916801203681, -0.09272129736004295, 0.10490611237255244
3202, 32.01697081881533, -0.11566159451530622, 0.1375252390492716, -2.294154235752697, 3.261934220211733, 0.0, 0.0, 3.2516343435092776, 2.625163602897718, -0.1156586121335752, 0.13752464060845657
3203, 32.026972996515674, -0.1386031368728332, 0.17014458125138887, -2.294154235752697, 3.261934220211733, 0.0, 0.0, 3.2441934106829, 2.6283032874043384, -0.13860248026157965, 0.17014589437641991
3204, 32.036975174216025, -0.1615446792303602, 0.20276392345350636, -2.294154235752697, 3.261934220211733, 0.0, 0.0, 3.2348572817845738, 2.6313322686344023, -0.16154574743132616, 0.20276326599315886
3205, 32.046977351916375, -0.18448622158788697, 0.2353832656556234, -2.294154235752697, 3.261934220211733, 0.0, 0.0, 3.2236292299428615, 2.6342469892663622, -0.18448612413572563, 0.23538300737895726
3206, 32.056979529616726, -0.20742776394541396, 0.2680026078577409, -2.294154235752697, 3.261934220211733, 0.0, 0.0, 3.2105134942804754, 2.6370439245623425, -0.2074281536222311, 0.26800185797667003
3207, 32.06698170731707, -0.23036930630294095, 0.30062195005985815, -2.294154235752697, 3.261934220211733, 0.0, 0.0, 3.195515279276838, 2.6397195861578853, -0.23037042331473057, 0.3006221571660958
3208, 32.07698388501742, -0.25331084866046794, 0.33324129226197563, -2.294154235752697, 3.261934220211733, 0.0, 0.0, 3.1786407536140007, 2.6422705258213277, -0.25330946862650466, 0.33324086781577306
3209, 32.08698606271777, -0.2762523910179949, 0.3658606344640929, -2.294154235752697, 3.261934220211733, 0.0, 0.0, 3.159897048504893, 2.6446933391788088, -0.27625401753033446, 0.3658600297241325
3210, 32.09698824041811, -0.2991939333755219, 0.39847997666621016, -2.294154235752697, 3.261934220211733, 0.0, 0.0, 3.1392922555031118, 2.646984669400932, -0.29919242132184887, 0.3984796369214378
3211, 32.106990418118464, -0.3221354757330489, 0.43109931886832764, -2.294154235752697, 3.261934220211733, 0.0, 0.0, 3.116835423793772, 2.649141210847161, -0.3221349198866623, 0.43110118893631283
3212, 32.116992595818814, -0.3450770180905759, 0.4637186610704449, -2.294154235752697, 3.261934220211733, 0.0, 0.0, 3.09253655696523, 2.6511597126640605, -0.34507667218428856, 0.46371990547289754
3213, 32.12699477351916, -0.3680185604481029, 0.4963380032725624, -2.294154235752697, 3.261934220211733, 0.0, 0.0, 3.0664066092617843, 2.653036982333548, -0.3680178239335218, 0.4963372156681406
3214, 32.13699695121951, -0.39096010280562987, 0.5289573454746797, -2.294154235752697, 3.261934220211733, 0.0, 0.0, 3.0384574813177356, 2.6547698891673708, -0.39096025904933246, 0.5289576852551093
3215, 32.14699912891986, -0.41390164516315686, 0.5615766876767971, -2.294154235752697, 3.261934220211733, 0.0, 0.0, 3.008702015373528, 2.656355367744088, -0.4139025011818905, 0.5615770397173536
3216, 32.15700130662021, -0.43684318752068385, 0.5941960298789144, -2.294154235752697, 3.261934220211733, 0.0, 0.0, 2.977153989974919, 2.6577904212848766, -0.4368432225649525, 0.5941966852049887
3217, 32.16700348432055, -0.45978472987821084, 0.6268153720810319, -2.294154235752697, 3.261934220211733, 0.0, 0.0, 2.9438281141565077, 2.6590721249645792, -0.459787146174753, 0.6268139894776007
3218, 32.1770056620209, -0.48272627223573783, 0.6594347142831491, -2.294154235752697, 3.261934220211733, 0.0, 0.0, 2.9087400211111887, 2.6601976291544402, -0.48272692172623577, 0.6594366488846701
3219, 32.187007839721254, -0.5056678145932648, 0.6920540564852664, -2.294154235752697, 3.261934220211733, 0.0, 0.0, 2.8719062613474047, 2.661164162593081, -0.5056663787450999, 0.6920542558008673
3220, 32.1970100174216, -0.5286093569507918, 0.7246733986873837, -2.294154235752697, 3.261934220211733, 0.0, 0.0, 2.833344295336432, 2.661969035482321, -0.528609663488261, 0.7246726033349631
3221, 32.20701219512195, -0.5515508993083188, 0.7572927408895014, -2.294154235752697, 3.261934220211733, 0.0, 0.0, 2.793072485652129, 2.662609642504541, -0.5515516168991857, 0.757292802246844
3222, 32.2170143728223, -0.5744924416658458, 0.7899120830916186, -2.294154235752697, 3.261934220211733, 0.0, 0.0, 2.751110088605983, 2.663083465758355, -0.5744933066162384, 0.78991420924345
3223, 32.22701655052265, -0.597433984023373, 0.8225314252937359, -2.294154235752697, 3.261934220211733, 0.0, 0.0, 2.70747724538053, 2.6633880776094716, -0.5974353942816519, 0.8225298064549922
3224, 32.23701872822299, -0.6203755263809, 0.8551507674958532, -2.294154235752697, 3.261934220211733, 0.0, 0.0, 2.6621949726645355, 2.663521143453669, -0.6203750375775599, 0.8551505294847296
3225, 32.24702090592334, -0.643317068738427, 0.8877701096979704, -2.294154235752697, 3.261934220211733, 0.0, 0.0, 2.6152851527936316, 2.6634804243889505, -0.6433167193767554, 0.887770663491688
3226, 32.25702308362369, -0.666258611095954, 0.9203894519000881, -2.294154235752697, 3.261934220211733, 0.0, 0.0, 2.566770523400413, 2.6632637797940055, -0.666257689212777, 0.9203905578362068
3227, 32.26702526132404, -0.689200153453481, 0.9530087941022054, -2.294154235752697, 3.261934220211733, 0.0, 0.0, 2.5166746665782624, 2.6628691698102216, -0.6891995019177359, 0.953007834158166
3228, 32.27702743902439, -0.712141695811008, 0.9856281363043227, -2.294154235752697, 3.261934220211733, 0.0, 0.0, 2.465021997563514, 2.662294657724584, -0.7121436601477279, 0.98562766303278
3229, 32.28702961672474, -0.7350832381685349, 1.01824747850644, -2.294154235752697, 3.261934220211733, 0.0, 0.0, 2.411837752940826, 2.6615384122509096, -0.7350833188109026, 1.0182478291600703
3230, 32.29703179442509, -0.7580247805260619, 1.0508668207085576, -2.294154235752697, 3.261934220211733, 0.0, 0.0, 2.357147978376952, 2.660598709706967, -0.758025604544193, 1.050868611777452
3231, 32.30703397212543, -0.7809663228835889, 1.083486162910675, -2.294154235752697, 3.261934220211733, 0.0, 0.0, 2.3009795158883812, 2.659473936085145, -0.7809686157419765, 1.0834862913152168
3232, 32.31703614982578, -0.8039078652411159, 1.1161055051127922, -2.294154235752697, 3.261934220211733, 0.0, 0.0, 2.2433599906486132, 2.6581625890144425, -0.8039074802766836, 1.1161048577703832
3233, 32.32703832752613, -0.8268494075986429, 1.1487248473149094, -2.294154235752697, 3.261934220211733, 0.0, 0.0, 2.184317797341122, 2.6566632796116707, -0.8268485792776937, 1.1487222113162359
3234, 32.337040505226476, -0.8497909499561699, 1.1813441895170267, -2.294154235752697, 3.261934220211733, 0.0, 0.0, 2.1238820860643566, 2.654974734219881, -0.8497911768245632, 1.1813450993840338
3235, 32.347042682926826, -0.8727324923136969, 1.2139635317191444, -2.294154235752697, 3.261934220211733, 0.0, 0.0, 2.062082747795399, 2.653095796032128, -0.8727326030311211, 1.2139633935416914
3236, 32.35704486062718, -0.8956740346712239, 1.2465828739212617, -2.294154235752697, 3.261934220211733, 0.0, 0.0, 1.9989503994192015, 2.651025426598835, -0.8956736719723533, 1.2465826022301796
3237, 32.36704703832752, -0.9186155770287509, 1.279202216123379, -2.294154235752697, 3.261934220211733, 0.0, 0.0, 1.93451636833057, 2.6487627072171165, -0.9186171107400846, 1.279202104736669
3238, 32.37704921602787, -0.9415571193862778, 1.3118215583254962, -2.294154235752697, 3.261934220211733, 0.0, 0.0, 1.868812676616391, 2.6463068402005607, -0.9415569595638249, 1.3118236021542349
3239, 32.38705139372822, -0.9644986617438048, 1.3444409005276134, -2.294154235752697, 3.261934220211733, 0.0, 0.0, 1.8018720248258115, 2.6436571500280928, -0.9644998943526624, 1.344441588904705
3240, 32.39705357142857, -0.9874402041013318, 1.3770602427297312, -2.294154235752697, 3.261934220211733, 0.0, 0.0, 1.7337277753363973, 2.640813084370668, -0.9874419115025815, 1.377060232260738
3241, 32.407055749128915, -1.010381746458859, 1.4096795849318484, -2.294154235752697, 3.261934220211733, 0.0, 0.0, 1.6644139353245384, 2.6377742149946712, -1.0103823832423535, 1.4096786234007228
3242, 32.417057926829266, -1.0333232888163857, 1.4422989271339657, -2.294154235752697, 3.261934220211733, 0.0, 0.0, 1.5939651393486436, 2.634540238541035, -1.0333251409223794, 1.4422976927057551
3243, 32.427060104529616, -1.0562648311739125, 1.474918269336083, -2.294154235752697, 3.261934220211733, 0.0, 0.0, 1.5224166315539063, 2.631110977179217, -1.0562634463063643, 1.474917844608889
3244, 32.43706228222996, -1.0792063735314397, 1.5075376115382007, -2.294154235752697, 3.261934220211733, 0.0, 0.0, 1.4498042475077066, 2.62748637913531, -1.0792070754566707, 1.5075369852278457
3245, 32.44706445993031, -1.1019162985277957, 1.5395728226843992, -2.2694567866424165, 3.1758568853570286, 0.3071425986395948, -5.5328458525667745, 1.3460595544183909, 2.5212283609664716, -1.10191604468139, 1.5395728204396208
3246, 32.45706663763066, -1.124595509264288, 1.5710547492453413, -2.2663853606560207, 3.120528426831361, 0.3071425986395948, -5.5328458525667745, 1.27881790487028, 2.4894518708048983, -1.1245940439055164, 1.571053779532699
3247, 32.46706881533101, -1.1472440057409163, 1.6019833912210266, -2.2633139346696245, 3.0651999683056927, 0.3071425986395948, -5.5328458525667745, 1.2108185235281193, 2.457735698643102, -1.1472426279705656, 1.6019855383137414
3248, 32.477070993031354, -1.1698617879576805, 1.6323587486114552, -2.260242508683229, 3.0098715097800253, 0.3071425986395948, -5.5328458525667745, 1.1421100505407396, 2.4260978187581506, -1.1698603661144364, 1.6323587455182444
3249, 32.487073170731705, -1.192448855914581, 1.662180821416627, -2.257171082696833, 2.954543051254358, 0.3071425986395948, -5.5328458525667745, 1.0727415784790941, 2.3945553088372162, -1.1924493843062767, 1.6621818217429114
3250, 32.497075348432055, -1.2150052096116173, 1.6914496096365423, -2.254099656710437, 2.89921459272869, 0.3071425986395948, -5.5328458525667745, 1.0027625585502338, 2.3631243474940264, -1.2150050606217186, 1.691450757229863
3251, 32.5070775261324, -1.2375308490487897, 1.720165113271201, -2.251028230724041, 2.843886134203022, 0.3071425986395948, -5.5328458525667745, 0.9322227068016151, 2.331820212950086, -1.2375298528372316, 1.7201652822316842
3252, 32.51707970383275, -1.260025774226098, 1.7483273323206028, -2.247956804737645, 2.7885576756773545, 0.3071425986395948, -5.5328458525667745, 0.8611719106946081, 2.300657282719726, -1.2600247860753702, 1.7483278055005569
3253, 32.5270818815331, -1.2824899851435427, 1.775936266784748, -2.244885378751249, 2.733229217151686, 0.3071425986395948, -5.5328458525667745, 0.7896601363865501, 2.2696490341437916, -1.2824911842803486, 1.7759372585245594
3254, 32.53708405923345, -1.304923481801123, 1.8029919166636366, -2.2418139527648533, 2.677900758626018, 0.3071425986395948, -5.5328458525667745, 0.7177373370227227, 2.238808045623003, -1.3049248617417815, 1.8029919020221272
3255, 32.547086236933794, -1.3273262641988397, 1.8294942819572686, -2.238742526778457, 2.6225723001003507, 0.3071425986395948, -5.5328458525667745, 0.6454533623030809, 2.2081459984085305, -1.327327391236618, 1.8294952858427158
3256, 32.557088414634144, -1.3496983323366922, 1.8554433626656437, -2.2356711007920613, 2.5672438415746828, 0.3071425986395948, -5.5328458525667745, 0.572857869553991, 2.1776736788142634, -1.3496997444300822, 1.8554426251719505
3257, 32.567090592334495, -1.3720396862146809, 1.8808391587887623, -2.232599674805665, 2.5119153830490153, 0.3071425986395948, -5.5328458525667745, 0.5000002365023986, 2.147400980722386, -1.3720401552785302, 1.880840335076909
3258, 32.57709277003484, -1.3943503258328056, 1.905681670326624, -2.2295282488192694, 2.4565869245233474, 0.3071425986395948, -5.5328458525667745, 0.4269294759191331, 2.117336908261342, -1.3943525142807867, 1.905682347074377
3259, 32.58709494773519, -1.4166302511910664, 1.929970897279229, -2.2264568228328736, 2.40125846599768, 0.3071425986395948, -5.5328458525667745, 0.35369415226939616, 2.0874895785429395, -1.4166304026284031, 1.929970133648693
3260, 32.59709712543554, -1.4388794622894632, 1.9537068396465775, -2.2233853968464774, 2.345930007472012, 0.3071425986395948, -5.5328458525667745, 0.2803423004819696, 2.057866224353214, -1.4388793690017452, 1.953707997223089
3261, 32.60709930313588, -1.461097959127996, 1.9768894974286695, -2.2203139708600816, 2.290601548946344, 0.3071425986395948, -5.5328458525667745, 0.20692134692437247, 2.0284731966997525, -1.4610987087989906, 1.9768886401524874
3262, 32.61710148083623, -1.483285741706665, 1.9995188706255047, -2.2172425448736854, 2.2352730904206766, 0.3071425986395948, -5.5328458525667745, 0.1334780326491194, 1.9993159671263996, -1.48328570574008, 1.9995192957188126
3263, 32.62710365853658, -1.5054428100254698, 2.021594959237083, -2.2141711188872897, 2.1799446318950086, 0.3071425986395948, -5.5328458525667745, 0.06005833895629098, 1.970399129714644, -1.5054459339034423, 2.021593274549151
3264, 32.637105836236934, -1.5275691640844107, 2.043117763263405, -2.211099692900894, 2.1246161733693407, 0.3071425986395948, -5.5328458525667745, -0.013292584700019594, 1.9417264026995045, -1.5275697455010155, 2.0431174837063053
3265, 32.64710801393728, -1.5496648038834877, 2.06408728270447, -2.2080282669144977, 2.0692877148436732, 0.3071425986395948, -5.5328458525667745, -0.08653049044937311, 1.9133006296363557, -1.549665107485847, 2.0640879064591022
3266, 32.65711019163763, -1.5717297294227006, 2.0845035175602784, -2.2049568409281015, 2.013959256318005, 0.3071425986395948, -5.5328458525667745, -0.15961209938814602, 1.8851237800638814, -1.5717283709159562, 2.084502272101676
3267, 32.66711236933798, -1.5937639407020496, 2.10436646783083, -2.2018854149417058, 1.9586307977923374, 0.3071425986395948, -5.5328458525667745, -0.23249516662087122, 1.8571969496172034, -1.5937635791146485, 2.104366376264767
3268, 32.67711454703832, -1.6157674377215347, 2.123676133516125, -2.19881398895531, 1.9033023392666695, 0.3071425986395948, -5.5328458525667745, -0.3051385439817391, 1.8295203595541625, -1.6157674767931172, 2.1236775689686325
3269, 32.68711672473867, -1.637740220481156, 2.1424325146161634, -2.195742562968914, 1.8479738807410016, 0.3071425986395948, -5.5328458525667745, -0.3775022404655507, 1.8020933556667913, -1.6377415258425603, 2.1424324652231044
3270, 32.69711890243902, -1.659682288980913, 2.160635611130945, -2.192671136982518, 1.7926454222153339, 0.3071425986395948, -5.5328458525667745, -0.44954748040284453, 1.7749144065591445, -1.659681988483712, 2.1606372308810013
3271, 32.70712108013937, -1.6815936432208063, 2.17828542306047, -2.189599710996122, 1.7373169636896661, 0.3071425986395948, -5.5328458525667745, -0.5212367594175172, 1.7479811012818844, -1.6815933930217428, 2.178285842863923
3272, 32.71712325783972, -1.7034742832008356, 2.1953819504047387, -2.186528285009726, 1.6819885051639982, 0.3071425986395948, -5.5328458525667745, -0.5925338982071049, 1.7212901463233439, -1.7034744951720053, 2.1953821807227873
3273, 32.72712543554007, -1.725324208921001, 2.2119251931637502, -2.18345685902333, 1.6266600466383305, 0.3071425986395948, -5.5328458525667745, -0.6634040941860866, 1.6948373619661954, -1.7253248862592288, 2.211924628168213
3274, 32.73712761324042, -1.7471434203813023, 2.227915151337505, -2.180385433036934, 1.5713315881126628, 0.3071425986395948, -5.5328458525667745, -0.7338139710311633, 1.6686176780283684, -1.7471450551433294, 2.2279145258771766
3275, 32.74712979094076, -1.7689319175817397, 2.2433518249260036, -2.177314007050538, 1.516003129586995, 0.3071425986395948, -5.5328458525667745, -0.8037316261645495, 1.6426251290164584, -1.7689327849182719, 2.2433520876414303
3276, 32.75713196864111, -1.790689700522313, 2.258235213929245, -2.174242581064142, 1.460674671061327, 0.3071425986395948, -5.5328458525667745, -0.8731266762069847, 1.616852848729566, -1.7906905137402158, 2.258235270742533
3277, 32.76713414634146, -1.8124167692030224, 2.27256531834723, -2.1711711550777464, 1.4053462125356595, 0.3071425986395948, -5.5328458525667745, -0.9419703004265001, 1.591293064361293, -1.8124166930654548, 2.2725635588275876
3278, 32.77713632404181, -1.834113123623868, 2.2863421381799585, -2.16809972909135, 1.3500177540099916, 0.3071425986395948, -5.5328458525667745, -1.010235282202025, 1.5659370901575296, -1.8341125668824088, 2.2863436267333572
3279, 32.787138501742156, -1.8557787637848495, 2.2995656734274297, -2.1650283031049544, 1.2946892954843239, 0.3071425986395948, -5.5328458525667745, -1.0778960485128166, 1.5407753206976307, -1.85577905453903, 2.2995654676143538
3280, 32.797140679442506, -1.8774136896859672, 2.3122359240896446, -2.1619568771185587, 1.2393608369586562, 0.3071425986395948, -5.5328458525667745, -1.144928707455483, 1.5157972238766755, -1.8774125314421903, 2.3122369615707985
3281, 32.80714285714286, -1.8990179013272208, 2.324352890166603, -2.1588854511321625, 1.1840323784329883, 0.3071425986395948, -5.5328458525667745, -1.211311083780125, 1.490991333676658, -1.8990176175876694, 2.324351341267201
3282, 32.8171450348432, -1.9205913987086105, 2.3359165716583044, -2.1558140251457663, 1.1287039199073206, 0.3071425986395948, -5.5328458525667745, -1.2770227524259916, 1.46634524282472, -1.9205930587919002, 2.335918956923193
3283, 32.82714721254355, -1.942134181830136, 2.3469269685647496, -2.1527425991593705, 1.0733754613816526, 0.3071425986395948, -5.5328458525667745, -1.3420450700249773, 1.441845595446848, -1.9421358431690299, 2.3469240688184807
3284, 32.8371493902439, -1.9636462506917978, 2.3573840808859376, -2.1496711731729747, 1.018047002855985, 0.3071425986395948, -5.5328458525667745, -1.4063612043285287, 1.4174780798358688, -1.9636463051426936, 2.3573844374776862
3285, 32.84715156794425, -1.9851429624235268, 2.3675645509144974, -2.1496711731729747, 1.0180470028559867, 0.0, 0.0, -1.4998157177802398, 1.4828366866621459, -1.9851415036176256, 2.367564107396282
3286, 32.857153745644595, -2.006639674155257, 2.377745020943057, -2.1496711731729747, 1.0180470028559867, 0.0, 0.0, -1.5633945052214027, 1.486240616051525, -2.006639034972314, 2.3777452001171135
3287, 32.867155923344946, -2.0281363858869863, 2.3879254909716168, -2.1496711731729747, 1.0180470028559867, 0.0, 0.0, -1.6264258988263012, 1.4895209677745938, -2.028134051419537, 2.38792571838685
3288, 32.877158101045296, -2.0496330976187163, 2.398105961000177, -2.1496711731729747, 1.0180470028559867, 0.0, 0.0, -1.6888796254615897, 1.4926773050923363, -2.0496320211644847, 2.3981054768934693
3289, 32.88716027874564, -2.071129809350446, 2.4082864310287366, -2.1496711731729747, 1.0180470028559867, 0.0, 0.0, -1.7507257198625847, 1.4957092069864846, -2.071130752212905, 2.408287135485363
3290, 32.89716245644599, -2.0926265210821757, 2.418466901057297, -2.1496711731729747, 1.0180470028559867, 0.0, 0.0, -1.8119345386259336, 1.498616268215176, -2.0926270013188937, 2.41846772197487
3291, 32.90716463414634, -2.1141232328139057, 2.4286473710858565, -2.1496711731729747, 1.0180470028559867, 0.0, 0.0, -1.872476774048328, 1.5013980993666087, -2.114122942302248, 2.428646835377124
3292, 32.917166811846684, -2.135619944545635, 2.438827841114416, -2.1496711731729747, 1.0180470028559867, 0.0, 0.0, -1.9323234678048449, 1.5040543269106834, -2.135620949586292, 2.438829543879377
3293, 32.927168989547035, -2.157116656277365, 2.4490083111429763, -2.1496711731729747, 1.0180470028559867, 0.0, 0.0, -1.9914460244606091, 1.506584593248631, -2.1571147871875556, 2.449007816822692
3294, 32.937171167247385, -2.1786133680090947, 2.459188781171536, -2.1496711731729747, 1.0180470028559867, 0.0, 0.0, -2.0498162248094696, 1.5089885567606127, -2.1786139671405946, 2.4591891857351356
3295, 32.947173344947736, -2.2001100797408246, 2.4693692512000958, -2.1496711731729747, 1.0180470028559867, 0.0, 0.0, -2.1074062390335593, 1.511265891851292, -2.2001102610179206, 2.469370381955871
3296, 32.95717552264808, -2.2216067914725546, 2.479549721228656, -2.1496711731729747, 1.0180470028559867, 0.0, 0.0, -2.164188639677594, 1.5134162889933678, -2.221607505461284, 2.479548671036961
3297, 32.96717770034843, -2.243103503204284, 2.4897301912572156, -2.1496711731729747, 1.0180470028559867, 0.0, 0.0, -2.2201364144319378, 1.5154394547690673, -2.2431057249196087, 2.489731708376022
3298, 32.97717987804878, -2.264600214936014, 2.4999106612857753, -2.1496711731729747, 1.0180470028559867, 0.0, 0.0, -2.2752229787184994, 1.5173351119095912, -2.2646008380751694, 2.499912570866665
3299, 32.98718205574912, -2.2860969266677436, 2.5100911313143355, -2.1496711731729747, 1.0180470028559867, 0.0, 0.0, -2.3294221880736137, 1.519102999332503, -2.2860957154561734, 2.5100899873230897
3300, 32.997184233449474, -2.3075936383994735, 2.520271601342895, -2.1496711731729747, 1.0180470028559867, 0.0, 0.0, -2.3827083503222086, 1.5207428721770637, -2.3075937930979262, 2.520271980270154
3301, 33.007186411149824, -2.329090350131203, 2.5304520713714553, -2.1496711731729747, 1.0180470028559867, 0.0, 0.0, -2.435056237537583, 1.5222545018375009, -2.3290915778929433, 2.5304512646228616
3302, 33.017188588850175, -2.350587061862933, 2.540632541400015, -2.1496711731729747, 1.0180470028559867, 0.0, 0.0, -2.486441097781287, 1.523637675994213, -2.3505864064599757, 2.5406334586988493
3303, 33.02719076655052, -2.372083773594663, 2.550813011428575, -2.1496711731729747, 1.0180470028559867, 0.0, 0.0, -2.5368386666176432, 1.5248921986429005, -2.372084038955278, 2.5508137207727932
3304, 33.03719294425087, -2.3935804853263924, 2.560993481457135, -2.1496711731729747, 1.0180470028559867, 0.0, 0.0, -2.586225178397601, 1.526017890121622, -2.3935826081470433, 2.560992355964975
3305, 33.04719512195122, -2.4150771970581224, 2.5711739514856946, -2.1496711731729747, 1.0180470028559867, 0.0, 0.0, -2.634577377306683, 1.5270145871357712, -2.4150770838638564, 2.5711740304045114
3306, 33.05719729965156, -2.4362399393322267, 2.5806306911640373, -2.0424798723230224, 0.8541694200492619, 14.758871017483008, -18.300909556997045, -2.036040171627525, 1.1523717581260753, -2.4362409303548254, 2.580630130272651
3307, 33.06719947735191, -2.455926794504583, 2.5882573398866797, -1.8948911621481925, 0.6711603244792912, 14.758871017483008, -18.300909556997045, -2.012151815806646, 1.0546590101072193, -2.455925182635825, 2.588258286082199
3308, 33.077201655052264, -2.474137762575191, 2.594053897653623, -1.747302451973362, 0.4881512289093208, 14.758871017483008, -18.300909556997045, -1.9833354039097246, 0.9578382792249539, -2.47413907467137, 2.5940519874179535
3309, 33.087203832752614, -2.49087284354405, 2.5980203644648663, -1.5997137417985319, 0.30514213333935003, 14.758871017483008, -18.300909556997045, -1.949881978668625, 0.861827042584393, -2.4908725050347176, 2.5980198602240256
3310, 33.09720601045296, -2.5061320374111613, 2.60015674032041, -1.452125031623702, 0.12213303776937956, 14.758871017483008, -18.300909556997045, -1.9120627060605677, 0.766552061764278, -2.506130343268314, 2.6001570359221144
3311, 33.10720818815331, -2.5199153441765243, 2.600463025220254, -1.3045363214488717, -0.06087605780059113, 14.758871017483008, -18.300909556997045, -1.870127099126178, 0.6719497931851555, -2.51991419007371, 2.6004635552078015
3312, 33.11721036585366, -2.5322227638401387, 2.5989392191643983, -1.1569476112740413, -0.24388515337056182, 14.758871017483008, -18.300909556997045, -1.8243014933911443, 0.5779667039603049, -2.5322228492360406, 2.598938839328819
3313, 33.127212543554, -2.543054296402005, 2.5955853221528424, -1.009358901099211, -0.4268942489405324, 14.758871017483008, -18.300909556997045, -1.774787753706872, 0.4845595002044702, -2.5430552021355424, 2.595585533371775
3314, 33.13721472125435, -2.552409941862123, 2.5904013341855876, -0.8617701909243809, -0.609903344510503, 14.758871017483008, -18.300909556997045, -1.7217621950441413, 0.39169527262296394, -2.552409229255917, 2.590402084636273
3315, 33.1472168989547, -2.5602897002204927, 2.5833872552626325, -0.7141814807495507, -0.7929124400804737, 14.758871017483008, -18.300909556997045, -1.6653747027055632, 0.29935156200225344, -2.5602883716411453, 2.58338699323011
3316, 33.157219076655046, -2.566693571477114, 2.574543085383978, -0.5665927705747202, -0.9759215356504444, 14.758871017483008, -18.300909556997045, -1.6057480405197806, 0.2075163450000787, -2.5666938077409944, 2.5745420406303303
3317, 33.1672212543554, -2.571621555631987, 2.5638688245496235, -0.41900406039989035, -1.1589306312204148, 14.758871017483008, -18.300909556997045, -1.5429773387982024, 0.11618793841521968, -2.5716200318907148, 2.5638685546348774
3318, 33.17722343205575, -2.575073652685112, 2.5513644727595697, -0.27141535022506025, -1.3419397267903856, 14.758871017483008, -18.300909556997045, -1.4771297571309958, 0.025374817931482774, -2.5750755142815933, 2.551365703755565
3319, 33.1872256097561, -2.577049862636488, 2.537030030013816, -0.1238266400502297, -1.524948822360356, 14.758871017483008, -18.300909556997045, -1.4082443204311454, -0.06490465479398166, -2.577048786023914, 2.5370292519854316
3320, 33.19722778745644, -2.5775501854861163, 2.5208654963123625, 0.023762070124600188, -1.707957917930327, 14.758871017483008, -18.300909556997045, -1.3363319299614531, -0.15462260486000157, -2.5775498161403285, 2.5208649710386877
3321, 33.20722996515679, -2.576574621233996, 2.5028708716552095, 0.17135078029943074, -1.8909670135002976, 14.758871017483008, -18.300909556997045, -1.261375554355417, -0.24374212673529283, -2.5765736632537224, 2.5028706859201293
3322, 33.21723214285714, -2.574123169880128, 2.4830461560423567, 0.31893949047426084, -2.0739761090702675, 14.758871017483008, -18.300909556997045, -1.1833306088225313, -0.33221788856267853, -2.5741213327093124, 2.483045568853796
3323, 33.227234320557486, -2.570195831424511, 2.461391349473804, 0.46652820064909095, -2.2569852046402383, 14.758871017483008, -18.300909556997045, -1.1021255337610583, -0.41999687148759424, -2.570196103489689, 2.4613893846464063
3324, 33.237236498257836, -2.564792605867146, 2.4379064519495515, 0.6141169108239213, -2.439994300210209, 14.758871017483008, -18.300909556997045, -1.01766258683157, -0.5070192586125318, -2.5647927790825436, 2.437903650349043
3325, 33.24723867595819, -2.5579134932080327, 2.4125914634695995, 0.7617056209987514, -2.62300339578018, 14.758871017483008, -18.300909556997045, -0.9298188651114293, -0.593219489129698, -2.557913958087447, 2.41259083890663
3326, 33.25724085365854, -2.549558493447171, 2.385446384033948, 0.9092943311735815, -2.8060124913501503, 14.758871017483008, -18.300909556997045, -0.8384475761864674, -0.6785274937546514, -2.549557550319694, 2.385446090910387
3327, 33.26724303135888, -2.539727606584561, 2.3564712136425965, 1.0568830413484118, -2.9890215869201215, 14.758871017483008, -18.300909556997045, -0.7433795788670303, -0.7628701277042628, -2.539727869835127, 2.3564709764825182
3328, 33.27724520905923, -2.5284208326202027, 2.3256659522955454, 1.2044717515232422, -3.172030682490092, 14.758871017483008, -18.300909556997045, -0.6444252155597556, -0.8461728170567105, -2.5284201372379096, 2.3256653152844975
3329, 33.28724738675958, -2.5156381715540963, 2.293030599992795, 1.3520604616980723, -3.3550397780600623, 14.758871017483008, -18.300909556997045, -0.5413764590953049, -0.9283614333172449, -2.5156368009374512, 2.2930328043989796
3330, 33.297249564459925, -2.5013796233862413, 2.258565156734344, 1.4996491718729024, -3.5380488736300326, 14.758871017483008, -18.300909556997045, -0.4340093969103962, -1.0093644093039393, -2.5013816370652706, 2.258565435356279
3331, 33.307251742160275, -2.485645188116638, 2.2222696225201943, 1.6472378820477327, -3.721057969200004, 14.758871017483008, -18.300909556997045, -0.3220870748088249, -1.089115106972053, -2.485643918931918, 2.2222707819012744
3332, 33.317253919860626, -2.4684348657452864, 2.1841439973503443, 1.7948265922225626, -3.9040670647699742, 14.758871017483008, -18.300909556997045, -0.20536272097495467, -1.1675544444216954, -2.4684347719173507, 2.184144325765404
3333, 33.327256097560976, -2.449748656272187, 2.1441882812247943, 1.9424153023973934, -4.087076160339945, 14.758871017483008, -18.300909556997045, -0.08358336837627456, -1.2446337849901368, -2.4497497865730047, 2.1441873451091227
3334, 33.33725827526132, -2.4295865596973387, 2.1024024741435454, 2.0900040125722237, -4.270085255909915, 14.758871017483008, -18.300909556997045, 0.043506109939399185, -1.3203180859301977, -2.429587103224348, 2.102403429935049
3335, 33.34726045296167, -2.4079485760207424, 2.058786576106596, 2.237592722747053, -4.453094351479887, 14.758871017483008, -18.300909556997045, 0.17615854297674716, -1.3945892976409113, -2.4079492314779913, 2.058785901247021
3336, 33.35726263066202, -2.3848347052423975, 2.013340587113947, 2.385181432921884, -4.636103447049856, 14.758871017483008, -18.300909556997045, 0.3146195778084452, -1.467449996679576, -2.3848338704252625, 2.0133392986621463
3337, 33.367264808362364, -2.3602449473623044, 1.9660645071655987, 2.5327701430967138, -4.819112542619828, 14.758871017483008, -18.300909556997045, 0.4591223734380493, -1.5389272267973007, -2.3602460503233726, 1.9660636074777993
3338, 33.377266986062715, -2.3341793023804636, 1.9169583362615508, 2.680358853271544, -5.002121638189798, 14.758871017483008, -18.300909556997045, 0.609881885440928, -1.609076511978843, -2.3341787288494653, 1.9169579243019486
3339, 33.387269163763065, -2.3066377702968737, 1.8660220744018028, 2.827947563446374, -5.185130733759768, 14.758871017483008, -18.300909556997045, 0.767088764779714, -1.677985993938969, -2.3066391699220046, 1.866022681798804
3340, 33.39727134146341, -2.2776203511115356, 1.8132557215863552, 2.9755362736212048, -5.368139829329739, 14.758871017483008, -18.300909556997045, 0.930902906172482, -1.7457806337767499, -2.2776209497825395, 1.8132550837445303
3341, 33.40727351916376, -2.2471270448244494, 1.758659277815208, 3.1231249837960346, -5.551148924899709, 14.758871017483008, -18.300909556997045, 1.1014466948674257, -1.8126264036082427, -2.247126565401087, 1.758657876129982
3342, 33.41727569686411, -2.215157851435615, 1.702232743088361, 3.2707136939708645, -5.73415802046968, 14.758871017483008, -18.300909556997045, 1.2787980155788476, -1.8787343791336095, -2.2151587395620185, 1.702231150556548
3343, 33.42727787456446, -2.1817127709450324, 1.6439761174058143, 3.4183024041456953, -5.917167116039651, 14.758871017483008, -18.300909556997045, 1.4629831035427614, -1.9443646284575646, -2.1817122218081137, 1.6439771093081197
3344, 33.4372800522648, -2.146791803352701, 1.583889400767568, 3.565891114320525, -6.100176211609622, 14.758871017483008, -18.300909556997045, 1.6539693349694984, -2.0098297763551143, -2.1467916563085487, 1.5838901010085777
3345, 33.447282229965154, -2.1103949486586213, 1.5219725931736217, 3.7134798244953555, -6.2831853071795924, 14.758871017483008, -18.300909556997045, 1.8516580723460334, -2.0754981069212723, -2.1103939728254835, 1.521973539660186
3346, 33.457284407665504, -2.0732601504136694, 1.459140740101828, 3.7134798244953506, -6.283185307179586, 0.0, 0.0, 1.148670416540769, -2.0665758368432936, -2.073258310642061, 1.4591421585562783
3347, 33.46728658536585, -2.0361253521687157, 1.396308887030032, 3.7134798244953506, -6.283185307179586, 0.0, 0.0, 1.245350763706876, -2.0838205849824023, -2.036125875283029, 1.3963085884875603
3348, 33.4772887630662, -1.998990553923762, 1.333477033958236, 3.7134798244953506, -6.283185307179586, 0.0, 0.0, 1.343075542719618, -2.1026563610305162, -1.9989914664221289, 1.3334772951130967
3349, 33.48729094076655, -1.9618557556788088, 1.27064518088644, 3.7134798244953506, -6.283185307179586, 0.0, 0.0, 1.441703758606676, -2.1230590866810086, -1.9618543488767435, 1.2706443726747523
3350, 33.4972931184669, -1.924720957433855, 1.2078133278146441, 3.7134798244953506, -6.283185307179586, 0.0, 0.0, 1.541094220652552, -2.145000172308637, -1.924720246690615, 1.2078129437323246
3351, 33.50729529616724, -1.8875861591889016, 1.1449814747428484, 3.7134798244953506, -6.283185307179586, 0.0, 0.0, 1.6411057202802941, -2.1684465955098355, -1.8875848439559273, 1.1449794322315328
3352, 33.51729747386759, -1.850451360943948, 1.0821496216710524, 3.7134798244953506, -6.283185307179586, 0.0, 0.0, 1.7415972037032377, -2.193360996055296, -1.8504509579771056, 1.0821495860586219
3353, 33.527299651567944, -1.8133165626989944, 1.0193177685992565, 3.7134798244953506, -6.283185307179586, 0.0, 0.0, 1.842427939221108, -2.219701786903465, -1.8133165665408058, 1.0193174814129182
3354, 33.53730182926829, -1.776181764454041, 0.9564859155274605, 3.7134798244953506, -6.283185307179586, 0.0, 0.0, 1.9434576790633378, -2.247423280860896, -1.7761815378003927, 0.9564867745288262
3355, 33.54730400696864, -1.7390469662090875, 0.8936540624556646, 3.7134798244953506, -6.283185307179586, 0.0, 0.0, 2.044546815710437, -2.2764758324143153, -1.7390455928840922, 0.8936540639646778
3356, 33.55730618466899, -1.7019121679641338, 0.8308222093838686, 3.7134798244953506, -6.283185307179586, 0.0, 0.0, 2.145556532651769, -2.3068059942000745, -1.701911319761272, 0.8308219425557344
3357, 33.56730836236934, -1.6647773697191803, 0.7679903563120729, 3.7134798244953506, -6.283185307179586, 0.0, 0.0, 2.246348949564937, -2.3383566875195108, -1.6647776674306511, 0.7679901038659271
3358, 33.57731054006968, -1.6276425714742269, 0.705158503240277, 3.7134798244953506, -6.283185307179586, 0.0, 0.0, 2.3467872619280814, -2.3710673862539764, -1.6276428180992915, 0.7051586893148374
3359, 33.58731271777003, -1.5905077732292732, 0.642326650168481, 3.7134798244953506, -6.283185307179586, 0.0, 0.0, 2.446735875101591, -2.4048743134809945, -1.5905071907574706, 0.6423270912387835
3360, 33.59731489547038, -1.5533729749843197, 0.579494797096685, 3.7134798244953506, -6.283185307179586, 0.0, 0.0, 2.546060532939996, -2.439710650043502, -1.5533713292025042, 0.5794942401927891
3361, 33.60731707317073, -1.5162381767393662, 0.5166629440248891, 3.7134798244953506, -6.283185307179586, 0.0, 0.0, 2.6446284410179937, -2.4755067542775153, -1.5162386987614398, 0.5166635924390481
3362, 33.61731925087108, -1.4791033784944125, 0.45383109095309315, 3.7134798244953506, -6.283185307179586, 0.0, 0.0, 2.742308384576538, -2.5121903920601043, -1.4791041321306866, 0.4538284264653078
3363, 33.62732142857143, -1.441968580249459, 0.3909992378812972, 3.7134798244953506, -6.283185307179586, 0.0, 0.0, 2.838970841315691, -2.5496869762993524, -1.4419686146559647, 0.39099923318271335
3364, 33.63732360627177, -1.4048337820045056, 0.32816738480950125, 3.7134798244953506, -6.283185307179586, 0.0, 0.0, 2.9344880891803635, -2.5879198149512486, -1.404833784020767, 0.32816743669888276
3365, 33.64732578397212, -1.367698983759552, 0.2653355317377053, 3.7134798244953506, -6.283185307179586, 0.0, 0.0, 3.0287343093030445, -2.6268103666152993, -1.3676992440809046, 0.2653342305947164
3366, 33.65732796167247, -1.3305641855145984, 0.20250367866590935, 3.7134798244953506, -6.283185307179586, 0.0, 0.0, 3.1215856842841445, -2.6662785027312292, -1.3305650653092682, 0.20250385885764552
3367, 33.66733013937282, -1.293429387269645, 0.1396718255941134, 3.7134798244953506, -6.283185307179586, 0.0, 0.0, 3.21292049200558, -2.7062427753735383, -1.293430334836895, 0.13967185881379277
3368, 33.677332317073166, -1.2562945890246915, 0.07683997252231789, 3.7134798244953506, -6.283185307179586, 0.0, 0.0, 3.3026191951865567, -2.7466206896190344, -1.2562944466894392, 0.07684083020013707
3369, 33.687334494773516, -1.2191597907797378, 0.014008119450521939, 3.7134798244953506, -6.283185307179586, 0.0, 0.0, 3.390564526902263, -2.7873289794448404, -1.2191601743995337, 0.014008308628135456
3370, 33.69733667247387, -1.1820249925347843, -0.04882373362127401, 3.7134798244953506, -6.283185307179586, 0.0, 0.0, 3.4766415722962294, -2.828283886100818, -1.1820236171543221, -0.04882193337780648
3371, 33.70733885017421, -1.1448901942898309, -0.11165558669306996, 3.7134798244953506, -6.283185307179586, 0.0, 0.0, 3.560737846725425, -2.8694014378909856, -1.1448918791572071, -0.11165576512409431
3372, 33.71734102787456, -1.1077553960448772, -0.17448743976486591, 3.7134798244953506, -6.283185307179586, 0.0, 0.0, 3.642743370583743, -2.910597730293281, -1.1077558406639756, -0.17448822776199552
3373, 33.72734320557491, -1.0712718346809975, -0.23647563394514948, 3.574037453691674, -6.098895653883543, -14.863736539258884, 19.98475282896152, 2.689390318494198, -3.087145000654446, -1.0712712482859281, -0.2364756393821861
3374, 33.73734538327526, -1.0362746469710435, -0.2964653528425367, 3.4254000882990847, -5.899048125593928, -14.863736539258884, 19.98475282896152, 2.695945009877806, -3.0149571794457466, -1.036272503896098, -0.29646406512539863
3375, 33.747347560975605, -1.0027638329150155, -0.3544565964570283, 3.2767627229064957, -5.699200597304312, -14.863736539258884, 19.98475282896152, 2.6987729786606947, -2.938880392808918, -1.0027627587225116, -0.35445444488853556
3376, 33.757349738675956, -0.9707393925129137, -0.41044936478862337, 3.1281253575139067, -5.499353069014697, -14.863736539258884, 19.98475282896152, 2.6977252852687617, -2.8593147161365864, -0.9707393779247467, -0.41044748584802515
3377, 33.767351916376306, -0.9402013257647375, -0.4644436578373221, 2.9794879921213178, -5.2995055407250815, -14.863736539258884, 19.98475282896152, 2.692678871498291, -2.7766539192407413, -0.9402011603287954, -0.4644428954987414
3378, 33.77735409407665, -0.9111496326704873, -0.516439475603125, 2.830850626728729, -5.099658012435467, -14.863736539258884, 19.98475282896152, 2.683536263549528, -2.6912803474585965, -0.9111493253396148, -0.5164387610641812
3379, 33.787356271777, -0.883584313230163, -0.5664368180860317, 2.68221326133614, -4.899810484145851, -14.863736539258884, 19.98475282896152, 2.670224737646329, -2.6035608298651125, -0.8835845372511669, -0.5664374014258756
3380, 33.79735844947735, -0.8575053674437644, -0.6144356852860422, 2.5335758959435513, -4.699962955856235, -14.863736539258884, 19.98475282896152, 2.6526950239781133, -2.5138435270177486, -0.8575048219725792, -0.6144362739560262
3381, 33.8073606271777, -0.8329127953112918, -0.6604360772031564, 2.384938530550962, -4.50011542756662, -14.863736539258884, 19.98475282896152, 2.6309196246489526, -2.422455625264395, -0.8329141241759693, -0.6604359716638724
3382, 33.817362804878044, -0.809806596832745, -0.7044379938373746, 2.2363011651583724, -4.300267899277006, -14.863736539258884, 19.98475282896152, 2.6048908194239333, -2.329701782345765, -0.8098067327680055, -0.7044376009453597
3383, 33.827364982578395, -0.7881867720081244, -0.7464414351886967, 2.087663799765784, -4.10042037098739, -14.863736539258884, 19.98475282896152, 2.574618429727596, -2.235863229283654, -0.7881847924809199, -0.7464415214704555
3384, 33.837367160278745, -0.7680533208374294, -0.7864464012571224, 1.9390264343731949, -3.9005728426977737, -14.863736539258884, 19.98475282896152, 2.5401274069410267, -2.141197435867016, -0.7680526679929947, -0.786446138205847
3385, 33.84736933797909, -0.7494062433206604, -0.8244528920426522, 1.790389068980606, -3.7007253144081584, -14.863736539258884, 19.98475282896152, 2.5014553058920352, -2.045938250972255, -0.7494070561520032, -0.8244529626459258
3386, 33.85737151567944, -0.7322455394578172, -0.8604609075452856, 1.641751703588017, -3.5008777861185436, -14.863736539258884, 19.98475282896152, 2.458649698825025, -1.9502964340731133, -0.7322456896176974, -0.8604602342961422
3387, 33.86737369337979, -0.7165712092489, -0.894470447765023, 1.4931143381954277, -3.3010302578289283, -14.863736539258884, 19.98475282896152, 2.4117655793204245, -1.8544605002487549, -0.7165709070684899, -0.8944702891194812
3388, 33.87737587108014, -0.7023832526939087, -0.9264815127018643, 1.3444769728028392, -3.101182729539313, -14.863736539258884, 19.98475282896152, 2.36086279981477, -1.758597807475193, -0.7023822802331294, -0.9264808203442956
3389, 33.887378048780484, -0.6896816697928432, -0.9564941023558093, 1.1958396074102495, -2.9013352012496973, -14.863736539258884, 19.98475282896152, 2.306003580719886, -1.6628558217220477, -0.6896808396927818, -0.9564948316050564
3390, 33.897380226480834, -0.6784664605457037, -0.9845082167268584, 1.0472022420176612, -2.7014876729600816, -14.863736539258884, 19.98475282896152, 2.247250123785874, -1.5673635021564065, -0.6784656998242308, -0.9845081590470595
3391, 33.907382404181185, -0.66873762495249, -1.010523855815011, 0.898564876625072, -2.501640144670467, -14.863736539258884, 19.98475282896152, 2.1846623573977713, -1.4722327554032688, -0.6687383615049315, -1.0105245224636727
3392, 33.91738458188153, -0.6604951630132022, -1.0345410196202676, 0.749927511232483, -2.3017926163808515, -14.863736539258884, 19.98475282896152, 2.1182958370105895, -1.3775599141915151, -0.6604963924851961, -1.0345406833454251
3393, 33.92738675958188, -0.6537390747278402, -1.0565597081426281, 0.601290145839894, -2.1019450880912363, -14.863736539258884, 19.98475282896152, 2.048199819957002, -1.2834272017241453, -0.653739891051983, -1.0565594237426406
3394, 33.93738893728223, -0.6484693600964043, -1.0765799213820926, 0.45265278044730484, -1.9020975598016205, -14.863736539258884, 19.98475282896152, 1.9744155304284736, -1.1899041486811197, -0.6484705966580452, -1.07658079882909
3395, 33.94739111498257, -0.6446860191188942, -1.0946016593386605, 0.3040154150547161, -1.7022500315120057, -14.863736539258884, 19.98475282896152, 1.8969746275377448, -1.0970489348488224, -0.644685988938801, -1.094601149003456
3396, 33.95739329268292, -0.6423890517953099, -1.1106249220123325, 0.1553780496621271, -1.5024025032223902, -14.863736539258884, 19.98475282896152, 1.815897887004685, -1.0049096319513042, -0.6423895222383306, -1.1106235496345296
3397, 33.96739547038327, -0.6415784581256516, -1.1246497094031085, 0.006740684269538111, -1.302554974932775, -14.863736539258884, 19.98475282896152, 1.7311941051425566, -0.9135253283340001, -0.641578835400356, -1.1246508363952303
3398, 33.977397648083624, -0.6422542381099192, -1.1366760215109881, -0.14189668112305087, -1.1027074466431595, -14.863736539258884, 19.98475282896152, 1.6428592324193805, -0.8229271197357699, -0.6422562142550409, -1.1366765401034955
3399, 33.98739982578397, -0.6444163917481127, -1.1467038583359717, -0.29053404651563985, -0.9028599183535442, -14.863736539258884, 19.98475282896152, 1.5508757428827626, -0.7331389535086013, -0.6444171113133269, -1.1467031013528362
3400, 33.99740200348432, -0.6480649190402321, -1.154733219878059, -0.4391714119082286, -0.7030123900639287, -14.863736539258884, 19.98475282896152, 1.4552122451118006, -0.6441783163456161, -0.6480651196873765, -1.1547325460184426
3401, 34.00740418118467, -0.6531998199862772, -1.1607641061372502, -0.5878087773008178, -0.5031648617743134, -14.863736539258884, 19.98475282896152, 1.3558233400363777, -0.5560567579054291, -0.6531992039104101, -1.1607646699511516
3402, 34.01740635888501, -0.6598210945862484, -1.1647965171135453, -0.736446142693407, -0.30331733348469814, -14.863736539258884, 19.98475282896152, 1.2526497308774447, -0.46878024472931, -0.659819446886089, -1.164796516638656
3403, 34.02740853658536, -0.6679287428401454, -1.1668304528069442, -0.8850835080859959, -0.10346980519508242, -14.863736539258884, 19.98475282896152, 1.1456185905430356, -0.3823493405972096, -0.6679290385849892, -1.1668304735871102
3404, 34.03741071428571, -0.6775227647479684, -1.166865913217447, -1.0337208734785848, 0.09637772309453285, -14.863736539258884, 19.98475282896152, 1.0346441919921296, -0.2967592110234119, -0.6775223959023713, -1.1668650464910015
3405, 34.04741289198606, -0.6886031603097171, -1.1649028983450536, -1.182358238871174, 0.2962252513841481, -14.863736539258884, 19.98475282896152, 0.9196288072779156, -0.21199945101903966, -0.6886024564120744, -1.164902943027597
3406, 34.05741506968641, -0.7011699295253918, -1.160941408189764, -1.330995604263763, 0.4960727796737634, -14.863736539258884, 19.98475282896152, 0.8004638811273327, -0.12805373661515052, -0.701170039163734, -1.1609415920847745
3407, 34.06741724738676, -0.7152230723949924, -1.1549814427515783, -1.4796329696563517, 0.6959203079633786, -14.863736539258884, 19.98475282896152, 0.6770314849273313, -0.04489930201588849, -0.7152227920449263, -1.1549822789727624
3408, 34.07741942508711, -0.730762588918519, -1.1470230020304963, -1.6282703350489405, 0.895767836252994, -14.863736539258884, 19.98475282896152, 0.5492060567911613, 0.03749375429470597, -0.7307630833776478, -1.1470251501095512
3409, 34.08742160278745, -0.7477884790959712, -1.1370660860265183, -1.77690770044153, 1.0956153645426094, -14.863736539258884, 19.98475282896152, 0.4168564328905374, 0.11916332956764908, -0.7477880847266433, -1.137066046258273
3410, 34.0974237804878, -0.7663007429273495, -1.125110694739644, -1.9255450658341187, 1.295462892832225, -14.863736539258884, 19.98475282896152, 0.2798481743819432, 0.20015633618646106, -0.7663007386985025, -1.1251105120862137
3411, 34.10742595818815, -0.7862993804126537, -1.1111568281698738, -2.0741824312267076, 1.4953104211218402, -14.863736539258884, 19.98475282896152, 0.13804619294812448, 0.2805298716151136, -0.7862996118759048, -1.1111575294130456
3412, 34.1174281358885, -0.8077843915518836, -1.0952044863172072, -2.2228197966192966, 1.6951579494114555, -14.863736539258884, 19.98475282896152, -0.008682323858876684, 0.3603525276329512, -0.8077835678205184, -1.0952062277645096
3413, 34.127430313588846, -0.8300125895180759, -1.0782529068230935, -2.2228197966192917, 1.6951579494114488, 0.0, 0.0, 0.7967383528080823, 0.43602860951581524, -0.8300140027885108, -1.0782530585770456
3414, 34.137432491289196, -0.8522407874842688, -1.0613013273289789, -2.2228197966192917, 1.6951579494114488, 0.0, 0.0, 0.7357929810441566, 0.43195832365202064, -0.852240684163493, -1.0612995405544883
3415, 34.14743466898955, -0.8744689854504618, -1.0443497478348645, -2.2228197966192917, 1.6951579494114488, 0.0, 0.0, 0.6737645744829659, 0.4279219967957796, -0.8744704732693448, -1.0443490859192608
3416, 34.15743684668989, -0.8966971834166547, -1.0273981683407498, -2.2228197966192917, 1.6951579494114488, 0.0, 0.0, 0.6106816729044837, 0.42391952610017597, -0.896697887391346, -1.0273970889437942
3417, 34.16743902439024, -0.9189253813828476, -1.0104465888466354, -2.2228197966192917, 1.6951579494114488, 0.0, 0.0, 0.5465733462133187, 0.41995080140459895, -0.9189256160094823, -1.0104460600805973
3418, 34.17744120209059, -0.9411535793490405, -0.9934950093525209, -2.2228197966192917, 1.6951579494114488, 0.0, 0.0, 0.4814691800912534, 0.4160157053014871, -0.9411534081926539, -0.993495629650755
3419, 34.187443379790935, -0.9633817773152336, -0.9765434298584064, -2.2228197966192917, 1.6951579494114488, 0.0, 0.0, 0.41539926139346095, 0.412114113205087, -0.9633850423586215, -0.9765431427829807
3420, 34.197445557491285, -0.9856099752814265, -0.9595918503642918, -2.2228197966192917, 1.6951579494114488, 0.0, 0.0, 0.3483941632956413, 0.4082458934222045, -0.9856086977101912, -0.9595903125996684
3421, 34.207447735191636, -1.0078381732476194, -0.9426402708701773, -2.2228197966192917, 1.6951579494114488, 0.0, 0.0, 0.28048493019940945, 0.40441090722492723, -1.0078379505717618, -0.9426384338321926
3422, 34.217449912891986, -1.0300663712138123, -0.9256886913760628, -2.2228197966192917, 1.6951579494114488, 0.0, 0.0, 0.21170306240342573, 0.4006090089252995, -1.030066781720327, -0.9256898446108854
3423, 34.22745209059233, -1.0522945691800052, -0.9087371118819484, -2.2228197966192917, 1.6951579494114488, 0.0, 0.0, 0.1420805005478467, 0.396840045951924, -1.0522939956073363, -0.9087373592870238
3424, 34.23745426829268, -1.074522767146198, -0.8917855323878339, -2.2228197966192917, 1.6951579494114488, 0.0, 0.0, 0.07164960983978763, 0.3931038589284674, -1.074520964701503, -0.8917855126485599
3425, 34.24745644599303, -1.096750965112391, -0.8748339528937193, -2.2228197966192917, 1.6951579494114488, 0.0, 0.0, 0.00044316406762678895, 0.38940028175404956, -1.0967531086511555, -0.8748338082868469
3426, 34.257458623693374, -1.118979163078584, -0.8578823733996048, -2.2228197966192917, 1.6951579494114488, 0.0, 0.0, -0.07150567058796398, 0.38572914168548744, -1.118979269207471, -0.8578838626233302
3427, 34.267460801393725, -1.141207361044777, -0.8409307939054903, -2.2228197966192917, 1.6951579494114488, 0.0, 0.0, -0.1441633519382215, 0.3820902594213733, -1.1412083940125377, -0.8409315243003749
3428, 34.277462979094075, -1.16343555901097, -0.8239792144113758, -2.2228197966192917, 1.6951579494114488, 0.0, 0.0, -0.21749597835763246, 0.3784834491879622, -1.163435875276302, -0.8239811509142991
3429, 34.287465156794426, -1.1856637569771629, -0.8070276349172614, -2.2228197966192917, 1.6951579494114488, 0.0, 0.0, -0.29146930553421346, 0.37490851882683585, -1.1856638179235723, -0.8070271220936027
3430, 34.29746733449477, -1.2078919549433558, -0.7900760554231469, -2.2228197966192917, 1.6951579494114488, 0.0, 0.0, -0.3660487633904186, 0.3713652698843293, -1.2078925313992404, -0.7900748542090769
3431, 34.30746951219512, -1.230120152909549, -0.7731244759290323, -2.2228197966192917, 1.6951579494114488, 0.0, 0.0, -0.44119947316631936, 0.3678534977026811, -1.230120782478545, -0.7731249816960747
3432, 34.31747168989547, -1.2523483508757418, -0.7561728964349178, -2.2228197966192917, 1.6951579494114488, 0.0, 0.0, -0.5168862646565882, 0.3643729915128887, -1.2523482222936415, -0.7561738441830176
3433, 34.32747386759581, -1.2745765488419347, -0.7392213169408033, -2.2228197966192917, 1.6951579494114488, 0.0, 0.0, -0.5930736935927505, 0.3609235345292373, -1.2745781580672928, -0.7392207761906915
3434, 34.337476045296164, -1.2968047468081276, -0.7222697374466888, -2.2228197966192917, 1.6951579494114488, 0.0, 0.0, -0.6697260591621137, 0.357504904045474, -1.2968038896430771, -0.7222692152223263
3435, 34.347478222996514, -1.3185375121515823, -0.7058239407503216, -2.146595891965358, 1.6114367896708763, 5.336128476022847, -6.628575993167641, -0.35651332511611, 0.38353711726269185, -1.3185365461030352, -0.7058233118252873
3436, 34.357480400696865, -1.339736664647435, -0.6900410016532712, -2.0932346072051295, 1.5451510297391997, 5.336128476022847, -6.628575993167641, -0.4002724375338854, 0.3507065681195178, -1.3397367530745814, -0.6900405005294565
3437, 34.36748257839721, -1.360402204295685, -0.6749209201555376, -2.039873322444901, 1.4788652698075235, 5.336128476022847, -6.628575993167641, -0.44295481643307266, 0.31750038471213415, -1.3604016676685058, -0.674922624040304
3438, 34.37748475609756, -1.3805341310963328, -0.6604636962571208, -1.9865120376846725, 1.412579509875847, 5.336128476022847, -6.628575993167641, -0.4844959903363357, 0.2839289642683962, -1.3805346931935363, -0.6604630019493473
3439, 34.38748693379791, -1.4001324450493784, -0.6466693299580206, -1.9331507529244443, 1.3462937499441703, 5.336128476022847, -6.628575993167641, -0.5248361803528387, 0.2500029262168811, -1.4001303494332726, -0.6466684429482152
3440, 34.39748911149825, -1.4191971461548218, -0.6335378212582373, -1.8797894681642153, 1.2800079900124937, 5.336128476022847, -6.628575993167641, -0.5639201164231109, 0.2157330463819705, -1.4191955545264776, -0.6335378037471233
3441, 34.4074912891986, -1.4377282344126627, -0.6210691701577707, -1.8264281834039868, 1.2137222300808175, 5.336128476022847, -6.628575993167641, -0.6016968493223424, 0.18113019581823459, -1.4377292191107478, -0.621068667285986
3442, 34.417493466898954, -1.4557257098229015, -0.6092633766566209, -1.7730668986437583, 1.147436470149141, 5.336128476022847, -6.628575993167641, -0.6381195595136104, 0.14620528411077283, -1.4557255570587913, -0.6092656905472329
3443, 34.4274956445993, -1.473189572385538, -0.5981204407547879, -1.7197056138835298, 1.0811507102174645, 5.336128476022847, -6.628575993167641, -0.6731453638750634, 0.11096920695840573, -1.4731905492338617, -0.5981198091531834
3444, 34.43749782229965, -1.4901198221005723, -0.5876403624522716, -1.6663443291233013, 1.014864950285788, 5.336128476022847, -6.628575993167641, -0.7067351212584141, 0.07543279784946794, -1.4901196709793583, -0.587639488582101
3445, 34.4475, -1.506516458968004, -0.5778231417490721, -1.6129830443630728, 0.9485791903541115, 5.336128476022847, -6.628575993167641, -0.7388532377704332, 0.039606783635244724, -1.5065135407643135, -0.5778246983828554
3446, 34.45750217770035, -1.5223794829878337, -0.5686687786451894, -1.559621759602844, 0.8822934304224352, 5.336128476022847, -6.628575993167641, -0.7694674726048397, 0.0035017438036141213, -1.522378378355585, -0.5686672883986716
3447, 34.46750435540069, -1.537708894160061, -0.5601772731406234, -1.5062604748426156, 0.8160076704907586, 5.336128476022847, -6.628575993167641, -0.7985487451892741, -0.03287192674500444, -1.5377098209519018, -0.5601782764218561
3448, 34.47750653310104, -1.552504692484686, -0.5523486252353742, -1.452899190082387, 0.749721910559082, 5.336128476022847, -6.628575993167641, -0.8260709443511834, -0.06950405161589596, -1.5525050267512919, -0.552348931056452
3449, 34.48750871080139, -1.5667668779617088, -0.5451828349294418, -1.3995379053221588, 0.6834361506274057, 5.336128476022847, -6.628575993167641, -0.8520107401475258, -0.10638470372591569, -1.5667662573339176, -0.5451824965263605
3450, 34.497510888501736, -1.5804954505911293, -0.538679902222826, -1.3461766205619303, 0.6171503906957292, 5.336128476022847, -6.628575993167641, -0.8763473989464907, -0.14350423318581784, -1.5804950441953074, -0.5386815631052078
3451, 34.50751306620209, -1.5936904103729475, -0.5328398271155271, -1.2928153358017016, 0.5508646307640528, 5.336128476022847, -6.628575993167641, -0.8990626022949489, -0.18085329244192622, -1.5936911927065418, -0.5328384329577881
3452, 34.51751524390244, -1.6063517573071633, -0.527662609607545, -1.2394540510414733, 0.48457887083237633, 5.336128476022847, -6.628575993167641, -0.9201402700532322, -0.21842285885287036, -1.6063525942922614, -0.527662374404206
3453, 34.52751742160279, -1.6184794913937768, -0.5231482496988796, -1.1860927662812446, 0.41829311090069987, 5.336128476022847, -6.628575993167641, -0.9395663882291384, -0.2562042548688229, -1.6184786188809588, -0.5231484458808948
3454, 34.53751959930313, -1.6300736126327882, -0.519296747389531, -1.132731481521016, 0.3520073509690233, 5.336128476022847, -6.628575993167641, -0.9573288418958623, -0.2941891659714636, -1.6300731463210376, -0.5192975050294013
3455, 34.54752177700348, -1.6411341210241972, -0.5161081026794991, -1.0793701967607874, 0.28572159103734696, 5.336128476022847, -6.628575993167641, -0.9734172535337724, -0.332369656522788, -1.6411326734977312, -0.5161083536698723
3456, 34.55752395470383, -1.651661016568004, -0.513582315568784, -1.026008912000559, 0.21943583110567044, 5.336128476022847, -6.628575993167641, -0.9878228270937424, -0.3707381836600563, -1.6516623936858572, -0.5135836559898336
3457, 34.567526132404176, -1.6616542992642085, -0.5117193860573858, -0.9726476272403306, 0.15315007117399393, 5.336128476022847, -6.628575993167641, -1.0005381980399322, -0.4092876093626693, -1.661653504793291, -0.5117195361983063
3458, 34.577528310104526, -1.6711139691128105, -0.5105193141453042, -0.919286342480102, 0.08686431124231753, 5.336128476022847, -6.628575993167641, -1.0115572895925937, -0.4480112108047051, -1.6711155234654127, -0.5105200415552943
3459, 34.58753048780488, -1.6800400261138104, -0.5099820998325394, -0.8659250577198735, 0.020578551310641013, 5.336128476022847, -6.628575993167641, -1.0208751753565324, -0.4869026890943083, -1.6800410840687285, -0.5099827607749062
3460, 34.59753266550523, -1.688432470267208, -0.5101077431190914, -0.812563772959645, -0.04570720862103539, 5.336128476022847, -6.628575993167641, -1.0284879484882254, -0.5259561764881546, -1.6884330464858779, -0.5101064089138967
3461, 34.60753484320557, -1.6962913015730035, -0.51089624400496, -0.7592024881994163, -0.1119929685527119, 5.336128476022847, -6.628575993167641, -1.0343925975243144, -0.565166242155942, -1.6962944386693066, -0.5108977068393948
3462, 34.61753702090592, -1.7036165200311963, -0.5123476024901455, -0.7058412034391879, -0.17827872848438842, 5.336128476022847, -6.628575993167641, -1.0385868889659906, -0.6045278965562721, -1.7036157483581673, -0.5123486657424301
3463, 34.62753919860627, -1.7104081256417871, -0.5144618185746479, -0.6524799186789594, -0.24456448841606476, 5.336128476022847, -6.628575993167641, -1.0410692566878357, -0.644036594471532, -1.7104099216974928, -0.514462049464597
3464, 34.637541376306615, -1.7166661184047756, -0.5172388922584669, -0.5991186339187309, -0.31085024834774133, 5.336128476022847, -6.628575993167641, -1.0418386982156314, -0.6836882367354401, -1.7166657529002791, -0.5172381582219792
3465, 34.647543554006965, -1.7223904983201617, -0.5206788235416027, -0.5457573491585024, -0.37713600827941784, 5.336128476022847, -6.628575993167641, -1.0408946778956478, -0.7234791706729211, -1.722390936979362, -0.5206802117212547
3466, 34.657545731707316, -1.7275812653879457, -0.5247816124240552, -0.49239606439827377, -0.44342176821109425, 5.336128476022847, -6.628575993167641, -1.0382370369576734, -0.7634061892579032, -1.7275792240294598, -0.5247834229249577
3467, 34.66754790940766, -1.7322384196081273, -0.5295472589058245, -0.43903477963804527, -0.5097075281427708, 5.336128476022847, -6.628575993167641, -1.0338659104556058, -0.8034665289806068, -1.732238040178848, -0.5295476506380127
3468, 34.67755008710801, -1.7363619609807066, -0.5349757629869106, -0.38567349487781677, -0.5759932880744473, 5.336128476022847, -6.628575993167641, -1.0277816510526232, -0.8436578664019321, -1.7363612790125518, -0.5349752387428631
3469, 34.68755226480836, -1.7399518895056836, -0.5410671246673135, -0.3323122101175882, -0.6422790480061236, 5.336128476022847, -6.628575993167641, -1.019984759602695, -0.8839783133587288, -1.7399527048051198, -0.5410684840090706
3470, 34.69755444250871, -1.7430082051830584, -0.5478213439470332, -0.2789509253573597, -0.7085648079378002, 5.336128476022847, -6.628575993167641, -1.0104758224664276, -0.9244264107701113, -1.7430072508026824, -0.5478191916288786
3471, 34.707556620209054, -1.7455309080128307, -0.5552384208260696, -0.22558964059713116, -0.7748505678694766, 5.336128476022847, -6.628575993167641, -0.9992554554868313, -0.9650011209816085, -1.7455305267987091, -0.5552393169551777
3472, 34.717558797909405, -1.747519997995001, -0.5633183553044228, -0.17222835583690266, -0.841136327801153, 5.336128476022847, -6.628575993167641, -0.9863242545395247, -1.005701818570914, -1.7475211083936024, -0.5633179791462415
3473, 34.727560975609755, -1.7489754751295687, -0.5720611473820927, -0.11886707107667413, -0.9074220877328296, 5.336128476022847, -6.628575993167641, -0.9716827525619479, -1.046528279526355, -1.7489751050968783, -0.5720605387656778
3474, 34.7375631533101, -1.7498973394165345, -0.5814667970590793, -0.06550578631644562, -0.973707847664506, 5.336128476022847, -6.628575993167641, -0.9553313829574914, -1.087480668697064, -1.749895576998713, -0.5814678939657487
3475, 34.74756533101045, -1.7505523972796988, -0.5912038755357241, -0.06550578631644739, -0.9737078476645038, 0.0, 0.0, -1.3168979692383604, -1.169789348443719, -1.7505511985725966, -0.5912039309008548
3476, 34.7575675087108, -1.7512074551428634, -0.6009409540123691, -0.06550578631644739, -0.9737078476645038, 0.0, 0.0, -1.3262027288302458, -1.177057638092604, -1.7512060798040963, -0.6009404819785422
3477, 34.76756968641115, -1.751862513006028, -0.6106780324890141, -0.06550578631644739, -0.9737078476645038, 0.0, 0.0, -1.335433843935867, -1.1842513894683, -1.7518627450369013, -0.6106768617935943
3478, 34.77757186411149, -1.7525175708691922, -0.6204151109656592, -0.06550578631644739, -0.9737078476645038, 0.0, 0.0, -1.3445905531142293, -1.191369825686901, -1.7525180348270928, -0.6204137379274098
3479, 34.787574041811844, -1.7531726287323568, -0.6301521894423042, -0.06550578631644739, -0.9737078476645038, 0.0, 0.0, -1.353672102946761, -1.1984121779981418, -1.75317250970528, -0.6301525514142539
3480, 34.797576219512194, -1.7538276865955214, -0.6398892679189493, -0.06550578631644739, -0.9737078476645038, 0.0, 0.0, -1.362677748118785, -1.2053776858684153, -1.753825387290593, -0.6398884259415613
3481, 34.80757839721254, -1.7544827444586857, -0.6496263463955942, -0.06550578631644739, -0.9737078476645038, 0.0, 0.0, -1.3716067515001222, -1.212265597062907, -1.7544823666001714, -0.6496277107275863
3482, 34.81758057491289, -1.7551378023218502, -0.6593634248722393, -0.06550578631644739, -0.9737078476645038, 0.0, 0.0, -1.3804583842248097, -1.2190751677268326, -1.7551388527810319, -0.6593617183622584
3483, 34.82758275261324, -1.7557928601850148, -0.6691005033488844, -0.06550578631644739, -0.9737078476645038, 0.0, 0.0, -1.3892319257699177, -1.2258056624657694, -1.7557930510972344, -0.6691014528352106
3484, 34.83758493031359, -1.7564479180481791, -0.6788375818255294, -0.06550578631644739, -0.9737078476645038, 0.0, 0.0, -1.3979266640334695, -1.2324563544250746, -1.756450228926628, -0.6788372722124814
3485, 34.84758710801393, -1.7571029759113437, -0.6885746603021745, -0.06550578631644739, -0.9737078476645038, 0.0, 0.0, -1.4065418954114555, -1.2390265253683834, -1.757104220850196, -0.6885732133491173
3486, 34.85758928571428, -1.757758033774508, -0.6983117387788196, -0.06550578631644739, -0.9737078476645038, 0.0, 0.0, -1.4150769248739121, -1.2455154657551712, -1.7577588683114425, -0.6983122718823206
3487, 34.867591463414634, -1.7584130916376726, -0.7080488172554646, -0.06550578631644739, -0.9737078476645038, 0.0, 0.0, -1.4235310660400926, -1.2519224748173834, -1.758413860010305, -0.708049544547925
3488, 34.87759364111498, -1.7590681495008371, -0.7177858957321097, -0.06550578631644739, -0.9737078476645038, 0.0, 0.0, -1.4319036412526855, -1.2582468606351123, -1.7590676188216012, -0.7177848466256372
3489, 34.88759581881533, -1.7597232073640015, -0.7275229742087547, -0.06550578631644739, -0.9737078476645038, 0.0, 0.0, -1.4401939816510996, -1.2644879402113212, -1.7597222567862383, -0.727524657167522
3490, 34.89759799651568, -1.760378265227166, -0.7372600526853997, -0.06550578631644739, -0.9737078476645038, 0.0, 0.0, -1.448401427243795, -1.2706450395456041, -1.7603772953260868, -0.7372595595117073
3491, 34.90760017421603, -1.7610333230903306, -0.7469971311620448, -0.06550578631644739, -0.9737078476645038, 0.0, 0.0, -1.456525326979651, -1.276717493706974, -1.7610332987964064, -0.7469953547897299
3492, 34.91760235191637, -1.761688380953495, -0.7567342096386898, -0.06550578631644739, -0.9737078476645038, 0.0, 0.0, -1.4645650388183706, -1.2827046469056724, -1.7616862289783766, -0.7567336811520124
3493, 34.92760452961672, -1.7623434388166594, -0.7664712881153348, -0.06550578631644739, -0.9737078476645038, 0.0, 0.0, -1.472519929799912, -1.2886058525639892, -1.7623437107125077, -0.7664714246595157
3494, 34.93760670731707, -1.762998496679824, -0.7762083665919799, -0.06550578631644739, -0.9737078476645038, 0.0, 0.0, -1.480389376112931, -1.2944204733860913, -1.7629986917970726, -0.7762082833934493
3495, 34.94760888501742, -1.7636535545429883, -0.785945445068625, -0.06550578631644739, -0.9737078476645038, 0.0, 0.0, -1.4881727631622375, -1.3001478814268457, -1.763653318135366, -0.7859455470060733
3496, 34.95761106271777, -1.7643086124061529, -0.79568252354527, -0.06550578631644739, -0.9737078476645038, 0.0, 0.0, -1.4958694856352595, -1.3057874581596338, -1.7643081941133638, -0.7956816833576822
3497, 34.96761324041812, -1.7649636702693172, -0.8054196020219151, -0.06550578631644739, -0.9737078476645038, 0.0, 0.0, -1.5034789475674928, -1.311338594543151, -1.764962898357265, -0.8054217984153657
3498, 34.97761541811846, -1.7656187281324818, -0.8151566804985602, -0.06550578631644739, -0.9737078476645038, 0.0, 0.0, -1.5110005624069496, -1.3168006910871766, -1.7656183885480672, -0.8151584819407905
3499, 34.98761759581881, -1.7662737859956463, -0.8248937589752052, -0.06550578631644739, -0.9737078476645038, 0.0, 0.0, -1.5184337530775809, -1.3221731579173173, -1.766275128343769, -0.8248929617127736
3500, 34.99761977351916, -1.7669288438588107, -0.8346308374518502, -0.06550578631644739, -0.9737078476645038, 0.0, 0.0, -1.5257779520416759, -1.3274554148387099, -1.7669291348472884, -0.8346302366411423
3501, 35.00762195121951, -1.7675839017219752, -0.8443679159284952, -0.06550578631644739, -0.9737078476645038, 0.0, 0.0, -1.5330326013612368, -1.3326468913986789, -1.7675852872686375, -0.8443676905995319
3502, 35.017624128919856, -1.7682389595851398, -0.8541049944051403, -0.06550578631644739, -0.9737078476645038, 0.0, 0.0, -1.5401971527582998, -1.3377470269483418, -1.7682392111113157, -0.8541058072661288
3503, 35.027626306620206, -1.768894017448304, -0.8638420728817853, -0.06550578631644739, -0.9737078476645038, 0.0, 0.0, -1.5472710676742274, -1.3427552707031571, -1.7688946641669236, -0.8638432044265992
3504, 35.03762848432056, -1.7695490753114687, -0.8735791513584303, -0.06550578631644739, -0.9737078476645038, 0.0, 0.0, -1.554253817327938, -1.3476710818024045, -1.7695469128716201, -0.8735786975736277
3505, 35.0476306620209, -1.7702041331746332, -0.8833162298350754, -0.06550578631644739, -0.9737078476645038, 0.0, 0.0, -1.561144882773081, -1.3524939293675955, -1.770205285426936, -0.8833165313297093
3506, 35.05763283972125, -1.7708591910377975, -0.8930533083117205, -0.06550578631644739, -0.9737078476645038, 0.0, 0.0, -1.5679437549541468, -1.3572232925598047, -1.770859412609601, -0.8930539458902965
3507, 35.0676350174216, -1.771514248900962, -0.9027903867883654, -0.06550578631644739, -0.9737078476645038, 0.0, 0.0, -1.5746499347615157, -1.3618586606359186, -1.7715138730378486, -0.902790477313007
3508, 35.07763719512195, -1.7721693067641267, -0.9125274652650105, -0.06550578631644739, -0.9737078476645038, 0.0, 0.0, -1.581262933085414, -1.3663995330037917, -1.77216961739402, -0.9125291555637908
3509, 35.087639372822295, -1.772824364627291, -0.9222645437416556, -0.06550578631644739, -0.9737078476645038, 0.0, 0.0, -1.5877822708687988, -1.370845419276308, -1.7728248215792686, -0.9222650733846441
3510, 35.097641550522646, -1.7734794224904555, -0.9320016222183006, -0.06550578631644739, -0.9737078476645038, 0.0, 0.0, -1.5942074791591603, -1.375195839324339, -1.7734794335303523, -0.931999132092852
3511, 35.107643728222996, -1.7741344803536199, -0.9417387006949457, -0.06550578631644739, -0.9737078476645038, 0.0, 0.0, -1.6005380991592164, -1.3794503233285984, -1.774133745798331, -0.941738159394555
3512, 35.11764590592334, -1.7747895382167844, -0.9514757791715907, -0.06550578631644739, -0.9737078476645038, 0.0, 0.0, -1.6067736822765197, -1.3836084118303742, -1.774791218652494, -0.9514777837499799
3513, 35.12764808362369, -1.775444596079949, -0.9612128576482357, -0.06550578631644739, -0.9737078476645038, 0.0, 0.0, -1.6129137901719577, -1.3876696557811528, -1.775445231892305, -0.9612116805500968
3514, 35.13765026132404, -1.7760996539431133, -0.9709499361248808, -0.06550578631644739, -0.9737078476645038, 0.0, 0.0, -1.618957994807139, -1.3916336165911096, -1.776098019030846, -0.9709494469711332
3515, 35.14765243902439, -1.7767547118062779, -0.9806870146015259, -0.06550578631644739, -0.9737078476645038, 0.0, 0.0, -1.6249058784906762, -1.3954998661764781, -1.7767530354969012, -0.9806871471042161
3516, 35.157654616724734, -1.7774097696694424, -0.9904240930781709, -0.06550578631644739, -0.9737078476645038, 0.0, 0.0, -1.6307570339233348, -1.3992679870057767, -1.7774095113220294, -0.990424325615227
3517, 35.167656794425085, -1.7780648275326068, -1.000161171554816, -0.06550578631644739, -0.9737078476645038, 0.0, 0.0, -1.6365110642420677, -1.4029375721449018, -1.7780657303073497, -1.000160237058558
3518, 35.177658972125435, -1.7787198853957713, -1.009898250031461, -0.06550578631644739, -0.9737078476645038, 0.0, 0.0, -1.6421675830629205, -1.4065082253010739, -1.7787196258898998, -1.0098980794535641
3519, 35.18766114982578, -1.7793749432589359, -1.0196353285081061, -0.06550578631644739, -0.9737078476645038, 0.0, 0.0, -1.6477262145227947, -1.4099795608656347, -1.77937295914346, -1.0196354500955864
3520, 35.19766332752613, -1.7800300011221002, -1.0293724069847512, -0.06550578631644739, -0.9737078476645038, 0.0, 0.0, -1.6531865933200818, -1.4133512039556897, -1.7800296847162027, -1.0293719014555325
3521, 35.20766550522648, -1.7806850589852647, -1.0391094854613963, -0.06550578631644739, -0.9737078476645038, 0.0, 0.0, -1.658548364754152, -1.4166227904545958, -1.7806847312542544, -1.0391101493053125
3522, 35.21766768292682, -1.7813401168484293, -1.0488465639380413, -0.06550578631644739, -0.9737078476645038, 0.0, 0.0, -1.6638111847636923, -1.4197939670512811, -1.7813401909331392, -1.0488462144541573
3523, 35.227669860627174, -1.7819951747115936, -1.0585836424146862, -0.06550578631644739, -0.9737078476645038, 0.0, 0.0, -1.6689747199638947, -1.422864391278401, -1.7819946877557422, -1.0585845502607207
3524, 35.237672038327524, -1.7826502325747582, -1.0683207208913312, -0.06550578631644739, -0.9737078476645038, 0.0, 0.0, -1.6740386476824973, -1.4258337315493244, -1.7826510009158951, -1.068323767955901
3525, 35.247674216027875, -1.7833052904379225, -1.0780577993679763, -0.06550578631644739, -0.9737078476645038, 0.0, 0.0, -1.6790026559946505, -1.4287016671939403, -1.7833042080521657, -1.0780566899970148
3526, 35.25767639372822, -1.783960348301087, -1.0877948778446214, -0.06550578631644739, -0.9737078476645038, 0.0, 0.0, -1.6838664437566373, -1.4314678884932905, -1.7839605458429073, -1.0877936963290171
3527, 35.26767857142857, -1.7846154061642516, -1.0975319563212664, -0.06550578631644739, -0.9737078476645038, 0.0, 0.0, -1.6886297206384129, -1.4341320967130158, -1.7846149543055414, -1.097532622238913
3528, 35.27768074912892, -1.785270464027416, -1.1072690347979115, -0.06550578631644739, -0.9737078476645038, 0.0, 0.0, -1.6932922071549834, -1.436694004135619, -1.7852715604881972, -1.1072699373714054
3529, 35.28768292682926, -1.7859255218905805, -1.1170061132745563, -0.06550578631644739, -0.9737078476645038, 0.0, 0.0, -1.6978536346966098, -1.4391533340915352, -1.7859240172493058, -1.1170049984233446
3530, 35.29768510452961, -1.786580579753745, -1.1267431917512014, -0.06550578631644739, -0.9737078476645038, 0.0, 0.0, -1.7023137455578294, -1.441509820989011, -1.7865794486006947, -1.1267441408699146
3531, 35.30768728222996, -1.7872356376169094, -1.1364802702278465, -0.06550578631644739, -0.9737078476645038, 0.0, 0.0, -1.706672292965304, -1.4437632103427867, -1.7872366079390352, -1.1364801583819382
3532, 35.317689459930314, -1.787890695480074, -1.1462173487044915, -0.06550578631644739, -0.9737078476645038, 0.0, 0.0, -1.7109290411044826, -1.4459132588015793, -1.787890217956164, -1.1462178773476417
3533, 35.32769163763066, -1.7885457533432385, -1.1559544271811366, -0.06550578631644739, -0.9737078476645038, 0.0, 0.0, -1.7150837651450774, -1.4479597341743624, -1.7885464295869569, -1.1559552305423364
3534, 35.33769381533101, -1.7892008112064028, -1.1656915056577817, -0.06550578631644739, -0.9737078476645038, 0.0, 0.0, -1.719136251265354, -1.4499024154554432, -1.7892018572193245, -1.16569062849458
3535, 35.34769599303136, -1.7898558690695674, -1.1754285841344267, -0.06550578631644739, -0.9737078476645038, 0.0, 0.0, -1.7230862966752258, -1.4517410928483259, -1.7898550741028185, -1.1754289935074012
3536, 35.3576981707317, -1.7905109269327317, -1.1851656626110718, -0.06550578631644739, -0.9737078476645038, 0.0, 0.0, -1.7269337096381596, -1.4534755677883724, -1.7905119030240848, -1.185165563389522
3537, 35.36770034843205, -1.7911659847958963, -1.1949027410877169, -0.06550578631644739, -0.9737078476645038, 0.0, 0.0, -1.7306783094918843, -1.4551056529642437, -1.791165156841516, -1.1949020936431944
3538, 35.3777025261324, -1.7918210426590608, -1.204639819564362, -0.06550578631644739, -0.9737078476645038, 0.0, 0.0, -1.7343199266678968, -1.4566311723381289, -1.7918198644217442, -1.204641082076164
3539, 35.38770470383275, -1.7924761005222252, -1.214376898041007, -0.06550578631644739, -0.9737078476645038, 0.0, 0.0, -1.7378584027097708, -1.4580519611647556, -1.7924753113020941, -1.2143753379800406
3540, 35.3977068815331, -1.7931311583853897, -1.224113976517652, -0.06550578631644739, -0.9737078476645038, 0.0, 0.0, -1.7412935902902698, -1.4593678660091833, -1.7931318467905866, -1.2241151632839307
3541, 35.40770905923345, -1.7937862162485543, -1.2338510549942971, -0.06550578631644739, -0.9737078476645038, 0.0, 0.0, -1.7446253532272384, -1.4605787447633694, -1.7937848603266529, -1.233850510416609
3542, 35.4177112369338, -1.7944412741117186, -1.2435881334709422, -0.06550578631644739, -0.9737078476645038, 0.0, 0.0, -1.7478535664983073, -1.4616844666615203, -1.7944405561430943, -1.2435891678613056
3543, 35.42771341463414, -1.7950963319748832, -1.2533252119475873, -0.06550578631644739, -0.9737078476645038, 0.0, 0.0, -1.750978116254378, -1.4626849122942098, -1.795097867861199, -1.2533246716127249
3544, 35.43771559233449, -1.7957513898380477, -1.2630622904242323, -0.06550578631644739, -0.9737078476645038, 0.0, 0.0, -1.7539988998319036, -1.4635799736212771, -1.795751752124751, -1.263061457052932
3545, 35.44771777003484, -1.796406447701212, -1.2727993689008772, -0.06550578631644739, -0.9737078476645038, 0.0, 0.0, -1.7569158257639543, -1.4643695539834911, -1.7964075869509275, -1.2727979587998937
3546, 35.457719947735185, -1.7970615055643766, -1.2825364473775223, -0.06550578631644739, -0.9737078476645038, 0.0, 0.0, -1.7597288137900808, -1.4650535681129924, -1.7970611561295753, -1.2825371624199864
3547, 35.467722125435536, -1.7977165634275412, -1.2922735258541673, -0.06550578631644739, -0.9737078476645038, 0.0, 0.0, -1.7624377948649546, -1.4656319421424988, -1.79771645787975, -1.2922730905608701
3548, 35.477724303135886, -1.7983716212907055, -1.3020106043308124, -0.06550578631644739, -0.9737078476645038, 0.0, 0.0, -1.7650427111657987, -1.4661046136132843, -1.798372055203729, -1.3020116206164056
3549, 35.48772648083624, -1.79902667915387, -1.3117476828074575, -0.06550578631644739, -0.9737078476645038, 0.0, 0.0, -1.7675435160986093, -1.4664715314819219, -1.7990261788514195, -1.311748041774191
3550, 35.49772865853658, -1.7996817370170344, -1.3214847612841025, -0.06550578631644739, -0.9737078476645038, 0.0, 0.0, -1.769940174303152, -1.4667326561257978, -1.7996809432383098, -1.3214841654007872
3551, 35.50773083623693, -1.800336794880199, -1.3312218397607474, -0.06550578631644739, -0.9737078476645038, 0.0, 0.0, -1.7722326616567523, -1.4668879593473902, -1.8003373528757685, -1.3312206157490127
3552, 35.51773301393728, -1.8009918527433635, -1.3409589182373924, -0.06550578631644739, -0.9737078476645038, 0.0, 0.0, -1.7744209652768608, -1.4669374243773117, -1.8009904738738494, -1.3409603385887994
3553, 35.527735191637625, -1.8016469106065278, -1.3506959967140375, -0.06550578631644739, -0.9737078476645038, 0.0, 0.0, -1.7765050835224108, -1.4668810458761234, -1.8016468896049957, -1.3506951636491349
3554, 35.537737369337975, -1.8023019684696924, -1.3604330751906826, -0.06550578631644739, -0.9737078476645038, 0.0, 0.0, -1.7784850259939544, -1.4667188299349085, -1.8023008304397223, -1.3604317098392698
3555, 35.547739547038326, -1.802957026332857, -1.3701701536673276, -0.06550578631644739, -0.9737078476645038, 0.0, 0.0, -1.7803608135325828, -1.4664507940746168, -1.8029587239877034, -1.370170630663648
3556, 35.557741724738676, -1.8036120841960213, -1.3799072321439727, -0.06550578631644739, -0.9737078476645038, 0.0, 0.0, -1.782132478217629, -1.4660769672441698, -1.8036128613997076, -1.3799072035700934
3557, 35.56774390243902, -1.8042671420591858, -1.3896443106206178, -0.06550578631644739, -0.9737078476645038, 0.0, 0.0, -1.7838000633631608, -1.465597389817336, -1.804267670762378, -1.389644738239315
3558, 35.57774608013937, -1.8049221999223504, -1.3993813890972628, -0.06550578631644739, -0.9737078476645038, 0.0, 0.0, -1.785363623513246, -1.4650121135883691, -1.8049208620123587, -1.3993808443411377
3559, 35.58774825783972, -1.8055772577855147, -1.409118467573908, -0.06550578631644739, -0.9737078476645038, 0.0, 0.0, -1.7868232244360152, -1.4643212017664162, -1.8055771902651176, -1.4091186144345635
3560, 35.597750435540064, -1.8062323156486793, -1.418855546050553, -0.06550578631644739, -0.9737078476645038, 0.0, 0.0, -1.7881789431165025, -1.463524728968689, -1.806233364450557, -1.4188570641271776
3561, 35.607752613240415, -1.8068873735118438, -1.428592624527198, -0.06550578631644739, -0.9737078476645038, 0.0, 0.0, -1.789430867748272, -1.4626227812124064, -1.8068900162498893, -1.4285915773804176
3562, 35.617754790940765, -1.8075424313750081, -1.438329703003843, -0.06550578631644739, -0.9737078476645038, 0.0, 0.0, -1.7905790977238365, -1.461615455905506, -1.8075420084626435, -1.438330106006246
3563, 35.627756968641116, -1.8081974892381727, -1.4480667814804882, -0.06550578631644739, -0.9737078476645038, 0.0, 0.0, -1.7916237436238591, -1.4605028618361218, -1.8081957998288556, -1.4480679977089157
3564, 35.63775914634146, -1.808852547101337, -1.4578038599571332, -0.06550578631644739, -0.9737078476645038, 0.0, 0.0, -1.7925649272051465, -1.459285119160838, -1.8088515571129866, -1.457802328181396
3565, 35.64776132404181, -1.8095076049645016, -1.4675409384337783, -0.06550578631644739, -0.9737078476645038, 0.0, 0.0, -1.7934027813874316, -1.4579623593917095, -1.8095083913073076, -1.4675398344035613
3566, 35.65776350174216, -1.8101626628276661, -1.4772780169104234, -0.06550578631644739, -0.9737078476645038, 0.0, 0.0, -1.7941374502389509, -1.4565347253820633, -1.8101642348737563, -1.4772773386105769
3567, 35.6677656794425, -1.8108177206908305, -1.4870150953870684, -0.06550578631644739, -0.9737078476645038, 0.0, 0.0, -1.7947690889608099, -1.4550023713110667, -1.8108177381129962, -1.4870150063789773
3568, 35.677767857142854, -1.811472778553995, -1.4967521738637135, -0.06550578631644739, -0.9737078476645038, 0.0, 0.0, -1.7952978638701516, -1.4533654626670787, -1.8114727103108479, -1.4967509675273305
3569, 35.687770034843204, -1.8121278364171596, -1.5064892523403586, -0.06550578631644739, -0.9737078476645038, 0.0, 0.0, -1.7957239523821125, -1.4516241762297772, -1.8121282219241421, -1.5064878875308003
3570, 35.69777221254355, -1.812782894280324, -1.5162263308170032, -0.06550578631644739, -0.9737078476645038, 0.0, 0.0, -1.7960475429905853, -1.4497787000510691, -1.8127815272386445, -1.5162290596216188
3571, 35.7077743902439, -1.8134379521434885, -1.5259634092936483, -0.06550578631644739, -0.9737078476645038, 0.0, 0.0, -1.7962688352477805, -1.4478292334347787, -1.813437865579198, -1.5259634755292217
3572, 35.71777656794425, -1.814093010006653, -1.5357004877702933, -0.06550578631644739, -0.9737078476645038, 0.0, 0.0, -1.7963880397425878, -1.445775986915125, -1.8140938823514239, -1.535701109500387
3573, 35.7277787456446, -1.8147480678698173, -1.5454375662469384, -0.06550578631644739, -0.9737078476645038, 0.0, 0.0, -1.7964053780777471, -1.443619182233986, -1.8147505158260837, -1.5454377947373552
3574, 35.73778092334494, -1.815403125732982, -1.5551746447235835, -0.06550578631644739, -0.9737078476645038, 0.0, 0.0, -1.7963210828458287, -1.4413590523169506, -1.815403993963548, -1.5551769128680593
3575, 35.74778310104529, -1.8160581835961462, -1.5649117232002285, -0.06550578631644739, -0.9737078476645038, 0.0, 0.0, -1.796135397604017, -1.4389958412481632, -1.8160579054372992, -1.5649104901496775
3576, 35.757785278745644, -1.8167132414593108, -1.5746488016768736, -0.06550578631644739, -0.9737078476645038, 0.0, 0.0, -1.7958485768477157, -1.436529804243964, -1.8167136173951974, -1.5746498016485562
3577, 35.76778745644599, -1.8173682993224753, -1.5843858801535187, -0.06550578631644739, -0.9737078476645038, 0.0, 0.0, -1.7954608859829633, -1.4339612076253263, -1.8173681417915004, -1.5843861714675898
3578, 35.77778963414634, -1.8180233571856397, -1.5941229586301637, -0.06550578631644739, -0.9737078476645038, 0.0, 0.0, -1.7949726012976706, -1.431290328789098, -1.8180222154107548, -1.5941216320004656
3579, 35.78779181184669, -1.8186784150488042, -1.6038600371068088, -0.06550578631644739, -0.9737078476645038, 0.0, 0.0, -1.7943840099316837, -1.428517456178038, -1.81867740896994, -1.6038613465698413
3580, 35.79779398954704, -1.8193334729119688, -1.6135971155834539, -0.06550578631644739, -0.9737078476645038, 0.0, 0.0, -1.793695409845663, -1.4256428892496729, -1.81933256233553, -1.613594530862557
3581, 35.80779616724738, -1.8199885307751331, -1.623334194060099, -0.06550578631644739, -0.9737078476645038, 0.0, 0.0, -1.7929071097887992, -1.4226669384439505, -1.8199884393923127, -1.6233339271257767
3582, 35.81779834494773, -1.8206435886382977, -1.633071272536744, -0.06550578631644739, -0.9737078476645038, 0.0, 0.0, -1.7920194292653617, -1.4195899251497184, -1.8206451524005918, -1.6330721616089914
3583, 35.82780052264808, -1.8212986465014622, -1.642808351013389, -0.06550578631644739, -0.9737078476645038, 0.0, 0.0, -1.7910326985000766, -1.4164121816700126, -1.821298455248255, -1.6428090227604024
3584, 35.837802700348426, -1.8220319907318703, -1.6519762174603336, -0.08170697420754723, -0.8679504337652113, -1.6745102333472013, 9.767242185848207, -1.8172238785728085, -1.2687242041090712, -1.8220331023380512, -1.651976481932025
3585, 35.84780487804878, -1.8229327859856133, -1.6601673596886932, -0.09845207654101926, -0.7702780119067292, -1.6745102333472013, 9.767242185848207, -1.829694567940265, -1.216728813646872, -1.82293338518328, -1.6601687431597258
3586, 35.85780705574913, -1.8240010322626907, -1.667381777698468, -0.1151971788744913, -0.672605590048247, -1.6745102333472013, 9.767242185848207, -1.842536718652598, -1.1649730288589577, -1.824001198345946, -1.6673834734227062
3587, 35.86780923344948, -1.825236729563103, -1.6736194714896582, -0.1319422812079633, -0.5749331681897649, -1.6745102333472013, 9.767242185848207, -1.8557693313932095, -1.1134755196502126, -1.8252368694874528, -1.6736176250549561
3588, 35.87781141114982, -1.82663987788685, -1.6788804410622635, -0.14868738354143535, -0.47726074633128274, -1.6745102333472013, 9.767242185848207, -1.8694095913801994, -1.0622530580745944, -1.8266401612548637, -1.678881032360144
3589, 35.88781358885017, -1.8282104772339318, -1.683164686416284, -0.16543248587490736, -0.3795883244728004, -1.6745102333472013, 9.767242185848207, -1.883472795304208, -1.011320543896161, -1.828210143265404, -1.6831649900227994
3590, 35.89781576655052, -1.8299485276043481, -1.6864722075517196, -0.18217758820837937, -0.2819159026143182, -1.6745102333472013, 9.767242185848207, -1.8979722893544215, -0.9606910278503076, -1.8299493692703537, -1.6864721967056187
3591, 35.907817944250866, -1.8318540289980993, -1.6888030044685702, -0.1989226905418514, -0.18424348075583608, -1.6745102333472013, 9.767242185848207, -1.9129194179486988, -0.9103757322604877, -1.8318538178852664, -1.6888030080663672
3592, 35.917820121951216, -1.8339269814151853, -1.6901570771668362, -0.21566779287532345, -0.08657105889735406, -1.6745102333472013, 9.767242185848207, -1.928323482822886, -0.8603840687092936, -1.8339274079508996, -1.6901575785593284
3593, 35.92782229965157, -1.8361673848556057, -1.6905344256465173, -0.2324128952087955, 0.01110136296112818, -1.6745102333472013, 9.767242185848207, -1.9441917121787762, -0.8107236525054355, -1.8361679151855335, -1.6905342971343371
3594, 35.93782447735192, -1.838575239319361, -1.6899350499076138, -0.24915799754226753, 0.1087737848196102, -1.6745102333472013, 9.767242185848207, -1.960529239638681, -0.7614003137300935, -1.8385732005952449, -1.6899354466993266
3595, 35.94782665505226, -1.8411505448064511, -1.6883589499501253, -0.2659030998757395, 0.20644620667809244, -1.6745102333472013, 9.767242185848207, -1.9773390928061068, -0.7124181046873987, -1.8411505645070463, -1.688358051842955
3596, 35.95782883275261, -1.843893301316876, -1.6858061257740518, -0.28264820220921155, 0.3041186285365747, -1.6745102333472013, 9.767242185848207, -1.9946221912855007, -0.6637793036246584, -1.8438943724288397, -1.685805108307394
3597, 35.96783101045296, -1.8468035088506354, -1.6822765773793937, -0.2993933045426836, 0.4017910503950569, -1.6745102333472013, 9.767242185848207, -2.012377354068377, -0.6154844146285035, -1.8468032651208597, -1.6822781112845995
3598, 35.977833188153305, -1.8498811674077296, -1.6777703047661507, -0.31613840687615563, 0.49946347225353893, -1.6745102333472013, 9.767242185848207, -2.0306013162472114, -0.5675321636436339, -1.8498811405526714, -1.6777702442997784
3599, 35.987835365853655, -1.8531262769881585, -1.6722873079343228, -0.33288350920962767, 0.5971358941120212, -1.6745102333472013, 9.767242185848207, -2.049288755071349, -0.5199194906014233, -1.8531280012181284, -1.6722860488407272
3600, 35.997837543554006, -1.856538837591922, -1.6658275868839103, -0.34962861154309965, 0.6948083159705032, -1.6745102333472013, 9.767242185848207, -2.0684323254096824, -0.47264153768655304, -1.8565386671476884, -1.6658259166644502
3601, 36.00783972125435, -1.8601188492190204, -1.6583911416149129, -0.36637371387657175, 0.7924807378289852, -1.6745102333472013, 9.767242185848207, -2.0880227047319355, -0.42569163381122926, -1.8601192661612511, -1.6583914097764056
3602, 36.0178418989547, -1.8638663118694536, -1.6499779721273304, -0.38311881621004373, 0.8901531596874672, -1.6745102333472013, 9.767242185848207, -2.108048647763063, -0.379061275408642, -1.863867008445233, -1.6499762047505488
3603, 36.02784407665505, -1.8677812255432213, -1.6405880784211635, -0.3998639185435158, 0.9878255815459498, -1.6745102333472013, 9.767242185848207, -2.128497051002352, -0.33274010370029883, -1.8677832666935128, -1.640588557459282
3604, 36.0378462543554, -1.8718635902403238, -1.6302214604964116, -0.4166090208769878, 1.0854980034044317, -1.6745102333472013, 9.767242185848207, -2.1493530273293002, -0.28671587863592196, -1.8718633673731218, -1.630221263947317
3605, 36.047848432055744, -1.8761134059607611, -1.6188781183530747, -0.43335412321045985, 1.1831704252629138, -1.6745102333472013, 9.767242185848207, -2.1705999909410476, -0.24097444974987348, -1.8761121941877492, -1.6188786347422657
3606, 36.057850609756095, -1.880530672704533, -1.6065580519911533, -0.4500992255439319, 1.280842847121396, -1.6745102333472013, 9.767242185848207, -2.1922197528800713, -0.19549972422480932, -1.8805300788467416, -1.6065590621546724
3607, 36.067852787456445, -1.8851153904716398, -1.5932612614106467, -0.4668443278774038, 1.3785152689798783, -1.6745102333472013, 9.767242185848207, -2.2141926274147403, -0.1502736325014582, -1.8851161385312978, -1.593260691437783
3608, 36.07785496515679, -1.8898675592620813, -1.5789877466115556, -0.4835894302108759, 1.4761876908383604, -1.6745102333472013, 9.767242185848207, -2.23649754952816, -0.10527609182337383, -1.889868027542602, -1.578987921838334
3609, 36.08785714285714, -1.8947871790758573, -1.5637375075938795, -0.5003345325443479, 1.5738601126968426, -1.6745102333472013, 9.767242185848207, -2.2591122037513496, -0.06048496815717608, -1.8947871534728324, -1.5637381687695098
3610, 36.09785932055749, -1.8998742499129682, -1.5475105443576187, -0.5170796348778199, 1.6715325345553247, -1.6745102333472013, 9.767242185848207, -2.282013164544024, -0.015876036982318764, -1.8998734715935428, -1.54751111248679
3611, 36.10786149825784, -1.9051287717734138, -1.5303068569027731, -0.533824737211292, 1.769204956413807, -1.6745102333472013, 9.767242185848207, -2.3051760483790615, 0.028577056500166065, -1.9051281495286956, -1.5303066547908757
3612, 36.11786367595818, -1.910550744657194, -1.5121264452293426, -0.550569839544764, 1.866877378272289, -1.6745102333472013, 9.767242185848207, -2.32857567762402, 0.07290283713322565, -1.9105503594930469, -1.5121273444795227
3613, 36.127865853658534, -1.916140168564309, -1.4929693093373273, -0.5673149418782361, 1.9645498001307713, -1.6745102333472013, 9.767242185848207, -2.352186256233756, 0.11713203887777612, -1.9161381605415635, -1.492968462598922
3614, 36.137868031358884, -1.9218970434947587, -1.472835449226727, -0.5840600442117081, 2.062222221989253, -1.6745102333472013, 9.767242185848207, -2.375981557171427, 0.1612976424683713, -1.9218959152471329, -1.472835185872463
3615, 36.14787020905923, -1.927821369448543, -1.451724864897542, -0.6008051465451801, 2.1598946438477356, -1.6745102333472013, 9.767242185848207, -2.39993512135993, 0.2054349108612723, -1.927821039074844, -1.4517252596759103
3616, 36.15787238675958, -1.9339131464256623, -1.4296375563497725, -0.6175502488786522, 2.2575670657062177, -1.6745102333472013, 9.767242185848207, -2.424020467831485, 0.2495814216216662, -1.933913857175554, -1.4296381136703178
3617, 36.16787456445993, -1.9401723744261161, -1.4065735235834178, -0.6342953512121241, 2.3552394875647, -1.6745102333472013, 9.767242185848207, -2.4482113145888866, 0.29377709533165064, -1.9401724028237093, -1.4065731884988786
3618, 36.17787674216028, -1.946599053449905, -1.3825327665984783, -0.6510404535455961, 2.452911909423182, -1.6745102333472013, 9.767242185848207, -2.472481809517541, 0.3380642190345474, -1.946599593239756, -1.3825320986310596
3619, 36.18787891986062, -1.9531931834970282, -1.357515285394954, -0.6677855558790683, 2.550584331281664, -1.6745102333472013, 9.767242185848207, -2.496806770492445, 0.3824874636646294, -1.953193877922256, -1.3575159803597057
3620, 36.19788109756097, -1.9599547645674862, -1.3315210799728452, -0.6845306582125402, 2.648256753140146, -1.6745102333472013, 9.767242185848207, -2.521161933608818, 0.42709389434480394, -1.9599555137566478, -1.3315211077042313
3621, 36.207883275261324, -1.9668837966612789, -1.304550150332151, -0.7012757605460123, 2.745929174998628, -1.6745102333472013, 9.767242185848207, -2.545524208229355, 0.47193297236882015, -1.9668830245097642, -1.3045500357657256
3622, 36.21788545296167, -1.9739802797784065, -1.2766024964728724, -0.7180208628794843, 2.843601596857111, -1.6745102333472013, 9.767242185848207, -2.5698719372856553, 0.5170565476197618, -1.9739794428950177, -1.2766017361946738
3623, 36.22788763066202, -1.9812442139188686, -1.247678118395009, -0.7347659652129565, 2.941274018715593, -1.6745102333472013, 9.767242185848207, -2.5941851609972932, 0.5625188401136816, -1.9812437730024908, -1.2476795338621942
3624, 36.23788980836237, -1.988591873570998, -1.2182653782078539, -0.7347659652129558, 2.9412740187155895, 0.0, 0.0, -2.6557557538404257, 0.48258982105995984, -1.9885929255070596, -1.2182642484829203
3625, 36.24789198606271, -1.9959395332231276, -1.1888526380206978, -0.7347659652129558, 2.9412740187155895, 0.0, 0.0, -2.680839014615239, 0.4815317395782598, -1.9959406429365156, -1.1888532990413634
3626, 36.25789416376306, -2.0032871928752574, -1.159439897833542, -0.7347659652129558, 2.9412740187155895, 0.0, 0.0, -2.705438728058425, 0.48095899143294607, -2.0032881204087434, -1.1594422440885224
3627, 36.26789634146341, -2.0106348525273865, -1.1300271576463863, -0.7347659652129558, 2.9412740187155895, 0.0, 0.0, -2.729552467193236, 0.48087180906432425, -2.0106356561807184, -1.1300273216038277
3628, 36.27789851916376, -2.017982512179516, -1.1006144174592303, -0.7347659652129558, 2.9412740187155895, 0.0, 0.0, -2.7531779820810067, 0.4812701852781004, -2.0179822709802644, -1.100615218333455
3629, 36.28790069686411, -2.0253301718316457, -1.0712016772720743, -0.7347659652129558, 2.9412740187155895, 0.0, 0.0, -2.7763132007269933, 0.482153873291824, -2.025330535898003, -1.0712012124080117
3630, 36.29790287456446, -2.0326778314837752, -1.0417889370849185, -0.7347659652129558, 2.9412740187155895, 0.0, 0.0, -2.798956229923606, 0.4835223869007361, -2.0326778000805645, -1.041789594833129
3631, 36.30790505226481, -2.040025491135905, -1.0123761968977625, -0.7347659652129558, 2.9412740187155895, 0.0, 0.0, -2.821105356030297, 0.48537500076290674, -2.040025300439847, -1.0123760477122625
3632, 36.31790722996515, -2.0473731507880344, -0.9829634567106066, -0.7347659652129558, 2.9412740187155895, 0.0, 0.0, -2.8427590456894487, 0.48771075080347404, -2.047373076410115, -0.9829641336537331
3633, 36.3279094076655, -2.054720810440164, -0.9535507165234506, -0.7347659652129558, 2.9412740187155895, 0.0, 0.0, -2.8639159464775585, 0.4905284347377531, -2.0547199428735174, -0.9535509467749468
3634, 36.33791158536585, -2.0620684700922935, -0.9241379763362947, -0.7347659652129558, 2.9412740187155895, 0.0, 0.0, -2.884574887491081, 0.4938266127129042, -2.062067694807646, -0.9241378231988571
3635, 36.3479137630662, -2.069416129744423, -0.8947252361491388, -0.7347659652129558, 2.9412740187155895, 0.0, 0.0, -2.904734879866271, 0.49760360806780546, -2.0694166076452167, -0.8947244347991281
3636, 36.357915940766546, -2.0767637893965527, -0.8653124959619829, -0.7347659652129558, 2.9412740187155895, 0.0, 0.0, -2.924395117232391, 0.5018575082107073, -2.0767631605695827, -0.8653124674178501
3637, 36.367918118466896, -2.0841114490486823, -0.8358997557748269, -0.7347659652129558, 2.9412740187155895, 0.0, 0.0, -2.9435549760976736, 0.506586165614188, -2.084112105507251, -0.8358997573016057
3638, 36.37792029616725, -2.091459108700812, -0.8064870155876711, -0.7347659652129558, 2.9412740187155895, 0.0, 0.0, -2.9622140161674264, 0.5117871989268685, -2.0914599648932004, -0.8064858773439042
3639, 36.38792247386759, -2.0988067683529414, -0.7770742754005151, -0.7347659652129558, 2.9412740187155895, 0.0, 0.0, -2.9803719805937035, 0.5174579942012946, -2.098807680879954, -0.7770758041097247
3640, 36.39792465156794, -2.106154428005071, -0.7476615352133591, -0.7347659652129558, 2.9412740187155895, 0.0, 0.0, -2.9980287961559657, 0.5235957062373213, -2.106155633265633, -0.7476620475289172
3641, 36.40792682926829, -2.1135020876572006, -0.7182487950262033, -0.7347659652129558, 2.9412740187155895, 0.0, 0.0, -3.015184573372178, 0.5301972600402914, -2.1135010632610585, -0.7182493611613099
3642, 36.41792900696864, -2.12084974730933, -0.6888360548390473, -0.7347659652129558, 2.9412740187155895, 0.0, 0.0, -3.031839606539828, 0.5372593523932275, -2.120849820063252, -0.6888363106418927
3643, 36.427931184668985, -2.1281974069614598, -0.6594233146518913, -0.7347659652129558, 2.9412740187155895, 0.0, 0.0, -3.04799437370632, 0.5447784535422164, -2.1281958326920085, -0.6594218874600731
3644, 36.437933362369336, -2.1355450666135893, -0.6300105744647355, -0.7347659652129558, 2.9412740187155895, 0.0, 0.0, -3.0636495365682914, 0.5527508089940885, -2.135544762383149, -0.6300100471854893
3645, 36.447935540069686, -2.142892726265719, -0.6005978342775795, -0.7347659652129558, 2.9412740187155895, 0.0, 0.0, -3.0788059402993317, 0.5611724414254583, -2.14289288993871, -0.6005966823836892
3646, 36.45793771777003, -2.1502403859178485, -0.5711850940904237, -0.7347659652129558, 2.9412740187155895, 0.0, 0.0, -3.0934646133057013, 0.5700391527021162, -2.1502403124023473, -0.5711826817781935
3647, 36.46793989547038, -2.157588045569978, -0.5417723539032677, -0.7347659652129558, 2.9412740187155895, 0.0, 0.0, -3.1076267669095725, 0.5793465260077285, -2.1575887729481917, -0.5417744318100691
3648, 36.47794207317073, -2.1649357052221077, -0.5123596137161117, -0.7347659652129558, 2.9412740187155895, 0.0, 0.0, -3.1212937949594264, 0.5890899280807224, -2.1649372168981387, -0.5123609859706427
3649, 36.487944250871074, -2.1722833648742372, -0.48294687352895593, -0.7347659652129558, 2.9412740187155895, 0.0, 0.0, -3.1344672733671914, 0.5992645115582036, -2.172284170855359, -0.4829477520054066
3650, 36.497946428571424, -2.179631024526367, -0.4535341333417999, -0.7347659652129558, 2.9412740187155895, 0.0, 0.0, -3.1471489595717816, 0.6098652174256836, -2.179630885288117, -0.45353296780492897
3651, 36.507948606271775, -2.1869786841784964, -0.42412139315464414, -0.7347659652129558, 2.9412740187155895, 0.0, 0.0, -3.1593407919286878, 0.6208867775713459, -2.1869790113344836, -0.4241220683873977
3652, 36.517950783972125, -2.194326343830626, -0.39470865296748814, -0.7347659652129558, 2.9412740187155895, 0.0, 0.0, -3.171044889025321, 0.6323237174435313, -2.1943267946661713, -0.3947070422564063
3653, 36.52795296167247, -2.201674003482755, -0.36529591278033235, -0.7347659652129558, 2.9412740187155895, 0.0, 0.0, -3.182263548921818, 0.6441703588100663, -2.201673095344029, -0.36529675694071634
3654, 36.53795513937282, -2.2090216631348847, -0.33588317259317635, -0.7347659652129558, 2.9412740187155895, 0.0, 0.0, -3.1929992483170606, 0.6564208226180105, -2.2090212262411764, -0.33588332323990605
3655, 36.54795731707317, -2.2163693227870143, -0.30647043240602057, -0.7347659652129558, 2.9412740187155895, 0.0, 0.0, -3.2032546416396617, 0.669069031952348, -2.216369102522783, -0.30647262504810185
3656, 36.55795949477351, -2.223716982439144, -0.27705769221886456, -0.7347659652129558, 2.9412740187155895, 0.0, 0.0, -3.2130325600637426, 0.6821087150921008, -2.2237152336154757, -0.27705730738933154
3657, 36.567961672473864, -2.2310646420912734, -0.24764495203170878, -0.7347659652129558, 2.9412740187155895, 0.0, 0.0, -3.222336010449309, 0.6955334086622871, -2.231062970185482, -0.2476448202922318
3658, 36.577963850174214, -2.238412301743403, -0.21823221184455277, -0.7347659652129558, 2.9412740187155895, 0.0, 0.0, -3.2311681742070877, 0.709336460880112, -2.2384121793012515, -0.21823296322270733
3659, 36.587966027874565, -2.2457599613955326, -0.18881947165739676, -0.7347659652129558, 2.9412740187155895, 0.0, 0.0, -3.2395324060877244, 0.7235110348937166, -2.2457608866039047, -0.1888184628950247
3660, 36.59796820557491, -2.253107621047662, -0.15940673147024098, -0.7347659652129558, 2.9412740187155895, 0.0, 0.0, -3.2474322328952416, 0.7380501122117774, -2.253108121415161, -0.15940535179068904
3661, 36.60797038327526, -2.2604552806997917, -0.12999399128308498, -0.7347659652129558, 2.9412740187155895, 0.0, 0.0, -3.254871352124721, 0.7529464962222001, -2.2604567746868094, -0.129994622865475
3662, 36.61797256097561, -2.2678029403519213, -0.10058125109592897, -0.7347659652129558, 2.9412740187155895, 0.0, 0.0, -3.261853630524186, 0.7681928157981027, -2.267803845528893, -0.10058008642621986
3663, 36.62797473867595, -2.275150600004051, -0.07116851090877319, -0.7347659652129558, 2.9412740187155895, 0.0, 0.0, -3.268383102580711, 0.7837815289892452, -2.275150167491271, -0.07116902517440792
3664, 36.6379769163763, -2.2824982596561805, -0.04175577072161718, -0.7347659652129558, 2.9412740187155895, 0.0, 0.0, -3.274463968930774, 0.7997049267970242, -2.28249816874581, -0.041754350955031036
3665, 36.64797909407665, -2.28984591930831, -0.012343030534461397, -0.7347659652129558, 2.9412740187155895, 0.0, 0.0, -3.2801005946949933, 0.8159551370310958, -2.2898464844454036, -0.012341997775462661
3666, 36.657981271777004, -2.2971935789604396, 0.01706970965269461, -0.7347659652129558, 2.9412740187155895, 0.0, 0.0, -3.2852975077372903, 0.8325241282456715, -2.2971929907801596, 0.01706864339793265
3667, 36.66798344947735, -2.304541238612569, 0.046482449839850615, -0.7347659652129558, 2.9412740187155895, 0.0, 0.0, -3.2900593968487053, 0.8494037137534696, -2.3045418545134235, 0.046483484576900845
3668, 36.6779856271777, -2.311888898264699, 0.0758951900270064, -0.7347659652129558, 2.9412740187155895, 0.0, 0.0, -3.2943911098559915, 0.8665855557152867, -2.3118885806288527, 0.07589482172495934
3669, 36.68798780487805, -2.3192365579168284, 0.1053079302141624, -0.7347659652129558, 2.9412740187155895, 0.0, 0.0, -3.2982976516552607, 0.8840611693031041, -2.319236159003005, 0.10530812283696536
3670, 36.69798998257839, -2.326584217568958, 0.1347206704013182, -0.7347659652129558, 2.9412740187155895, 0.0, 0.0, -3.3017841821709006, 0.9018219269346125, -2.3265844301006626, 0.13472046114188585
3671, 36.70799216027874, -2.3339318772210875, 0.16413341058847442, -0.7347659652129558, 2.9412740187155895, 0.0, 0.0, -3.304856014240098, 0.9198590625770061, -2.3339316398506758, 0.16413413918590677
3672, 36.71799433797909, -2.341279536873217, 0.1935461507756302, -0.7347659652129558, 2.9412740187155895, 0.0, 0.0, -3.30751861142327, 0.9381636761178587, -2.3412775683480187, 0.19354656518429667
3673, 36.727996515679436, -2.3486271965253467, 0.22295889096278598, -0.7347659652129558, 2.9412740187155895, 0.0, 0.0, -3.3097775857408065, 0.9567267378008663, -2.3486257920446474, 0.2229588427237521
3674, 36.73799869337979, -2.3559748561774763, 0.25237163114994177, -0.7347659652129558, 2.9412740187155895, 0.0, 0.0, -3.3116386953365113, 0.975539092724208, -2.3559731864242917, 0.2523705003798123
3675, 36.74800087108014, -2.363322515829606, 0.281784371337098, -0.7347659652129558, 2.9412740187155895, 0.0, 0.0, -3.3131078420682165, 0.9945914653992445, -2.3633222396674047, 0.281784925348518
3676, 36.75800304878049, -2.3706701754817354, 0.3111971115242538, -0.7347659652129558, 2.9412740187155895, 0.0, 0.0, -3.3141910690260388, 1.0138744643672477, -2.370668616674089, 0.31119667190846634
3677, 36.76800522648083, -2.378017835133865, 0.34060985171140956, -0.7347659652129558, 2.9412740187155895, 0.0, 0.0, -3.3148945579788225, 1.033378586871831, -2.378018130393779, 0.3406088254862963
3678, 36.77800740418118, -2.3853654947859946, 0.3700225918985658, -0.7347659652129558, 2.9412740187155895, 0.0, 0.0, -3.315224626749338, 1.0530942235847114, -2.3853658133001825, 0.3700227532423395
3679, 36.78800958188153, -2.392713154438124, 0.3994353320857216, -0.7347659652129558, 2.9412740187155895, 0.0, 0.0, -3.315187726518838, 1.0730116633824192, -2.3927131985211507, 0.3994348563109806
3680, 36.798011759581875, -2.4000608140902537, 0.42884807227287736, -0.7347659652129558, 2.9412740187155895, 0.0, 0.0, -3.3147904390616345, 1.0931210981715505, -2.4000608581437617, 0.4288498257895465
3681, 36.808013937282226, -2.4074084737423833, 0.4582608124600336, -0.7347659652129558, 2.9412740187155895, 0.0, 0.0, -3.314039473910386, 1.1134126277601202, -2.4074086446213006, 0.4582619650630813
3682, 36.818016114982576, -2.414756133394513, 0.48767355264718937, -0.7347659652129558, 2.9412740187155895, 0.0, 0.0, -3.3129416654528177, 1.1338762647725644, -2.4147566221528853, 0.4876739409395294
3683, 36.82801829268293, -2.4221037930466425, 0.5170862928343452, -0.7347659652129558, 2.9412740187155895, 0.0, 0.0, -3.311503969960667, 1.1545019396059206, -2.4221033331339923, 0.5170877182655167
3684, 36.83802047038327, -2.429451452698772, 0.5464990330215014, -0.7347659652129558, 2.9412740187155895, 0.0, 0.0, -3.3097334625516632, 1.1752795054246858, -2.4294519064723494, 0.5465000909387918
3685, 36.84802264808362, -2.4367991123509016, 0.5759117732086572, -0.7347659652129558, 2.9412740187155895, 0.0, 0.0, -3.307637334085396, 1.1961987431918422, -2.4367995235435402, 0.5759111264640977
3686, 36.85802482578397, -2.444146772003031, 0.605324513395813, -0.7347659652129558, 2.9412740187155895, 0.0, 0.0, -3.3052228879939785, 1.2172493667335271, -2.4441467844568017, 0.6053256410277736
3687, 36.868027003484315, -2.451494431655161, 0.6347372535829687, -0.7347659652129558, 2.9412740187155895, 0.0, 0.0, -3.3024975370484517, 1.238421027834797, -2.4514950050986486, 0.6347359368351367
3688, 36.878029181184665, -2.45884209130729, 0.664149993770125, -0.7347659652129558, 2.9412740187155895, 0.0, 0.0, -3.2994688000619012, 1.2597033213639337, -2.4588420616101834, 0.6641504724188901
3689, 36.888031358885016, -2.4661897509594195, 0.6935627339572807, -0.7347659652129558, 2.9412740187155895, 0.0, 0.0, -3.296144298530337, 1.2810857904227175, -2.46619011138829, 0.6935639712166998
3690, 36.898033536585366, -2.473537410611549, 0.7229754741444365, -0.7347659652129558, 2.9412740187155895, 0.0, 0.0, -3.292531753212372, 1.3025579315200997, -2.4735389733046915, 0.7229759491731426
3691, 36.90803571428571, -2.4808850702636787, 0.7523882143315928, -0.7347659652129558, 2.9412740187155895, 0.0, 0.0, -3.288638980648843, 1.324109199766666, -2.4808852721457293, 0.7523876525951627
3692, 36.91803789198606, -2.4882327299158082, 0.7818009545187485, -0.7347659652129558, 2.9412740187155895, 0.0, 0.0, -3.2844738896235146, 1.345729014087303, -2.488232811422867, 0.7818002390530859
3693, 36.92804006968641, -2.495580389567938, 0.8112136947059043, -0.7347659652129558, 2.9412740187155895, 0.0, 0.0, -3.2800444775660473, 1.3674067624494666, -2.4955807214923342, 0.8112127392938492
3694, 36.938042247386754, -2.5029280492200674, 0.8406264348930605, -0.7347659652129558, 2.9412740187155895, 0.0, 0.0, -3.2753588268985006, 1.3891318071044234, -2.50292771072551, 0.8406261601227077
3695, 36.948044425087105, -2.510275708872197, 0.8700391750802163, -0.7347659652129558, 2.9412740187155895, 0.0, 0.0, -3.2704251013266186, 1.4108934898388663, -2.5102754085211942, 0.8700391462272333
3696, 36.958046602787455, -2.5176233685243266, 0.8994519152673721, -0.7347659652129558, 2.9412740187155895, 0.0, 0.0, -3.265251542077229, 1.4326811372342758, -2.5176235178497026, 0.8994517027354679
3697, 36.968048780487806, -2.524971028176456, 0.9288646554545283, -0.7347659652129558, 2.9412740187155895, 0.0, 0.0, -3.259846464083133, 1.4544840659314062, -2.524971703532172, 0.928863695479713
3698, 36.97805095818815, -2.5323186878285857, 0.9582773956416841, -0.7347659652129558, 2.9412740187155895, 0.0, 0.0, -3.254218252116865, 1.4762915878972733, -2.532319719221489, 0.9582782146329504
3699, 36.9880531358885, -2.5396663474807153, 0.9876901358288399, -0.7347659652129558, 2.9412740187155895, 0.0, 0.0, -3.2483753568747824, 1.4980930156920322, -2.539667148023202, 0.987689984163438
3700, 36.99805531358885, -2.547014007132845, 1.0171028760159957, -0.7347659652129558, 2.9412740187155895, 0.0, 0.0, -3.2423262910129744, 1.519877667733111, -2.5470141637671904, 1.0171020343048234
3701, 37.00805749128919, -2.5543616667849744, 1.046515616203152, -0.7347659652129558, 2.9412740187155895, 0.0, 0.0, -3.2360796251364867, 1.5416348735539966, -2.5543620166419543, 1.0465142854605851
3702, 37.018059668989544, -2.561709326437104, 1.0759283563903077, -0.7347659652129558, 2.9412740187155895, 0.0, 0.0, -3.2296439837434745, 1.5633539790550564, -2.5617084595053767, 1.075928120828087
3703, 37.028061846689894, -2.5690569860892336, 1.1053410965774635, -0.7347659652129558, 2.9412740187155895, 0.0, 0.0, -3.2230280411258407, 1.5850243517437943, -2.5690573321598675, 1.1053398653550892
3704, 37.03806402439024, -2.576404645741363, 1.1347538367646197, -0.7347659652129558, 2.9412740187155895, 0.0, 0.0, -3.2162405172280337, 1.6066353859619409, -2.576403075657462, 1.1347533221823787
3705, 37.04806620209059, -2.5837523053934928, 1.1641665769517755, -0.7347659652129558, 2.9412740187155895, 0.0, 0.0, -3.209290173465674, 1.6281765080967878, -2.5837523838204057, 1.1641665873393923
3706, 37.05806837979094, -2.5910999650456223, 1.1935793171389313, -0.7347659652129558, 2.9412740187155895, 0.0, 0.0, -3.2021858085057353, 1.6496371817741955, -2.591100086321888, 1.1935782450961328
3707, 37.06807055749129, -2.598447624697752, 1.2229920573260875, -0.7347659652129558, 2.9412740187155895, 0.0, 0.0, -3.1949362540100283, 1.6710069130306966, -2.598449148360575, 1.2229927143493458
3708, 37.07807273519163, -2.6057952843498815, 1.2524047975132433, -0.7347659652129558, 2.9412740187155895, 0.0, 0.0, -3.1875503703438044, 1.6922752554621467, -2.6057956140001686, 1.2524047845979052
3709, 37.08807491289198, -2.613142944002011, 1.281817537700399, -0.7347659652129558, 2.9412740187155895, 0.0, 0.0, -3.180037042251274, 1.713431815346382, -2.613141501568028, 1.281818428131563
3710, 37.098077090592334, -2.62049060365414, 1.3112302778875553, -0.7347659652129558, 2.9412740187155895, 0.0, 0.0, -3.172405174499937, 1.7344662567373526, -2.62049112972786, 1.3112306728202963
3711, 37.10807926829268, -2.62783826330627, 1.340643018074711, -0.7347659652129558, 2.9412740187155895, 0.0, 0.0, -3.1646636874956213, 1.7553683065282264, -2.6278402656606756, 1.3406430200991226
3712, 37.11808144599303, -2.6351859229583994, 1.3700557582618669, -0.7347659652129558, 2.9412740187155895, 0.0, 0.0, -3.1568215128701462, 1.776127759480974, -2.6351847976207554, 1.3700566433011574
3713, 37.12808362369338, -2.642533582610529, 1.399468498449023, -0.7347659652129558, 2.9412740187155895, 0.0, 0.0, -3.148887589043598, 1.796734483219954, -2.6425328963718213, 1.399469662011073
3714, 37.13808580139373, -2.6498812422626585, 1.4288812386361789, -0.7347659652129558, 2.9412740187155895, 0.0, 0.0, -3.140870856763221, 1.8171784231870514, -2.649880075282073, 1.4288822771517848
3715, 37.14808797909407, -2.6565125111811456, 1.4580208223829654, -0.5914546512673766, 2.8865099620070755, 14.334448116269835, -5.489682534315847, -2.11907908645514, 1.9362502166428464, -2.6565139696456814, 1.4580208378121327
3716, 37.15809015679442, -2.661710335288006, 1.4866114378763204, -0.44811017010467813, 2.8316131366639166, 14.334448116269835, -5.489682534315847, -2.0591065464128144, 1.9189499860877968, -2.6617101444165376, 1.4866114211538841
3717, 37.16809233449477, -2.6654747145832394, 1.5146530851162439, -0.30476568894197964, 2.776716311320758, 14.334448116269835, -5.489682534315847, -1.9954472488948058, 1.903175088262664, -2.6654760511629965, 1.5146521158584239
3718, 37.178094512195116, -2.6678056490668456, 1.5421457641027356, -0.1614212077792812, 2.7218194859775995, 14.334448116269835, -5.489682534315847, -1.9281521825130294, 1.888905172596904, -2.667806649200282, 1.5421447926258502
3719, 37.18809668989547, -2.668703138738825, 1.5690894748357957, -0.01807672661658266, 2.666922660634441, 14.334448116269835, -5.489682534315847, -1.8572628447676542, 1.8761112077259252, -2.6687034771784046, 1.569089537852259
3720, 37.19809886759582, -2.668167183599177, 1.5954842173154244, 0.12526775454611583, 2.6120258352912824, 14.334448116269835, -5.489682534315847, -1.78281102400857, 1.8647556811975718, -2.6681660257510034, 1.5954841276977516
3721, 37.20810104529617, -2.6661977836479025, 1.6213299915416215, 0.2686122357088143, 2.5571290099481243, 14.334448116269835, -5.489682534315847, -1.7048186415846345, 1.8547928025431428, -2.66619695587738, 1.62132979614494
3722, 37.21810322299651, -2.662794938885001, 1.6466267975143871, 0.4119567168715128, 2.5022321846049653, 14.334448116269835, -5.489682534315847, -1.623297653394829, 1.8461687096125878, -2.6627948346208843, 1.6466266809615848
3723, 37.22810540069686, -2.6579586493104723, 1.6713746352337209, 0.5553011980342113, 2.447335359261807, 14.334448116269835, -5.489682534315847, -1.5382500110645774, 1.8388216784625082, -2.657959443062203, 1.671374772081255
3724, 37.23810757839721, -2.651688914924317, 1.6955735046996232, 0.6986456791969099, 2.3924385339186482, 14.334448116269835, -5.489682534315847, -1.4496676839789762, 1.8326823374671757, -2.6516895395809765, 1.6955725536663009
3725, 37.248109756097556, -2.643985735726534, 1.7192234059120939, 0.8419901603596082, 2.3375417085754897, 14.334448116269835, -5.489682534315847, -1.3575327444058305, 1.8276738866946474, -2.643984899779897, 1.7192227170679788
3726, 37.258111933797906, -2.6348491117171244, 1.742324338871133, 0.9853346415223068, 2.282644883232331, 14.334448116269835, -5.489682534315847, -1.2618175189280039, 1.8237123239499053, -2.6348481150293, 1.7423248643701625
3727, 37.26811411149826, -2.624279042896088, 1.7648763035767405, 1.1286791226850053, 2.227748057889173, 14.334448116269835, -5.489682534315847, -1.162484810369033, 1.820706679232392, -2.624277340748231, 1.7648770838811538
3728, 37.2781162891986, -2.6122755292634245, 1.7868793000289165, 1.2720236038477037, 2.172851232546014, 14.334448116269835, -5.489682534315847, -1.059488195329866, 1.8185592596838331, -2.612274572137001, 1.7868806447840295
3729, 37.28811846689895, -2.598838570819134, 1.8083333282276608, 1.4153680850104022, 2.117954407202856, 14.334448116269835, -5.489682534315847, -0.952772403348447, 1.8171659074111775, -2.59883811619937, 1.8083338254605257
3730, 37.2981206445993, -2.5839681675632162, 1.8292383881729737, 1.5587125661731007, 2.0630575818596975, 14.334448116269835, -5.489682534315847, -0.8422737845370913, 1.816416272856051, -2.583970260612864, 1.8292383887766581
3731, 37.30812282229965, -2.567664319495672, 1.849594479864855, 1.702057047335799, 2.0081607565165385, 14.334448116269835, -5.489682534315847, -0.7279208733330201, 1.8161941066433869, -2.5676659575326393, 1.8495927820513587
3732, 37.318124999999995, -2.5499270266165004, 1.8694016033033045, 1.8454015284984977, 1.9532639311733802, 14.334448116269835, -5.489682534315847, -0.6096350567013114, 1.8163775730746448, -2.5499294434081143, 1.869401499802425
3733, 37.328127177700345, -2.530756288925702, 1.8886597584883225, 1.9887460096611962, 1.8983671058302214, 14.334448116269835, -5.489682534315847, -0.48733135574138897, 1.8168395886320208, -2.530755816857, 1.8886576832093427
3734, 37.338129355400696, -2.5101521064232766, 1.907368945419909, 2.1320904908238947, 1.8434702804870633, 14.334448116269835, -5.489682534315847, -0.36091933015030997, 1.8174481890257503, -2.5101513218856057, 1.9073687401533785
3735, 37.34813153310104, -2.488114479109224, 1.9255291640980639, 2.2754349719865927, 1.7885734551439045, 14.334448116269835, -5.489682534315847, -0.23030411536924467, 1.81806692844326, -2.4881138315504443, 1.9255297832595937
3736, 37.35813371080139, -2.4646434069835443, 1.943140414522787, 2.4187794531492917, 1.7336766298007462, 14.334448116269835, -5.489682534315847, -0.09538760246174549, 1.8185553147427918, -2.464642725701998, 1.9431387367566186
3737, 37.36813588850174, -2.4397388900462382, 1.9602026966940787, 2.56212393431199, 1.6787798044575877, 14.334448116269835, -5.489682534315847, 0.04393022918006673, 1.8187692843710435, -2.439739032903945, 1.9602025559147658
3738, 37.37813806620209, -2.4134009282973046, 1.9767160106119388, 2.7054684154746886, 1.623882979114429, 14.334448116269835, -5.489682534315847, 0.18774981635828936, 1.8185617207703033, -2.4134005627186434, 1.9767158391655857
3739, 37.388140243902434, -2.3856295217367443, 1.9926803562763673, 2.848812896637387, 1.5689861537712706, 14.334448116269835, -5.489682534315847, 0.33617034425941994, 1.8177830199711453, -2.3856280625508295, 1.9926821122710991
3740, 37.398142421602785, -2.356424670364557, 2.008095733687364, 2.9921573778000856, 1.514089328428112, 14.334448116269835, -5.489682534315847, 0.48928789739025635, 1.8162817069377515, -2.3564234171897622, 2.0080978712439452
3741, 37.408144599303135, -2.3257863741807423, 2.02296214284493, 3.135501858962784, 1.4591925030849535, 14.334448116269835, -5.489682534315847, 0.6471934212671343, 1.81390510603994, -2.325786325744858, 2.022962511556334
3742, 37.41814677700348, -2.293714633185301, 2.0372795837490636, 3.2788463401254826, 1.404295677741795, 14.334448116269835, -5.489682534315847, 0.8099704881175869, 1.8105000687647188, -2.293714644333654, 2.0372790885890453
3743, 37.42814895470383, -2.260209447378233, 2.0510480563997655, 3.4221908212881815, 1.3493988523986364, 14.334448116269835, -5.489682534315847, 0.9776928614601551, 1.8059137614464909, -2.2602096536288467, 2.051047662410064
3744, 37.43815113240418, -2.2252708167595374, 2.064267560797036, 3.5655353024508796, 1.294502027055478, 14.334448116269835, -5.489682534315847, 1.1504218564232804, 1.7999945153848662, -2.225270649676642, 2.064268567181884
3745, 37.44815331010453, -2.188898741329215, 2.076938096940875, 3.708879783613578, 1.2396052017123194, 14.334448116269835, -5.489682534315847, 1.3282034950807493, 1.7925927412286973, -2.18889862280286, 2.0769364770879633
3746, 37.45815548780487, -2.1510932210872657, 2.0890596648312827, 3.8522242647762766, 1.1847083763691608, 14.334448116269835, -5.489682534315847, 1.5110654589502246, 1.7835619089310655, -2.1510942460468754, 2.089060792278883
3747, 37.468157665505224, -2.1118542560336895, 2.1006322644682585, 3.9955687459389746, 1.1298115510260023, 14.334448116269835, -5.489682534315847, 1.6990138441519749, 1.77275959391968, -2.1118545788596674, 2.100632384460282
3748, 37.478159843205574, -2.0711818461684866, 2.111655895851803, 4.138913227101673, 1.0749147256828437, 14.334448116269835, -5.489682534315847, 1.8920297285820045, 1.760048589378188, -2.071181383150391, 2.1116570862129422
3749, 37.48816202090592, -2.029075991491656, 2.1221305589819153, 4.282257708264372, 1.0200179003396854, 14.334448116269835, -5.489682534315847, 2.090065564837969, 1.7452980836947622, -2.029077363698677, 2.1221310283033006
3750, 37.49816419860627, -1.9855366920031985, 2.1320562538585963, 4.42560218942707, 0.9651210749965267, 14.334448116269835, -5.489682534315847, 2.2930414175611356, 1.728384901204306, -1.9855368209383202, 2.1320545989107034
3751, 37.50816637630662, -1.9405639477031147, 2.141432980481846, 4.568946670589769, 0.9102242496533682, 14.334448116269835, -5.489682534315847, 2.5008410693293177, 1.7091948033300777, -1.9405639025441437, 2.1414333725363033
3752, 37.51816855400696, -1.8941577585914033, 2.1502607388516637, 4.712291151752468, 0.8553274243102097, 14.334448116269835, -5.489682534315847, 2.7133080252500674, 1.687623846120988, -1.8941576192697855, 2.1502620417983787
3753, 37.52817073170731, -1.8463181246680653, 2.15853952896805, 4.855635632915166, 0.8004305989670513, 14.334448116269835, -5.489682534315847, 2.93024145294477, 1.66357978898509, -1.846317067199822, 2.1585398950283126
3754, 37.53817290940766, -1.7970450459331, 2.166269350831005, 4.998980114077865, 0.7455337736238926, 14.334448116269835, -5.489682534315847, 3.151392101653425, 1.6369835481421726, -1.797046081889174, 2.166269083204139
3755, 37.548175087108014, -1.7470552447923229, 2.1737246885672437, 4.99898011407786, 0.7455337736238945, 0.0, 0.0, 2.6582422756092914, 1.676580327862923, -1.7470547559369236, 2.173723167967041
3756, 37.55817726480836, -1.6970654436515442, 2.1811800263034824, 4.99898011407786, 0.7455337736238945, 0.0, 0.0, 2.8036561531910635, 1.6496994769102868, -1.6970647588456802, 2.1811802064391164
3757, 37.56817944250871, -1.6470756425107658, 2.1886353640397216, 4.99898011407786, 0.7455337736238945, 0.0, 0.0, 2.94729500727557, 1.6199343256061112, -1.6470763054297228, 2.1886352714969135
3758, 37.57818162020906, -1.597085841369987, 2.1960907017759603, 4.99898011407786, 0.7455337736238945, 0.0, 0.0, 3.0888237534630245, 1.5873761061787786, -1.5970854767942297, 2.1960912828058885
3759, 37.5881837979094, -1.5470960402292084, 2.203546039512199, 4.99898011407786, 0.7455337736238945, 0.0, 0.0, 3.2279148150405144, 1.5521251918458203, -1.5470956163219451, 2.203545844491971
3760, 37.59818597560975, -1.4971062390884298, 2.2110013772484383, 4.99898011407786, 0.7455337736238945, 0.0, 0.0, 3.3642488610649264, 1.5142907660701574, -1.4971056702130732, 2.211001654891569
3761, 37.6081881533101, -1.447116437947651, 2.218456714984677, 4.99898011407786, 0.7455337736238945, 0.0, 0.0, 3.497515516790891, 1.4739904627550824, -1.4471155614694005, 2.218457105207172
3762, 37.61819033101045, -1.3971266368068724, 2.225912052720916, 4.99898011407786, 0.7455337736238945, 0.0, 0.0, 3.627414044956815, 1.431349978564957, -1.3971249813760158, 2.2259124546061164
3763, 37.6281925087108, -1.3471368356660938, 2.233367390457155, 4.99898011407786, 0.7455337736238945, 0.0, 0.0, 3.7536539965372198, 1.3865026586505946, -1.3471358139720602, 2.233368280228323
3764, 37.63819468641115, -1.297147034525315, 2.240822728193394, 4.99898011407786, 0.7455337736238945, 0.0, 0.0, 3.8759558296671472, 1.3395890571459914, -1.2971484517881156, 2.2408232212223824
3765, 37.6481968641115, -1.2471572333845364, 2.248278065929633, 4.99898011407786, 0.7455337736238945, 0.0, 0.0, 3.99405149554415, 1.2907564738863337, -1.247157904177077, 2.2482786787064195
3766, 37.65819904181184, -1.197167432243758, 2.255733403665872, 4.99898011407786, 0.7455337736238945, 0.0, 0.0, 4.107684990214885, 1.240158468875634, -1.1971685409633535, 2.255734470625546
3767, 37.66820121951219, -1.1471776311029793, 2.263188741402111, 4.99898011407786, 0.7455337736238945, 0.0, 0.0, 4.216612871256421, 1.1879543561057722, -1.1471780548620096, 2.2631889979091575
3768, 37.67820339721254, -1.0971878299622007, 2.27064407913835, 4.99898011407786, 0.7455337736238945, 0.0, 0.0, 4.320604738466571, 1.1343086783968162, -1.0971872528857907, 2.2706448066354015
3769, 37.68820557491289, -1.047198028821422, 2.2780994168745887, 4.99898011407786, 0.7455337736238945, 0.0, 0.0, 4.419443677782708, 1.0793906649911316, -1.0471980792183992, 2.2780993953983155
3770, 37.698207752613236, -0.9972082276806433, 2.285554754610828, 4.99898011407786, 0.7455337736238945, 0.0, 0.0, 4.512926667754179, 1.0233736736906587, -0.9972104828313764, 2.285552820055951
3771, 37.708209930313586, -0.9472184265398647, 2.2930100923470667, 4.99898011407786, 0.7455337736238945, 0.0, 0.0, 4.6008649479993835, 0.9664346193777631, -0.9472182382923152, 2.293011378757647
3772, 37.71821210801394, -0.897228625399086, 2.300465430083306, 4.99898011407786, 0.7455337736238945, 0.0, 0.0, 4.683084349184428, 0.9087533908049411, -0.8972275152198563, 2.30046472590082
3773, 37.72821428571428, -0.8472388242583073, 2.3079207678195446, 4.99898011407786, 0.7455337736238945, 0.0, 0.0, 4.759425584165889, 0.8505122575774137, -0.8472391353649553, 2.307920084050029
3774, 37.73821646341463, -0.7972490231175289, 2.3153761055557833, 4.99898011407786, 0.7455337736238945, 0.0, 0.0, 4.82974450004492, 0.7918952692849474, -0.7972484842290191, 2.3153764464264244
3775, 37.74821864111498, -0.74725922197675, 2.3228314432920225, 4.99898011407786, 0.7455337736238945, 0.0, 0.0, 4.893912290984123, 0.733087648765179, -0.7472593368671077, 2.322833322132514
3776, 37.758220818815325, -0.6972694208359713, 2.3302867810282617, 4.99898011407786, 0.7455337736238945, 0.0, 0.0, 4.951815671741113, 0.6742751815000635, -0.6972682304585108, 2.3302873275146516
3777, 37.768222996515675, -0.6472796196951927, 2.3377421187645004, 4.99898011407786, 0.7455337736238945, 0.0, 0.0, 5.003357011974086, 0.615643603159814, -0.6472794139402966, 2.337743679521728
3778, 37.778225174216026, -0.5972898185544144, 2.345197456500739, 4.99898011407786, 0.7455337736238945, 0.0, 0.0, 5.048454431474154, 0.5573779873148332, -0.5972890365618616, 2.345196132806326
3779, 37.788227351916376, -0.5473000174136358, 2.3526527942369784, 4.99898011407786, 0.7455337736238945, 0.0, 0.0, 5.08704185657667, 0.49966213533556625, -0.5473005156404802, 2.352652322718421
3780, 37.79822952961672, -0.4973102162728571, 2.360108131973217, 4.99898011407786, 0.7455337736238945, 0.0, 0.0, 5.11906903809907, 0.44267797049300045, -0.49731027899325436, 2.360107018301745
3781, 37.80823170731707, -0.44732041513207843, 2.3675634697094563, 4.99898011407786, 0.7455337736238945, 0.0, 0.0, 5.1445015312454485, 0.386604938258652, -0.4473192243273229, 2.3675656213809892
3782, 37.81823388501742, -0.39733061399129976, 2.375018807445695, 4.99898011407786, 0.7455337736238945, 0.0, 0.0, 5.163320638008197, 0.3316194147824708, -0.3973300291852537, 2.375019505779289
3783, 37.828236062717764, -0.3473408128505211, 2.3824741451819342, 4.99898011407786, 0.7455337736238945, 0.0, 0.0, 5.175523312684185, 0.27789412550006315, -0.34734009179089964, 2.3824752693991407
3784, 37.838238240418114, -0.2973510117097429, 2.389929482918173, 4.99898011407786, 0.7455337736238945, 0.0, 0.0, 5.181122031206965, 0.22559757578727033, -0.2973488773877118, 2.3899313028338183
3785, 37.848240418118465, -0.2473612105689642, 2.397384820654412, 4.99898011407786, 0.7455337736238945, 0.0, 0.0, 5.180144625077305, 0.17489349554033642, -0.2473621425268016, 2.3973845789044077
3786, 37.858242595818815, -0.19737140942818554, 2.404840158390651, 4.99898011407786, 0.7455337736238945, 0.0, 0.0, 5.172634080751598, 0.12594029951402255, -0.19737263674126154, 2.4048405226008573
3787, 37.86824477351916, -0.14738160828740687, 2.41229549612689, 4.99898011407786, 0.7455337736238945, 0.0, 0.0, 5.158648305421435, 0.07889056519797, -0.14738130787226844, 2.41229521990712
3788, 37.87824695121951, -0.0973918071466282, 2.419750833863129, 4.99898011407786, 0.7455337736238945, 0.0, 0.0, 5.138259860187507, 0.03389052995382208, -0.09739103157064406, 2.419750751988946
3789, 37.88824912891986, -0.04740200600584954, 2.4272061715993676, 4.99898011407786, 0.7455337736238945, 0.0, 0.0, 5.111555661697075, -0.008920390927985966, -0.04740223205686432, 2.427205060551275
3790, 37.8982513066202, 0.0025877951349291273, 2.4346615093356068, 4.99898011407786, 0.7455337736238945, 0.0, 0.0, 5.078636653376315, -0.04941006366183154, 0.0025876493980931965, 2.4346609637022767
3791, 37.908253484320554, 0.052577596275707794, 2.4421168470718455, 4.99898011407786, 0.7455337736238945, 0.0, 0.0, 5.039617447446714, -0.08745407137524902, 0.05257723868458462, 2.4421158472627194
3792, 37.918255662020904, 0.10256739741648646, 2.4495721848080847, 4.99898011407786, 0.7455337736238945, 0.0, 0.0, 4.994625938968552, -0.12293612405561843, 0.10256733210791034, 2.449572770596147
3793, 37.928257839721255, 0.15255719855726513, 2.4570275225443234, 4.99898011407786, 0.7455337736238945, 0.0, 0.0, 4.943802893203916, -0.15574844168278645, 0.15255752759942687, 2.4570277943538668
3794, 37.9382600174216, 0.2025469996980438, 2.4644828602805626, 4.99898011407786, 0.7455337736238945, 0.0, 0.0, 4.8873015076369715, -0.18579210928369572, 0.20254846369334328, 2.4644811404948634
3795, 37.94826219512195, 0.25253680083882246, 2.4719381980168014, 4.99898011407786, 0.7455337736238945, 0.0, 0.0, 4.825286950029977, -0.21297740273769206, 0.2525355623144994, 2.471939318570302
3796, 37.9582643728223, 0.30252660197960113, 2.4793935357530406, 4.99898011407786, 0.7455337736238945, 0.0, 0.0, 4.7579358739300535, -0.23722408425771768, 0.30252514762052335, 2.479392233272539
3797, 37.96826655052264, 0.3525164031203798, 2.4868488734892793, 4.99898011407786, 0.7455337736238945, 0.0, 0.0, 4.685435913073725, -0.2584616665725967, 0.3525158796478285, 2.4868496192528755
3798, 37.97826872822299, 0.40250620426115846, 2.4943042112255185, 4.99898011407786, 0.7455337736238945, 0.0, 0.0, 4.6079851561639575, -0.2766296449389075, 0.4025060178135323, 2.4943037843581193
3799, 37.98827090592334, 0.45249600540193713, 2.5017595489617572, 4.99898011407786, 0.7455337736238945, 0.0, 0.0, 4.525791603517678, -0.29167769621704864, 0.4524959554795305, 2.5017601722343783
3800, 37.998273083623694, 0.5024858065427158, 2.5092148866979964, 4.99898011407786, 0.7455337736238945, 0.0, 0.0, 4.439072607100695, -0.30356584435477585, 0.5024853525966628, 2.5092145110473534
3801, 38.00827526132404, 0.552475607683494, 2.516670224434235, 4.99898011407786, 0.7455337736238945, 0.0, 0.0, 4.348054295481557, -0.31226459173229193, 0.5524769426168327, 2.5166709382898684
3802, 38.01827743902439, 0.6024654088242727, 2.5241255621704743, 4.99898011407786, 0.7455337736238945, 0.0, 0.0, 4.25297098524622, -0.3177550159356217, 0.6024676886059199, 2.5241258566572893
3803, 38.02827961672474, 0.6524552099650514, 2.531580899906713, 4.99898011407786, 0.7455337736238945, 0.0, 0.0, 4.154064580421571, -0.3200288316390304, 0.6524551990946785, 2.53158191671517
3804, 38.03828179442508, 0.70244501110583, 2.539036237642952, 4.99898011407786, 0.7455337736238945, 0.0, 0.0, 4.0515839614578555, -0.3190884173923715, 0.70244662843975, 2.539035952701375
3805, 38.04828397212543, 0.7524348122466087, 2.546491575379191, 4.99898011407786, 0.7455337736238945, 0.0, 0.0, 3.9457843653180467, -0.3149468072250179, 0.7524364402975017, 2.54649213569819
3806, 38.05828614982578, 0.8024246133873874, 2.55394691311543, 4.99898011407786, 0.7455337736238945, 0.0, 0.0, 3.836926758216282, -0.30762764709410717, 0.8024259401766749, 2.553947383906994
3807, 38.068288327526126, 0.852414414528166, 2.561402250851669, 4.99898011407786, 0.7455337736238945, 0.0, 0.0, 3.7252772025376655, -0.29716511632081055, 0.8524156722346448, 2.5614013005036114
3808, 38.07829050522648, 0.9024042156689447, 2.5688575885879077, 4.99898011407786, 0.7455337736238945, 0.0, 0.0, 3.6111062194582786, -0.28360381427384107, 0.9024037484846311, 2.5688568742903386
3809, 38.08829268292683, 0.9523940168097234, 2.576312926324147, 4.99898011407786, 0.7455337736238945, 0.0, 0.0, 3.494688148767136, -0.26699861267406677, 0.9523935003886059, 2.5763130721575838
3810, 38.09829486062718, 1.002383817950502, 2.5837682640603856, 4.99898011407786, 0.7455337736238945, 0.0, 0.0, 3.3763005073713197, -0.24741447400751237, 1.002382290951367, 2.5837685463598508
3811, 38.10829703832752, 1.0523736190912807, 2.591223601796625, 4.99898011407786, 0.7455337736238945, 0.0, 0.0, 3.256223347941652, -0.22492623664584277, 1.0523726768041761, 2.5912225295718754
3812, 38.11829921602787, 1.1023634202320594, 2.5986789395328636, 4.99898011407786, 0.7455337736238945, 0.0, 0.0, 3.134738619129287, -0.19961836738325778, 1.1023618505060961, 2.59867863163416
3813, 38.12830139372822, 1.152353221372838, 2.6061342772691027, 4.99898011407786, 0.7455337736238945, 0.0, 0.0, 3.0121295287535785, -0.17158468220621537, 1.1523532285451492, 2.6061345759681847
3814, 38.138303571428565, 1.2023430225136167, 2.6135896150053415, 4.99898011407786, 0.7455337736238945, 0.0, 0.0, 2.8886799113287207, -0.14092803621720895, 1.2023454002708116, 2.6135886519837213
3815, 38.148305749128916, 1.252332823654395, 2.6210449527415807, 4.99898011407786, 0.7455337736238945, 0.0, 0.0, 2.764673601261144, -0.10775998373558271, 1.2523323720555204, 2.6210452387497574
3816, 38.158307926829266, 1.3023226247951736, 2.6285002904778194, 4.99898011407786, 0.7455337736238945, 0.0, 0.0, 2.640393813011577, -0.0722004096967559, 1.3023216087745395, 2.6284994650551208
3817, 38.16831010452962, 1.3523124259359522, 2.6359556282140586, 4.99898011407786, 0.7455337736238945, 0.0, 0.0, 2.516122529475343, -0.034377133565919094, 1.3523131495556289, 2.6359566242355306
3818, 38.17831228222996, 1.402302227076731, 2.6434109659502973, 4.99898011407786, 0.7455337736238945, 0.0, 0.0, 2.3921398997918684, 0.005574512927068176, 1.4023013846785226, 2.643411203733478
3819, 38.18831445993031, 1.4522920282175096, 2.650866303686536, 4.99898011407786, 0.7455337736238945, 0.0, 0.0, 2.268723647749931, 0.047512132838471, 1.4522917477068336, 2.65086646580891
3820, 38.19831663763066, 1.5022818293582882, 2.6583216414227753, 4.99898011407786, 0.7455337736238945, 0.0, 0.0, 2.146148491908798, 0.09128673437229984, 1.5022829280155194, 2.658322874492508
3821, 38.208318815331005, 1.552271630499067, 2.6657769791590145, 4.99898011407786, 0.7455337736238945, 0.0, 0.0, 2.024685578507512, 0.1367432230009818, 1.5522696011901476, 2.6657779069515737
3822, 38.218320993031355, 1.6014706143782202, 2.67234964686201, 4.843587128324816, 0.5694129465339552, -15.2622519181082, -17.570764753111643, 1.4897102377722375, -0.008175980811103933, 1.601471797028063, 2.6723490464082045
3823, 38.228323170731706, 1.6491433730655634, 2.6771652380896938, 4.690964609143734, 0.3937052990028386, -15.2622519181082, -17.570764753111643, 1.3176894209831487, -0.06329966470855772, 1.6491456295722675, 2.67716509665359
3824, 38.238325348432056, 1.6952899065610953, 2.6802237528420663, 4.5383420899626525, 0.21799765147172195, -15.2622519181082, -17.570764753111643, 1.1467739947685063, -0.11938232459116896, 1.695291145373632, 2.680225000151963
3825, 38.2483275261324, 1.7399102148648162, 2.6815251911191282, 4.3857195707815695, 0.042290003940605336, -15.2622519181082, -17.570764753111643, 0.9771612510295267, -0.17683430743648912, 1.7399115806982361, 2.681524385733654
3826, 38.25832970383275, 1.7830042979767269, 2.6810695529208783, 4.233097051600488, -0.13341764359051111, -15.2622519181082, -17.570764753111643, 0.8089965938284593, -0.23601197891018297, 1.7830039049981514, 2.6810685568275296
3827, 38.2683318815331, 1.8245721558968264, 2.678856838247318, 4.080474532419405, -0.3091252911216278, -15.2622519181082, -17.570764753111643, 0.6423723385375693, -0.2972228557698992, 1.8245715113976435, 2.6788569162489977
3828, 38.278334059233444, 1.8646137886251148, 2.674887047098446, 3.9278520132383234, -0.48483293865274435, -15.2622519181082, -17.570764753111643, 0.47732680475016376, -0.36073076747047705, 1.8646133832333327, 2.674886520462169
3829, 38.288336236933795, 1.9031291961615928, 2.6691601794742628, 3.7752294940572417, -0.660540586183861, -15.2622519181082, -17.570764753111643, 0.31384375391032804, -0.42676091154602813, 1.9031294749533063, 2.6691595632194467
3830, 38.298338414634145, 1.9401183785062597, 2.6616762353747685, 3.6226069748761587, -0.8362482337149775, -15.2622519181082, -17.570764753111643, 0.15185221460817622, -0.4955046935348669, 1.940117022548031, 2.6616768240851116
3831, 38.30834059233449, 1.975581335659116, 2.6524352147999632, 3.469984455695077, -1.0119558812460943, -15.2622519181082, -17.570764753111643, -0.008773266971795035, -0.5671242653815203, 1.9755819020129817, 2.652434642783282
3832, 38.31834277003484, 2.0095180676201614, 2.641437117749847, 3.317361936513995, -1.1876635287772108, -15.2622519181082, -17.570764753111643, -0.16821191695071613, -0.6417566963422694, 2.0095172760323403, 2.641437880521985
3833, 38.32834494773519, 2.041928574389396, 2.628681944224419, 3.1647394173329126, -1.3633711763083274, -15.2622519181082, -17.570764753111643, -0.3266955302054444, -0.7195177275011377, 2.041928025231731, 2.628681384909862
3834, 38.33834712543554, 2.0728128559668195, 2.6141696942236803, 3.012116898151831, -1.5390788238394442, -15.2622519181082, -17.570764753111643, -0.48450673824295243, -0.8005050752263398, 2.072812171944643, 2.6141697484741733
3835, 38.34834930313588, 2.102170912352433, 2.5979003677476302, 2.8594943789707483, -1.7147864713705605, -15.2622519181082, -17.570764753111643, -0.6419767103413092, -0.8848012604836917, 2.102171493549671, 2.5979014768095814
3836, 38.358351480836234, 2.1300027435462345, 2.5798739647962687, 2.7068718597896666, -1.8904941189016773, -15.2622519181082, -17.570764753111643, -0.7994822454353572, -0.9724759501406706, 2.1300019584441405, 2.5798760574527253
3837, 38.368353658536584, 2.156308349548226, 2.5600904853695967, 2.554249340608584, -2.066201766432794, -15.2622519181082, -17.570764753111643, -0.9574422069399822, -1.0635878035407529, 2.156306576428841, 2.5600894543186237
3838, 38.37835583623693, 2.1810877303584064, 2.538549929467613, 2.401626821427502, -2.24190941396391, -15.2622519181082, -17.570764753111643, -1.1163132469400876, -1.158185823018993, 2.1810886202168525, 2.5385504660298666
3839, 38.38835801393728, 2.204340885976776, 2.5152522970903184, 2.24900430224642, -2.4176170614950268, -15.2622519181082, -17.570764753111643, -1.2765847604049139, -1.2563102109923034, 2.2043432091847337, 2.5152504635487287
3840, 38.39836019163763, 2.2260678164033347, 2.4901975882377125, 2.096381783065338, -2.5933247090261435, -15.2622519181082, -17.570764753111643, -1.4387730048001894, -1.357992739120751, 2.226067138415687, 2.4901966013817844
3841, 38.40836236933798, 2.2462685216380827, 2.4633858029097953, 1.9437592638842554, -2.7690323565572603, -15.2622519181082, -17.570764753111643, -1.6034143161947576, -1.4632566371268967, 2.2462683786386073, 2.463385674917165
3842, 38.41836454703832, 2.26494300168102, 2.4348169411065674, 1.7911367447031736, -2.9447400040883767, -15.2622519181082, -17.570764753111643, -1.7710573502319886, -1.5721160105030845, 2.2649432447574656, 2.434818769848019
3843, 38.42836672473867, 2.2820912565321465, 2.4044910028280277, 1.6385142255220915, -3.1204476516194934, -15.2622519181082, -17.570764753111643, -1.9422542757276529, -1.684574797850592, 2.282091879472864, 2.40449178587363
3844, 38.438368902439024, 2.297713286191462, 2.372407988074177, 1.4858917063410093, -3.29615529915061, -15.2622519181082, -17.570764753111643, -2.117550850754553, -1.8006252802932088, 2.297714683281087, 2.372409256256332
3845, 38.44837108013937, 2.311809090658967, 2.3385678968450154, 1.3332691871599271, -3.4718629466817266, -15.2622519181082, -17.570764753111643, -2.2974753164901665, -1.9202461575985441, 2.311808526237785, 2.338569103400163
3846, 38.45837325783972, 2.3243786699346605, 2.302970729140543, 1.180646667978845, -3.647570594212843, -15.2622519181082, -17.570764753111643, -2.482526053462682, -2.0434002086234098, 2.324378925108926, 2.3029715964217736
3847, 38.46837543554007, 2.3354220240185435, 2.2656164849607587, 1.0280241487977628, -3.82327824174396, -15.2622519181082, -17.570764753111643, -2.6731579587679026, -2.1700315577668596, 2.335421555206079, 2.2656140824195736
3848, 38.47837761324042, 2.344939152910616, 2.2265051643056633, 0.8754016296166808, -3.9989858892750765, -15.2622519181082, -17.570764753111643, -2.8697675219768533, -2.3000625745457164, 2.344940419763757, 2.226505961954629
3849, 38.48837979094076, 2.352930056610877, 2.1856367671752572, 0.7227791104355984, -4.174693536806193, -15.2622519181082, -17.570764753111643, -3.0726766024270726, -2.4333904404660993, 2.3529311899237926, 2.185635813486916
3850, 38.49838196864111, 2.3593947351193276, 2.14301129356954, 0.5701565912545163, -4.35040118433731, -15.2622519181082, -17.570764753111643, -3.282114941967621, -2.569883426289964, 2.3593936749854594, 2.143011600919304
3851, 38.50838414634146, 2.3643331884359675, 2.098628743488511, 0.4175340720734343, -4.526108831868426, -15.2622519181082, -17.570764753111643, -3.498201485524061, -2.7093769337936764, 2.3643315557180973, 2.0986283898411093
3852, 38.518386324041806, 2.3677454165607963, 2.052489116932171, 0.26491155289235224, -4.701816479399542, -15.2622519181082, -17.570764753111643, -3.720924627486255, -2.8516693693449837, 2.367744895491169, 2.0524887206489426
3853, 38.52838850174216, 2.3696314194938144, 2.00459241390052, 0.11228903371127008, -4.87752412693066, -15.2622519181082, -17.570764753111643, -3.9501215551870934, -2.9965179321809248, 2.3696305902935593, 2.004592901581001
3854, 38.53839067944251, 2.369991197235022, 1.9549386343935575, -0.04033348546981208, -5.053231774461776, -15.2622519181082, -17.570764753111643, -4.185456921745342, -3.1436344181644547, 2.369990956185724, 1.9549403945479935
3855, 38.54839285714285, 2.368824749784418, 1.9035277784112843, -0.19295600465089413, -5.228939421992892, -15.2622519181082, -17.570764753111643, -4.426401149173808, -3.292681159937321, 2.3688244565924927, 1.9035301813330445
3856, 38.5583950348432, 2.366132077142004, 1.8503598459536996, -0.3455785238319764, -5.4046470695240085, -15.2622519181082, -17.570764753111643, -4.672208738501545, -3.443267246542472, 2.366132869301309, 1.8503612492763766
3857, 38.56839721254355, 2.3619131793077788, 1.795434837020804, -0.49820104301305856, -5.580354717055125, -15.2622519181082, -17.570764753111643, -4.921897045975366, -3.5949451893694446, 2.361913476752626, 1.7954363457466878
3858, 38.5783993902439, 2.3561680562817426, 1.7387527516125971, -0.6508235621941406, -5.756062364586242, -15.2622519181082, -17.570764753111643, -5.174226072026551, -3.747208226093714, 2.3561684999251162, 1.738753841436063
3859, 38.588401567944246, 2.348896708063896, 1.680313589729079, -0.8034460813752227, -5.931770012117358, -15.2622519181082, -17.570764753111643, -5.427679900966891, -3.8994884793218807, 2.3488970300905905, 1.680312701437655
3860, 38.598403745644596, 2.3400991346542384, 1.6201173513702498, -0.9560686005563047, -6.107477659648476, -15.2622519181082, -17.570764753111643, -5.680450522121329, -4.051156210846491, 2.3400980222355656, 1.6201184325837594
3861, 38.60840592334495, 2.3297753360527698, 1.5581640365361094, -1.108691119737387, -6.2831853071795924, -15.2622519181082, -17.570764753111643, -5.930424854510571, -4.201520434399297, 2.329775195189129, 1.558164532002223
3862, 38.61840810104529, 2.3186884248553965, 1.4953321834643156, -1.1086911197373819, -6.283185307179586, 0.0, 0.0, -4.718909145196281, -3.8837440996784527, 2.3186896301769226, 1.495332341164566
3863, 38.62841027874564, 2.3076015136580224, 1.4325003303925197, -1.1086911197373819, -6.283185307179586, 0.0, 0.0, -4.726715846739821, -3.9268963948958446, 2.307600233198398, 1.4324999262555123
3864, 38.63841245644599, 2.2965146024606486, 1.3696684773207237, -1.1086911197373819, -6.283185307179586, 0.0, 0.0, -4.725641843997185, -3.965722868787145, 2.2965162445218814, 1.369667328360534
3865, 38.64841463414634, 2.285427691263275, 1.3068366242489278, -1.1086911197373819, -6.283185307179586, 0.0, 0.0, -4.715524721197815, -4.0000118658816035, 2.285427795192133, 1.3068362214173876
3866, 38.658416811846685, 2.2743407800659012, 1.2440047711771318, -1.1086911197373819, -6.283185307179586, 0.0, 0.0, -4.696243699826695, -4.029576656141046, 2.2743406104319877, 1.244006316487405
3867, 38.668418989547035, 2.263253868868527, 1.181172918105336, -1.1086911197373819, -6.283185307179586, 0.0, 0.0, -4.667720409476149, -4.05425645265734, 2.263253744294068, 1.1811729778294335
3868, 38.678421167247386, 2.2521669576711534, 1.1183410650335401, -1.1086911197373819, -6.283185307179586, 0.0, 0.0, -4.6299194515994655, -4.073917287101559, 2.252167128492394, 1.1183420919733267
3869, 38.68842334494773, 2.2410800464737797, 1.0555092119617442, -1.1086911197373819, -6.283185307179586, 0.0, 0.0, -4.582848752624145, -4.0884527381542215, 2.2410802123798934, 1.0555088525986953
3870, 38.69842552264808, 2.2299931352764055, 0.9926773588899482, -1.1086911197373819, -6.283185307179586, 0.0, 0.0, -4.526559703938742, -4.097784508951016, 2.229994328216074, 0.9926758141846879
3871, 38.70842770034843, 2.218906224079032, 0.9298455058181523, -1.1086911197373819, -6.283185307179586, 0.0, 0.0, -4.461147087339254, -4.101862850405239, 2.2189052736888515, 0.9298453827056287
3872, 38.71842987804878, 2.207819312881658, 0.8670136527463563, -1.1086911197373819, -6.283185307179586, 0.0, 0.0, -4.38674878560317, -4.100666828111885, 2.2078177180883416, 0.8670135892421302
3873, 38.728432055749124, 2.196732401684284, 0.8041817996745606, -1.1086911197373819, -6.283185307179586, 0.0, 0.0, -4.303545278946316, -4.094204431394654, 2.1967320387504734, 0.8041817116593137
3874, 38.738434233449475, 2.1856454904869103, 0.7413499466027647, -1.1086911197373819, -6.283185307179586, 0.0, 0.0, -4.211758929203662, -4.082512523921187, 2.1856471169949963, 0.7413497872449125
3875, 38.748436411149825, 2.1745585792895366, 0.6785180935309687, -1.1086911197373819, -6.283185307179586, 0.0, 0.0, -4.111653054654827, -4.06565663617892, 2.174557928207183, 0.6785179634051947
3876, 38.75843858885017, 2.163471668092163, 0.6156862404591728, -1.1086911197373819, -6.283185307179586, 0.0, 0.0, -4.003530799482626, -4.043730600969409, 2.1634713987091745, 0.61568596935846
3877, 38.76844076655052, 2.152384756894789, 0.5528543873873768, -1.1086911197373819, -6.283185307179586, 0.0, 0.0, -3.887733802902876, -4.016856033937963, 2.1523857938003625, 0.5528530967001803
3878, 38.77844294425087, 2.141297845697415, 0.49002253431558085, -1.1086911197373819, -6.283185307179586, 0.0, 0.0, -3.7646406740305927, -3.985181662003283, 2.141297687392885, 0.4900238346503212
3879, 38.78844512195121, 2.1302109345000413, 0.4271906812437849, -1.1086911197373819, -6.283185307179586, 0.0, 0.0, -3.6346652795462915, -3.9488825033840063, 2.1302106547314783, 0.42719118092457126
3880, 38.79844729965156, 2.1191240233026676, 0.36435882817198895, -1.1086911197373819, -6.283185307179586, 0.0, 0.0, -3.4982548521909136, -3.908158903730782, 2.119125202483426, 0.36435849866391046
3881, 38.808449477351914, 2.1080371121052934, 0.301526975100193, -1.1086911197373819, -6.283185307179586, 0.0, 0.0, -3.3558879290443064, -3.863235433659679, 2.1080366887522266, 0.3015281182020717
3882, 38.818451655052264, 2.0969502009079197, 0.23869512202839704, -1.1086911197373819, -6.283185307179586, 0.0, 0.0, -3.2080721294249206, -3.814359653740694, 2.096951888099025, 0.23869543295936166
3883, 38.82845383275261, 2.085863289710546, 0.1758632689566011, -1.1086911197373819, -6.283185307179586, 0.0, 0.0, -3.0553417830830614, -3.7618007537200073, 2.085863995288192, 0.17586310025163968
3884, 38.83845601045296, 2.074776378513172, 0.11303141588480559, -1.1086911197373819, -6.283185307179586, 0.0, 0.0, -2.8982554201422266, -3.7058480734422985, 2.074776180240468, 0.11303293900375516
3885, 38.84845818815331, 2.063689467315798, 0.050199562813009635, -1.1086911197373819, -6.283185307179586, 0.0, 0.0, -2.737393134968551, -3.6468095135862324, 2.0636897935613745, 0.05020034110838478
3886, 38.85846036585365, 2.0526025561184245, -0.012632290258786316, -1.1086911197373819, -6.283185307179586, 0.0, 0.0, -2.573353836813341, -3.5850098449285257, 2.052601788036012, -0.012632820193038055
3887, 38.868462543554, 2.0415156449210508, -0.07546414333058227, -1.1086911197373819, -6.283185307179586, 0.0, 0.0, -2.4067524006747294, -3.520788925406613, 2.0415164444010028, -0.07546341213001964
3888, 38.87846472125435, 2.030428733723677, -0.13829599640237822, -1.1086911197373819, -6.283185307179586, 0.0, 0.0, -2.2382167323581257, -3.4544998347537303, 2.030428192206532, -0.13829561767835455
3889, 38.888466898954704, 2.019341822526303, -0.20112784947417417, -1.1086911197373819, -6.283185307179586, 0.0, 0.0, -2.068384762178775, -3.386506936930541, 2.019341319861282, -0.20112663112384724
3890, 38.89846907665505, 2.008254911328929, -0.2639597025459701, -1.1086911197373819, -6.283185307179586, 0.0, 0.0, -1.8979013821406863, -3.3171838809717302, 2.0082566264579755, -0.2639586879912083
3891, 38.9084712543554, 1.996961025149373, -0.32633514383706985, -1.1440807239692607, -6.157869132790962, -2.938421202727121, 15.934999263799707, -1.5851945797522087, -3.0977017006935315, 1.9969606586283282, -0.3263341864414974
3892, 38.91847343205575, 1.985373296849544, -0.38711708520178933, -1.173464935996532, -5.998519140152964, -2.938421202727121, 15.934999263799707, -1.4525892292431157, -2.9480212143870785, 1.9853728464606215, -0.3871170494444526
3893, 38.92847560975609, 1.9734917264294423, -0.44630552664012924, -1.202849148023803, -5.8391691475149665, -2.938421202727121, 15.934999263799707, -1.32743964364378, -2.7993999849454503, 1.973493334720304, -0.44630347524894315
3894, 38.93847778745644, 1.961316313889068, -0.5039004681520889, -1.2322333600510742, -5.67981915487697, -2.938421202727121, 15.934999263799707, -1.2096574720531073, -2.652199135995587, 1.961315819027264, -0.5038999263674324
3895, 38.94847996515679, 1.9488470592284208, -0.5599019097376686, -1.2616175720783456, -5.520469162238973, -2.938421202727121, 15.934999263799707, -1.0990903889995014, -2.5067405194396124, 1.9488457816467084, -0.5599025376702123
3896, 38.95848214285714, 1.936083962447501, -0.6143098513968684, -1.2910017841056167, -5.3611191696009755, -2.938421202727121, 15.934999263799707, -0.9955315050764235, -2.36330715372394, 1.9360835125661067, -0.6143092118258868
3897, 38.96848432055749, 1.9230270235463085, -0.6671242931296884, -1.320385996132888, -5.201769176962978, -2.938421202727121, 15.934999263799707, -0.8987281846608036, -2.222144048466141, 1.9230282096334566, -0.6671236980582034
3898, 38.97848649825784, 1.9096762425248432, -0.7183452349361281, -1.3497702081601592, -5.042419184324982, -2.938421202727121, 15.934999263799707, -0.8083902323411135, -2.0834593612890138, 1.9096761803481468, -0.7183451131853686
3899, 38.98848867595819, 1.8960316193831053, -0.7679726768161881, -1.3791544201874304, -4.883069191686984, -2.938421202727121, 15.934999263799707, -0.7241974260051829, -1.947425834705637, 1.8960315053323498, -0.7679718062357772
3900, 38.99849085365853, 1.8820931541210946, -0.816006618769868, -1.4085386322147018, -4.723719199048987, -2.938421202727121, 15.934999263799707, -0.6458063885125528, -1.8141824634329127, 1.882091209503406, -0.8160069410205345
3901, 39.00849303135888, 1.8678608467388111, -0.8624470607971678, -1.437922844241973, -4.56436920641099, -2.938421202727121, 15.934999263799707, -0.5728568016381567, -1.6838363454660947, 1.8678608505887835, -0.8624462923921298
3902, 39.01849520905923, 1.853334697236255, -0.9072940028980878, -1.4673070562692443, -4.405019213772992, -2.938421202727121, 15.934999263799707, -0.504976975682628, -1.5564646735148435, 1.8533338775642836, -0.9072939904937234
3903, 39.02849738675958, 1.8385147056134263, -0.9505474450726278, -1.4966912682965154, -4.245669221134994, -2.938421202727121, 15.934999263799707, -0.4417887959737619, -1.432116826884517, 1.838514181262759, -0.9505448633236709
3904, 39.038499564459926, 1.8234008718703247, -0.9922073873207877, -1.5260754803237866, -4.086319228496997, -2.938421202727121, 15.934999263799707, -0.38291207361585156, -1.3108165274974897, 1.8234009265370406, -0.9922075972714802
3905, 39.048501742160276, 1.8079931960069504, -1.0322738296425678, -1.555459692351058, -3.926969235859001, -2.938421202727121, 15.934999263799707, -0.32796833246351154, -1.192564027411761, 1.8079938982151762, -1.0322735817605353
3906, 39.05850391986063, 1.7922916780233036, -1.0707467720379678, -1.5848439043783291, -3.767619243221003, -2.938421202727121, 15.934999263799707, -0.27658406758657916, -1.077338298841867, 1.792291360224446, -1.070747179517775
3907, 39.06850609756097, 1.7762963179193838, -1.107626214506988, -1.6142281164056005, -3.6082692505830063, -2.938421202727121, 15.934999263799707, -0.22839351262921503, -0.9650992012641646, 1.7762957929083045, -1.1076252560795599
3908, 39.07850827526132, 1.7600071156951915, -1.142912157049628, -1.6436123284328716, -3.448919257945009, -2.938421202727121, 15.934999263799707, -0.18304095461713044, -0.855789603648445, 1.7600061399550102, -1.142912760623155
3909, 39.08851045296167, 1.7434240713507265, -1.1766045996658883, -1.672996540460143, -3.2895692653070117, -2.938421202727121, 15.934999263799707, -0.14018263508869144, -0.7493374431630775, 1.7434251499854154, -1.17660515528175
3910, 39.098512630662015, 1.7265471848859886, -1.2087035423557684, -1.702380752487414, -3.1302192726690143, -2.938421202727121, 15.934999263799707, -0.09948827606347288, -0.6456577048221954, 1.7265483683196223, -1.2087031781905668
3911, 39.108514808362365, 1.7093764563009781, -1.2392089851192685, -1.7317649645146853, -2.9708692800310175, -2.938421202727121, 15.934999263799707, -0.060642268447057335, -0.5446543094589554, 1.709375543601906, -1.239208201660279
3912, 39.118516986062716, 1.691911885595695, -1.2681209279563888, -1.7611491765419567, -2.81151928739302, -2.938421202727121, 15.934999263799707, -0.023344559122150943, -0.44622190010362284, 1.691911977349982, -1.2681198397477433
3913, 39.128519163763066, 1.674153472770139, -1.295439370867129, -1.7905333885692278, -2.6521692947550233, -2.938421202727121, 15.934999263799707, 0.01268872870156934, -0.3502475193099246, 1.674154150071108, -1.2954379038243555
3914, 39.13852134146341, 1.6561012178243102, -1.3211643138514892, -1.819917600596499, -2.4928193021170255, -2.938421202727121, 15.934999263799707, 0.04772490922093431, -0.25661217220381793, 1.6560999908234808, -1.3211634306837008
3915, 39.14852351916376, 1.6377551207582088, -1.3452957569094695, -1.8493018126237704, -2.3334693094790286, -2.938421202727121, 15.934999263799707, 0.08201455126958768, -0.1651922720260044, 1.6377543921223354, -1.3452951352119957
3916, 39.15852569686411, 1.6191151815718348, -1.3678337000410699, -1.8786860246510417, -2.1741193168410313, -2.938421202727121, 15.934999263799707, 0.11579147061895534, -0.07586096670738729, 1.6191147279302147, -1.3678331747438595
3917, 39.168527874564454, 1.6001814002651882, -1.3887781432462902, -1.9080702366783127, -2.0147693242030345, -2.938421202727121, 15.934999263799707, 0.14927287111567045, 0.011510653437483143, 1.6001808688756958, -1.3887778244484998
3918, 39.178530052264804, 1.5809537768382687, -1.4081290865251306, -1.937454448705584, -1.855419331565037, -2.938421202727121, 15.934999263799707, 0.1826596105973466, 0.0970524654802668, 1.5809530021475764, -1.408129617008977
3919, 39.188532229965155, 1.5614323112910764, -1.425886529877591, -1.9668386607328552, -1.6960693389270398, -2.938421202727121, 15.934999263799707, 0.21613656965049155, 0.18089433856007542, 1.5614322817557809, -1.4258866419385348
3920, 39.198534407665505, 1.5416170036236114, -1.4420504733036714, -1.9962228727601263, -1.5367193462890427, -2.938421202727121, 15.934999263799707, 0.2498731033115431, 0.2631652699781831, 1.541616782468282, -1.4420515927481612
3921, 39.20853658536585, 1.5215078538358737, -1.456620916803372, -2.0256070847873975, -1.3773693536510454, -2.938421202727121, 15.934999263799707, 0.28402355774121646, 0.34399262843525513, 1.521508373472296, -1.4566209141851296
3922, 39.2185387630662, 1.5011048619278635, -1.4695978603766924, -2.054991296814669, -1.2180193610130483, -2.938421202727121, 15.934999263799707, 0.31872783570646335, 0.4235014995251867, 1.5011052900921045, -1.4695983324818982
3923, 39.22854094076655, 1.4804080278995804, -1.4809813040236328, -2.0843755088419402, -1.058669368375051, -2.938421202727121, 15.934999263799707, 0.35411199637171187, 0.5018141281275434, 1.4804082384758703, -1.4809805550912543
3924, 39.23854311846689, 1.4594173517510245, -1.4907712477441932, -2.1137597208692114, -0.8993193757370538, -2.938421202727121, 15.934999263799707, 0.3902888764246113, 0.579049451996088, 1.459418592971951, -1.4907716115884078
3925, 39.248545296167244, 1.4381328334821961, -1.4989676915383738, -2.1431439328964825, -0.7399693830990567, -2.938421202727121, 15.934999263799707, 0.42735872093834737, 0.6553227206089298, 1.4381328239135274, -1.4989663537458655
3926, 39.258547473867594, 1.4165544730930948, -1.5055706354061744, -2.172528144923754, -0.5806193904610594, -2.938421202727121, 15.934999263799707, 0.4654098136029783, 0.7307451932117484, 1.4165551533505203, -1.505570414581043
3927, 39.268549651567945, 1.394682270583721, -1.510580079347595, -2.2019123569510253, -0.4212693978230622, -2.938421202727121, 15.934999263799707, 0.5045190970455062, 0.805423909935185, 1.3946810528609896, -1.5105807547336114
3928, 39.27855182926829, 1.3725162259540744, -1.5139960233626357, -2.2312965689782964, -0.261919405185065, -2.938421202727121, 15.934999263799707, 0.544752774908227, 0.8794615298873983, 1.372515744352112, -1.5139951373404779
3929, 39.28855400696864, 1.350056339204155, -1.5158184674512964, -2.2606807810055676, -0.1025694125470678, -2.938421202727121, 15.934999263799707, 0.5861668881749651, 0.9529562302001845, 1.350056041605768, -1.5158202128143692
3930, 39.29855618466899, 1.327302610333963, -1.5160474116135771, -2.2900649930328387, 0.0567805800909294, -2.938421202727121, 15.934999263799707, 0.6288078589345967, 1.02600166013003, 1.327300851847976, -1.5160481719402263
3931, 39.30855836236933, 1.3044019604036352, -1.5154796058126678, -2.290064993032838, 0.05678058009092409, 0.0, 0.0, 0.7110518198906413, 0.881912358075334, 1.3044029501546759, -1.5154810171712074
3932, 39.31856054006968, 1.281501310473307, -1.5149118000117585, -2.290064993032838, 0.05678058009092409, 0.0, 0.0, 0.7817630739957167, 0.8770916353380954, 1.2815006543148229, -1.5149137290991501
3933, 39.32856271777003, 1.2586006605429785, -1.5143439942108494, -2.290064993032838, 0.05678058009092409, 0.0, 0.0, 0.8514856816341951, 0.8717954394820552, 1.2585999478187604, -1.5143431484104823
3934, 39.33856489547038, 1.2357000106126501, -1.51377618840994, -2.290064993032838, 0.05678058009092409, 0.0, 0.0, 0.9201829430808506, 0.8660264135728959, 1.2357001573999085, -1.513776218438479
3935, 39.34856707317073, 1.2127993606823217, -1.5132083826090308, -2.290064993032838, 0.05678058009092409, 0.0, 0.0, 0.9878186841762229, 0.8597874365101188, 1.212798657875975, -1.5132090621583674
3936, 39.35856925087108, 1.1898987107519934, -1.5126405768081217, -2.290064993032838, 0.05678058009092409, 0.0, 0.0, 1.054357275370884, 0.8530816215912329, 1.1898982427082583, -1.5126412740013402
3937, 39.36857142857143, 1.166998060821665, -1.5120727710072124, -2.290064993032838, 0.05678058009092409, 0.0, 0.0, 1.119763650490133, 0.8459123149590442, 1.1669973503363165, -1.5120727192684287
3938, 39.37857360627177, 1.1440974108913364, -1.511504965206303, -2.290064993032838, 0.05678058009092409, 0.0, 0.0, 1.1840033252092208, 0.8382830939328156, 1.1440977079821804, -1.5115062367107077
3939, 39.38857578397212, 1.1211967609610083, -1.510937159405394, -2.290064993032838, 0.05678058009092409, 0.0, 0.0, 1.2470424152293826, 0.8301977652241324, 1.1211971633410502, -1.5109373934971697
3940, 39.39857796167247, 1.0982961110306797, -1.5103693536044847, -2.290064993032838, 0.05678058009092409, 0.0, 0.0, 1.3088476541451015, 0.8216603630383584, 1.0982962493541275, -1.5103688842328755
3941, 39.408580139372816, 1.0753954611003513, -1.5098015478035753, -2.290064993032838, 0.05678058009092409, 0.0, 0.0, 1.36938641099317, 0.8126751470626379, 1.0753951863200752, -1.5098026872839636
3942, 39.41858231707317, 1.052494811170023, -1.5092337420026662, -2.290064993032838, 0.05678058009092409, 0.0, 0.0, 1.4286267074743206, 0.8032466003414369, 1.0524936537944962, -1.5092341022317355
3943, 39.42858449477352, 1.0295941612396944, -1.508665936201757, -2.290064993032838, 0.05678058009092409, 0.0, 0.0, 1.4865372348383092, 0.7933794270406913, 1.0295942398316817, -1.5086659612855728
3944, 39.43858667247387, 1.0066935113093662, -1.5080981304008476, -2.290064993032838, 0.05678058009092409, 0.0, 0.0, 1.543087370423568, 0.7830785501016748, 1.0066922217897454, -1.508097943985811
3945, 39.44858885017421, 0.9837928613790378, -1.5075303245999385, -2.290064993032838, 0.05678058009092409, 0.0, 0.0, 1.5982471938426712, 0.7723491087857502, 0.9837936091351014, -1.5075307932823034
3946, 39.45859102787456, 0.9608922114487094, -1.5069625187990292, -2.290064993032838, 0.05678058009092409, 0.0, 0.0, 1.6519875028050748, 0.7611964561112433, 0.9608927083097626, -1.5069601026067843
3947, 39.46859320557491, 0.9379915615183809, -1.50639471299812, -2.290064993032838, 0.05678058009092409, 0.0, 0.0, 1.7042798285687677, 0.7496261561836992, 0.9379922456263973, -1.5063952537168532
3948, 39.478595383275255, 0.9150909115880526, -1.5058269071972108, -2.290064993032838, 0.05678058009092409, 0.0, 0.0, 1.7550964510126505, 0.7376439814208695, 0.9150902255533145, -1.5058280167336024
3949, 39.488597560975606, 0.8921902616577242, -1.5052591013963015, -2.290064993032838, 0.05678058009092409, 0.0, 0.0, 1.8044104133216796, 0.725255909673802, 0.8921890868496359, -1.5052575718377048
3950, 39.498599738675956, 0.8692896117273957, -1.5046912955953922, -2.290064993032838, 0.05678058009092409, 0.0, 0.0, 1.8521955362770022, 0.7124681212454764, 0.8692886879268327, -1.5046914833072835
3951, 39.50860191637631, 0.8463889617970674, -1.504123489794483, -2.290064993032838, 0.05678058009092409, 0.0, 0.0, 1.8984264321434903, 0.6992869958084682, 0.846389662429452, -1.5041232032996497
3952, 39.51860409407665, 0.823488311866739, -1.5035556839935738, -2.290064993032838, 0.05678058009092409, 0.0, 0.0, 1.9430785181473464, 0.6857191092231815, 0.8234880773545444, -1.5035573917707055
3953, 39.528606271777, 0.8005876619364105, -1.5029878781926644, -2.290064993032838, 0.05678058009092409, 0.0, 0.0, 1.9861280295366004, 0.671771230258235, 0.8005875521895857, -1.5029872174066585
3954, 39.53860844947735, 0.7776870120060821, -1.5024200723917553, -2.290064993032838, 0.05678058009092409, 0.0, 0.0, 2.0275520322175735, 0.6574503172146381, 0.7776868914295476, -1.5024198301361256
3955, 39.548610627177695, 0.7547863620757538, -1.501852266590846, -2.290064993032838, 0.05678058009092409, 0.0, 0.0, 2.0673284349606122, 0.6427635144554409, 0.7547857409794813, -1.501852032154975
3956, 39.558612804878045, 0.7318857121454254, -1.5012844607899367, -2.290064993032838, 0.05678058009092409, 0.0, 0.0, 2.1054360011685764, 0.6277181488425884, 0.7318858391278097, -1.5012828791677602
3957, 39.568614982578396, 0.708985062215097, -1.5007166549890276, -2.290064993032838, 0.05678058009092409, 0.0, 0.0, 2.141854360201833, 0.6123217260827549, 0.7089845428822228, -1.5007160801027855
3958, 39.57861716027874, 0.6860844122847685, -1.5001488491881183, -2.290064993032838, 0.05678058009092409, 0.0, 0.0, 2.1765640182537274, 0.5965819269839848, 0.6860857699918865, -1.5001487957591046
3959, 39.58861933797909, 0.6631837623544401, -1.499581043387209, -2.290064993032838, 0.05678058009092409, 0.0, 0.0, 2.2095463687707113, 0.5805066036250016, 0.6631851916450484, -1.4995812436370968
3960, 39.59862151567944, 0.640283112424112, -1.4990132375863, -2.290064993032838, 0.05678058009092409, 0.0, 0.0, 2.240783702411594, 0.5641037754390988, 0.6402850016774388, -1.4990131123207995
3961, 39.60862369337979, 0.6173824624937836, -1.4984454317853906, -2.290064993032838, 0.05678058009092409, 0.0, 0.0, 2.2702592165405724, 0.5473816252145667, 0.6173824443658901, -1.4984476003925664
3962, 39.618625871080134, 0.594481812563455, -1.4978776259844813, -2.290064993032838, 0.05678058009092409, 0.0, 0.0, 2.297957024248956, 0.5303484950136462, 0.5944809871078767, -1.4978769277975832
3963, 39.628628048780485, 0.5715811626331266, -1.4973098201835722, -2.290064993032838, 0.05678058009092409, 0.0, 0.0, 2.323862162900773, 0.5130128820120488, 0.5715785945659914, -1.4973105322590514
3964, 39.638630226480835, 0.5486805127027983, -1.4967420143826629, -2.290064993032838, 0.05678058009092409, 0.0, 0.0, 2.347960602197653, 0.4953834342611152, 0.5486808108974898, -1.4967420790500237
3965, 39.64863240418118, 0.5257798627724699, -1.4961742085817535, -2.290064993032838, 0.05678058009092409, 0.0, 0.0, 2.370239251758642, 0.47746894637472637, 0.5257794406480012, -1.4961743988361234
3966, 39.65863458188153, 0.5028792128421415, -1.4956064027808444, -2.290064993032838, 0.05678058009092409, 0.0, 0.0, 2.3906859682108825, 0.4592783551431197, 0.5028800565687851, -1.495607065518261
3967, 39.66863675958188, 0.4799785629118132, -1.4950385969799351, -2.290064993032838, 0.05678058009092409, 0.0, 0.0, 2.409289561787312, 0.4408207350757969, 0.4799808867615716, -1.4950383791041841
3968, 39.67863893728223, 0.4570779129814846, -1.4944707911790258, -2.290064993032838, 0.05678058009092409, 0.0, 0.0, 2.426039802427816, 0.4221052938757454, 0.4570764400880408, -1.4944693634997943
3969, 39.68864111498257, 0.4341772630511562, -1.4939029853781167, -2.290064993032838, 0.05678058009092409, 0.0, 0.0, 2.4409274253805116, 0.40314136784723215, 0.4341769167420924, -1.4939027737688444
3970, 39.698643292682924, 0.41127661312082786, -1.4933351795772074, -2.290064993032838, 0.05678058009092409, 0.0, 0.0, 2.4539441363001115, 0.38393841723946004, 0.41127691181829573, -1.4933364335349613
3971, 39.708645470383274, 0.3883759631904995, -1.492767373776298, -2.290064993032838, 0.05678058009092409, 0.0, 0.0, 2.4650826158405756, 0.36450602152840667, 0.38837514858913447, -1.4927671284476378
3972, 39.71864764808362, 0.36547531326017113, -1.492199567975389, -2.290064993032838, 0.05678058009092409, 0.0, 0.0, 2.474336523739508, 0.34485387463920236, 0.36547630398203385, -1.4921987134004695
3973, 39.72864982578397, 0.34257466332984277, -1.4916317621744797, -2.290064993032838, 0.05678058009092409, 0.0, 0.0, 2.4817005023920675, 0.32499178011142865, 0.34257357249409526, -1.4916325649550692
3974, 39.73865200348432, 0.3196740133995144, -1.4910639563735704, -2.290064993032838, 0.05678058009092409, 0.0, 0.0, 2.48717017991234, 0.30492964620974583, 0.3196735857769577, -1.4910645852900133
3975, 39.74865418118467, 0.2967733634691858, -1.4904961505726613, -2.290064993032838, 0.05678058009092409, 0.0, 0.0, 2.4907421726805046, 0.2846774809822921, 0.2967740188466797, -1.4904955373282445
3976, 39.75865635888501, 0.27387271353885745, -1.489928344771752, -2.290064993032838, 0.05678058009092409, 0.0, 0.0, 2.492414087374276, 0.2642453872693187, 0.2738735596237146, -1.4899283708581466
3977, 39.76865853658536, 0.2509720636085291, -1.4893605389708426, -2.290064993032838, 0.05678058009092409, 0.0, 0.0, 2.49218452248346, 0.2436435576645445, 0.2509725417847179, -1.4893600569397147
3978, 39.778660714285714, 0.22807141367820072, -1.4887927331699335, -2.290064993032838, 0.05678058009092409, 0.0, 0.0, 2.4900530693066987, 0.22288226943175157, 0.22807033790288397, -1.488792843856082
3979, 39.78866289198606, 0.20517076374787235, -1.4882249273690242, -2.290064993032838, 0.05678058009092409, 0.0, 0.0, 2.4860203124297273, 0.20197187937915134, 0.20517100599839555, -1.488224805852995
3980, 39.79866506968641, 0.182270113817544, -1.487657121568115, -2.290064993032838, 0.05678058009092409, 0.0, 0.0, 2.4800878296847992, 0.18092281869407803, 0.18226931434301802, -1.4876558050471975
3981, 39.80866724738676, 0.15936946388721562, -1.4870893157672058, -2.290064993032838, 0.05678058009092409, 0.0, 0.0, 2.4722581915911235, 0.15974558774058822, 0.15936920238411845, -1.4870880339053127
3982, 39.8186694250871, 0.13646881395688704, -1.4865215099662965, -2.290064993032838, 0.05678058009092409, 0.0, 0.0, 2.462534960276515, 0.13845075082255917, 0.13646845870703633, -1.4865223810223567
3983, 39.82867160278745, 0.11356816402655867, -1.4859537041653872, -2.290064993032838, 0.05678058009092409, 0.0, 0.0, 2.4509226878806585, 0.11704893091489756, 0.11356787491910939, -1.485953954373529
3984, 39.8386737804878, 0.0906675140962303, -1.485385898364478, -2.290064993032838, 0.05678058009092409, 0.0, 0.0, 2.437426914440712, 0.0955508043654865, 0.09066714092702136, -1.4853864199238218
3985, 39.84867595818815, 0.06776686416590194, -1.4848180925635688, -2.290064993032838, 0.05678058009092409, 0.0, 0.0, 2.4220541652601932, 0.07396709557051581, 0.06776803309677498, -1.4848184945031335
3986, 39.858678135888496, 0.044866214235573576, -1.4842502867626595, -2.290064993032838, 0.05678058009092409, 0.0, 0.0, 2.404811947762436, 0.052308571625845776, 0.04486724845598287, -1.4842503070764628
3987, 39.86868031358885, 0.02196556430524521, -1.4836824809617504, -2.290064993032838, 0.05678058009092409, 0.0, 0.0, 2.3857087478300736, 0.030586036957077317, 0.021966086390135194, -1.4836808231861944
3988, 39.8786824912892, -0.0009350856250833761, -1.483114675160841, -2.290064993032838, 0.05678058009092409, 0.0, 0.0, 2.3647540256323794, 0.008810327931004263, -0.0009341967186413524, -1.48311621461279
3989, 39.88868466898954, -0.02383573555541174, -1.4825468693599317, -2.290064993032838, 0.05678058009092409, 0.0, 0.0, 2.3419582109424946, -0.013007692548865388, -0.023835858942138157, -1.4825484458860052
3990, 39.89868684668989, -0.046736385485740106, -1.4819790635590226, -2.290064993032838, 0.05678058009092409, 0.0, 0.0, 2.3173326979468545, -0.034857140460023306, -0.04673565256182413, -1.481978560721622
3991, 39.90868902439024, -0.06963703541606847, -1.4814112577581133, -2.290064993032838, 0.05678058009092409, 0.0, 0.0, 2.290889839549397, -0.05672711608920543, -0.06963541407454042, -1.4814104043329421
3992, 39.91869120209059, -0.09253768534639684, -1.480843451957204, -2.290064993032838, 0.05678058009092409, 0.0, 0.0, 2.2626429411734277, -0.0786067094684647, -0.09253671641972712, -1.4808450467576344
3993, 39.928693379790936, -0.1154383352767252, -1.480275646156295, -2.290064993032838, 0.05678058009092409, 0.0, 0.0, 2.2326062540642075, -0.1004850058163564, -0.11543690131390312, -1.480275534603128
3994, 39.938695557491286, -0.13833898520705357, -1.4797078403553856, -2.290064993032838, 0.05678058009092409, 0.0, 0.0, 2.200794968095673, -0.1223510909815242, -0.13833663147233863, -1.4797071191583062
3995, 39.94869773519164, -0.16123963513738215, -1.4791400345544763, -2.290064993032838, 0.05678058009092409, 0.0, 0.0, 2.1672252040849047, -0.14419405688597373, -0.1612390443952861, -1.4791401086402158
3996, 39.95869991289198, -0.18414028506771052, -1.4785722287535672, -2.290064993032838, 0.05678058009092409, 0.0, 0.0, 2.131914005618235, -0.16600300696531442, -0.18414118298689056, -1.4785706724877057
3997, 39.96870209059233, -0.20704093499803888, -1.4780044229526579, -2.290064993032838, 0.05678058009092409, 0.0, 0.0, 2.0948793303931463, -0.18776706160326137, -0.20704216236687997, -1.4780039115819845
3998, 39.97870426829268, -0.22994158492836747, -1.4774366171517486, -2.290064993032838, 0.05678058009092409, 0.0, 0.0, 2.056140041080356, -0.2094753635576842, -0.22994135395410945, -1.4774357585006914
3999, 39.98870644599303, -0.2528422348586956, -1.4768688113508395, -2.290064993032838, 0.05678058009092409, 0.0, 0.0, 2.0157158957107555, -0.2311170833754955, -0.2528405876737514, -1.47686926567792
4000, 39.998708623693375, -0.2757428847890242, -1.4763010055499302, -2.290064993032838, 0.05678058009092409, 0.0, 0.0, 1.9736275375920698, -0.25268142479368255, -0.2757424702242588, -1.4763007550638139
4001, 40.008710801393725, -0.29864353471935234, -1.4757331997490208, -2.290064993032838, 0.05678058009092409, 0.0, 0.0, 1.929896484760438, -0.274157630123783, -0.29864165418935523, -1.4757325299075947
4002, 40.018712979094076, -0.32154418464968093, -1.4751653939481117, -2.290064993032838, 0.05678058009092409, 0.0, 0.0, 1.8845451189722568, -0.2955349856171262, -0.3215441242791446, -1.4751667148570187
4003, 40.02871515679442, -0.3444448345800091, -1.4745975881472024, -2.290064993032838, 0.05678058009092409, 0.0, 0.0, 1.8375966742419678, -0.3168028268081537, -0.34444454053349144, -1.4745969810149213
4004, 40.03871733449477, -0.36734548451033766, -1.4740297823462931, -2.290064993032838, 0.05678058009092409, 0.0, 0.0, 1.7890752249316233, -0.3379505438331691, -0.3673470084957677, -1.4740316494782952
4005, 40.04871951219512, -0.39024613444066625, -1.473461976545384, -2.290064993032838, 0.05678058009092409, 0.0, 0.0, 1.7390056733983623, -0.35896758672184764, -0.39024493402937055, -1.4734605612975389
4006, 40.05872168989547, -0.4131467843709944, -1.4728941707444747, -2.290064993032838, 0.05678058009092409, 0.0, 0.0, 1.6874137372061442, -0.37984347065888, -0.4131458466184819, -1.4728933767233032
4007, 40.068723867595814, -0.436047434301323, -1.4723263649435654, -2.290064993032838, 0.05678058009092409, 0.0, 0.0, 1.6343259359082818, -0.40056778121312114, -0.4360482125974824, -1.4723271294438491
4008, 40.078726045296165, -0.4589480842316511, -1.4717585591426563, -2.290064993032838, 0.05678058009092409, 0.0, 0.0, 1.5797695774076097, -0.42113017953163245, -0.45894731940657163, -1.4717596961546722
4009, 40.088728222996515, -0.4818487341619797, -1.471190753341747, -2.290064993032838, 0.05678058009092409, 0.0, 0.0, 1.5237727439012716, -0.44152040749603344, -0.48184871481799363, -1.471190224977894
4010, 40.09873040069686, -0.5047493840923079, -1.4706229475408379, -2.290064993032838, 0.05678058009092409, 0.0, 0.0, 1.4663642774173924, -0.4617282928385871, -0.5047495576488222, -1.4706223776191512
4011, 40.10873257839721, -0.5276500340226364, -1.4700551417399286, -2.290064993032838, 0.05678058009092409, 0.0, 0.0, 1.4075737649510722, -0.4817437542154696, -0.5276498413598963, -1.4700566968699027
4012, 40.11873475609756, -0.550550683952965, -1.4694873359390193, -2.290064993032838, 0.05678058009092409, 0.0, 0.0, 1.3474315232073752, -0.5015568062346913, -0.5505492765319253, -1.4694873057474396
4013, 40.1287369337979, -0.5734513338832932, -1.46891953013811, -2.290064993032838, 0.05678058009092409, 0.0, 0.0, 1.2859685829591772, -0.5211575644361643, -0.5734517178897155, -1.4689206362095493
4014, 40.13873911149825, -0.5963519838136218, -1.4683517243372008, -2.290064993032838, 0.05678058009092409, 0.0, 0.0, 1.2232166730279526, -0.5405362502214327, -0.596352790563281, -1.4683519154757088
4015, 40.148741289198604, -0.6192526337439499, -1.4677839185362915, -2.290064993032838, 0.05678058009092409, 0.0, 0.0, 1.1592082038957858, -0.5596831957306022, -0.6192505327814554, -1.4677849846929367
4016, 40.158743466898954, -0.6421532836742785, -1.4672161127353824, -2.290064993032838, 0.05678058009092409, 0.0, 0.0, 1.0939762509570434, -0.5785888486640474, -0.6421528836335105, -1.4672163527183446
4017, 40.1687456445993, -0.6650539336046066, -1.4666483069344731, -2.290064993032838, 0.05678058009092409, 0.0, 0.0, 1.0275545374184085, -0.5972437770464751, -0.6650532897061181, -1.4666497844570852
4018, 40.17874782229965, -0.6879545835349352, -1.4660805011335638, -2.290064993032838, 0.05678058009092409, 0.0, 0.0, 0.9599774168560831, -0.6156386739309891, -0.6879550803325623, -1.4660827622381347
4019, 40.18875, -0.7108552334652638, -1.4655126953326545, -2.290064993032838, 0.05678058009092409, 0.0, 0.0, 0.8912798554392196, -0.6337643620407892, -0.7108542646879202, -1.4655118341194209
4020, 40.19875217770034, -0.733755883395592, -1.4649448895317454, -2.290064993032838, 0.05678058009092409, 0.0, 0.0, 0.8214974138287567, -0.6516117983462043, -0.7337549133192091, -1.4649431610818364
4021, 40.20875435540069, -0.7566565333259205, -1.464377083730836, -2.290064993032838, 0.05678058009092409, 0.0, 0.0, 0.7506662287610462, -0.6691720785747719, -0.7566579858885498, -1.464377133590029
4022, 40.21875653310104, -0.7795571832562487, -1.463809277929927, -2.290064993032838, 0.05678058009092409, 0.0, 0.0, 0.6788229943258246, -0.6864364416521107, -0.7795582140490888, -1.4638078617714692
4023, 40.228758710801394, -0.8024578331865773, -1.4632414721290177, -2.290064993032838, 0.05678058009092409, 0.0, 0.0, 0.606004942948202, -0.7033962740713805, -0.8024566055995858, -1.4632415941247678
4024, 40.23876088850174, -0.8253584831169054, -1.4626736663281084, -2.290064993032838, 0.05678058009092409, 0.0, 0.0, 0.5322498260845723, -0.7200431141891397, -0.8253574932898499, -1.4626732792499368
4025, 40.24876306620209, -0.848259133047234, -1.462105860527199, -2.290064993032838, 0.05678058009092409, 0.0, 0.0, 0.457595894642411, -0.7363686564454681, -0.8482581797146467, -1.4621034939284183
4026, 40.25876524390244, -0.8711597829775626, -1.46153805472629, -2.290064993032838, 0.05678058009092409, 0.0, 0.0, 0.38208187913416247, -0.7523647555062413, -0.8711610787492577, -1.4615350628866228
4027, 40.26876742160278, -0.8940604329078907, -1.4609702489253806, -2.290064993032838, 0.05678058009092409, 0.0, 0.0, 0.3057469695754942, -0.7680234303254962, -0.894060349162906, -1.4609710024546563
4028, 40.27876959930313, -0.9169610828382193, -1.4604024431244715, -2.290064993032838, 0.05678058009092409, 0.0, 0.0, 0.2286307951383455, -0.7833368681258638, -0.9169619563627663, -1.460404075831368
4029, 40.28877177700348, -0.9398617327685475, -1.4598346373235622, -2.290064993032838, 0.05678058009092409, 0.0, 0.0, 0.1507734035693884, -0.798297428295072, -0.9398606434924459, -1.4598348300223636
4030, 40.29877395470383, -0.962762382698876, -1.459266831522653, -2.290064993032838, 0.05678058009092409, 0.0, 0.0, 0.07221524038451599, -0.8128976461965942, -0.9627616321448681, -1.4592656893139329
4031, 40.30877613240418, -0.9856630326292046, -1.4586990257217436, -2.290064993032838, 0.05678058009092409, 0.0, 0.0, -0.0070028721497472635, -0.8271302368925245, -0.9856630239157173, -1.4586993298651423
4032, 40.31877831010453, -1.0085584818027789, -1.4573401116038205, -2.23671505958856, 0.21370525856936057, 10.565971553773096, 15.562769355410834, 0.8895497863239337, -0.44588929477743366, -1.0085590353021816, -1.4573406783552936
4033, 40.32878048780488, -1.030397333820976, -1.4544249205503563, -2.131055344050829, 0.36933295212346906, 10.565971553773096, 15.562769355410834, 0.8587656783655586, -0.3697237890766099, -1.030396506657068, -1.4544263241460655
4034, 40.33878266550522, -1.0511795886837956, -1.449953452561351, -2.025395628513098, 0.5249606456775775, 10.565971553773096, 15.562769355410834, 0.8355076110847781, -0.2918601860960913, -1.0511793137057552, -1.449952601677213
4035, 40.34878484320557, -1.0709052463912379, -1.4439257076368048, -1.919735912975367, 0.680588339231686, 10.565971553773096, 15.562769355410834, 0.8198194904955727, -0.21239910248972327, -1.0709054265483713, -1.4439253030810928
4036, 40.35878702090592, -1.089574306943303, -1.4363416857767175, -1.8140761974376356, 0.8362160327857945, 10.565971553773096, 15.562769355410834, 0.8117431466906417, -0.13142710298411814, -1.0895741923996287, -1.4363404397568202
4037, 40.368789198606265, -1.1071867703399905, -1.427201386981089, -1.708416481899905, 0.9918437263399029, 10.565971553773096, 15.562769355410834, 0.8113194639586156, -0.04901605239715834, -1.1071864070095196, -1.4272014118453031
4038, 40.378791376306616, -1.123742636581301, -1.4165048112499192, -1.6027567663621738, 1.1474714198940115, 10.565971553773096, 15.562769355410834, 0.8185890160958295, 0.03477737789478097, -1.1237415996010263, -1.4165042128665677
4039, 40.388793554006966, -1.139241905667234, -1.4042519585832087, -1.497097050824443, 1.30309911344812, 10.565971553773096, 15.562769355410834, 0.8335922188352634, 0.11991206518825592, -1.1392433144040672, -1.404251675715824
4040, 40.39879573170732, -1.15368457759779, -1.390442828980957, -1.3914373352867115, 1.4587268070022283, 10.565971553773096, 15.562769355410834, 0.8563690095386798, 0.20636266506680623, -1.1536826400196467, -1.390441947953068
4041, 40.40879790940766, -1.1670706523729684, -1.375077422443164, -1.2857776197489805, 1.614354500556337, 10.565971553773096, 15.562769355410834, 0.886958062570522, 0.2941197243877871, -1.167071214448348, -1.3750767970872555
4042, 40.41880008710801, -1.1794001299927697, -1.3581557389698302, -1.1801179042112495, 1.7699821941104454, 10.565971553773096, 15.562769355410834, 0.925395547233957, 0.3831896827716095, -1.179401759749326, -1.358154725973009
4043, 40.42880226480836, -1.1906730104571934, -1.339677778560955, -1.0744581886735185, 1.9256098876645538, 10.565971553773096, 15.562769355410834, 0.9717134339337052, 0.47359476375366294, -1.1906721809066776, -1.3396794746580287
4044, 40.438804442508705, -1.2008892937662399, -1.319643541216539, -0.9687984731357876, 2.0812375812186623, 10.565971553773096, 15.562769355410834, 1.0259373534641145, 0.565372752735763, -1.2008880675600013, -1.319643887277966
4045, 40.448806620209055, -1.2100489799199092, -1.2980530269365818, -0.8631387575980565, 2.2368652747727706, 10.565971553773096, 15.562769355410834, 1.088084014127766, 0.6585766548506549, -1.2100493840400612, -1.2980521531558098
4046, 40.458808797909406, -1.218152068918201, -1.2749062357210836, -0.7574790420603256, 2.3924929683268794, 10.565971553773096, 15.562769355410834, 1.1581581818896562, 0.753274221886348, -1.2181532163115771, -1.2749058903311707
4047, 40.468810975609756, -1.2251985607611158, -1.2502031675700442, -0.6518193265225944, 2.5481206618809877, 10.565971553773096, 15.562769355410834, 1.2361492300833041, 0.8495473335683257, -1.2251985934121536, -1.2502047435680164
4048, 40.4788131533101, -1.231188455448653, -1.2239438224834638, -0.5461596109848635, 2.703748355435096, 10.565971553773096, 15.562769355410834, 1.3220272674247748, 0.9474912148359931, -1.2311885222453962, -1.2239432201273879
4049, 40.48881533101045, -1.236121752980813, -1.1961282004613423, -0.4404998954471321, 2.859376048989205, 10.565971553773096, 15.562769355410834, 1.4157388563743127, 1.047213467354284, -1.236122286656398, -1.1961294142679886
4050, 40.4988175087108, -1.2399984533575956, -1.1667563015036797, -0.3348401799094012, 3.015003742543313, 10.565971553773096, 15.562769355410834, 1.517202338327063, 1.1488328904637954, -1.2400005518740636, -1.1667576196118705
4051, 40.508819686411144, -1.242818556579001, -1.1358281256104759, -0.22918046437167028, 3.170631436097422, 10.565971553773096, 15.562769355410834, 1.6263027878250707, 1.2524780641990376, -1.2428180851505088, -1.1358271901490455
4052, 40.518821864111494, -1.244582062645029, -1.1033436727817312, -0.12352074883393915, 3.3262591296515303, 10.565971553773096, 15.562769355410834, 1.7428866250689201, 1.3582856650163873, -1.2445817507118453, -1.1033423708428716
4053, 40.528824041811845, -1.2452889715556799, -1.0693029430174452, -0.01786103329620814, 3.481886823205639, 10.565971553773096, 15.562769355410834, 1.8667559245673346, 1.4663984836097974, -1.2452906767592142, -1.069302855929003
4054, 40.538826219512195, -1.2449392833109532, -1.0337059363176184, 0.08779868224152287, 3.6375145167597474, 10.565971553773096, 15.562769355410834, 1.9976624678845694, 1.576963113809318, -1.244940683473384, -1.033706016238404
4055, 40.54882839721254, -1.2435329979108494, -0.9965526526822502, 0.193458397779254, 3.7931422103138557, 10.565971553773096, 15.562769355410834, 2.135301600199457, 1.6901272822276563, -1.2435324131706837, -0.996555196873039
4056, 40.55883057491289, -1.241070115355368, -0.957843092111341, 0.2991181133169851, 3.948769903867964, 10.565971553773096, 15.562769355410834, 2.2793059638261988, 1.8060367902310337, -1.241070816847173, -0.9578424606169279
4057, 40.56883275261324, -1.2375506356445096, -0.9175772546048909, 0.40477782885471614, 4.104397597422073, 10.565971553773096, 15.562769355410834, 2.4292391969850895, 1.9248320431624732, -1.2375504031782876, -0.9175788358075624
4058, 40.57883493031358, -1.2329745587782739, -0.8757551401628996, 0.5104375443924473, 4.2600252909761815, 10.565971553773096, 15.562769355410834, 2.5845897029341307, 2.0466441467463414, -1.2329737779958403, -0.8757560495331497
4059, 40.588837108013934, -1.2273418847566606, -0.8323767487853672, 0.6160972599301782, 4.41565298453029, 10.565971553773096, 15.562769355410834, 2.744764613014154, 2.171590557462532, -1.227341752256943, -0.8323756220629808
4060, 40.598839285714284, -1.2206526135796703, -0.7874420804722938, 0.7217569754679093, 4.571280678084398, 10.565971553773096, 15.562769355410834, 2.9090840870969585, 2.2997702826016884, -1.220650987830687, -0.7874406251561605
4061, 40.60884146341463, -1.2129067452473024, -0.7409511352236792, 0.8274166910056402, 4.726908371638507, 10.565971553773096, 15.562769355410834, 3.076776116162107, 2.431258636888491, -1.212905802957599, -0.7409493523908907
4062, 40.61884364111498, -1.2041042797595574, -0.6929039130395236, 0.9330764065433713, 4.882536065192615, 10.565971553773096, 15.562769355410834, 3.2469720139828544, 2.5661015761503565, -1.2041065150908299, -0.6929037007107576
4063, 40.62884581881533, -1.194245217116435, -0.6433004139198266, 1.0387361220811022, 5.038163758746724, 10.565971553773096, 15.562769355410834, 3.418702807794543, 2.704309644634805, -1.1942422358208586, -0.6433004529857662
4064, 40.63884799651568, -1.1833295573179354, -0.5921406378645889, 1.1443958376188335, 5.193791452300832, 10.565971553773096, 15.562769355410834, 3.5908967608536493, 2.8458515913033757, -1.1833291684912794, -0.5921406008531803
4065, 40.64885017421602, -1.1713573003640583, -0.53942458487381, 1.2500555531565642, 5.34941914585494, 10.565971553773096, 15.562769355410834, 3.762378282346006, 2.9906477317408253, -1.171357984917183, -0.539424718615396
4066, 40.65885235191637, -1.158328446254804, -0.4851522549474899, 1.3557152686942955, 5.505046839409049, 10.565971553773096, 15.562769355410834, 3.9318685013956483, 3.1385631561062075, -1.1583284742443674, -0.48515336931388775
4067, 40.66885452961672, -1.1442429949901725, -0.42932364808562906, 1.4613749842320267, 5.660674532963157, 10.565971553773096, 15.562769355410834, 4.097987801029196, 3.289400909590479, -1.1442433586009022, -0.4293226691342381
4068, 40.67885670731707, -1.1291009465701634, -0.3719387642882268, 1.5670346997697577, 5.816302226517266, 10.565971553773096, 15.562769355410834, 4.259260623760649, 3.4428952997656856, -1.1291000166702059, -0.37193836637587696
4069, 40.68885888501742, -1.1129023009947772, -0.3129976035552837, 1.6726944153074887, 5.971929920071374, 10.565971553773096, 15.562769355410834, 4.414122871694936, 3.598705514482536, -1.1129029330311127, -0.3129977127046075
4070, 40.69886106271777, -1.0956470582640137, -0.25250016588679913, 1.7783541308452198, 6.127557613625483, 10.565971553773096, 15.562769355410834, 4.5609322292396, 3.7564097638804936, -1.095647502784058, -0.25249716034188924
4071, 40.70886324041812, -1.0773352183778728, -0.1904464512827737, 1.8840138463829508, 6.283185307179592, 10.565971553773096, 15.562769355410834, 4.697981734017725, 3.9155001896974593, -1.0773345092274977, -0.1904463838152739
4072, 40.71886541811846, -1.058495079914044, -0.12761459821097998, 1.8840138463829472, 6.283185307179586, 0.0, 0.0, 3.151851953039695, 3.5003211724878556, -1.0584940472653417, -0.12761453866088265
4073, 40.72886759581881, -1.0396549414502145, -0.06478274513918403, 1.8840138463829472, 6.283185307179586, 0.0, 0.0, 3.2017751282659876, 3.5776409657870967, -1.0396543796342461, -0.06478288330402196
4074, 40.73886977351916, -1.020814802986385, -0.001950892067388077, 1.8840138463829472, 6.283185307179586, 0.0, 0.0, 3.2478213437474897, 3.65204129558174, -1.0208153308448669, -0.0019505910295650507
4075, 40.748871951219506, -1.0019746645225553, 0.060880961004407874, 1.8840138463829472, 6.283185307179586, 0.0, 0.0, 3.289817626643825, 3.7230382880369843, -1.0019728130664283, 0.06088136386755377
4076, 40.75887412891986, -0.983134526058726, 0.12371281407620383, 1.8840138463829472, 6.283185307179586, 0.0, 0.0, 3.327613960707987, 3.7901707595181846, -0.9831345125713934, 0.12371221054540532
4077, 40.76887630662021, -0.9642943875948965, 0.18654466714799955, 1.8840138463829472, 6.283185307179586, 0.0, 0.0, 3.3610850151054197, 3.8530032432674832, -0.9642925514967357, 0.1865447358918129
4078, 40.77887848432056, -0.945454249131067, 0.2493765202197955, 1.8840138463829472, 6.283185307179586, 0.0, 0.0, 3.3901317068784707, 3.9111288448191166, -0.9454544626510453, 0.24937483171435768
4079, 40.7888806620209, -0.9266141106672375, 0.31220837329159146, 1.8840138463829472, 6.283185307179586, 0.0, 0.0, 3.414682583335567, 3.964171907305588, -0.9266152728514895, 0.3122066613846341
4080, 40.79888283972125, -0.907773972203408, 0.3750402263633874, 1.8840138463829472, 6.283185307179586, 0.0, 0.0, 3.4346950118705237, 4.01179046907284, -0.9077761668751745, 0.3750407462218542
4081, 40.8088850174216, -0.8889338337395786, 0.43787207943518336, 1.8840138463829472, 6.283185307179586, 0.0, 0.0, 3.4501561660397555, 4.053678497404924, -0.8889347735375066, 0.43787208344400697
4082, 40.818887195121945, -0.8700936952757491, 0.5007039325069793, 1.8840138463829472, 6.283185307179586, 0.0, 0.0, 3.4610837981350207, 4.089567883648357, -0.8700951575346632, 0.5007043996898299
4083, 40.828889372822296, -0.8512535568119196, 0.563535785578775, 1.8840138463829472, 6.283185307179586, 0.0, 0.0, 3.4675267899769335, 4.1192301866133265, -0.8512533989551688, 0.5635348032859804
4084, 40.838891550522646, -0.83241341834809, 0.626367638650571, 1.8840138463829472, 6.283185307179586, 0.0, 0.0, 3.469565475209773, 4.142478112802744, -0.8324153577929753, 0.6263679686031463
4085, 40.84889372822299, -0.8135732798842605, 0.6891994917223669, 1.8840138463829472, 6.283185307179586, 0.0, 0.0, 3.4673117279903636, 4.159166723769525, -0.813575045986315, 0.6891992509155893
4086, 40.85889590592334, -0.794733141420431, 0.7520313447941629, 1.8840138463829472, 6.283185307179586, 0.0, 0.0, 3.460908814621908, 4.16919436271596, -0.7947324441771492, 0.7520317104682954
4087, 40.86889808362369, -0.7758930029566016, 0.8148631978659588, 1.8840138463829472, 6.283185307179586, 0.0, 0.0, 3.450531006376173, 4.172503294314349, -0.775894467933738, 0.8148618204922627
4088, 40.87890026132404, -0.7570528644927721, 0.8776950509377548, 1.8840138463829472, 6.283185307179586, 0.0, 0.0, 3.436382953462653, 4.169080053633012, -0.7570521683153932, 0.8776953592945144
4089, 40.888902439024385, -0.7382127260289426, 0.9405269040095507, 1.8840138463829472, 6.283185307179586, 0.0, 0.0, 3.418698821829282, 4.158955501983463, -0.7382121155370747, 0.9405284101189789
4090, 40.898904616724735, -0.7193725875651131, 1.0033587570813467, 1.8840138463829472, 6.283185307179586, 0.0, 0.0, 3.3977411962039934, 4.142204589450313, -0.7193715539193071, 1.0033600728766063
4091, 40.908906794425086, -0.7005324491012836, 1.0661906101531426, 1.8840138463829472, 6.283185307179586, 0.0, 0.0, 3.3737997544977345, 4.118945825812244, -0.7005335064667433, 1.0661901688019257
4092, 40.91890897212543, -0.6816923106374542, 1.1290224632249386, 1.8840138463829472, 6.283185307179586, 0.0, 0.0, 3.347189720375585, 4.089340463497303, -0.6816930911329158, 1.1290227144960276
4093, 40.92891114982578, -0.6628521721736247, 1.1918543162967346, 1.8840138463829472, 6.283185307179586, 0.0, 0.0, 3.3182501024513402, 4.053591398125931, -0.6628523146536923, 1.191853889941644
4094, 40.93891332752613, -0.6440120337097952, 1.25468616936853, 1.8840138463829472, 6.283185307179586, 0.0, 0.0, 3.287341730160837, 4.011941794067893, -0.6440124759502317, 1.2546855519112283
4095, 40.94891550522648, -0.6252983480103869, 1.31666915346855, 1.8528280395854944, 6.093750843747722, -3.7081060710676814, -20.909513250856484, 2.68556844138233, 3.578856773128833, -0.6252998939368559, 1.316667771074327
4096, 40.958917682926824, -0.6069554729180853, 1.3765611862434848, 1.8157469788748175, 5.884655711239156, -3.7081060710676814, -20.909513250856484, 2.742338034123799, 3.425739749847863, -0.606954476251231, 1.3765612497115898
4097, 40.968919860627175, -0.5889834084328904, 1.4343622676933334, 1.7786659181641409, 5.675560578730591, -3.7081060710676814, -20.909513250856484, 2.7977791217248873, 3.2697635724637535, -0.5889818436845199, 1.4343615030218988
4098, 40.978922038327525, -0.5713821545548025, 1.4900723978180965, 1.7415848574534638, 5.466465446222028, -3.7081060710676814, -20.909513250856484, 2.8512756314763537, 3.111648015126981, -0.5713804933824547, 1.4900727470210484
4099, 40.98892421602787, -0.5541517112838212, 1.543691576617774, 1.704503796742787, 5.257370313713462, -3.7081060710676814, -20.909513250856484, 2.9023220128843934, 2.952059762571732, -0.5541512970158394, 1.5436904517357242
4100, 40.99892639372822, -0.5372920786199467, 1.5952198040923657, 1.66742273603211, 5.048275181204897, -3.7081060710676814, -20.909513250856484, 2.9505155088050232, 2.7916094977696546, -0.5372906400675457, 1.5952209909799895
4101, 41.00892857142857, -0.5208032565631789, 1.644657080241872, 1.6303416753214335, 4.839180048696332, -3.7081060710676814, -20.909513250856484, 2.9955476805489667, 2.630850426011551, -0.5208038591851771, 1.6446596698733684
4102, 41.01893074912892, -0.504685245113518, 1.6920034050662927, 1.5932606146107566, 4.630084916187767, -3.7081060710676814, -20.909513250856484, 3.037195489773115, 2.4702780425537, -0.5046838422808794, 1.6920034014004406
4103, 41.02893292682926, -0.48893804427096377, 1.7372587785656277, 1.5561795539000796, 4.420989783679201, -3.7081060710676814, -20.909513250856484, 3.075312193624566, 2.3103309557870926, -0.48893914927722415, 1.7372589589995548
4104, 41.038935104529614, -0.47356165403551637, 1.7804232007398768, 1.5190984931894025, 4.2118946511706365, -3.7081060710676814, -20.909513250856484, 3.1098182658946647, 2.1513925864910064, -0.47356290557489433, 1.780422811655289
4105, 41.048937282229964, -0.4585560744071757, 1.8214966715890402, 1.4820174324787256, 4.002799518662072, -3.7081060710676814, -20.909513250856484, 3.140692516506898, 1.9937935751642852, -0.458556022778532, 1.8214968421943472
4106, 41.05893945993031, -0.4439213053859419, 1.860479191113118, 1.444936371768049, 3.793704386153507, -3.7081060710676814, -20.909513250856484, 3.167963544914306, 1.8378147428410068, -0.4439213872033868, 1.8604784945795743
4107, 41.06894163763066, -0.4296573469718147, 1.8973707593121105, 1.4078553110573722, 3.584609253644942, -3.7081060710676814, -20.909513250856484, 3.191701630143574, 1.6836904654546274, -0.42965943843368615, 1.8973699450609816
4108, 41.07894381533101, -0.41576419916479435, 1.932171376186017, 1.3707742503466953, 3.3755141211363773, -3.7081060710676814, -20.909513250856484, 3.212011131366141, 1.531612337089002, -0.41576334228483997, 1.9321718804059544
4109, 41.08894599303136, -0.40224186196488076, 1.964881041734838, 1.3336931896360182, 3.166418988627812, -3.7081060710676814, -20.909513250856484, 3.2290234479529527, 1.3817330128248977, -0.4022416807970111, 1.9648807692080912
4110, 41.0989481707317, -0.38909033537207394, 1.9954997559585734, 1.2966121289253416, 2.9573238561192463, -3.7081060710676814, -20.909513250856484, 3.2428905668375805, 1.2341701369359304, -0.3890909759582609, 1.9955000541887944
4111, 41.10895034843205, -0.3763096193863739, 2.024027518857223, 1.2595310682146648, 2.7482287236106817, -3.7081060710676814, -20.909513250856484, 3.2537792074627423, 1.089010276578883, -0.3763076293860641, 2.024027378305719
4112, 41.118952526132404, -0.36389971400778065, 2.050464330430787, 1.222450007503988, 2.5391335911021167, -3.7081060710676814, -20.909513250856484, 3.261865560361485, 0.9463127946132799, -0.3638984517282181, 2.050464887176447
4113, 41.12895470383275, -0.35186061923629414, 2.0748101906792655, 1.185368946793311, 2.3300384585935516, -3.7081060710676814, -20.909513250856484, 3.267330604240391, 0.8061136075991433, -0.3518606669967465, 2.0748106116677136
4114, 41.1389568815331, -0.3401923350719144, 2.0970650996026583, 1.1482878860826344, 2.1209433260849866, -3.7081060710676814, -20.909513250856484, 3.2703559779877045, 0.6684287862475912, -0.3401934713887989, 2.0970641960196357
4115, 41.14895905923345, -0.3288948615146414, 2.1172290572009653, 1.1112068253719574, 1.9118481935764218, -3.7081060710676814, -20.909513250856484, 3.2711203780204112, 0.5332579655762686, -0.32889574620837564, 2.117229927305224
4116, 41.15896123693379, -0.3179681985644752, 2.1353020634741866, 1.0741257646612805, 1.7027530610678565, -3.7081060710676814, -20.909513250856484, 3.26979644751322, 0.4005875407335585, -0.31796871550070716, 2.135303267999149
4117, 41.16896341463414, -0.3074123462214158, 2.151284118422322, 1.0370447039506037, 1.4936579285592917, -3.7081060710676814, -20.909513250856484, 3.2665481220335333, 0.27039363191966154, -0.30741108073826323, 2.1512840227369456
4118, 41.17896559233449, -0.29722730448546314, 2.1651752220453724, 0.9999636432399268, 1.2845627960507269, -3.7081060710676814, -20.909513250856484, 3.261528395671771, 0.14264480809349878, -0.297227580235758, 2.1651744824473633
4119, 41.18896777003484, -0.28741307335661725, 2.176975374343337, 0.96288258252925, 1.0754676635421614, -3.7081060710676814, -20.909513250856484, 3.254877472657223, 0.017304564276676593, -0.2874132391412138, 2.17697536149373
4120, 41.198969947735186, -0.2779696528348781, 2.1866845753162156, 0.9258015218185731, 0.8663725310335966, -3.7081060710676814, -20.909513250856484, 3.246721271459135, -0.10566644867149677, -0.27796913916802385, 2.1866845949318674
4121, 41.20897212543554, -0.26889704292024574, 2.1943028249640086, 0.8887204611078963, 0.6572773985250318, -3.7081060710676814, -20.909513250856484, 3.2371702512854013, -0.22630843984202798, -0.2688989692324372, 2.194302482839647
4122, 41.21897430313589, -0.2601952436127202, 2.1998301232867163, 0.8516394003972194, 0.4481822660164667, -3.7081060710676814, -20.909513250856484, 3.226318534522261, -0.3446607354460438, -0.2601938585508993, 2.1998312399050084
4123, 41.22897648083623, -0.25186425491230136, 2.2032664702843383, 0.8145583396865426, 0.23908713350790145, -3.7081060710676814, -20.909513250856484, 3.2142433028421005, -0.4607602717496202, -0.2518649499005789, 2.203266209806866
4124, 41.23897865853658, -0.24390407681898932, 2.2046118659568745, 0.7774772789758657, 0.02999200099933641, -3.7081060710676814, -20.909513250856484, 3.201004449293798, -0.5746403174041783, -0.2439042092654004, 2.2046124542246806
4125, 41.24898083623693, -0.23631470933278403, 2.203866310304325, 0.7403962182651889, -0.1791031315092284, -3.7081060710676814, -20.909513250856484, 3.186644473546479, -0.6863294186376746, -0.23631482675598983, 2.2038657867587665
4126, 41.25898301393728, -0.22909615245368553, 2.2010298033266897, 0.7033151575545121, -0.38819826401779345, -3.7081060710676814, -20.909513250856484, 3.1711886124592295, -0.7958505611009123, -0.22909752114702703, 2.201031112209918
4127, 41.268985191637626, -0.22224840618169378, 2.196102345023969, 0.6662340968438352, -0.5972933965263587, -3.7081060710676814, -20.909513250856484, 3.154645203180677, -0.9032205428969687, -0.22224617509183003, 2.1961034929275254
4128, 41.278987369337976, -0.2157714705168088, 2.1890839353961624, 0.6291530361331583, -0.8063885290349236, -3.7081060710676814, -20.909513250856484, 3.1370062809322183, -1.0084495543732312, -0.21577030485227253, 2.189083263697388
4129, 41.28898954703833, -0.2096653454590306, 2.1799745744432704, 0.5920719754224815, -1.0154836615434886, -3.7081060710676814, -20.909513250856484, 3.1182484183872266, -1.111540961541193, -0.20966538784463534, 2.179975350127458
4130, 41.29899172473867, -0.20393003100835916, 2.168774262165293, 0.5549909147118046, -1.2245787940520536, -3.7081060710676814, -20.909513250856484, 3.0983338180141677, -1.2124912914274835, -0.20392898706404028, 2.168774573401984
4131, 41.30899390243902, -0.1985655271647945, 2.1554829985622295, 0.5179098540011278, -1.4336739265606186, -3.7081060710676814, -20.909513250856484, 3.0772116727874175, -1.3112904191711225, -0.19856457170616332, 2.155482579263358
4132, 41.31899608013937, -0.1935718339283366, 2.1401007836340806, 0.4808287932904509, -1.6427690590691837, -3.7081060710676814, -20.909513250856484, 3.054819814161531, -1.4079219581876914, -0.19357224011072988, 2.1401003211989162
4133, 41.32899825783972, -0.18894895129898548, 2.1226276173808456, 0.4437477325797741, -1.8518641915777485, -3.7081060710676814, -20.909513250856484, 3.03108666901834, -1.5023638561422148, -0.18894936387750788, 2.1226274083844006
4134, 41.339000435540065, -0.1846968792767411, 2.1030634998025253, 0.4066666718690973, -2.0609593240863138, -3.7081060710676814, -20.909513250856484, 3.0059335492854067, -1.594589200729189, -0.1846957642504816, 2.1030631844153462
4135, 41.349002613240415, -0.18063021255805026, 2.082453906561663, 0.4066666718690985, -2.0609593240863067, 0.0, 0.0, 3.21417484683706, -1.3461101857316282, -0.18063132395764686, 2.0824532108784397
4136, 41.359004790940766, -0.1765635458393593, 2.0618443133208, 0.4066666718690985, -2.0609593240863067, 0.0, 0.0, 3.231518213724378, -1.330702643323806, -0.17656403081134195, 2.0618438284918383
4137, 41.36900696864111, -0.1724968791206683, 2.041234720079937, 0.4066666718690985, -2.0609593240863067, 0.0, 0.0, 3.248907957665585, -1.3152133818958176, -0.17249957540058658, 2.0412338096714273
4138, 41.37900914634146, -0.1684302124019773, 2.020625126839074, 0.4066666718690985, -2.0609593240863067, 0.0, 0.0, 3.266340016578007, -1.2996466450350446, -0.16842996305874441, 2.020623738730376
4139, 41.38901132404181, -0.16436354568328632, 2.000015533598211, 0.4066666718690985, -2.0609593240863067, 0.0, 0.0, 3.2838102994886778, -1.284006697341777, -0.16436237751694846, 2.0000159301709566
4140, 41.399013501742154, -0.16029687896459532, 1.9794059403573476, 0.4066666718690985, -2.0609593240863067, 0.0, 0.0, 3.30131468761362, -1.268297823260211, -0.16029779137697042, 1.9794039416692872
4141, 41.409015679442504, -0.15623021224590433, 1.9587963471164844, 0.4066666718690985, -2.0609593240863067, 0.0, 0.0, 3.3188490354462417, -1.2525243259040995, -0.15623185717490898, 1.9587952358535938
4142, 41.419017857142855, -0.15216354552721334, 1.9381867538756214, 0.4066666718690985, -2.0609593240863067, 0.0, 0.0, 3.33640917185455, -1.2366905258773715, -0.1521630641244386, 1.938187306718468
4143, 41.429020034843205, -0.14809687880852235, 1.9175771606347585, 0.4066666718690985, -2.0609593240863067, 0.0, 0.0, 3.3539909011869096, -1.2208007600900501, -0.14809551205914676, 1.9175783914413986
4144, 41.43902221254355, -0.14403021208983136, 1.8969675673938953, 0.4066666718690985, -2.0609593240863067, 0.0, 0.0, 3.371590004386042, -1.2048593805697907, -0.14402851758447435, 1.8969669196446937
4145, 41.4490243902439, -0.13996354537114036, 1.876357974153032, 0.4066666718690985, -2.0609593240863067, 0.0, 0.0, 3.3892022401109783, -1.188870753269368, -0.13996276758914306, 1.8763576038533365
4146, 41.45902656794425, -0.1358968786524494, 1.855748380912169, 0.4066666718690985, -2.0609593240863067, 0.0, 0.0, 3.4068233458666652, -1.1728392568704353, -0.1358967088596926, 1.8557477704390342
4147, 41.46902874564459, -0.1318302119337584, 1.8351387876713061, 0.4066666718690985, -2.0609593240863067, 0.0, 0.0, 3.4244490391409332, -1.1567692815838844, -0.13183173771617868, 1.8351385301277
4148, 41.47903092334494, -0.12776354521506741, 1.814529194430443, 0.4066666718690985, -2.0609593240863067, 0.0, 0.0, 3.4420750185485067, -1.14066522794714, -0.12776300004510277, 1.8145278901210529
4149, 41.489033101045294, -0.12369687849637642, 1.7939196011895797, 0.4066666718690985, -2.0609593240863067, 0.0, 0.0, 3.4596969649817746, -1.1245315056187128, -0.12369767177004228, 1.7939187960434202
4150, 41.499035278745644, -0.11963021177768543, 1.7733100079487167, 0.4066666718690985, -2.0609593240863067, 0.0, 0.0, 3.477310542767995, -1.1083725321703424, -0.1196306310958481, 1.7733107026933248
4151, 41.50903745644599, -0.11556354505899444, 1.7527004147078538, 0.4066666718690985, -2.0609593240863067, 0.0, 0.0, 3.4949114008326374, -1.0921927318770637, -0.1155640286782795, 1.7526992477083678
4152, 41.51903963414634, -0.11149687834030345, 1.7320908214669906, 0.4066666718690985, -2.0609593240863067, 0.0, 0.0, 3.5124951738685404, -1.0759965345055258, -0.1114970297492927, 1.7320911386468771
4153, 41.52904181184669, -0.10743021162161248, 1.7114812282261274, 0.4066666718690985, -2.0609593240863067, 0.0, 0.0, 3.5300574835105856, -1.0597883741008982, -0.10742907750268127, 1.7114811362435716
4154, 41.53904398954703, -0.10336354490292149, 1.6908716349852644, 0.4066666718690985, -2.0609593240863067, 0.0, 0.0, 3.5475939395155534, -1.043572687772692, -0.10336420106382044, 1.6908721738392287
4155, 41.54904616724738, -0.0992968781842305, 1.6702620417444014, 0.4066666718690985, -2.0609593240863067, 0.0, 0.0, 3.565100140946859, -1.0273539144798336, -0.09929813283623994, 1.6702637372096416
4156, 41.55904834494773, -0.0952302114655395, 1.6496524485035384, 0.4066666718690985, -2.0609593240863067, 0.0, 0.0, 3.582571677363842, -1.0111364938153204, -0.0952291886472853, 1.6496535610074505
4157, 41.569050522648084, -0.09116354474684851, 1.6290428552626752, 0.4066666718690985, -2.0609593240863067, 0.0, 0.0, 3.6000041300152845, -0.9949248647907931, -0.09116409121321163, 1.6290440000936885
4158, 41.57905270034843, -0.08709687802815752, 1.608433262021812, 0.4066666718690985, -2.0609593240863067, 0.0, 0.0, 3.6173930730368395, -0.9787234646213572, -0.08709705875211572, 1.608434067833415
4159, 41.58905487804878, -0.08303021130946653, 1.587823668780949, 0.4066666718690985, -2.0609593240863067, 0.0, 0.0, 3.634734074652047, -0.9625367275109847, -0.08303152474618, 1.5878244604308196
4160, 41.59905705574913, -0.07896354459077554, 1.567214075540086, 0.4066666718690985, -2.0609593240863067, 0.0, 0.0, 3.652022698376605, -0.946369083438831, -0.07896446531299878, 1.5672145764245986
4161, 41.60905923344947, -0.07489687787208457, 1.5466044822992229, 0.4066666718690985, -2.0609593240863067, 0.0, 0.0, 3.669254504225563, -0.9302249569467966, -0.07489683141838172, 1.546605263004677
4162, 41.61906141114982, -0.07083021115339358, 1.5259948890583597, 0.4066666718690985, -2.0609593240863067, 0.0, 0.0, 3.686425049923134, -0.9141087659286701, -0.07082942634671871, 1.5259938760692118
4163, 41.62906358885017, -0.06676354443470259, 1.5053852958174967, 0.4066666718690985, -2.0609593240863067, 0.0, 0.0, 3.7035298921147506, -0.8980249204211763, -0.06676100708177783, 1.505384198804039
4164, 41.639065766550516, -0.06269687771601162, 1.4847757025766337, 0.4066666718690985, -2.0609593240863067, 0.0, 0.0, 3.7205645875810784, -0.881977821397268, -0.06269781768834014, 1.4847777814257348
4165, 41.649067944250866, -0.05863021099732063, 1.4641661093357705, 0.4066666718690985, -2.0609593240863067, 0.0, 0.0, 3.7375246944536222, -0.8659718595619862, -0.05863050114760845, 1.4641650484746014
4166, 41.65907012195122, -0.05456354427862964, 1.4435565160949075, 0.4066666718690985, -2.0609593240863067, 0.0, 0.0, 3.754405773431611, -0.8500114141512227, -0.05456166059154575, 1.4435576447907812
4167, 41.66907229965157, -0.05049687755993865, 1.4229469228540443, 0.4066666718690985, -2.0609593240863067, 0.0, 0.0, 3.7712033889997993, -0.8341008517337074, -0.050495816808979674, 1.4229473804961892
4168, 41.67907447735191, -0.046430210841247654, 1.4023373296131814, 0.4066666718690985, -2.0609593240863067, 0.0, 0.0, 3.787913110646895, -0.8182445250165561, -0.04642998219669292, 1.4023378675992932
4169, 41.68907665505226, -0.04236354412255666, 1.3817277363723184, 0.4066666718690985, -2.0609593240863067, 0.0, 0.0, 3.8045305140842194, -0.8024467716546971, -0.042364516024282275, 1.381726781576057
4170, 41.69907883275261, -0.0382968774038657, 1.3611181431314552, 0.4066666718690985, -2.0609593240863067, 0.0, 0.0, 3.8210511824643176, -0.7867119130645088, -0.038296235534775576, 1.3611192439397792
4171, 41.709081010452955, -0.034230210685174706, 1.3405085498905922, 0.4066666718690985, -2.0609593240863067, 0.0, 0.0, 3.837470707599132, -0.7710442532419899, -0.03422882355116406, 1.3405078768257446
4172, 41.719083188153306, -0.030163543966483713, 1.319898956649729, 0.4066666718690985, -2.0609593240863067, 0.0, 0.0, 3.8537846911774416, -0.7554480775857835, -0.030163507723495277, 1.3198990958433086
4173, 41.729085365853656, -0.02609687724779272, 1.299289363408866, 0.4066666718690985, -2.0609593240863067, 0.0, 0.0, 3.869988745981204, -0.7399276517253813, -0.026094929510478974, 1.2992891145695886
4174, 41.73908754355401, -0.02203021052910173, 1.2786797701680028, 0.4066666718690985, -2.0609593240863067, 0.0, 0.0, 3.886078497100462, -0.7244872203548236, -0.022030046129743484, 1.2786794199535545
4175, 41.74908972125435, -0.017963543810410737, 1.2580701769271398, 0.4066666718690985, -2.0609593240863067, 0.0, 0.0, 3.90204958314649, -0.7091310060722169, -0.017962245123830125, 1.2580711174174706
4176, 41.7590918989547, -0.013896877091719773, 1.2374605836862766, 0.4066666718690985, -2.0609593240863067, 0.0, 0.0, 3.9178976574628273, -0.6938632082253848, -0.013895967664198925, 1.2374616642545413
4177, 41.76909407665505, -0.00983021037302878, 1.2168509904454137, 0.4066666718690985, -2.0609593240863067, 0.0, 0.0, 3.9336183893338568, -0.678688001763969, -0.009829910952013403, 1.2168495442241298
4178, 41.779096254355395, -0.005763543654337788, 1.1962413972045505, 0.4066666718690985, -2.0609593240863067, 0.0, 0.0, 3.9492074651906135, -0.6636095360982905, -0.005760699559374178, 1.1962408219306786
4179, 41.789098432055745, -0.001696876935646796, 1.1756318039636875, 0.4066666718690985, -2.0609593240863067, 0.0, 0.0, 3.964660589813443, -0.6486319339652884, -0.001698365749439995, 1.1756328662793625
4180, 41.799100609756096, 0.002369789783044196, 1.1550222107228243, 0.4066666718690985, -2.0609593240863067, 0.0, 0.0, 3.9799734875312147, -0.633759290301839, 0.0023690880315195605, 1.155023499620149
4181, 41.809102787456446, 0.006436456501735188, 1.1344126174819613, 0.4066666718690985, -2.0609593240863067, 0.0, 0.0, 3.995141903416721, -0.6189956711257709, 0.006434909788539038, 1.1344136468624055
4182, 41.81910496515679, 0.01050312322042618, 1.1138030242410981, 0.4066666718690985, -2.0609593240863067, 0.0, 0.0, 4.010161604477935, -0.6043451124248727, 0.010503124652142832, 1.1138022989871192
4183, 41.82910714285714, 0.014569789939117173, 1.0931934310002351, 0.4066666718690985, -2.0609593240863067, 0.0, 0.0, 4.025028380844789, -0.5898116190542064, 0.01456998176515165, 1.093195360052051
4184, 41.83910932055749, 0.018636456657808165, 1.072583837759372, 0.4066666718690985, -2.0609593240863067, 0.0, 0.0, 4.039738046951146, -0.5753991636420167, 0.018635612921699792, 1.0725832891660785
4185, 41.849111498257834, 0.022703123376499157, 1.051974244518509, 0.4066666718690985, -2.0609593240863067, 0.0, 0.0, 4.054286442711597, -0.5611116855045457, 0.022703703192430095, 1.0519744205897377
4186, 41.859113675958184, 0.02676979009519015, 1.0313646512776458, 0.4066666718690985, -2.0609593240863067, 0.0, 0.0, 4.068669434692796, -0.5469530895700401, 0.02676992108479574, 1.0313657927794755
4187, 41.869115853658535, 0.03083645681388114, 1.0107550580367828, 0.4066666718690985, -2.0609593240863067, 0.0, 0.0, 4.0828829172789645, -0.5329272453122504, 0.03083554253615524, 1.0107567057522957
4188, 41.87911803135888, 0.03490312353257213, 0.9901454647959196, 0.4066666718690985, -2.0609593240863067, 0.0, 0.0, 4.096922813831228, -0.5190379856937103, 0.03490152115205897, 0.9901423044342733
4189, 41.88912020905923, 0.038969790251263126, 0.9695358715550566, 0.4066666718690985, -2.0609593240863067, 0.0, 0.0, 4.110785077840494, -0.505289106119085, 0.038970005271413935, 0.9695372358327826
4190, 41.89912238675958, 0.04303645696995406, 0.9489262783141934, 0.4066666718690985, -2.0609593240863067, 0.0, 0.0, 4.124465694073484, -0.49168436339887356, 0.04303566737005326, 0.9489257867370745
4191, 41.90912456445993, 0.047103123688645054, 0.9283166850733304, 0.4066666718690985, -2.0609593240863067, 0.0, 0.0, 4.137960679711646, -0.47822747472375016, 0.0471048179340011, 0.9283166608576658
4192, 41.91912674216027, 0.05116979040733605, 0.9077070918324672, 0.4066666718690985, -2.0609593240863067, 0.0, 0.0, 4.151266085482565, -0.46492211664982075, 0.05116963340016783, 0.9077081809733453
4193, 41.929128919860624, 0.05523645712602704, 0.8870974985916042, 0.4066666718690985, -2.0609593240863067, 0.0, 0.0, 4.164377996783605, -0.45177192409507294, 0.05523705184577384, 0.8870982036608196
4194, 41.939131097560974, 0.05930312384471803, 0.866487905350741, 0.4066666718690985, -2.0609593240863067, 0.0, 0.0, 4.177292534797401, -0.43878048934729297, 0.059304960571234196, 0.866487680627482
4195, 41.94913327526132, 0.06336979056340902, 0.8458783121098781, 0.4066666718690985, -2.0609593240863067, 0.0, 0.0, 4.19000585759891, -0.425951361083722, 0.0633694956206922, 0.8458766067219652
4196, 41.95913545296167, 0.06743645728210002, 0.8252687188690151, 0.4066666718690985, -2.0609593240863067, 0.0, 0.0, 4.202514161253705, -0.4132880434027135, 0.06743621853100518, 0.8252687900035722
4197, 41.96913763066202, 0.07150312400079101, 0.8046591256281519, 0.4066666718690985, -2.0609593240863067, 0.0, 0.0, 4.2148136809071675, -0.40079399486766043, 0.07150241796482945, 0.8046595523428501
4198, 41.97913980836237, 0.075569790719482, 0.7840495323872889, 0.4066666718690985, -2.0609593240863067, 0.0, 0.0, 4.226900691864272, -0.38847262756345324, 0.07556702473040576, 0.7840509311121953
4199, 41.98914198606271, 0.07963645743817299, 0.7634399391464257, 0.4066666718690985, -2.0609593240863067, 0.0, 0.0, 4.238771510659677, -0.37632730616571897, 0.07963617282982036, 0.7634382389868094
4200, 41.99914416376306, 0.08370312415686398, 0.7428303459055627, 0.4066666718690985, -2.0609593240863067, 0.0, 0.0, 4.250422496117747, -0.36436134702310385, 0.08370401883507311, 0.7428308088691705
4201, 42.00914634146341, 0.08776979087555498, 0.7222207526646995, 0.4066666718690985, -2.0609593240863067, 0.0, 0.0, 4.261850050402262, -0.3525780172528423, 0.08777107377430089, 0.7222210899637498
4202, 42.01914851916376, 0.09183645759424597, 0.7016111594238366, 0.4066666718690985, -2.0609593240863067, 0.0, 0.0, 4.273050620055456, -0.34098053384986127, 0.09183518718003186, 0.7016107103840399
4203, 42.02915069686411, 0.09590312431293696, 0.6810015661829734, 0.4066666718690985, -2.0609593240863067, 0.0, 0.0, 4.284020697026118, -0.32957206280966256, 0.0959030239028092, 0.6810007180682012
4204, 42.03915287456446, 0.09996979103162795, 0.6603919729421104, 0.4066666718690985, -2.0609593240863067, 0.0, 0.0, 4.294756819686412, -0.3183557182652228, 0.09996971524398442, 0.6603907933365909
4205, 42.04915505226481, 0.10403645775031889, 0.6397823797012472, 0.4066666718690985, -2.0609593240863067, 0.0, 0.0, 4.305255573837152, -0.3073345616381403, 0.10403692230349054, 0.6397828837493068
4206, 42.05915722996515, 0.10810312446900988, 0.6191727864603842, 0.4066666718690985, -2.0609593240863067, 0.0, 0.0, 4.315513593701225, -0.2965116008042692, 0.10810206446399086, 0.6191737058766271
4207, 42.0691594076655, 0.11216979118770087, 0.598563193219521, 0.4066666718690985, -2.0609593240863067, 0.0, 0.0, 4.325527562904842, -0.2858897892740574, 0.11217059610107404, 0.5985625982046386
4208, 42.07916158536585, 0.11633919114958005, 0.577438583479505, 0.42026074466402924, -2.128727437459141, 0.6641496952220025, -3.2532926915105853, 4.316918975437457, -0.3263275922690947, 0.11633886011548385, 0.5774398242626265
4209, 42.089163763066196, 0.12057500608098147, 0.5559886444703381, 0.42690224161624923, -2.1612603643742467, 0.6641496952220025, -3.2532926915105853, 4.328865502345488, -0.33177043678703955, 0.120576940902183, 0.5559866117225002
4210, 42.09916594076655, 0.12487723598190506, 0.5342133761920201, 0.43354373856846923, -2.193793291289352, 0.6641496952220025, -3.2532926915105853, 4.34073833648691, -0.3372924238179337, 0.12487675555813088, 0.5342135399489032
4211, 42.1091681184669, 0.12924588085235084, 0.5121127786445512, 0.44018523552068933, -2.2263262182044583, 0.6641496952220025, -3.2532926915105853, 4.352526007578424, -0.34290783266916636, 0.1292445981065804, 0.5121127355795545
4212, 42.11917029616725, 0.13368094069231884, 0.4896868518279309, 0.4468267324729094, -2.258859145119564, 0.6641496952220025, -3.2532926915105853, 4.364216702440506, -0.3486313236683911, 0.13368215723711308, 0.48968764237153845
4213, 42.12917247386759, 0.13818241550180904, 0.4669355957421598, 0.4534682294251294, -2.29139207203467, 0.6641496952220025, -3.2532926915105853, 4.37579825746787, -0.3544779356302308, 0.13818073993864896, 0.46693562983464976
4214, 42.13917465156794, 0.14275030528082144, 0.4438590103872375, 0.4601097263773494, -2.3239249989497757, 0.6641496952220025, -3.2532926915105853, 4.387258151049058, -0.3604630824292203, 0.1427506859554302, 0.4438574614346432
4215, 42.14917682926829, 0.14738461002935604, 0.42045709576316426, 0.4667512233295694, -2.3564579258648815, 0.6641496952220025, -3.2532926915105853, 4.398583495949788, -0.3666025486348734, 0.14738452358392454, 0.420456073258714
4216, 42.159179006968635, 0.15208532974741285, 0.3967298518699398, 0.47339272028178947, -2.3889908527799877, 0.6641496952220025, -3.2532926915105853, 4.409761031676541, -0.3729124841644704, 0.1520857934758288, 0.39673092030978246
4217, 42.169181184668986, 0.15685246443499185, 0.3726772787075644, 0.4800342172340095, -2.4215237796950935, 0.6641496952220025, -3.2532926915105853, 4.42077711683892, -0.3794093979089921, 0.15685294070487124, 0.3726773654525102
4218, 42.179183362369336, 0.16168601409209304, 0.34829937627603796, 0.48667571418622957, -2.4540567066101993, 0.6641496952220025, -3.2532926915105853, 4.431617721531586, -0.38611015028755524, 0.16168477883461654, 0.3482995153696803
4219, 42.18918554006968, 0.16658597871871644, 0.32359614457536046, 0.4933172111384495, -2.4865896335253055, 0.6641496952220025, -3.2532926915105853, 4.442268419758851, -0.3930319446857681, 0.1665869986389105, 0.3235971768504021
4220, 42.19918771777003, 0.17155235831486204, 0.2985675836055318, 0.49995870809066956, -2.519122560440411, 0.6641496952220025, -3.2532926915105853, 4.452714381927622, -0.4001923177336226, 0.17155153982171595, 0.2985681679357046
4221, 42.20918989547038, 0.17658515288052984, 0.27321369336655216, 0.5066002050428896, -2.551655487355517, 0.6641496952220025, -3.2532926915105853, 4.462940367437086, -0.4076091283788732, 0.17658411732908028, 0.27321438028723716
4222, 42.21919207317073, 0.18168436241571984, 0.24753447385842142, 0.5132417019951097, -2.584188414270623, 0.6641496952220025, -3.2532926915105853, 4.472930717396349, -0.41530054571233943, 0.18168450325330524, 0.24753576252331363
4223, 42.229194250871075, 0.18684998692043206, 0.2215299250811396, 0.5198831989473297, -2.6167213411857286, 0.6641496952220025, -3.2532926915105853, 4.482669347504409, -0.4232850355022235, 0.18685015023117263, 0.22152992101118918
4224, 42.239196428571425, 0.19208202639466646, 0.19520004703470678, 0.5265246958995498, -2.649254268100835, 0.6641496952220025, -3.2532926915105853, 4.492139741129946, -0.4315813453953482, 0.1920831419573013, 0.19520140749879453
4225, 42.249198606271776, 0.19738048083842305, 0.16854483971912285, 0.5331661928517698, -2.6817871950159407, 0.6641496952220025, -3.2532926915105853, 4.501324942631951, -0.44020848874421925, 0.19738107365240667, 0.16854486057545034
4226, 42.25920078397212, 0.20274535025170184, 0.14156430313438795, 0.5398076898039899, -2.7143201219310464, 0.6641496952220025, -3.2532926915105853, 4.510207550965713, -0.4491857270200099, 0.20274666498073632, 0.1415648358325288
4227, 42.26920296167247, 0.20817663463450284, 0.1142584372805019, 0.5464491867562098, -2.7468530488461527, 0.6641496952220025, -3.2532926915105853, 4.518769713622537, -0.45853255077293775, 0.20817711605948577, 0.11425777125106777
4228, 42.27920513937282, 0.21367433398682606, 0.08662724215746481, 0.5530906837084298, -2.779385975761258, 0.6641496952220025, -3.2532926915105853, 4.526993120955408, -0.4682686591031159, 0.21367485158459193, 0.08662774057309613
4229, 42.28920731707317, 0.21923844830867145, 0.058670717765276686, 0.5597321806606499, -2.8119189026763642, 0.6641496952220025, -3.2532926915105853, 4.5348590009470975, -0.4784139376067531, 0.2192370352140246, 0.05866974718202592
4230, 42.299209494773514, 0.22486897760003907, 0.030388864103937485, 0.5663736776128699, -2.84445182959147, 0.6641496952220025, -3.2532926915105853, 4.5423481144813005, -0.4889884347646255, 0.22486983494085772, 0.030389015690180852
4231, 42.309211672473864, 0.23056592186092886, 0.0017816811734472637, 0.5730151745650899, -2.876984756506576, 0.6641496952220025, -3.2532926915105853, 4.549440751182015, -0.5000123367420123, 0.23056575088197218, 0.001782757943076341
4232, 42.319213850174215, 0.23632928109134088, -0.02715083102619409, 0.5796566715173099, -2.9095176834216816, 0.6641496952220025, -3.2532926915105853, 4.556116725890858, -0.5115059405718037, 0.2363295274386217, -0.027150581016608256
4233, 42.32921602787456, 0.24215905529127507, -0.056408672494986434, 0.58629816846953, -2.9420506103367874, 0.6641496952220025, -3.2532926915105853, 4.562355375856814, -0.5234896256952555, 0.24215813388313595, -0.05640854183264359
4234, 42.33921820557491, 0.2480552444607315, -0.08599184323292985, 0.59293966542175, -2.9745835372518936, 0.6641496952220025, -3.2532926915105853, 4.5681355587177634, -0.5359838238379006, 0.24805531178664578, -0.08599117532554375
4235, 42.34922038327526, 0.2540178485997101, -0.11590034324002435, 0.59958116237397, -3.007116464167, 0.6641496952220025, -3.2532926915105853, 4.573435651358116, -0.5490089872014203, 0.25401807374026847, -0.1159004185344204
4236, 42.35922256097561, 0.2600468677082109, -0.14613417251626992, 0.6062226593261901, -3.039649391082105, 0.6641496952220025, -3.2532926915105853, 4.5782335497319835, -0.5625855549558532, 0.2600463027524114, -0.14613470157415057
4237, 42.36922473867595, 0.2661423017862339, -0.17669333106166657, 0.6128641562784101, -3.072182317997211, 0.6641496952220025, -3.2532926915105853, 4.582506669746464, -0.576733918020381, 0.2661422385748936, -0.17669397580737428
4238, 42.379226916376304, 0.2723041508337791, -0.20757781887621418, 0.6195056532306302, -3.104715244912317, 0.6641496952220025, -3.2532926915105853, 4.586231949304837, -0.5914743821250636, 0.27230596744264796, -0.20757645506649056
4239, 42.389229094076654, 0.2785324148508465, -0.23878763595991293, 0.6261471501828502, -3.137248171827423, 0.6641496952220025, -3.2532926915105853, 4.589385851614737, -0.6068271291503463, 0.278532922940363, -0.2387888406480043
4240, 42.399231271777, 0.2848270938374361, -0.2703227823127627, 0.6327886471350701, -3.169781098742529, 0.6641496952220025, -3.2532926915105853, 4.591944369871598, -0.622812176745895, 0.28482664740608615, -0.2703229651785342
4241, 42.40923344947735, 0.29118818779354794, -0.3021832579347635, 0.6394301440872903, -3.2023140256576346, 0.6641496952220025, -3.2532926915105853, 4.59388303343294, -0.6394493362353504, 0.2911881128525477, -0.30218360189040644
4242, 42.4192356271777, 0.297615696719182, -0.33436906282591544, 0.6460716410395102, -3.234846952572741, 0.6641496952220025, -3.2532926915105853, 4.595176915604202, -0.6567581688189423, 0.2976164033437633, -0.33436878186824265
4243, 42.42923780487804, 0.30410962061433816, -0.3668801969862185, 0.6527131379917304, -3.2673798794878466, 0.6641496952220025, -3.2532926915105853, 4.595800643161935, -0.6747579400915551, 0.3041099969168132, -0.3668795194385704
4244, 42.43923998257839, 0.31066995947901654, -0.3997166604156724, 0.6593546349439503, -3.2999128064029524, 0.6641496952220025, -3.2532926915105853, 4.595728407745104, -0.6934675728997945, 0.31066897437162416, -0.39971584987429865
4245, 42.44924216027874, 0.3172967133132172, -0.4328784531142775, 0.6659961318961705, -3.332445733318058, 0.6641496952220025, -3.2532926915105853, 4.59493397925003, -0.7129055985678736, 0.31729580904618493, -0.43287944932404127
4246, 42.459244337979094, 0.32398988211693996, -0.46636557508203363, 0.6726376288483904, -3.3649786602331644, 0.6641496952220025, -3.2532926915105853, 4.5933907213690395, -0.733090106528706, 0.3239892708009845, -0.46636648268057296
4247, 42.46924651567944, 0.33074946589018495, -0.5001780263189408, 0.6792791258006106, -3.39751158714827, 0.6641496952220025, -3.2532926915105853, 4.591071609417164, -0.7540386924034759, 0.3307508497100641, -0.5001787008568598
4248, 42.47924869337979, 0.33754225714819086, -0.5341531421904224, 0.6792791258006102, -3.397511587148269, 0.0, 0.0, 4.607745353123294, -0.7423345111822234, 0.33754179141830953, -0.5341532557090379
4249, 42.48925087108014, 0.344335048406197, -0.5681282580619051, 0.6792791258006102, -3.397511587148269, 0.0, 0.0, 4.598406526724469, -0.7481597973606975, 0.3443338107528668, -0.5681271313812236
4250, 42.49925304878048, 0.3511278396642031, -0.6021033739333879, 0.6792791258006102, -3.397511587148269, 0.0, 0.0, 4.588126682541378, -0.7546853530489808, 0.35112740585250357, -0.6021020417349854
4251, 42.50925522648083, 0.35792063092220916, -0.6360784898048706, 0.6792791258006102, -3.397511587148269, 0.0, 0.0, 4.576906286124498, -0.7619062483872306, 0.357921028597873, -0.6360794142667208
4252, 42.51925740418118, 0.3647134221802153, -0.6700536056763533, 0.6792791258006102, -3.397511587148269, 0.0, 0.0, 4.564746432614279, -0.769817042281304, 0.364712237853025, -0.6700530030181905
4253, 42.52925958188153, 0.37150621343822143, -0.704028721547836, 0.6792791258006102, -3.397511587148269, 0.0, 0.0, 4.551648848028303, -0.7784117865452278, 0.3715054534458422, -0.7040285125014415
4254, 42.539261759581876, 0.3782990046962275, -0.7380038374193187, 0.6792791258006102, -3.397511587148269, 0.0, 0.0, 4.537615890041505, -0.7876840304152943, 0.37829994281360757, -0.7380042118066399
4255, 42.54926393728223, 0.3850917959542336, -0.7719789532908015, 0.6792791258006102, -3.397511587148269, 0.0, 0.0, 4.522650548256839, -0.7976268254323042, 0.3850911444139678, -0.7719777729556984
4256, 42.55926611498258, 0.39188458721223973, -0.8059540691622842, 0.6792791258006102, -3.397511587148269, 0.0, 0.0, 4.506756443964131, -0.8082327306882209, 0.3918848311265088, -0.8059523874223667
4257, 42.56926829268292, 0.39867737847024587, -0.8399291850337669, 0.6792791258006102, -3.397511587148269, 0.0, 0.0, 4.489937829385352, -0.8194938184332237, 0.39867718169295596, -0.839928963359928
4258, 42.57927047038327, 0.40547016972825195, -0.8739043009052496, 0.6792791258006102, -3.397511587148269, 0.0, 0.0, 4.472199586404937, -0.8314016800388964, 0.40547140185797653, -0.8739036986010444
4259, 42.58927264808362, 0.41226296098625803, -0.9078794167767323, 0.6792791258006102, -3.397511587148269, 0.0, 0.0, 4.4535472247842645, -0.8439474323130203, 0.4122626815089311, -0.9078802357360211
4260, 42.59927482578397, 0.41905575224426417, -0.9418545326482151, 0.6792791258006102, -3.397511587148269, 0.0, 0.0, 4.433986879859804, -0.8571217241611874, 0.41905712905828607, -0.9418552881058776
4261, 42.609277003484316, 0.4258485435022703, -0.9758296485196978, 0.6792791258006102, -3.397511587148269, 0.0, 0.0, 4.413525309724944, -0.8709147435901998, 0.4258479710308426, -0.9758268603778371
4262, 42.619279181184666, 0.4326413347602764, -1.0098047643911805, 0.6792791258006102, -3.397511587148269, 0.0, 0.0, 4.392169891895899, -0.8853162250479735, 0.43264102811663135, -1.0098048554978125
4263, 42.62928135888502, 0.43943412601828247, -1.0437798802626632, 0.6792791258006102, -3.397511587148269, 0.0, 0.0, 4.369928619462604, -0.9003154570944142, 0.4394343972918597, -1.0437801442422079
4264, 42.63928353658536, 0.4462269172762886, -1.077754996134146, 0.6792791258006102, -3.397511587148269, 0.0, 0.0, 4.346810096725916, -0.9159012903975039, 0.4462254381403521, -1.0777541993227855
4265, 42.64928571428571, 0.45301970853429474, -1.1117301120056287, 0.6792791258006102, -3.397511587148269, 0.0, 0.0, 4.322823534322913, -0.9320621460485901, 0.4530212803216917, -1.111729949095542
4266, 42.65928789198606, 0.4600406257402744, -1.145518719031013, 0.7151933687416259, -3.3116391309680653, 2.6203296287321187, 13.44431431407664, 4.780758834467067, -0.7081715325048755, 0.46004000243037396, -1.1455183307852346
4267, 42.669290069686404, 0.46732357590912726, -1.17796289462499, 0.7413966650289471, -3.1771959878272984, 2.6203296287321187, 13.44431431407664, 4.741682410936333, -0.6591951731726039, 0.4673237975348113, -1.177963938020021
4268, 42.679292247386755, 0.47486855904085334, -1.2090626387875592, 0.7675999613162683, -3.0427528446865315, 2.6203296287321187, 13.44431431407664, 4.703309188829664, -0.6096168850761666, 0.4748695006702736, -1.2090612339103164
4269, 42.689294425087105, 0.4826755751354527, -1.2388179515187208, 0.7938032576035895, -2.908309701545765, 2.6203296287321187, 13.44431431407664, 4.665853210324476, -0.5593396476707413, 0.4826753102641564, -1.2388172603410126
4270, 42.699296602787456, 0.49074462419292514, -1.2672288328184744, 0.8200065538909107, -2.773866558404998, 2.6203296287321187, 13.44431431407664, 4.629501421276469, -0.5082757000807883, 0.4907443326390159, -1.2672293507239647
4271, 42.7092987804878, 0.49907570621327085, -1.2942952826868206, 0.8462098501782319, -2.639423415264232, 2.6203296287321187, 13.44431431407664, 4.594415488613527, -0.4563460849622143, 0.4990750108945092, -1.2942969516306808
4272, 42.71930095818815, 0.5076688211964898, -1.3200173011237593, 0.8724131464655531, -2.5049802721234657, 2.6203296287321187, 13.44431431407664, 4.560733639228215, -0.4034801908461102, 0.5076680756334779, -1.3200170170369696
4273, 42.7293031358885, 0.5165239691425819, -1.34439488812929, 0.8986164427528743, -2.3705371289826993, 2.6203296287321187, 13.44431431407664, 4.528572492077515, -0.3496153010619949, 0.5165242653615331, -1.3443962295335532
4274, 42.739305313588844, 0.5256411500515473, -1.3674280437034132, 0.9248197390401955, -2.236093985841932, 2.6203296287321187, 13.44431431407664, 4.4980288587822095, -0.29469615642540636, 0.5256393439134899, -1.3674277812101916
4275, 42.749307491289194, 0.5350203639233859, -1.389116767846129, 0.9510230353275168, -2.101650842701166, 2.6203296287321187, 13.44431431407664, 4.469181491355466, -0.23867453801552263, 0.5350204191790472, -1.3891173666792573
4276, 42.759309668989545, 0.5446616107580977, -1.4094610605574367, 0.977226331614838, -1.9672076995603993, 2.6203296287321187, 13.44431431407664, 4.442092758767358, -0.18150887556467932, 0.5446603252206662, -1.4094625181479148
4277, 42.769311846689895, 0.5545648905556826, -1.4284609218373368, 1.0034296279021593, -1.832764556419633, 2.6203296287321187, 13.44431431407664, 4.4168102368630375, -0.12316388623299435, 0.5545658627233502, -1.4284608758434705
4278, 42.77931402439024, 0.5647302033161409, -1.4461163516858293, 1.0296329241894804, -1.6983214132788662, 2.6203296287321187, 13.44431431407664, 4.393368198697022, -0.06361024784595348, 0.5647287656299753, -1.446116048505212
4279, 42.78931620209059, 0.5751575490394722, -1.4624273501029141, 1.0558362204768015, -1.5638782701380998, 2.6203296287321187, 13.44431431407664, 4.371788994629993, -0.002824310027816357, 0.5751582743629325, -1.4624269508935381
4280, 42.79931837979094, 0.5858469277256769, -1.4773939170885915, 1.0820395167641228, -1.4294351269973335, 2.6203296287321187, 13.44431431407664, 4.352084313567312, 0.05921215393514523, 0.5858482142757416, -1.4773951999410702
4281, 42.80932055749128, 0.5967983393747548, -1.4910160526428609, 1.1082428130514441, -1.2949919838565664, 2.6203296287321187, 13.44431431407664, 4.334256318513739, 0.12251215222526368, 0.5967973749456944, -1.4910158572514696
4282, 42.81932273519163, 0.6080117839867059, -1.5032937567657227, 1.1344461093387652, -1.1605488407158002, 2.6203296287321187, 13.44431431407664, 4.318298651192862, 0.18708363486397483, 0.6080101436037193, -1.5032947373135004
4283, 42.829324912891984, 0.6194872615615301, -1.514227029457177, 1.1606494056260863, -1.0261056975750336, 2.6203296287321187, 13.44431431407664, 4.304197301851628, 0.25292960806162434, 0.6194876289581078, -1.5142275355697035
4284, 42.839327090592334, 0.6312247720992276, -1.5238158707172234, 1.1868527019134074, -0.8916625544342671, 2.6203296287321187, 13.44431431407664, 4.291931341560609, 0.32004820175723314, 0.6312263338531576, -1.5238164171565134
4285, 42.84932926829268, 0.6432243155997982, -1.532060280545862, 1.213055998200729, -0.7572194112935006, 2.6203296287321187, 13.44431431407664, 4.281473515351399, 0.3884326900151696, 0.6432257145967094, -1.5320597843435981
4286, 42.85933144599303, 0.6554858920632421, -1.5389602589430935, 1.23925929448805, -0.622776268152734, 2.6203296287321187, 13.44431431407664, 4.272790695427029, 0.45807146439434765, 0.6554868720818975, -1.5389609967930944
4287, 42.86933362369338, 0.6680095014895593, -1.544515805908917, 1.2654625907753712, -0.4883331250119676, 2.6203296287321187, 13.44431431407664, 4.265844194463098, 0.5289479608541235, 0.6680125613965497, -1.544515885621169
4288, 42.87933580139372, 0.6807951438787496, -1.5487269214433328, 1.2916658870626923, -0.35388998187120113, 2.6203296287321187, 13.44431431407664, 4.260589939710646, 0.6010405412168753, 0.6807965443620163, -1.5487254500481134
4289, 42.88933797909407, 0.6938428192308131, -1.5515936055463408, 1.3178691833500138, -0.21944683873043425, 2.6203296287321187, 13.44431431407664, 4.256978509240994, 0.6743223306776934, 0.6938454456455304, -1.5515926821008588
4290, 42.89934015679442, 0.7071525275457499, -1.5531158582179414, 1.344072479637335, -0.0850036955896678, 2.6203296287321187, 13.44431431407664, 4.254955032261629, 0.7487610133436065, 0.7071516612625877, -1.5531170012716686
4291, 42.90934233449477, 0.7207242688235599, -1.5532936794581342, 1.370275775924656, 0.04943944755109886, 2.6203296287321187, 13.44431431407664, 4.254458956004994, 0.8243185883050762, 0.7207226211005207, -1.5532932681933551
4292, 42.91934451219512, 0.734558043064243, -1.5521270692669196, 1.3964790722119773, 0.18388259069186508, 2.6203296287321187, 13.44431431407664, 4.2554236822717835, 0.9009510892971385, 0.7345589537477861, -1.552126107723296
4293, 42.92934668989547, 0.7486538502677994, -1.549616027644297, 1.4226823684992982, 0.31832573383263174, 2.6203296287321187, 13.44431431407664, 4.257776077319869, 0.9786082716021082, 0.7486538334900892, -1.5496156911158498
4294, 42.93934886759582, 0.763011690434229, -1.5457605545902668, 1.4488856647866197, 0.4527688769733983, 2.6203296287321187, 13.44431431407664, 4.261435859451228, 1.0572332704847498, 0.7630126157102265, -1.5457615824065096
4295, 42.94935104529616, 0.7776315635635319, -1.540560650104829, 1.4750889610739408, 0.5872120201141648, 2.6203296287321187, 13.44431431407664, 4.266314869383081, 1.1367622361380123, 0.7776309586380823, -1.5405597901139443
4296, 42.95935322299651, 0.7925134696557079, -1.5340163141879835, 1.501292257361262, 0.7216551632549315, 2.6203296287321187, 13.44431431407664, 4.2723162293156465, 1.2171239508552092, 0.7925138189317917, -1.5340145967757177
4297, 42.96935540069686, 0.8076574087107571, -1.5261275468397304, 1.5274955536485832, 0.8560983063956978, 2.6203296287321187, 13.44431431407664, 4.279333397545696, 1.298239434934075, 0.8076567652194685, -1.5261271065714757
4298, 42.979357578397206, 0.8230633807286796, -1.5168943480600696, 1.5536988499359043, 0.9905414495364644, 2.6203296287321187, 13.44431431407664, 4.287249126539334, 1.3800215486589256, 0.8230628590527098, -1.516894834265659
4299, 42.989359756097556, 0.8387313857094753, -1.5063167178490011, 1.5799021462232257, 1.1249845926772308, 2.6203296287321187, 13.44431431407664, 4.295934333583678, 1.462374598596853, 0.8387323630890489, -1.5063157486531455
4300, 42.99936193379791, 0.8546614236531441, -1.494394656206525, 1.606105442510547, 1.2594277358179977, 2.6203296287321187, 13.44431431407664, 4.305246894498015, 1.5451939573780922, 0.8546600471781113, -1.494393349217432
4301, 43.00936411149826, 0.8708534945596862, -1.4811281631326412, 1.6323087387978679, 1.3938708789587642, 2.6203296287321187, 13.44431431407664, 4.315030372410431, 1.628365707102674, 0.8708547920756137, -1.481128289852463
4302, 43.0193662891986, 0.8873075984291015, -1.4665172386273497, 1.6585120350851894, 1.5283140220995306, 2.6203296287321187, 13.44431431407664, 4.325112695302746, 1.7117663175158122, 0.8873076341243529, -1.4665160132116348
4303, 43.02936846689895, 0.90402373526139, -1.4505618826906506, 1.6847153313725103, 1.662757165240297, 2.6203296287321187, 13.44431431407664, 4.335304797898296, 1.7952623711109288, 0.9040234639453657, -1.4505613401139479
4304, 43.0393706445993, 0.9210019050565517, -1.4332620953225437, 1.7109186276598318, 1.7972003083810635, 2.6203296287321187, 13.44431431407664, 4.345399245513106, 1.878710348336396, 0.921001158598212, -1.433263418763939
4305, 43.049372822299645, 0.9382421078145866, -1.414617876523029, 1.737121923947153, 1.9316434515218304, 2.6203296287321187, 13.44431431407664, 4.355168859706425, 1.9619564870811228, 0.9382401227263764, -1.4146172536835986
4306, 43.059374999999996, 0.9556133270540577, -1.3953014420078116, 1.737121923947152, 1.9316434515218257, 0.0, 0.0, 3.940465245207703, 1.793183637343629, 0.9556136989491975, -1.3953015591250413
4307, 43.069377177700346, 0.9729845462935292, -1.3759850074925932, 1.737121923947152, 1.9316434515218257, 0.0, 0.0, 3.905470497035626, 1.8081021237942552, 0.9729843239107695, -1.3759847493742428
4308, 43.0793793554007, 0.9903557655330006, -1.3566685729773749, 1.737121923947152, 1.9316434515218257, 0.0, 0.0, 3.8686035052617576, 1.8218294465243827, 0.9903571017476271, -1.3566687241501738
4309, 43.08938153310104, 1.0077269847724724, -1.3373521384621567, 1.737121923947152, 1.9316434515218257, 0.0, 0.0, 3.8298613677144475, 1.8343473610989913, 1.0077259879230862, -1.3373540097857652
4310, 43.09938371080139, 1.0250982040119438, -1.3180357039469384, 1.737121923947152, 1.9316434515218257, 0.0, 0.0, 3.789243039178296, 1.8456392721479655, 1.0250991888697218, -1.318035975063192
4311, 43.10938588850174, 1.0424694232514153, -1.2987192694317202, 1.737121923947152, 1.9316434515218257, 0.0, 0.0, 3.746749348911836, 1.8556902556067976, 1.0424694902617182, -1.2987196525267353
4312, 43.119388066202085, 1.0598406424908868, -1.2794028349165019, 1.737121923947152, 1.9316434515218257, 0.0, 0.0, 3.7023830158440734, 1.8644870787000385, 1.0598400850524154, -1.279403521663398
4313, 43.129390243902435, 1.0772118617303583, -1.2600864004012835, 1.737121923947152, 1.9316434515218257, 0.0, 0.0, 3.6561486614244596, 1.8720182176406461, 1.077212071910358, -1.2600856702293761
4314, 43.139392421602786, 1.09458308096983, -1.2407699658860654, 1.737121923947152, 1.9316434515218257, 0.0, 0.0, 3.6080528201040147, 1.878273873021446, 1.0945809132718818, -1.2407705235103128
4315, 43.149394599303136, 1.1119543002093013, -1.221453531370847, 1.737121923947152, 1.9316434515218257, 0.0, 0.0, 3.558103947428409, 1.8832459828780397, 1.1119531490412393, -1.2214519304101472
4316, 43.15939677700348, 1.129325519448773, -1.2021370968556289, 1.737121923947152, 1.9316434515218257, 0.0, 0.0, 3.5063124257269886, 1.8869282334056212, 1.129325260649732, -1.2021388627539393
4317, 43.16939895470383, 1.1466967386882445, -1.1828206623404105, 1.737121923947152, 1.9316434515218257, 0.0, 0.0, 3.4526905673849253, 1.8893160673153337, 1.1466975452120665, -1.182819591631049
4318, 43.17940113240418, 1.164067957927716, -1.1635042278251921, 1.737121923947152, 1.9316434515218257, 0.0, 0.0, 3.3972526156888128, 1.8904066898189673, 1.1640685624421097, -1.1635038624745602
4319, 43.189403310104524, 1.1814391771671877, -1.144187793309974, 1.737121923947152, 1.9316434515218257, 0.0, 0.0, 3.3400147432393066, 1.8901990722340059, 1.1814400470616164, -1.1441879291833066
4320, 43.199405487804874, 1.198810396406659, -1.1248713587947556, 1.737121923947152, 1.9316434515218257, 0.0, 0.0, 3.2809950479275956, 1.8886939532042193, 1.1988097459054476, -1.1248709751009631
4321, 43.209407665505225, 1.2161816156461307, -1.1055549242795375, 1.737121923947152, 1.9316434515218257, 0.0, 0.0, 3.2202135464757093, 1.8858938375342338, 1.2161817943229631, -1.1055552481813042
4322, 43.21940984320557, 1.2335528348856022, -1.0862384897643191, 1.737121923947152, 1.9316434515218257, 0.0, 0.0, 3.157692165543942, 1.8818029926396969, 1.2335521546950883, -1.086236761144742
4323, 43.22941202090592, 1.2509240541250737, -1.0669220552491008, 1.737121923947152, 1.9316434515218257, 0.0, 0.0, 3.093454730411838, 1.876427442617894, 1.2509230418851858, -1.066920859578083
4324, 43.23941419860627, 1.2682952733645454, -1.0476056207338826, 1.737121923947152, 1.9316434515218257, 0.0, 0.0, 3.027526951242463, 1.869774959946859, 1.2682942057474627, -1.047605150258211
4325, 43.24941637630662, 1.2856664926040167, -1.0282891862186643, 1.737121923947152, 1.9316434515218257, 0.0, 0.0, 2.959936406942854, 1.8618550548242245, 1.285666097289749, -1.0282896434882778
4326, 43.25941855400696, 1.3030377118434884, -1.0089727517034461, 1.737121923947152, 1.9316434515218257, 0.0, 0.0, 2.8907125266367544, 1.8526789621602358, 1.3030384323036952, -1.0089744121706667
4327, 43.269420731707314, 1.3204089310829599, -0.9896563171882278, 1.737121923947152, 1.9316434515218257, 0.0, 0.0, 2.819886568768912, 1.8422596262425093, 1.3204069074046858, -0.9896551289061529
4328, 43.279422909407664, 1.3377801503224314, -0.9703398826730095, 1.737121923947152, 1.9316434515218257, 0.0, 0.0, 2.7474915978633456, 1.8306116830932564, 1.3377809051751945, -0.9703406305547237
4329, 43.28942508710801, 1.355151369561903, -0.9510234481577912, 1.737121923947152, 1.9316434515218257, 0.0, 0.0, 2.6735624589611517, 1.817751440542799, 1.35515221613495, -0.9510235784690628
4330, 43.29942726480836, 1.3725225888013743, -0.9317070136425729, 1.737121923947152, 1.9316434515218257, 0.0, 0.0, 2.5981357497664566, 1.8036968560462778, 1.3725221899900348, -0.9317068186060413
4331, 43.30942944250871, 1.389893808040846, -0.9123905791273547, 1.737121923947152, 1.9316434515218257, 0.0, 0.0, 2.521249790532205, 1.7884675122734996, 1.3898929575163135, -0.9123911055756886
4332, 43.31943162020906, 1.4072650272803175, -0.8930741446121364, 1.737121923947152, 1.9316434515218257, 0.0, 0.0, 2.4429445917204977, 1.7720845905048654, 1.407265412820741, -0.8930737800663414
4333, 43.3294337979094, 1.424636246519789, -0.8737577100969182, 1.737121923947152, 1.9316434515218257, 0.0, 0.0, 2.363261819475099, 1.7545708418692727, 1.4246339692012893, -0.8737565691263217
4334, 43.33943597560975, 1.4420074657592608, -0.8544412755816998, 1.737121923947152, 1.9316434515218257, 0.0, 0.0, 2.282244758946725, 1.7359505564628046, 1.4420082526740363, -0.8544413077888093
4335, 43.3494381533101, 1.459378684998732, -0.8351248410664817, 1.737121923947152, 1.9316434515218257, 0.0, 0.0, 2.1999382755145325, 1.7162495303898546, 1.459379152784758, -0.8351255136313588
4336, 43.35944033101045, 1.4767499042382037, -0.8158084065512634, 1.737121923947152, 1.9316434515218257, 0.0, 0.0, 2.1163887739500553, 1.695495030771152, 1.4767495231996917, -0.8158092630713616
4337, 43.3694425087108, 1.494121123477675, -0.796491972036045, 1.737121923947152, 1.9316434515218257, 0.0, 0.0, 2.0316441555725984, 1.673715758765884, 1.494119390199265, -0.7964924156125157
4338, 43.37944468641115, 1.5114923427171467, -0.7771755375208269, 1.737121923947152, 1.9316434515218257, 0.0, 0.0, 1.9457537734477288, 1.6509418106577738, 1.5114938829347866, -0.7771750983733241
4339, 43.3894468641115, 1.5288635619566182, -0.7578591030056085, 1.737121923947152, 1.9316434515218257, 0.0, 0.0, 1.858768385683204, 1.627204637057614, 1.528861880353804, -0.7578595967759086
4340, 43.39944904181184, 1.5462347811960897, -0.7385426684903904, 1.737121923947152, 1.9316434515218257, 0.0, 0.0, 1.7707401068791213, 1.6025370002772492, 1.546234838060319, -0.7385409417793324
4341, 43.40945121951219, 1.5636060004355614, -0.719226233975172, 1.737121923947152, 1.9316434515218257, 0.0, 0.0, 1.681722357791627, 1.5769729299325026, 1.5636047300371012, -0.7192253149325658
4342, 43.41945339721254, 1.5809772196750327, -0.6999097994599537, 1.737121923947152, 1.9316434515218257, 0.0, 0.0, 1.5917698132718658, 1.5505476768349036, 1.5809778362840203, -0.6999093147889689
4343, 43.429455574912886, 1.5983484389145044, -0.6805933649447355, 1.737121923947152, 1.9316434515218257, 0.0, 0.0, 1.5009383485441647, 1.5232976652343886, 1.5983478014764778, -0.6805944815970486
4344, 43.43945775261324, 1.615719658153976, -0.6612769304295172, 1.737121923947152, 1.9316434515218257, 0.0, 0.0, 1.4092849838897095, 1.4952604434773646, 1.6157187875224288, -0.6612767449642477
4345, 43.44945993031359, 1.6330908773934474, -0.6419604959142988, 1.737121923947152, 1.9316434515218257, 0.0, 0.0, 1.3168678278040433, 1.4664746331466643, 1.6330906886227297, -0.6419598420547016
4346, 43.45946210801393, 1.6504620966329189, -0.6226440613990807, 1.737121923947152, 1.9316434515218257, 0.0, 0.0, 1.22374601869884, 1.4369798767519597, 1.6504602903322325, -0.6226451062822141
4347, 43.46946428571428, 1.6678333158723906, -0.6033276268838623, 1.737121923947152, 1.9316434515218257, 0.0, 0.0, 1.1299796652202914, 1.4068167840411596, 1.6678330731672175, -0.6033278874501571
4348, 43.47946646341463, 1.685204535111862, -0.5840111923686442, 1.737121923947152, 1.9316434515218257, 0.0, 0.0, 1.035629785258373, 1.376026877005176, 1.6852057643759248, -0.5840111869101695
4349, 43.48946864111498, 1.7025757543513336, -0.5646947578534258, 1.737121923947152, 1.9316434515218257, 0.0, 0.0, 0.9407582437229409, 1.3446525336501913, 1.7025734379440913, -0.5646941790903928
4350, 43.499470818815325, 1.719946973590805, -0.5453783233382075, 1.737121923947152, 1.9316434515218257, 0.0, 0.0, 0.8454276891643528, 1.3127369306132421, 1.719947037245855, -0.5453778025059102
4351, 43.509472996515676, 1.7373181928302766, -0.5260618888229893, 1.737121923947152, 1.9316434515218257, 0.0, 0.0, 0.7497014893177988, 1.2803239846984678, 1.7373159929375759, -0.526060817667051
4352, 43.519475174216026, 1.7546894120697483, -0.506745454307771, 1.737121923947152, 1.9316434515218257, 0.0, 0.0, 0.6536436656520173, 1.2474582934128453, 1.7546889572344875, -0.5067444774066687
4353, 43.52947735191637, 1.7720606313092198, -0.4874290197925528, 1.737121923947152, 1.9316434515218257, 0.0, 0.0, 0.5573188270044198, 1.2141850745815759, 1.7720612137454395, -0.4874288477394978
4354, 43.53947952961672, 1.7894318505486912, -0.46811258527733446, 1.737121923947152, 1.9316434515218257, 0.0, 0.0, 0.4607921023858502, 1.1805501051245169, 1.7894316842433693, -0.46811203301152965
4355, 43.54948170731707, 1.8068030697881627, -0.4487961507621161, 1.737121923947152, 1.9316434515218257, 0.0, 0.0, 0.36412907303939146, 1.1465996590762046, 1.8068038431857198, -0.44879596217144585
4356, 43.55948388501742, 1.8241742890276342, -0.42947971624689796, 1.737121923947152, 1.9316434515218257, 0.0, 0.0, 0.2673957038385949, 1.1123804449330144, 1.8241729543533494, -0.4294806799951138
4357, 43.569486062717765, 1.841545508267106, -0.4101632817316796, 1.737121923947152, 1.9316434515218257, 0.0, 0.0, 0.17065827411143897, 1.077939542411918, 1.84154697614841, -0.41016153500005503
4358, 43.579488240418115, 1.8589167275065774, -0.39084684721646146, 1.737121923947152, 1.9316434515218257, 0.0, 0.0, 0.07398330797712149, 1.0433243387060989, 1.8589180195999466, -0.3908470919462624
4359, 43.589490418118466, 1.876287946746049, -0.3715304127012431, 1.737121923947152, 1.9316434515218257, 0.0, 0.0, -0.022562495716580755, 1.008582464323347, 1.876287621660146, -0.3715309665522464
4360, 43.59949259581881, 1.8936591659855204, -0.35221397818602473, 1.737121923947152, 1.9316434515218257, 0.0, 0.0, -0.1189123337670227, 0.9737617285937387, 1.8936590815566003, -0.35221538374392214
4361, 43.60949477351916, 1.911030385224992, -0.3328975436708066, 1.737121923947152, 1.9316434515218257, 0.0, 0.0, -0.21499936921274088, 0.9389100549335364, 1.9110312462952157, -0.3328974233633979
4362, 43.61949695121951, 1.9284016044644636, -0.31358110915558823, 1.737121923947152, 1.9316434515218257, 0.0, 0.0, -0.3107568020627379, 0.9040754159525788, 1.928400977812133, -0.3135806286819001
4363, 43.62949912891986, 1.9457085756926187, -0.29418423499696605, 1.6900296026358057, 1.9096541887863563, -8.133504035941895, -6.0066454151725885, -1.468819822369248, 0.5480126568357738, 1.9457094351390383, -0.2941845537150966
4364, 43.639501306620204, 1.9622021965171799, -0.27538802537986107, 1.6086945622763864, 1.8495877346346308, -8.133504035941895, -6.0066454151725885, -1.6063379647065479, 0.48519495131807117, 1.9622022171595892, -0.27538639992445246
4365, 43.649503484320554, 1.9778824669381465, -0.2571924803042734, 1.5273595219169676, 1.7895212804829046, -8.133504035941895, -6.0066454151725885, -1.738461587514785, 0.42368528994638904, 1.9778831440930575, -0.2571929180516822
4366, 43.659505662020905, 1.992749386955519, -0.2395975997702029, 1.4460244815575485, 1.7294548263311789, -8.133504035941895, -6.0066454151725885, -1.8652699800864834, 0.36351873132691315, 1.9927489784933343, -0.23959766491834533
4367, 43.66950783972125, 2.0068029565692975, -0.22260338377764977, 1.3646894411981294, 1.669388372179453, -8.133504035941895, -6.0066454151725885, -1.9868508539831982, 0.3047216364972851, 2.006802664220147, -0.222602019157219
4368, 43.6795100174216, 2.020043175779482, -0.20620983232661383, 1.2833544008387106, 1.6093219180277267, -8.133504035941895, -6.0066454151725885, -2.1032986638872755, 0.2473125908962679, 2.020043406336266, -0.20620953420917734
4369, 43.68951219512195, 2.0324700445860717, -0.1904169454170952, 1.2020193604792913, 1.549255463876001, -8.133504035941895, -6.0066454151725885, -2.2147130158616006, 0.1913032971850157, 2.0324700931105406, -0.1904167785978444
4370, 43.69951437282229, 2.0440835629890675, -0.1752247230490938, 1.1206843201198724, 1.4891890097242748, -8.133504035941895, -6.0066454151725885, -2.321197165799178, 0.13669943405580132, 2.0440831193812654, -0.17522376781716884
4371, 43.70951655052264, 2.054883730988469, -0.16063316522260968, 1.039349279760453, 1.429122555572549, -8.133504035941895, -6.0066454151725885, -2.4228566097623103, 0.08350147716913614, 2.0548845895561327, -0.16063297138723967
4372, 43.719518728222994, 2.0648705485842767, -0.14664227193764282, 0.9580142394010343, 1.3690561014208231, -8.133504035941895, -6.0066454151725885, -2.5197977669665645, 0.03170547925813505, 2.064869914592452, -0.14664240721980903
4373, 43.729520905923344, 2.07404401577649, -0.1332520431941932, 0.8766791990416152, 1.308989647269097, -8.133504035941895, -6.0066454151725885, -2.612126755352882, -0.01869619276794221, 2.0740439994807134, -0.1332513511571746
4374, 43.73952308362369, 2.082404132565109, -0.12046247899226087, 0.7953441586821961, 1.2489231931173712, -8.133504035941895, -6.0066454151725885, -2.699948259006065, -0.06771416519739382, 2.082402684928461, -0.12046164764020703
4375, 43.74952526132404, 2.089950898950134, -0.10827357933184573, 0.7140091183227772, 1.1888567389656453, -8.133504035941895, -6.0066454151725885, -2.7833644861127933, -0.11536141024884405, 2.089951041028334, -0.10827275271296985
4376, 43.75952743902439, 2.0966843149315646, -0.09668534421294792, 0.6326740779633582, 1.1287902848139195, -8.133504035941895, -6.0066454151725885, -2.862474215699922, -0.16165264454231354, 2.096684884860943, -0.0966861651725439
4377, 43.76952961672473, 2.1026043805094012, -0.08569777363556735, 0.551339037603939, 1.0687238306621933, -8.133504035941895, -6.0066454151725885, -2.937371931046323, -0.20660377327170587, 2.102603494254005, -0.08569689700259876
4378, 43.77953179442508, 2.1077110956836433, -0.07531086759970404, 0.47000399724452036, 1.0086573765104674, -8.133504035941895, -6.0066454151725885, -3.008147037411096, -0.250231379706255, 2.107709537722482, -0.0753090985160907
4379, 43.78953397212543, 2.1120044604542914, -0.06552462610535797, 0.38866895688510117, 0.9485909223587414, -8.133504035941895, -6.0066454151725885, -3.0748831615594296, -0.29255225938739804, 2.1120048825120787, -0.06552433731609318
4380, 43.799536149825784, 2.1154844748213453, -0.056339049152529186, 0.3073339165256821, 0.8885244682070155, -8.133504035941895, -6.0066454151725885, -3.137657530486731, -0.33358299819472204, 2.1154839387202515, -0.05634074380322637
4381, 43.80953832752613, 2.118151138784805, -0.047754136741217645, 0.22599887616626302, 0.8284580140552895, -8.133504035941895, -6.0066454151725885, -3.196540426734031, -0.3733395933239494, 2.1181511568765647, -0.0477552910249338
4382, 43.81954050522648, 2.120004452344671, -0.03976988887142337, 0.14466383580684394, 0.7683915599035638, -8.133504035941895, -6.0066454151725885, -3.251594717745194, -0.41183711614524754, 2.1200040877838795, -0.039772719392555424
4383, 43.82954268292683, 2.121044415500942, -0.03238630554314635, 0.06332879544742509, 0.7083251057518377, -8.133504035941895, -6.0066454151725885, -3.3028754568317495, -0.44908941588551404, 2.1210444405544298, -0.0323841298714267
4384, 43.83954486062717, 2.121271028253619, -0.025603386756386598, -0.018006244911993985, 0.6482586516001119, -8.133504035941895, -6.0066454151725885, -3.3504295534768245, -0.48510886309790635, 2.121271127316999, -0.025603180007703417
4385, 43.84954703832752, 2.120684290602702, -0.01942113251114412, -0.09934128527141317, 0.5881921974483859, -8.133504035941895, -6.0066454151725885, -3.394295510918765, -0.5199061319401506, 2.12068366581986, -0.01942154093724593
4386, 43.85954921602787, 2.119284202548191, -0.013839542807418878, -0.18067632563083202, 0.5281257432966598, -8.133504035941895, -6.0066454151725885, -3.4345032292008413, -0.5534900203746613, 2.1192828571690288, -0.013838513985298478
4387, 43.86955139372822, 2.1170707640900854, -0.008858617645210898, -0.2620113659902511, 0.468059289144934, -8.133504035941895, -6.0066454151725885, -3.4710738721493737, -0.5858673075230363, 2.1170704936663975, -0.00885740610758569
4388, 43.879553571428566, 2.1140439752283857, -0.00447835702452018, -0.34334640634967006, 0.4079928349932081, -8.133504035941895, -6.0066454151725885, -3.504019797042662, -0.6170426475500411, 2.114044908877174, -0.004480069055885005
4389, 43.88955574912892, 2.110203835963092, -0.000698760945346738, -0.42468144670908914, 0.3479263808414822, -8.133504035941895, -6.0066454151725885, -3.5333445460509387, -0.6470184996128918, 2.110205035021464, -0.0006987572676720378
4390, 43.89955792682927, 2.105550346294204, 0.0024801705923094552, -0.5060164870685082, 0.28785992668975624, -8.133504035941895, -6.0066454151725885, -3.559042898857628, -0.6757950935858039, 2.1055492822884703, 0.002478021287482929
4391, 43.90956010452961, 2.100083506221722, 0.0050584375884484, -0.5873515274279272, 0.22779347253803028, -8.133504035941895, -6.0066454151725885, -3.5811009862085346, -0.703370431452752, 2.1000821477411655, 0.005058703069558869
4392, 43.91956228222996, 2.0938033157456455, 0.007036040043070055, -0.6686865677873464, 0.16772701838630433, -8.133504035941895, -6.0066454151725885, -3.5994964644726952, -0.7297403244486771, 2.093803195931685, 0.0070361091057341615
4393, 43.92956445993031, 2.086709774865975, 0.008412977956174489, -0.7500216081467652, 0.10766056423457843, -8.133504035941895, -6.0066454151725885, -3.6141987516308824, -0.7548984662164674, 2.0867107147797057, 0.008412706975501127
4394, 43.939566637630655, 2.07880288358271, 0.009189251327761633, -0.8313566485061841, 0.04759411008285236, -8.133504035941895, -6.0066454151725885, -3.6251693254294635, -0.7788365424294122, 2.078802661557223, 0.009189692373718918
4395, 43.949568815331006, 2.0700826418958513, 0.009364860157831528, -0.9126916888656034, -0.012472344068873487, -8.133504035941895, -6.0066454151725885, -3.6323620847429887, -0.8015443775019415, 2.070082306394527, 0.009364642821816364
4396, 43.959570993031356, 2.060549049805398, 0.008939804446384175, -0.9940267292250222, -0.0725387982205995, -8.133504035941895, -6.0066454151725885, -3.6357237754725635, -0.8230101191706707, 2.0605496974748454, 0.008938801195924155
4397, 43.96957317073171, 2.0502021073113506, 0.007914084193419546, -1.0753617695844413, -0.13260525237232537, -8.133504035941895, -6.0066454151725885, -3.6351944825629836, -0.8432204618682966, 2.050203946460494, 0.007913944492856852
4398, 43.97957534843205, 2.039041814413709, 0.0062876993989376545, -1.1566968099438604, -0.19267170652405127, -8.133504035941895, -6.0066454151725885, -3.6307081899435283, -0.8621609099298451, 2.0390431487378957, 0.006287753996806165
4399, 43.9895775261324, 2.0270681711124734, 0.0040606500629385145, -1.2380318503032794, -0.2527381606757773, -8.133504035941895, -6.0066454151725885, -3.6221934103791527, -0.8798160817590341, 2.027068025201851, 0.00406176214400597
4400, 43.99957970383275, 2.0142811774076437, 0.0012329361854221121, -1.3193668906626985, -0.3128046148275032, -8.133504035941895, -6.0066454151725885, -3.609573887353669, -0.8961700561368151, 2.0142811434609595, 0.001232027411159031
4401, 44.009581881533094, 2.0006808332992194, -0.0021954422336115526, -1.4007019310221174, -0.37287106897922917, -8.133504035941895, -6.0066454151725885, -3.5927693711879938, -0.9112067618689792, 2.0006804288070996, -0.0021961509850146168
4402, 44.019584059233445, 1.9862671387872013, -0.00622448519416248, -1.4820369713815367, -0.4329375231309551, -8.133504035941895, -6.0066454151725885, -3.5716964716172117, -0.9249104119393525, 1.9862676426677817, -0.006224461976245699
4403, 44.029586236933795, 1.9714467690733863, -0.010553860425471878, -1.4820369713815338, -0.4329375231309531, 0.0, 0.0, -2.4511397836231854, -0.5896045579537147, 1.9714461735174202, -0.010553538238601081
4404, 44.039588414634146, 1.9566263993595712, -0.014883235656781402, -1.4820369713815338, -0.4329375231309531, 0.0, 0.0, -2.3866349273607295, -0.5723706092476883, 1.9566267386476464, -0.01488282308637601
4405, 44.04959059233449, 1.9418060296457558, -0.01921261088809094, -1.4820369713815338, -0.4329375231309531, 0.0, 0.0, -2.3217162974901884, -0.5550063782781901, 1.9418052781784245, -0.01921147779526651
4406, 44.05959277003484, 1.9269856599319404, -0.023541986119400476, -1.4820369713815338, -0.4329375231309531, 0.0, 0.0, -2.2564007087039037, -0.537518298701484, 1.9269865185200497, -0.02354363658609406
4407, 44.06959494773519, 1.912165290218125, -0.027871361350710014, -1.4820369713815338, -0.4329375231309531, 0.0, 0.0, -2.190705081095258, -0.5199128495838031, 1.9121650673757729, -0.027871672528135445
4408, 44.079597125435534, 1.8973449205043096, -0.03220073658201955, -1.4820369713815338, -0.4329375231309531, 0.0, 0.0, -2.124646435489487, -0.5021965530242256, 1.8973449541518668, -0.03220059701251594
4409, 44.089599303135884, 1.8825245507904942, -0.036530111813329075, -1.4820369713815338, -0.4329375231309531, 0.0, 0.0, -2.05824188874604, -0.4843759717617717, 1.8825231129393736, -0.03652900342687283
4410, 44.099601480836235, 1.867704181076679, -0.04085948704463861, -1.4820369713815338, -0.4329375231309531, 0.0, 0.0, -1.9915086490338665, -0.46645770676759757, 1.8677031693528063, -0.04085806369669221
4411, 44.109603658536585, 1.8528838113628636, -0.04518886227594815, -1.4820369713815338, -0.4329375231309531, 0.0, 0.0, -1.924464011081026, -0.44844839482316845, 1.8528834023987808, -0.04519056208766727
4412, 44.11960583623693, 1.8380634416490482, -0.04951823750725767, -1.4820369713815338, -0.4329375231309531, 0.0, 0.0, -1.857125351400026, -0.4303547060853029, 1.838063485113865, -0.049519086974970365
4413, 44.12960801393728, 1.8232430719352328, -0.053847612738567224, -1.4820369713815338, -0.4329375231309531, 0.0, 0.0, -1.7895101234902804, -0.41218334163897585, 1.823244743378301, -0.05384850071012622
4414, 44.13961019163763, 1.8084227022214177, -0.05817698796987675, -1.4820369713815338, -0.4329375231309531, 0.0, 0.0, -1.7216358530191138, -0.39394103103878186, 1.8084241692758372, -0.05817837051931194
4415, 44.14961236933797, 1.7936023325076023, -0.0625063632011863, -1.4820369713815338, -0.4329375231309531, 0.0, 0.0, -1.653520132982726, -0.375634529839958, 1.7936029104708444, -0.06250754085745157
4416, 44.15961454703832, 1.7787819627937869, -0.06683573843249582, -1.4820369713815338, -0.4329375231309531, 0.0, 0.0, -1.5851806188485518, -0.35727061711987396, 1.7787822233451902, -0.0668345940545485
4417, 44.169616724738674, 1.7639615930799715, -0.07116511366380535, -1.4820369713815338, -0.4329375231309531, 0.0, 0.0, -1.5166350236804305, -0.3388560929908952, 1.763960992853076, -0.07116597183273744
4418, 44.179618902439024, 1.749141223366156, -0.0754944888951149, -1.4820369713815338, -0.4329375231309531, 0.0, 0.0, -1.4479011132480384, -0.32039777610553377, 1.7491412949585108, -0.07549606278493969
4419, 44.18962108013937, 1.7343208536523407, -0.07982386412642442, -1.4820369713815338, -0.4329375231309531, 0.0, 0.0, -1.3789967011220163, -0.301902501154801, 1.7343190989265065, -0.07982259977369852
4420, 44.19962325783972, 1.7195004839385253, -0.08415323935773397, -1.4820369713815338, -0.4329375231309531, 0.0, 0.0, -1.3099396437562378, -0.28337711636067797, 1.7195013935741426, -0.08415374798722901
4421, 44.20962543554007, 1.70468011422471, -0.0884826145890435, -1.4820369713815338, -0.4329375231309531, 0.0, 0.0, -1.2407478355586732, -0.2648284809636266, 1.7046813096072677, -0.08848298440938726
4422, 44.21962761324041, 1.6898597445108947, -0.09281198982035302, -1.4820369713815338, -0.4329375231309531, 0.0, 0.0, -1.1714392039522898, -0.24626346270605814, 1.6898585690691639, -0.09281293534748479
4423, 44.22962979094076, 1.6750393747970795, -0.09714136505166257, -1.4820369713815338, -0.4329375231309531, 0.0, 0.0, -1.1020317044274615, -0.2276889353126874, 1.6750388126756866, -0.09713954506504277
4424, 44.23963196864111, 1.6602190050832641, -0.1014707402829721, -1.4820369713815338, -0.4329375231309531, 0.0, 0.0, -1.032543315587319, -0.20911177596869057, 1.6602200880821147, -0.10147094314775308
4425, 44.24963414634146, 1.6453986353694487, -0.10580011551428165, -1.4820369713815338, -0.4329375231309531, 0.0, 0.0, -0.9629920341875307, -0.1905388627965973, 1.6453985993305307, -0.10580028174721706
4426, 44.25963632404181, 1.6305782656556334, -0.11012949074559117, -1.4820369713815338, -0.4329375231309531, 0.0, 0.0, -0.8933958701719458, -0.17197707233283804, 1.6305781213310286, -0.11012887993787489
4427, 44.26963850174216, 1.615757895941818, -0.11445886597690069, -1.4820369713815338, -0.4329375231309531, 0.0, 0.0, -0.8237728417055815, -0.1534332770048738, 1.6157581959331007, -0.11445843465672592
4428, 44.27964067944251, 1.6009375262280026, -0.11878824120821024, -1.4820369713815338, -0.4329375231309531, 0.0, 0.0, -0.7541409702064055, -0.13491434260983337, 1.600936977485152, -0.1187890460273929
4429, 44.28964285714285, 1.5861171565141872, -0.12311761643951977, -1.4820369713815338, -0.4329375231309531, 0.0, 0.0, -0.6845182753773805, -0.11642712579558291, 1.586117789485527, -0.12311758654790647
4430, 44.2996450348432, 1.5712967868003718, -0.12744699167082932, -1.4820369713815338, -0.4329375231309531, 0.0, 0.0, -0.6149227702402307, -0.09797847154515017, 1.5712976852318161, -0.1274472060713331
4431, 44.30964721254355, 1.5564764170865566, -0.13177636690213884, -1.4820369713815338, -0.4329375231309531, 0.0, 0.0, -0.5453724561723912, -0.07957521066542803, 1.5564766998207784, -0.13177766526297746
4432, 44.319649390243896, 1.5416560473727414, -0.13610574213344834, -1.4820369713815338, -0.4329375231309531, 0.0, 0.0, -0.4758853179485979, -0.06122415728107611, 1.5416552616756534, -0.1361082489462591
4433, 44.329651567944246, 1.526835677658926, -0.1404351173647579, -1.4820369713815338, -0.4329375231309531, 0.0, 0.0, -0.4064793187885801, -0.04293210633454078, 1.5268355250695336, -0.1404354756215176
4434, 44.3396537456446, 1.5120153079451106, -0.1447644925960674, -1.4820369713815338, -0.4329375231309531, 0.0, 0.0, -0.33717239541230964, -0.024705831093111058, 1.5120155295784992, -0.144765823012386
4435, 44.34965592334495, 1.4971949382312952, -0.14909386782737696, -1.4820369713815338, -0.4329375231309531, 0.0, 0.0, -0.26798245310425284, -0.006552080663921739, 1.4971977349477175, -0.14909224492760834
4436, 44.35965810104529, 1.4823745685174798, -0.1534232430586865, -1.4820369713815338, -0.4329375231309531, 0.0, 0.0, -0.19892736078808393, 0.011522422482181854, 1.4823727904005244, -0.15342540463641238
4437, 44.36966027874564, 1.4675541988036644, -0.157752618289996, -1.4820369713815338, -0.4329375231309531, 0.0, 0.0, -0.13002494611330118, 0.02951098497701138, 1.4675552245862553, -0.15775231079563914
4438, 44.37966245644599, 1.452733829089849, -0.16208199352130556, -1.4820369713815338, -0.4329375231309531, 0.0, 0.0, -0.061292990555187776, 0.04740694501072998, 1.4527345969161083, -0.16208411302074358
4439, 44.389664634146335, 1.4379134593760339, -0.16641136875261509, -1.4820369713815338, -0.4329375231309531, 0.0, 0.0, 0.0072507754704431715, 0.06520367477597308, 1.4379146496991968, -0.1664106764983169
4440, 44.399666811846686, 1.4230930896622185, -0.17074074398392464, -1.4820369713815338, -0.4329375231309531, 0.0, 0.0, 0.07558867747629261, 0.08289458289950105, 1.423094028404502, -0.17074038483147783
4441, 44.409668989547036, 1.4082727199484033, -0.1750701192152342, -1.4820369713815338, -0.4329375231309531, 0.0, 0.0, 0.14370310175496803, 0.1004731168604879, 1.4082725066098103, -0.17506810959730779
4442, 44.41967116724739, 1.393452350234588, -0.17939949444654368, -1.4820369713815338, -0.4329375231309531, 0.0, 0.0, 0.2115765002113259, 0.11793276539456513, 1.393451507522775, -0.1794010478851071
4443, 44.42967334494773, 1.3786319805207725, -0.18372886967785323, -1.4820369713815338, -0.4329375231309531, 0.0, 0.0, 0.27919139517432257, 0.1352670608827329, 1.3786317397328212, -0.18372954835364297
4444, 44.43967552264808, 1.3638116108069571, -0.1880582449091628, -1.4820369713815338, -0.4329375231309531, 0.0, 0.0, 0.3465303841869878, 0.15246958172426742, 1.3638120416365176, -0.18805933262209718
4445, 44.44967770034843, 1.3489912410931417, -0.19238762014047228, -1.4820369713815338, -0.4329375231309531, 0.0, 0.0, 0.41357614477310567, 0.1695339546927511, 1.3489925144184125, -0.19238896041292347
4446, 44.459679878048775, 1.3341708713793263, -0.19671699537178183, -1.4820369713815338, -0.4329375231309531, 0.0, 0.0, 0.4803114391792189, 0.18645385727436434, 1.334171845049817, -0.1967168791420898
4447, 44.469682055749125, 1.319350501665511, -0.20104637060309138, -1.4820369713815338, -0.4329375231309531, 0.0, 0.0, 0.5467191190905611, 0.20322301998757794, 1.3193510368390597, -0.20104624576889663
4448, 44.479684233449476, 1.3045301319516955, -0.20537574583440088, -1.4820369713815338, -0.4329375231309531, 0.0, 0.0, 0.6127821303195515, 0.21983522868339914, 1.304530055078083, -0.20537719785583838
4449, 44.48968641114982, 1.2897097622378804, -0.20970512106571043, -1.4820369713815338, -0.4329375231309531, 0.0, 0.0, 0.6784835174654735, 0.23628432682532532, 1.2897100346755372, -0.20970507985923983
4450, 44.49968858885017, 1.2749635102004977, -0.21372804730172354, -1.4601978084581653, -0.3695982958111364, 2.8854790560215626, 6.538865558035082, 1.2589173247733119, 0.44425833030400963, 1.274962686546641, -0.21372867200832457
4451, 44.50969076655052, 1.260505806068717, -0.21709708698193317, -1.4313430178979498, -0.30420964023078545, 2.8854790560215626, 6.538865558035082, 1.3346629606839406, 0.4923041905703549, 1.2605055651832269, -0.21709632690164696
4452, 44.51969294425087, 1.2463366498425386, -0.21981224010633926, -1.4024882273377342, -0.23882098465043466, 2.8854790560215626, 6.538865558035082, 1.408365285144864, 0.5394399096304165, 1.2463382482184564, -0.21981109757501335
4453, 44.529695121951214, 1.2324560415219623, -0.22187350667494188, -1.3736334367775187, -0.17343232907008374, 2.8854790560215626, 6.538865558035082, 1.480060899962524, 0.585682145163584, 1.2324571781137725, -0.22187303448637608
4454, 44.539697299651564, 1.2188639811069881, -0.22328088668774093, -1.3447786462173028, -0.10804367348973293, 2.8854790560215626, 6.538865558035082, 1.5497856809103951, 0.6310475910947309, 1.2188632463134672, -0.22328286044796783
4455, 44.549699477351915, 1.2055604685976162, -0.2240343801447365, -1.3159238556570874, -0.04265501790938203, 2.8854790560215626, 6.538865558035082, 1.617574527679754, 0.6755527798076175, 1.205561207588742, -0.22403691449769736
4456, 44.55970165505226, 1.1925455039938464, -0.22413398704592857, -1.2870690650968715, 0.022733637670968865, 2.8854790560215626, 6.538865558035082, 1.6834611288191934, 0.7192138989024279, 1.1925441754395907, -0.22413395395289687
4457, 44.56970383275261, 1.1798190872956789, -0.22357970739131716, -1.258214274536656, 0.0881222932513197, 2.8854790560215626, 6.538865558035082, 1.7474777410863327, 0.7620466221228025, 1.1798193169407318, -0.22358013954289022
4458, 44.57970601045296, 1.1673812185031134, -0.2223715411809022, -1.2293594839764401, 0.1535109488316706, 2.8854790560215626, 6.538865558035082, 1.8096549826500898, 0.8040659540533663, 1.1673804988153813, -0.22237473750695536
4459, 44.58970818815331, 1.15523189761615, -0.2205094884146837, -1.2005046934162247, 0.2188996044120215, 2.8854790560215626, 6.538865558035082, 1.87002163960683, 0.8452860881744686, 1.1552315317259225, -0.22050968993193212
4460, 44.59971036585365, 1.1433711246347888, -0.21799354909266175, -1.171649902856009, 0.28428825999237234, 2.8854790560215626, 6.538865558035082, 1.9286044853080875, 0.8857202778557722, 1.143371846759626, -0.21799417833812146
4461, 44.609712543554004, 1.1317988995590298, -0.21482372321483628, -1.1427951122957933, 0.3496769155727232, 2.8854790560215626, 6.538865558035082, 1.9854281120403803, 0.9253807198735964, 1.1317977685001512, -0.21482414332989772
4462, 44.619714721254354, 1.1205152223888728, -0.21100001078120728, -1.1139403217355777, 0.415065571153074, 2.8854790560215626, 6.538865558035082, 2.0405147746483285, 0.9642784500477388, 1.1205162593660996, -0.2110020778309156
4463, 44.6297168989547, 1.1095200931243183, -0.20652241179177477, -1.085085531175362, 0.48045422673342497, 2.8854790560215626, 6.538865558035082, 2.093884245750009, 1.0024232506110697, 1.1095195781049483, -0.20652290861454795
4464, 44.63971907665505, 1.0988135117653657, -0.20139092624653876, -1.0562307406151463, 0.5458428823137758, 2.8854790560215626, 6.538865558035082, 2.1455536822576438, 1.0398235689487876, 1.0988141302485401, -0.20139161386869384
4465, 44.6497212543554, 1.0883954783120153, -0.19560555414549927, -1.0273759500549309, 0.6112315378941267, 2.8854790560215626, 6.538865558035082, 2.1955375029865567, 1.0764864473730962, 1.0883960783528237, -0.19560440308755092
4466, 44.65972343205575, 1.078265992764267, -0.18916629548865624, -0.9985211594947152, 0.6766201934744775, 2.8854790560215626, 6.538865558035082, 2.2438472772103712, 1.1124174636325566, 1.078266872439699, -0.1891648081166479
4467, 44.66972560975609, 1.0684250551221208, -0.18207315027600968, -0.9696663689344995, 0.7420088490548284, 2.8854790560215626, 6.538865558035082, 2.290491624099829, 1.1476206818927943, 1.0684243038278143, -0.1820733971719388
4468, 44.67972778745644, 1.058872665385577, -0.17432611850755966, -0.9408115783742839, 0.8073975046351795, 2.8854790560215626, 6.538865558035082, 2.3354761230660275, 1.1820986139660077, 1.0588720896925141, -0.17432618136100342
4469, 44.68972996515679, 1.0496088235546353, -0.1659252001833061, -0.9119567878140682, 0.8727861602155302, 2.8854790560215626, 6.538865558035082, 2.378803235115499, 1.2158521906101663, 1.0496079566702425, -0.16592453026908283
4470, 44.69973214285714, 1.0406335296292957, -0.15687039530324903, -0.8831019972538525, 0.9381748157958811, 2.8854790560215626, 6.538865558035082, 2.4204722354139063, 1.2488807427643955, 1.040633450119912, -0.15687159112840846
4471, 44.70973432055749, 1.0319467836095582, -0.14716170386738844, -0.8542472066936369, 1.0035634713762318, 2.8854790560215626, 6.538865558035082, 2.460479157346601, 1.2811819926341665, 1.0319460571400216, -0.14716217434337406
4472, 44.71973649825784, 1.023548585495423, -0.13679912587572435, -0.8253924161334212, 1.068952126956583, 2.8854790560215626, 6.538865558035082, 2.4988167484572514, 1.3127520545880582, 1.0235496431526812, -0.13679799691271186
4473, 44.72973867595818, 1.0154389352868898, -0.12578266132825675, -0.7965376255732055, 1.1343407825369336, 2.8854790560215626, 6.538865558035082, 2.535474438739602, 1.3435854458764478, 1.0154377828604595, -0.1257837034635756
4474, 44.73974085365853, 1.0076178329839587, -0.11411231022498566, -0.7676828350129898, 1.1997294381172845, 2.8854790560215626, 6.538865558035082, 2.570438321851429, 1.3736751072309787, 1.007619030187935, -0.1141120377463801
4475, 44.74974303135888, 1.0000852785866299, -0.10178807256591105, -0.7388280444527743, 1.2651180936976354, 2.8854790560215626, 6.538865558035082, 2.603691149913425, 1.4030124334515164, 1.000085360730137, -0.10178770296958119
4476, 44.75974520905923, 0.9928412720949032, -0.08880994835103292, -0.7099732538925587, 1.3305067492779865, 2.8854790560215626, 6.538865558035082, 2.63521234264811, 1.4315873141339925, 0.9928420866803204, -0.0888105363449883
4477, 44.769747386759576, 0.9858858135087787, -0.07517793758035132, -0.681118463332343, 1.3958954048583372, 2.8854790560215626, 6.538865558035082, 2.6649780117043553, 1.459388184737481, 0.9858867220990045, -0.07517841767748701
4478, 44.77974956445993, 0.9792189028282564, -0.060892040253866186, -0.6522636727721273, 1.461284060438688, 2.8854790560215626, 6.538865558035082, 2.692961001100784, 1.4864020882314994, 0.9792178755392028, -0.06089006937367423
4479, 44.78975174216028, 0.9728405400533362, -0.045952256371577516, -0.6234088822119117, 1.526672716019039, 2.8854790560215626, 6.538865558035082, 2.719130944805367, 1.5126147476042995, 0.9728404717378838, -0.04595325010570439
4480, 44.79975391986062, 0.9667507251840182, -0.030358585933485338, -0.594554091651696, 1.5920613715993899, 2.8854790560215626, 6.538865558035082, 2.7434543425479196, 1.538010649549197, 0.9667508900789175, -0.030358922579185176
4481, 44.80975609756097, 0.9609494582203022, -0.01411102893958971, -0.5656993010914804, 1.6574500271797405, 2.8854790560215626, 6.538865558035082, 2.7658946550360612, 1.5625731396781712, 0.960949671436131, -0.014110836168438693
4482, 44.81975827526132, 0.9554367391621885, 0.0027904146101094818, -0.5368445105312647, 1.7228386827600917, 2.8854790560215626, 6.538865558035082, 2.7864124198122178, 1.5862845296393882, 0.9554361540708796, 0.002790402769092794
4483, 44.82976045296167, 0.9502125680096769, 0.020345744715612124, -0.5079897199710491, 1.7882273383404423, 2.8854790560215626, 6.538865558035082, 2.804965389048506, 1.6091262165372986, 0.9502132035167928, 0.02034557372038414
4484, 44.839762630662015, 0.9452769447627675, 0.038554961376918384, -0.47913492941083347, 1.8536159939207932, 2.8854790560215626, 6.538865558035082, 2.821508690626262, 1.6310788150698259, 0.9452775926507851, 0.0385550728928201
4485, 44.849764808362366, 0.9406298694214602, 0.05741806459402815, -0.4502801388506178, 1.9190046495011441, 2.8854790560215626, 6.538865558035082, 2.8359950138865946, 1.652122302806137, 0.9406293497867854, 0.057417859789473225
4486, 44.859766986062716, 0.9362713419857551, 0.07693505436694131, -0.4214253482904021, 1.984393305081495, 2.8854790560215626, 6.538865558035082, 2.8483748214658102, 1.6722361790298441, 0.9362713683648647, 0.07693403527687571
4487, 44.86976916376306, 0.9322013624556522, 0.09710593069565793, -0.39257055773018656, 2.0497819606618464, 2.8854790560215626, 6.538865558035082, 2.85859658864375, 1.6913996375654046, 0.9322000073323178, 0.0971062101471723
4488, 44.87977134146341, 0.9284199308311514, 0.11793069358017821, -0.36371576716997084, 2.115170616242197, 2.8854790560215626, 6.538865558035082, 2.8666070716320484, 1.709591753989148, 0.9284197579968025, 0.11793080020351905
4489, 44.88977351916376, 0.9249270471122528, 0.13940934302050195, -0.3348609766097552, 2.1805592718225477, 2.8854790560215626, 6.538865558035082, 2.8723516062116223, 1.7267916875999207, 0.9249291241564672, 0.13940966278090058
4490, 44.89977569686411, 0.9215784373461553, 0.1612149357387267, -0.33486097660975617, 2.1805592718225455, 0.0, 0.0, 2.355131873367361, 1.5501252519674198, 0.9215784648274228, 0.16121624157922385
4491, 44.909777874564455, 0.9182298275800578, 0.18302052845695221, -0.33486097660975617, 2.1805592718225455, 0.0, 0.0, 2.346799946532507, 1.5341196088344748, 0.9182300294730378, 0.18302100869267013
4492, 44.919780052264805, 0.9148812178139603, 0.20482612117517768, -0.33486097660975617, 2.1805592718225455, 0.0, 0.0, 2.338299311439759, 1.5179627163450475, 0.9148811097344078, 0.20482481518268156
4493, 44.929782229965156, 0.9115326080478626, 0.22663171389340314, -0.33486097660975617, 2.1805592718225455, 0.0, 0.0, 2.32963605640196, 1.5016600718844353, 0.9115330304532716, 0.22663250929540407
4494, 44.9397844076655, 0.9081839982817651, 0.2484373066116286, -0.33486097660975617, 2.1805592718225455, 0.0, 0.0, 2.3208163165419045, 1.485217222517663, 0.908184698178916, 0.24843766990869606
4495, 44.94978658536585, 0.9048353885156675, 0.27024289932985407, -0.33486097660975617, 2.1805592718225455, 0.0, 0.0, 2.3118462715788657, 1.4686397631029346, 0.9048357132308785, 0.2702446764377387
4496, 44.9597887630662, 0.90148677874957, 0.29204849204807953, -0.33486097660975617, 2.1805592718225455, 0.0, 0.0, 2.3027321436004713, 1.4519333343887884, 0.9014860188228606, 0.2920490396861807
4497, 44.96979094076654, 0.8981381689834724, 0.313854084766305, -0.33486097660975617, 2.1805592718225455, 0.0, 0.0, 2.2934801948207224, 1.4351036210956016, 0.8981364959633983, 0.31385522486633716
4498, 44.979793118466894, 0.8947895592173748, 0.33565967748453046, -0.33486097660975617, 2.1805592718225455, 0.0, 0.0, 2.2840967253249693, 1.4181563499820993, 0.8947886926033447, 0.3356609767505972
4499, 44.989795296167244, 0.8914409494512773, 0.35746527020275604, -0.33486097660975617, 2.1805592718225455, 0.0, 0.0, 2.274588070802658, 1.401097287897523, 0.8914414825850085, 0.3574658346276572
4500, 44.999797473867595, 0.8880923396851796, 0.3792708629209815, -0.33486097660975617, 2.1805592718225455, 0.0, 0.0, 2.2649606002686484, 1.3839322398201208, 0.8880930155599177, 0.3792711769437582
4501, 45.00979965156794, 0.8847437299190821, 0.40107645563920696, -0.33486097660975617, 2.1805592718225455, 0.0, 0.0, 2.255220713773934, 1.366667046882626, 0.8847430491038046, 0.4010774597017896
4502, 45.01980182926829, 0.8813951201529846, 0.4228820483574324, -0.33486097660975617, 2.1805592718225455, 0.0, 0.0, 2.245374840106586, 1.3493075843853972, 0.8813963512167946, 0.4228819213995361
4503, 45.02980400696864, 0.878046510386887, 0.4446876410756579, -0.33486097660975617, 2.1805592718225455, 0.0, 0.0, 2.235429434483731, 1.3318597597978923, 0.8780467262017173, 0.44468560485211966
4504, 45.03980618466898, 0.8746979006207894, 0.46649323379388336, -0.33486097660975617, 2.1805592718225455, 0.0, 0.0, 2.2253909762354067, 1.3143295107491577, 0.8746982733731705, 0.46649272852139806
4505, 45.04980836236933, 0.8713492908546918, 0.4882988265121088, -0.33486097660975617, 2.1805592718225455, 0.0, 0.0, 2.215265966481121, 1.2967228030080173, 0.8713474035237903, 0.4883005762904125
4506, 45.059810540069684, 0.8680006810885943, 0.5101044192303343, -0.33486097660975617, 2.1805592718225455, 0.0, 0.0, 2.205060925799931, 1.2790456284536433, 0.868002630164403, 0.5101044262121276
4507, 45.069812717770034, 0.8646520713224968, 0.5319100119485598, -0.33486097660975617, 2.1805592718225455, 0.0, 0.0, 2.194782391894902, 1.2613040030372051, 0.8646505120047713, 0.5319089077662575
4508, 45.07981489547038, 0.8613034615563991, 0.5537156046667853, -0.33486097660975617, 2.1805592718225455, 0.0, 0.0, 2.1844369172527545, 1.2435039647352824, 0.8613039923896357, 0.5537142762533609
4509, 45.08981707317073, 0.8579548517903016, 0.5755211973850107, -0.33486097660975617, 2.1805592718225455, 0.0, 0.0, 2.174031066799556, 1.225651571495745, 0.8579551778849418, 0.5755203021588833
4510, 45.09981925087108, 0.854606242024204, 0.5973267901032362, -0.33486097660975617, 2.1805592718225455, 0.0, 0.0, 2.1635714155532813, 1.2077528991767927, 0.8546053867223411, 0.5973274985358105
4511, 45.10982142857142, 0.8512576322581065, 0.6191323828214617, -0.33486097660975617, 2.1805592718225455, 0.0, 0.0, 2.153064546274084, 1.1898140394798602, 0.8512582736294855, 0.6191322441798836
4512, 45.11982360627177, 0.847909022492009, 0.6409379755396871, -0.33486097660975617, 2.1805592718225455, 0.0, 0.0, 2.1425170471131203, 1.171841097877085, 0.847908684089866, 0.6409384710795034
4513, 45.12982578397212, 0.8445604127259113, 0.6627435682579126, -0.33486097660975617, 2.1805592718225455, 0.0, 0.0, 2.1319355092607526, 1.1538401915340484, 0.8445586351481562, 0.6627448179574462
4514, 45.139827961672474, 0.8412118029598138, 0.684549160976138, -0.33486097660975617, 2.1805592718225455, 0.0, 0.0, 2.121326524594982, 1.1358174472284917, 0.8412125814136249, 0.6845469755703804
4515, 45.14983013937282, 0.8378631931937162, 0.7063547536943637, -0.33486097660975617, 2.1805592718225455, 0.0, 0.0, 2.1106966833309406, 1.1177789992657183, 0.837864219287941, 0.7063544171361142
4516, 45.15983231707317, 0.8345145834276186, 0.7281603464125892, -0.33486097660975617, 2.1805592718225455, 0.0, 0.0, 2.100052571672277, 1.0997309873913892, 0.8345142977622613, 0.7281587157025399
4517, 45.16983449477352, 0.8311659736615211, 0.7499659391308147, -0.33486097660975617, 2.1805592718225455, 0.0, 0.0, 2.089400769465278, 1.0816795547024216, 0.8311672328407603, 0.7499650508077521
4518, 45.17983667247386, 0.8278173638954235, 0.7717715318490401, -0.33486097660975617, 2.1805592718225455, 0.0, 0.0, 2.078747847856548, 1.0636308455567016, 0.8278167097770379, 0.7717703710492028
4519, 45.18983885017421, 0.824468754129326, 0.7935771245672654, -0.33486097660975617, 2.1805592718225455, 0.0, 0.0, 2.0681003669550884, 1.045591003482322, 0.8244688621218684, 0.7935783885353007
4520, 45.19984102787456, 0.8211201443632284, 0.8153827172854908, -0.33486097660975617, 2.1805592718225455, 0.0, 0.0, 2.0574648734996015, 1.0275661690870563, 0.8211203572703868, 0.8153849152687225
4521, 45.20984320557491, 0.8177715345971308, 0.8371883100037163, -0.33486097660975617, 2.1805592718225455, 0.0, 0.0, 2.046847898531843, 1.0095624779687808, 0.8177706450661126, 0.8371881278529096
4522, 45.219845383275256, 0.8144229248310333, 0.8589939027219418, -0.33486097660975617, 2.1805592718225455, 0.0, 0.0, 2.0362559550768506, 0.9915860586275518, 0.814421993553116, 0.8589935380446919
4523, 45.22984756097561, 0.8110743150649358, 0.8807994954401672, -0.33486097660975617, 2.1805592718225455, 0.0, 0.0, 2.0256955358308724, 0.9736430303800543, 0.8110748061642021, 0.8808015581816856
4524, 45.23984973867596, 0.8077257052988381, 0.9026050881583927, -0.33486097660975617, 2.1805592718225455, 0.0, 0.0, 2.0151731108577997, 0.9557395012771254, 0.8077244693797081, 0.9026058084729264
4525, 45.2498519163763, 0.8043770955327406, 0.9244106808766182, -0.33486097660975617, 2.1805592718225455, 0.0, 0.0, 2.004695125294939, 0.9378815660250657, 0.8043773878733799, 0.9244116987041825
4526, 45.25985409407665, 0.801028485766643, 0.9462162735948438, -0.33486097660975617, 2.1805592718225455, 0.0, 0.0, 1.9942679970689146, 0.9200753039114425, 0.801030350331469, 0.9462157388124759
4527, 45.269856271777, 0.7976798760005455, 0.9680218663130693, -0.33486097660975617, 2.1805592718225455, 0.0, 0.0, 1.9838981146225148, 0.9023267767360932, 0.7976787154226379, 0.9680228764294482
4528, 45.279858449477345, 0.7943312662344479, 0.9898274590312948, -0.33486097660975617, 2.1805592718225455, 0.0, 0.0, 1.9735918346532888, 0.884642026748029, 0.7943317214011134, 0.9898256058619597
4529, 45.289860627177696, 0.7909826564683503, 1.0116330517495202, -0.33486097660975617, 2.1805592718225455, 0.0, 0.0, 1.9633554798646815, 0.8670270745889459, 0.7909843244190166, 1.0116338964345644
4530, 45.299862804878046, 0.7876340467022528, 1.0334386444677457, -0.33486097660975617, 2.1805592718225455, 0.0, 0.0, 1.953195336730497, 0.849487917244037, 0.7876321672564242, 1.0334395314779314
4531, 45.3098649825784, 0.7842854369361552, 1.0552442371859712, -0.33486097660975617, 2.1805592718225455, 0.0, 0.0, 1.9431176532734973, 0.8320305260008106, 0.7842852278654786, 1.0552442577005199
4532, 45.31986716027874, 0.7809368271700576, 1.0770498299041966, -0.33486097660975617, 2.1805592718225455, 0.0, 0.0, 1.933128636858881, 0.8146608444165979, 0.7809371333183703, 1.0770490693133847
4533, 45.32986933797909, 0.7775882174039601, 1.098855422622422, -0.33486097660975617, 2.1805592718225455, 0.0, 0.0, 1.923234452003457, 0.7973847862954555, 0.7775866988146017, 1.0988553073491167
4534, 45.33987151567944, 0.7742396076378625, 1.1206610153406475, -0.33486097660975617, 2.1805592718225455, 0.0, 0.0, 1.9134412182012472, 0.7802082336751381, 0.774237687605334, 1.1206599537086193
4535, 45.349873693379784, 0.770890997871765, 1.142466608058873, -0.33486097660975617, 2.1805592718225455, 0.0, 0.0, 1.9037550077663037, 0.7631370348248352, 0.770890987553612, 1.1424673439029749
4536, 45.359875871080135, 0.7675423881056673, 1.1642722007770985, -0.33486097660975617, 2.1805592718225455, 0.0, 0.0, 1.8941818436934847, 0.746177002254349, 0.7675428256638022, 1.1642707744090617
4537, 45.369878048780485, 0.7641937783395698, 1.186077793495324, -0.33486097660975617, 2.1805592718225455, 0.0, 0.0, 1.8847276975379443, 0.7293339107353936, 0.7641933616907608, 1.1860775109824708
4538, 45.379880226480836, 0.7608451685734723, 1.2078833862135494, -0.33486097660975617, 2.1805592718225455, 0.0, 0.0, 1.875398487314065, 0.7126134953356864, 0.7608447331445894, 1.207881851736743
4539, 45.38988240418118, 0.7574965588073747, 1.2296889789317749, -0.33486097660975617, 2.1805592718225455, 0.0, 0.0, 1.866200075414589, 0.6960214494665009, 0.7574960862319091, 1.229689110195808
4540, 45.39988458188153, 0.7541479490412771, 1.2514945716500003, -0.33486097660975617, 2.1805592718225455, 0.0, 0.0, 1.857138266550648, 0.6795634229443497, 0.7541476792584885, 1.2514954392913498
4541, 45.40988675958188, 0.7507993392751795, 1.2733001643682258, -0.33486097660975617, 2.1805592718225455, 0.0, 0.0, 1.848218805713428, 0.66324502006745, 0.7507990464329887, 1.2732983560161322
4542, 45.419888937282224, 0.747450729509082, 1.2951057570864513, -0.33486097660975617, 2.1805592718225455, 0.0, 0.0, 1.8394473761581789, 0.6470717977076341, 0.7474501113261377, 1.2951046563713886
4543, 45.429891114982574, 0.7441021197429845, 1.3169113498046767, -0.33486097660975617, 2.1805592718225455, 0.0, 0.0, 1.8308295974112527, 0.6310492634183498, 0.7441017587179851, 1.3169099410382727
4544, 45.439893292682925, 0.7407535099768869, 1.3387169425229022, -0.33486097660975617, 2.1805592718225455, 0.0, 0.0, 1.8223710233008865, 0.6151828735593934, 0.7407538954583752, 1.3387173838965578
4545, 45.449895470383275, 0.7374049002107893, 1.3605225352411277, -0.33486097660975617, 2.1805592718225455, 0.0, 0.0, 1.8140771400123932, 0.5994780314390198, 0.7374037085552799, 1.3605224671636504
4546, 45.45989764808362, 0.7340562904446917, 1.3823281279593531, -0.33486097660975617, 2.1805592718225455, 0.0, 0.0, 1.8059533641684473, 0.5839400854740565, 0.7340557184683049, 1.3823273427189573
4547, 45.46989982578397, 0.7307076806785942, 1.4041337206775788, -0.33486097660975617, 2.1805592718225455, 0.0, 0.0, 1.798005040935127, 0.5685743273686491, 0.7307069126762785, 1.4041335234373011
4548, 45.47990200348432, 0.7273590709124966, 1.4259393133958043, -0.33486097660975617, 2.1805592718225455, 0.0, 0.0, 1.790237442154366, 0.5533859903122617, 0.7273575627961283, 1.4259390414747475
4549, 45.48990418118466, 0.7240104611463991, 1.4477449061140297, -0.33486097660975617, 2.1805592718225455, 0.0, 0.0, 1.7826557645034595, 0.5383802471975406, 0.7240113284871555, 1.4477449038123558
4550, 45.49990635888501, 0.7206618513803015, 1.4695504988322552, -0.33486097660975617, 2.1805592718225455, 0.0, 0.0, 1.7752651276822646, 0.5235622088586519, 0.7206631889240391, 1.4695506191782506
4551, 45.509908536585364, 0.7173132416142038, 1.4913560915504807, -0.33486097660975617, 2.1805592718225455, 0.0, 0.0, 1.7680705726287134, 0.508936922330692, 0.7173148112598743, 1.49135556379697
4552, 45.51991071428571, 0.7139646318481063, 1.5131616842687061, -0.33486097660975617, 2.1805592718225455, 0.0, 0.0, 1.7610770597632563, 0.49450936913076315, 0.7139641829418437, 1.5131642561367338
4553, 45.52991289198606, 0.7106160220820088, 1.5349672769869316, -0.33486097660975617, 2.1805592718225455, 0.0, 0.0, 1.7542894672628406, 0.4802844635612996, 0.7106150739011763, 1.5349667051584925
4554, 45.53991506968641, 0.7072884076574939, 1.5566361515147709, -0.3285492722938822, 2.1394584976854003, 0.8424340315227749, -5.485791019706154, 1.748392199444309, 0.3948818038111025, 0.7072885944316516, 1.556635599461625
4555, 45.54991724738676, 0.7040450366361312, 1.5777564469406395, -0.3201249319786545, 2.0846005874883384, 0.8424340315227749, -5.485791019706154, 1.7512548592105108, 0.35361184887124, 0.7040446036872705, 1.577757054679796
4556, 45.5599194250871, 0.7008859090179207, 1.5983281632645376, -0.31170059166342673, 2.029742677291277, 0.8424340315227749, -5.485791019706154, 1.7543473146316166, 0.3128970537581013, 0.7008851791391105, 1.5983267246490895
4557, 45.56992160278745, 0.6978110248028626, 1.6183513004864651, -0.3032762513481989, 1.9748847670942153, 0.8424340315227749, -5.485791019706154, 1.7576534049286747, 0.27272598015033556, 0.6978108522251802, 1.6183508403158542
4558, 45.5799237804878, 0.6948203839909568, 1.637825858606422, -0.29485191103297115, 1.920026856897154, 0.8424340315227749, -5.485791019706154, 1.7611574469841047, 0.23308690818256395, 0.694821397041107, 1.6378242857537806
4559, 45.58992595818815, 0.6919139865822032, 1.6567518376244084, -0.28642757071774344, 1.8651689467000923, 0.8424340315227749, -5.485791019706154, 1.7648442440142262, 0.1939678928716566, 0.6919130270353806, 1.6567515894073648
4560, 45.5999281358885, 0.6890918325766019, 1.6751292375404239, -0.2780032304025157, 1.8103110365030306, 0.8424340315227749, -5.485791019706154, 1.768699091949094, 0.1553568180413496, 0.6890912897027084, 1.6751308215012024
4561, 45.60993031358885, 0.6863539219741529, 1.692958058354469, -0.2695788900872879, 1.7554531263059692, 0.8424340315227749, -5.485791019706154, 1.7727077837541987, 0.11724144777113488, 0.686353032624822, 1.6929578083299344
4562, 45.6199324912892, 0.6837002547748561, 1.7102383000665433, -0.26115454977206015, 1.7005952161089073, 0.8424340315227749, -5.485791019706154, 1.7768566119144626, 0.07960947540297159, 0.6837006364599073, 1.7102396513462652
4563, 45.62993466898954, 0.6811308309787116, 1.726969962676647, -0.2527302094568324, 1.6457373059118459, 0.8424340315227749, -5.485791019706154, 1.7811323692870902, 0.04244857014612158, 0.6811303073189051, 1.7269695876260496
4564, 45.63993684668989, 0.6786456505857195, 1.7431530461847804, -0.24430586914160465, 1.5908793957147842, 0.8424340315227749, -5.485791019706154, 1.7855223485163616, 0.0057464213263740405, 0.6786460201928227, 1.7431529225632474
4565, 45.64993902439024, 0.6762447135958796, 1.758787550590943, -0.2358815288263769, 1.5360214855177228, 0.8424340315227749, -5.485791019706154, 1.7900143401903235, -0.030509219668891085, 0.6762448697385258, 1.758787487825127
4566, 45.659941202090586, 0.6739280200091919, 1.7738734758951349, -0.22745718851114916, 1.4811635753206611, 0.8424340315227749, -5.485791019706154, 1.7945966299067067, -0.06633049969390548, 0.673928127423143, 1.7738736668004265
4567, 45.669943379790936, 0.6716955698256566, 1.788410822097356, -0.2190328481959214, 1.4263056651235995, 0.8424340315227749, -5.485791019706154, 1.799257994403237, -0.1017294263363191, 0.6716957183840222, 1.7884095735251433
4568, 45.67994555749129, 0.6695473630452735, 1.8023995891976068, -0.2106085078806936, 1.371447754926538, 0.8424340315227749, -5.485791019706154, 1.8039876968958597, -0.13671783253486258, 0.6695474817432631, 1.8023970727955134
4569, 45.68994773519164, 0.6674833996680427, 1.8158397771958867, -0.20218416756546587, 1.3165898447294762, 0.8424340315227749, -5.485791019706154, 1.8087754817572859, -0.17130734325764752, 0.6674838867874673, 1.815840660520007
4570, 45.69994991289198, 0.6655036796939642, 1.8287313860921963, -0.1937598272502381, 1.2617319345324147, 0.8424340315227749, -5.485791019706154, 1.8136115686576797, -0.20550934417400013, 0.665505125120369, 1.8287311710958944
4571, 45.70995209059233, 0.6636082031230379, 1.841074415886535, -0.18533548693501034, 1.206874024335353, 0.8424340315227749, -5.485791019706154, 1.8184866462793339, -0.23933495225139867, 0.6636102038211517, 1.841073326653974
4572, 45.71995426829268, 0.6617969699552639, 1.8528688665789035, -0.1769111466197826, 1.1520161141382916, 0.8424340315227749, -5.485791019706154, 1.8233918657076857, -0.27279498820827974, 0.6617944238653614, 1.8528675825224745
4573, 45.729956445993025, 0.6600699801906422, 1.864114738169301, -0.16848680630455484, 1.09715820394123, 0.8424340315227749, -5.485791019706154, 1.8283188335921472, -0.30589995075314946, 0.6600703113673285, 1.8641133043882165
4574, 45.739958623693376, 0.6584272338291729, 1.874812030657728, -0.1600624659893271, 1.0423002937441683, 0.8424340315227749, -5.485791019706154, 1.8332596051618446, -0.33865999254058043, 0.6584266824826327, 1.8748111672059347
4575, 45.749960801393726, 0.6568687308708557, 1.8849607440441845, -0.15163812567409932, 0.9874423835471069, 0.8424340315227749, -5.485791019706154, 1.8382066771735903, -0.3710848977752158, 0.6568680825839218, 1.8849586365581363
4576, 45.75996297909407, 0.6553944713156908, 1.8945608783286703, -0.14321378535887158, 0.9325844733500451, 0.8424340315227749, -5.485791019706154, 1.84315298086205, -0.40318406139586754, 0.6553951183445247, 1.8945605355244186
4577, 45.76996515679442, 0.6540044551636783, 1.9036124335111853, -0.13478944504364382, 0.8777265631529836, 0.8424340315227749, -5.485791019706154, 1.8480918749553643, -0.4349664697730983, 0.6540038348217864, 1.903612608072243
4578, 45.77996733449477, 0.652698682414818, 1.9121154095917299, -0.12636510472841606, 0.822868652955922, 0.8424340315227749, -5.485791019706154, 1.8530171388131358, -0.4664406828553302, 0.6526991243879762, 1.9121149393887196
4579, 45.78996951219512, 0.65147715306911, 1.9200698065703037, -0.1179407644131883, 0.7680107427588604, 0.8424340315227749, -5.485791019706154, 1.8579229657378893, -0.4976148177004897, 0.6514775424029017, 1.9200728752830285
4580, 45.799971689895465, 0.6503398671265542, 1.9274756244469071, -0.10951642409796056, 0.7131528325617988, 0.8424340315227749, -5.485791019706154, 1.8628039565057688, -0.5284965333324408, 0.6503388783942972, 1.9274753630413115
4581, 45.809973867595815, 0.6492868245871508, 1.9343328632215397, -0.1010920837827328, 0.6582949223647373, 0.8424340315227749, -5.485791019706154, 1.8676551131572565, -0.5590930168639676, 0.6492870186622777, 1.9343343818017384
4582, 45.819976045296166, 0.6483180254508996, 1.9406415228942018, -0.09266774346750503, 0.6034370121676756, 0.8424340315227749, -5.485791019706154, 1.8724718330841972, -0.5894109708308217, 0.6483193860122788, 1.9406415691636194
4583, 45.82997822299651, 0.6474334697178007, 1.9464016034648932, -0.08424340315227728, 0.5485791019706141, 0.8424340315227749, -5.485791019706154, 1.8772499034452286, -0.6194566016843066, 0.6474342289670846, 1.9464007636655891
4584, 45.83998040069686, 0.646633157387854, 1.951613104933614, -0.07581906283704952, 0.49372119177355245, 0.8424340315227749, -5.485791019706154, 1.8819854959379365, -0.6492356093930447, 0.6466337955306011, 1.951612953090625
4585, 45.84998257839721, 0.6459170884610597, 1.9562760273003643, -0.06739472252182177, 0.4388632815764909, 0.8424340315227749, -5.485791019706154, 1.8866751619525592, -0.678753178107905, 0.6459175692260531, 1.95627488705423
4586, 45.85998475609756, 0.6452852629374176, 1.960390370565144, -0.058970382206594014, 0.3840053713794293, 0.8424340315227749, -5.485791019706154, 1.891315828128921, -0.70801396784758, 0.6452856056283747, 1.960390273085042
4587, 45.869986933797904, 0.6447376808169278, 1.963956134727953, -0.05054604189136625, 0.32914746118236765, 0.8424340315227749, -5.485791019706154, 1.895904792335352, -0.7370221071659298, 0.644737127329723, 1.9639562190569513
4588, 45.879989111498254, 0.6442743420995902, 1.9669733197887913, -0.0421217015761385, 0.2742895509853061, 0.8424340315227749, -5.485791019706154, 1.9004397200857168, -0.7657811867660032, 0.6442750365780451, 1.9669744359480474
4589, 45.889991289198605, 0.643895246785405, 1.969441925747659, -0.033697361260910746, 0.21943164078824454, 0.8424340315227749, -5.485791019706154, 1.904918641408276, -0.7942942540295003, 0.643894538987679, 1.9694404297657402
4590, 45.89999346689895, 0.643600394874372, 1.9713619526045563, -0.025273020945682987, 0.16457373059118294, 0.8424340315227749, -5.485791019706154, 1.9093399481778301, -0.8225638084344377, 0.6436001083916739, 1.9713623307211818
4591, 45.9099956445993, 0.6433897863664914, 1.9727334003594827, -0.01684868063045523, 0.10971582039412135, 0.8424340315227749, -5.485791019706154, 1.9137023919205953, -0.8505917978378209, 0.6433893929001531, 1.9727342528506164
4592, 45.91999782229965, 0.643263421261763, 1.9735562690124386, -0.008424340315227475, 0.05485791019705977, 0.8424340315227749, -5.485791019706154, 1.9180050820993086, -0.8783796156042643, 0.6432618222688019, 1.9735560429271854
4593, 45.93, 0.6432212995601868, 1.973830558563424, 2.8058689755731386e-16, -1.8271354495079066e-15, 0.8424340315227749, -5.485791019706154, 1.9222474848842988, -0.9059280985656736, 0.6432208891811032, 1.9738313702591017
