ID, Time, Theta_1, Theta_2, D_Theta_1, D_Theta_2, DD_Theta_1, DD_Theta_2, Torque_1, Torque_2, Theta_N_1, Theta_N_2
1, 0.0, 0.7857877152388129, 0.11169545363094623, -0.09668203258140333, -0.03451442767930028, -9.668203258140325, -3.451442767930025, 1.8485281795010033, 0.25739630096936955, 0.7860365481700999, 0.11209225421934522
2, 0.010002162629757786, 0.7843374847500918, 0.11117773721575672, -0.19336406516280666, -0.06902885535860057, -9.668203258140325, -3.451442767930025, 1.8051313296357658, 0.2416965919388206, 0.7843329358137169, 0.11136835510070117
3, 0.020004325259515572, 0.7819204339355567, 0.11031487652377421, -0.29004609774421003, -0.10354328303790084, -9.668203258140325, -3.451442767930025, 1.765015313349802, 0.22702877612910044, 0.782536505236534, 0.11151468936008294
4, 0.030006487889273358, 0.7785365627952076, 0.1091068715549987, -0.3867281303256133, -0.13805771071720113, -9.668203258140325, -3.451442767930025, 1.728157112327451, 0.21338314294020397, 0.7783543423192362, 0.10836156589988806
5, 0.040008650519031144, 0.7741858713290444, 0.10755372230943018, -0.4834101629070167, -0.1725721383965014, -9.668203258140325, -3.451442767930025, 1.6945242971449255, 0.20074600664386222, 0.7753394552027104, 0.10801623141575341
6, 0.05001081314878893, 0.7688683595370672, 0.10565542878706867, -0.5800921954884201, -0.20708656607580167, -9.668203258140325, -3.451442767930025, 1.6640748252152595, 0.1890996163311499, 0.7702298929093483, 0.10642148748886351
7, 0.060012975778546716, 0.762584027419276, 0.10341199098791415, -0.6767742280698233, -0.24160099375510197, -9.668203258140325, -3.451442767930025, 1.636756783492235, 0.1784220413380577, 0.7618041744265825, 0.10540936828749509
8, 0.0700151384083045, 0.7553328749756707, 0.10082340891196662, -0.7734562606512266, -0.27611542143440226, -9.668203258140325, -3.451442767930025, 1.6125080778384708, 0.168687033077228, 0.7549454681681809, 0.09831517855183664
9, 0.08001730103806229, 0.7471149022062514, 0.0978896825592261, -0.8701382932326299, -0.31062984911370256, -9.668203258140325, -3.451442767930025, 1.5912560714284036, 0.15986386443530118, 0.7457515238734695, 0.0971980412434253
10, 0.09001946366782007, 0.7379301091110181, 0.09461081192969256, -0.9668203258140334, -0.3451442767930028, -9.668203258140325, -3.451442767930025, 1.5729171750469166, 0.15191714814105847, 0.7390873685638948, 0.0956438883959581
11, 0.10002162629757785, 0.7277784956899708, 0.09098679702336604, -1.0635023583954366, -0.3796587044723031, -9.668203258140325, -3.451442767930025, 1.5573963926626448, 0.14480663577195768, 0.7275947907564452, 0.09127157702526983
12, 0.11002378892733565, 0.7166600619431094, 0.08701763784024649, -1.1601843909768401, -0.41417313215160334, -9.668203258140325, -3.451442767930025, 1.544586826204799, 0.13848699934769382, 0.7152823696718654, 0.08754187210373636
13, 0.12002595155709343, 0.7045748078704339, 0.08270333438033396, -1.2568664235582432, -0.4486875598309037, -9.668203258140325, -3.451442767930025, 1.5343691440566407, 0.13290759776068922, 0.7048263532472524, 0.0843210403443763
14, 0.13002811418685123, 0.6915227334719445, 0.07804388664362842, -1.3535484561396467, -0.48320198751020393, -9.668203258140325, -3.451442767930025, 1.5266110183996813, 0.12801223061624756, 0.690837345517442, 0.07782420617884449
15, 0.140030276816609, 0.677503838747641, 0.07303929463012987, -1.45023048872105, -0.5177164151895042, -9.668203258140325, -3.451442767930025, 1.5211665372022098, 0.12373888240038727, 0.675571250097116, 0.07429012120594485
16, 0.1500324394463668, 0.6625181236975235, 0.06768955833983832, -1.5469125213024533, -0.5522308428688045, -9.668203258140325, -3.451442767930025, 1.517875597344557, 0.12001946026151972, 0.6633152184158111, 0.06822310741982689
17, 0.16003460207612458, 0.6465655883215919, 0.061994677772753776, -1.6435945538838566, -0.5867452705481048, -9.668203258140325, -3.451442767930025, 1.5165632861119946, 0.11677952908307115, 0.6466890917510489, 0.061503255567274415
18, 0.17003676470588236, 0.6296462326198463, 0.05595465292887621, -1.7402765864652598, -0.6212596982274051, -9.668203258140325, -3.451442767930025, 1.5170392590633237, 0.11393804793714868, 0.6302512593455603, 0.05555387520798377
19, 0.18003892733564014, 0.6117600565922867, 0.04956948380820567, -1.8369586190466636, -0.6557741259067054, -9.668203258140325, -3.451442767930025, 1.519097123097393, 0.11140711244304558, 0.6123344683691467, 0.05077994998319994
20, 0.19004108996539792, 0.592907060238913, 0.0428391704107421, -1.9336406516280669, -0.6902885535860056, -9.668203258140325, -3.451442767930025, 1.5225138343878308, 0.10909170800662316, 0.5940150935424575, 0.04194065746618254
21, 0.2000432525951557, 0.5730872435597253, 0.03576371273648554, -2.03032268420947, -0.7248029812653058, -9.668203258140325, -3.451442767930025, 1.527049121734026, 0.10688947938441118, 0.5717722819313699, 0.03521825618109538
22, 0.21004541522491352, 0.5523006065547236, 0.02834311078543597, -2.127004716790873, -0.7593174089446062, -9.668203258140325, -3.451442767930025, 1.5324449467780679, 0.10469052249573213, 0.554604151003509, 0.02949245726027674
23, 0.2200475778546713, 0.5305471492239078, 0.020577364557593403, -2.2236867493722765, -0.7938318366239064, -9.668203258140325, -3.451442767930025, 1.5384250134557147, 0.10237720489235302, 0.5315810685269079, 0.021861434959589237
24, 0.23004974048442908, 0.507826871567278, 0.012466474052957824, -2.3203687819536802, -0.8283462643032067, -9.668203258140325, -3.451442767930025, 1.5446943399756765, 0.09982402178208893, 0.507658925911072, 0.011950492885601554
25, 0.24005190311418687, 0.4841397735848342, 0.004010439271529248, -2.4170508145350835, -0.8628606919825071, -9.668203258140325, -3.451442767930025, 1.5509389075446993, 0.09689749498323036, 0.4853915496666847, 0.006036534123758765
26, 0.2500540657439447, 0.4594858552765763, -0.0047907397866923385, -2.5137328471164864, -0.8973751196618074, -9.668203258140325, -3.451442767930025, 1.556825400963759, 0.09345612265222658, 0.46014801212196127, -0.005001752005162184
27, 0.26005622837370246, 0.4338651166425044, -0.013937063121706908, -2.61041487969789, -0.9318895473411076, -9.668203258140325, -3.451442767930025, 1.5620010570981697, 0.08935038806792511, 0.4341509748418256, -0.013831164910939027
28, 0.27005839100346024, 0.4072775576826184, -0.023428530733514488, -2.7070969122792934, -0.9664039750204079, -9.668203258140325, -3.451442767930025, 1.566093638055215, 0.08442283616079738, 0.40683827172116177, -0.02326017464342358
29, 0.280060553633218, 0.37972317839691844, -0.033265142622115065, -2.8037789448606967, -1.0009184026997082, -9.668203258140325, -3.451442767930025, 1.568711546667759, 0.07850822683235614, 0.380245502697365, -0.033581062620989956
30, 0.2900627162629758, 0.35120197878540443, -0.043446898787508695, -2.9004609774421, -1.0354328303790084, -9.668203258140325, -3.451442767930025, 1.5694441025602959, 0.0714337744045056, 0.3506945812283103, -0.04368814707183169
31, 0.3000648788927336, 0.3217139588480764, -0.05397379922969529, -2.9971430100235033, -1.0699472580583087, -9.668203258140325, -3.451442767930025, 1.5678619976415926, 0.063019482755448, 0.31938751366181595, -0.05321867159854156
32, 0.31006704152249137, 0.2912591185849343, -0.06484584394867489, -3.0938250426049065, -1.104461685737609, -9.668203258140325, -3.451442767930025, 1.5635179502997654, 0.05307858582123837, 0.2907389659982728, -0.06504425964234552
33, 0.32006920415224915, 0.25983745799597824, -0.07606303294444748, -3.19050707518631, -1.1389761134169092, -9.668203258140325, -3.451442767930025, 1.5559475778437086, 0.04141810315207639, 0.25889027520318053, -0.07702952678111889
34, 0.33007136678200694, 0.22744897708120815, -0.08762536621701307, -3.287189107767713, -1.1734905410962095, -9.668203258140325, -3.451442767930025, 1.5446705068092845, 0.02783952009064239, 0.22717431017274792, -0.08782026327873162
35, 0.3400735294117647, 0.19409367584062387, -0.09953284376637168, -3.3838711403491164, -1.20800496877551, -9.668203258140325, -3.451442767930025, 1.529191740597971, 0.012139601865911454, 0.19593624470356594, -0.0985484079458707
36, 0.3500756920415225, 0.15977155427422562, -0.11178546559252332, -3.4805531729305197, -1.2425193964548102, -9.668203258140325, -3.451442767930025, 1.5090033035064259, -0.005888649551270664, 0.1591641745223953, -0.11224956955791025
37, 0.3600778546712803, 0.12448261238201352, -0.1243832316954679, -3.577235205511924, -1.2770338241341106, -9.668203258140325, -3.451442767930025, 1.483586179502867, -0.026454887626755186, 0.12569725594085923, -0.12408220858437946
38, 0.37008001730103807, 0.08822685016398712, -0.1373261420752055, -3.673917238093327, -1.3115482518134107, -9.668203258140325, -3.451442767930025, 1.4524125630749543, -0.049770155130899774, 0.08686711210471477, -0.135869894812373
39, 0.38008217993079585, 0.05100426762014687, -0.1506141967317361, -3.7705992706747304, -1.346062679492711, -9.668203258140325, -3.451442767930025, 1.4149484380776332, -0.07604545344881875, 0.04944474771677604, -0.15089335724703662
40, 0.39008434256055363, 0.012814864750492427, -0.16424739566505975, -3.8672813032561337, -1.3805771071720112, -9.668203258140325, -3.451442767930025, 1.3706564987126046, -0.10549014244445387, 0.013150567149855854, -0.1649343335137282
41, 0.4000865051903114, -0.025857948282067555, -0.1780531667367794, -3.86728130325613, -1.38057710717201, 0.0, 0.0, 2.4994856877510285, 0.2164300532045963, -0.02563704616160204, -0.17565586159073338
42, 0.41008866782006925, -0.06453076131462887, -0.1918589378084995, -3.86728130325613, -1.38057710717201, 0.0, 0.0, 2.4851777169352216, 0.2006401285782876, -0.06303599261266611, -0.1915070681536816
43, 0.42009083044982704, -0.1032035743471903, -0.20566470888021965, -3.86728130325613, -1.38057710717201, 0.0, 0.0, 2.463131952856644, 0.18225097517034672, -0.10237830587079318, -0.20569679546607203
44, 0.4300929930795848, -0.1418763873797516, -0.21947047995193975, -3.86728130325613, -1.38057710717201, 0.0, 0.0, 2.4334038477028725, 0.161302850476435, -0.14130069826078107, -0.22062868954047557
45, 0.4400951557093426, -0.18054920041231293, -0.23327625102365984, -3.86728130325613, -1.38057710717201, 0.0, 0.0, 2.3960635628071163, 0.13784308762381436, -0.17988048249237787, -0.23206332882868808
46, 0.4500973183391004, -0.21922201344487435, -0.24708202209538, -3.86728130325613, -1.38057710717201, 0.0, 0.0, 2.35119580430847, 0.11192596701742541, -0.21986037509204276, -0.2460660934987736
47, 0.46009948096885817, -0.25789482647743567, -0.2608877931671001, -3.86728130325613, -1.38057710717201, 0.0, 0.0, 2.2988996283220304, 0.08361256885148038, -0.256725731404351, -0.2629583055490224
48, 0.47010164359861595, -0.296567639509997, -0.2746935642388202, -3.86728130325613, -1.38057710717201, 0.0, 0.0, 2.2392882160957033, 0.05297060689227984, -0.2960366177408391, -0.27399236722022685
49, 0.48010380622837373, -0.3352404525425583, -0.28849933531054034, -3.86728130325613, -1.38057710717201, 0.0, 0.0, 2.1724886196990596, 0.020074243989546714, -0.335735336008995, -0.28927300730122973
50, 0.4901059688581315, -0.3739132655751196, -0.30230510638226044, -3.86728130325613, -1.38057710717201, 0.0, 0.0, 2.0986414788565364, -0.014996110176137667, -0.37523034367448604, -0.3029818555415013
51, 0.5001081314878894, -0.41258607860768093, -0.31611087745398053, -3.86728130325613, -1.38057710717201, 0.0, 0.0, 2.0179007096028716, -0.0521540185532855, -0.4127450614651752, -0.3163834108549265
52, 0.5101102941176471, -0.45125889164024224, -0.32991664852570063, -3.86728130325613, -1.38057710717201, 0.0, 0.0, 1.930433165502403, -0.09130725278295815, -0.45117413974452075, -0.32970967773319493
53, 0.5201124567474049, -0.48993170467280356, -0.3437224195974208, -3.86728130325613, -1.38057710717201, 0.0, 0.0, 1.8364182722357707, -0.13235804521612315, -0.4915542630762273, -0.3440891679423939
54, 0.5301146193771626, -0.5286045177053649, -0.3575281906691409, -3.86728130325613, -1.38057710717201, 0.0, 0.0, 1.7360476364174728, -0.17520335619138383, -0.5276283009695197, -0.3581599444138782
55, 0.5401167820069205, -0.5672773307379262, -0.371333961740861, -3.86728130325613, -1.38057710717201, 0.0, 0.0, 1.6295246295654702, -0.21973515583752778, -0.5670696296246761, -0.37248383671613094
56, 0.5501189446366782, -0.6059501437704877, -0.3851397328125811, -3.86728130325613, -1.38057710717201, 0.0, 0.0, 1.517063948199416, -0.26584071962535555, -0.6075070550937968, -0.3858364953521608
57, 0.560121107266436, -0.644622956803049, -0.39894550388430117, -3.86728130325613, -1.38057710717201, 0.0, 0.0, 1.398891151097146, -0.3134029368553801, -0.6439895242655004, -0.400516093856326
58, 0.5701232698961938, -0.6832957698356104, -0.4127512749560214, -3.86728130325613, -1.38057710717201, 0.0, 0.0, 1.275242174789441, -0.3623006312323849, -0.6842570727517994, -0.41237763736209004
59, 0.5801254325259516, -0.7219685828681717, -0.42655704602774147, -3.86728130325613, -1.38057710717201, 0.0, 0.0, 1.1463628284208387, -0.4124088926445278, -0.7226696596843513, -0.4263594647081405
60, 0.5901275951557093, -0.760641395900733, -0.44036281709946157, -3.86728130325613, -1.38057710717201, 0.0, 0.0, 1.012508269149251, -0.4635994192338423, -0.7602756321842519, -0.43995464476602525
61, 0.6001297577854672, -0.7993142089332943, -0.45416858817118166, -3.86728130325613, -1.38057710717201, 0.0, 0.0, 0.8739424592991367, -0.5157408688166405, -0.79857492772309, -0.45350928351155606
62, 0.6101319204152249, -0.8379870219658556, -0.46797435924290176, -3.86728130325613, -1.38057710717201, 0.0, 0.0, 0.7309376065220687, -0.5686992186865776, -0.8366927860000863, -0.4688809925033261
63, 0.6201340830449827, -0.8766598349984169, -0.48178013031462186, -3.86728130325613, -1.38057710717201, 0.0, 0.0, 0.5837735882544959, -0.6223381328100573, -0.8773137569473745, -0.48113862798063034
64, 0.6301362456747405, -0.9153326480309782, -0.49558590138634206, -3.86728130325613, -1.38057710717201, 0.0, 0.0, 0.4327373617952299, -0.6765193354033006, -0.9138811863944597, -0.4959446912999896
65, 0.6401384083044983, -0.9540054610635396, -0.5093916724580622, -3.86728130325613, -1.38057710717201, 0.0, 0.0, 0.2781223613547892, -0.7311029898628227, -0.9549822867618344, -0.5100600704141695
66, 0.6501405709342561, -0.9926782740961009, -0.5231974435297823, -3.86728130325613, -1.38057710717201, 0.0, 0.0, 0.120227883454888, -0.7859480820063306, -0.9929030829450831, -0.52274174185292
67, 0.6601427335640139, -1.0313510871286624, -0.5370032146015024, -3.86728130325613, -1.38057710717201, 0.0, 0.0, -0.0406415379207552, -0.8409128065691704, -1.030076148728814, -0.5362716413257637
68, 0.6701448961937717, -1.0700239001612237, -0.5508089856732225, -3.86728130325613, -1.38057710717201, 0.0, 0.0, -0.20417676500371518, -0.8958549558924975, -1.0715690557988942, -0.549593768440764
69, 0.6801470588235294, -1.108696713193785, -0.5646147567449425, -3.86728130325613, -1.38057710717201, 0.0, 0.0, -0.370064697309733, -0.9506323097333009, -1.1083385855761676, -0.5643222039401669
70, 0.6901492214532873, -1.1473695262263461, -0.5784205278166626, -3.86728130325613, -1.38057710717201, 0.0, 0.0, -0.5379889186501454, -1.0051030251233208, -1.1458591858097649, -0.5779662027001866
71, 0.700151384083045, -1.1860423392589075, -0.5922262988883827, -3.86728130325613, -1.38057710717201, 0.0, 0.0, -0.7076303486279432, -1.0591260252037666, -1.183049293763555, -0.5918840926407268
72, 0.7101535467128028, -1.224715152291469, -0.6060320699601028, -3.86728130325613, -1.38057710717201, 0.0, 0.0, -0.8786678971550566, -1.1125613859655494, -1.2250796630666105, -0.6055006144569198
73, 0.7201557093425606, -1.2633879653240303, -0.6198378410318229, -3.86728130325613, -1.38057710717201, 0.0, 0.0, -1.0507791205256451, -1.1652707198305186, -1.2640383129702295, -0.6208063841431406
74, 0.7301578719723184, -1.3020607783565916, -0.633643612103543, -3.86728130325613, -1.38057710717201, 0.0, 0.0, -1.2236408775817795, -1.2171175550178812, -1.302888059404689, -0.6336992784586555
75, 0.7401600346020761, -1.340733591389153, -0.6474493831752632, -3.86728130325613, -1.38057710717201, 0.0, 0.0, -1.3969299845130592, -1.2679677096515851, -1.3410289159496787, -0.6483669046123609
76, 0.750162197231834, -1.3794064044217142, -0.6612551542469833, -3.86728130325613, -1.38057710717201, 0.0, 0.0, -1.5703238668403934, -1.3176896595789203, -1.3772570631991314, -0.6602775213976393
77, 0.7601643598615917, -1.4167534699302569, -0.6745827580253708, -3.66567277168245, -1.3076270806455335, 13.806755834360082, 5.026659438643136, -0.16268380803397076, -0.8862443277738162, -1.414382961713776, -0.6758728447435413
78, 0.7701665224913495, -1.4527198598553634, -0.687407695859894, -3.5276052133388487, -1.2573604862591021, 13.806755834360082, 5.026659438643136, -0.27049278545504896, -0.8943003809831747, -1.4496022308801892, -0.6879522625313584
79, 0.7801686851211073, -1.4873055741970338, -0.6997299677505529, -3.389537654995248, -1.2070938918726706, 13.806755834360082, 5.026659438643136, -0.3712218629706219, -0.8995228286345349, -1.4868437896345341, -0.6997162471937398
80, 0.7901708477508651, -1.5205106129552683, -0.7115495736973474, -3.251470096651647, -1.156827297486239, 13.806755834360082, 5.026659438643136, -0.4646866141784358, -0.9020201994767292, -1.520096326457872, -0.711016197307708
81, 0.8001730103806228, -1.5523349761300669, -0.7228665137002777, -3.113402538308046, -1.1065607030998077, 13.806755834360082, 5.026659438643136, -0.550755150885718, -0.9019138825710835, -1.5520724625449132, -0.7212222088982672
82, 0.8101751730103807, -1.5827786637214292, -0.7336807877593436, -2.9753349799644453, -1.0562941087133764, 13.806755834360082, 5.026659438643136, -0.6293423047827391, -0.8993354642820874, -1.5826380069327342, -0.7347439761324456
83, 0.8201773356401385, -1.6118416757293559, -0.7439923958745452, -2.837267421620844, -1.006027514326945, 13.806755834360082, 5.026659438643136, -0.700404022550747, -0.8944242438966581, -1.6117444361905198, -0.7430894081512466
84, 0.8301794982698962, -1.6395240121538461, -0.7538013380458826, -2.699199863277243, -0.9557609199405136, 13.806755834360082, 5.026659438643136, -0.7639320059053915, -0.887324934665985, -1.6400627675366082, -0.7543244689078747
85, 0.8401816608996541, -1.6658256729949006, -0.7631076142733555, -2.5611323049336425, -0.9054943255540822, 13.806755834360082, 5.026659438643136, -0.8199486202992561, -0.8781855529473792, -1.665434640819911, -0.7628105226828664
86, 0.8501838235294118, -1.690746658252519, -0.7719112245569641, -2.4230647465900415, -0.8552277311676507, 13.806755834360082, 5.026659438643136, -0.8685020891368199, -0.8671554946201911, -1.689989800320756, -0.7734780723933433
87, 0.8601859861591696, -1.7142869679267014, -0.7802121688967085, -2.2849971882464404, -0.8049611367812194, 13.806755834360082, 5.026659438643136, -0.909661984364672, -0.8543837950261839, -1.7142921756501317, -0.7800201952711364
88, 0.8701881487889274, -1.7364466020174478, -0.7880104472925886, -2.1469296299028398, -0.754694542394788, 13.806755834360082, 5.026659438643136, -0.9435150191503338, -0.8400175663016155, -1.7367528374436279, -0.7876012229755966
89, 0.8801903114186852, -1.7572255605247584, -0.7953060597446043, -2.0088620715592387, -0.7044279480083566, 13.806755834360082, 5.026659438643136, -0.9701611440087083, -0.8242006040830994, -1.7546102468504292, -0.7927965947630257
90, 0.8901924740484429, -1.7766238434486328, -0.8020990062527558, -1.8707945132156378, -0.6541613536219253, 13.806755834360082, 5.026659438643136, -0.9897099441238799, -0.8070721541374986, -1.7753016194592606, -0.8021447119380216
91, 0.9001946366782008, -1.7946414507890711, -0.8083892868170428, -1.7327269548720365, -0.6038947592354937, 13.806755834360082, 5.026659438643136, -1.0022773326906014, -0.7887658284426502, -1.7953776780710298, -0.807672876235354
92, 0.9101967993079585, -1.8112783825460734, -0.8141769014374656, -1.594659396528436, -0.5536281648490624, 13.806755834360082, 5.026659438643136, -1.0079825328073222, -0.7694086595861996, -1.8106872501118085, -0.8129249525417959
93, 0.9201989619377163, -1.82653463871964, -0.8194618501140241, -1.456591838184835, -0.5033615704626309, 13.806755834360082, 5.026659438643136, -1.0069453387337983, -0.7491202820113557, -1.8275396123919898, -0.8183040150423477
94, 0.9302011245674741, -1.8404102193097702, -0.8242441328467183, -1.3185242798412338, -0.45309497607619953, 13.806755834360082, 5.026659438643136, -0.9992836461246912, -0.7280122285803109, -1.8407356830411479, -0.8225394386091943
95, 0.9402032871972319, -1.8529051243164645, -0.8285237496355481, -1.1804567214976331, -0.4028283816897682, 13.806755834360082, 5.026659438643136, -0.9851112401115586, -0.7061873311104013, -1.8524735281994216, -0.828492431382217
96, 0.9502054498269896, -1.864019353739723, -0.8323007004805136, -1.042389163154032, -0.35256178730333676, 13.806755834360082, 5.026659438643136, -0.9645358297768681, -0.6837392139298961, -1.8633798600832379, -0.8336438488092213
97, 0.9602076124567475, -1.8737529075795454, -0.8355749853816148, -0.904321604810431, -0.30229519291690543, 13.806755834360082, 5.026659438643136, -0.9376573175958539, -0.6607518700678419, -1.8737583328647553, -0.835028185581594
98, 0.9702097750865053, -1.8821057858359316, -0.8383466043388518, -0.7662540464668303, -0.25202859853047394, 13.806755834360082, 5.026659438643136, -0.9045662927688016, -0.6372993104071886, -1.8823596833672003, -0.839573498755999
99, 0.980211937716263, -1.8890779885088818, -0.8406155573522243, -0.6281864881232292, -0.2017620041440426, 13.806755834360082, 5.026659438643136, -0.8653427379847025, -0.6134452769671999, -1.889466140622702, -0.8409676747955852
100, 0.9902141003460209, -1.8946695155983961, -0.8423818444217326, -0.49011892977962823, -0.15149540975761117, 13.806755834360082, 5.026659438643136, -0.8200549400074255, -0.5892430124177727, -1.8941656928943795, -0.8414243271845483
101, 1.0002162629757787, -1.8988803671044745, -0.8436454655473765, -0.3520513714360274, -0.10122881537117973, 13.806755834360082, 5.026659438643136, -0.7687585955208824, -0.5647350789453945, -1.8973308761495513, -0.8427154686601843
102, 1.0102184256055364, -1.9017105430271166, -0.8444064207291562, -0.21398381309242653, -0.050962220984748396, 13.806755834360082, 5.026659438643136, -0.7114961048764387, -0.5399532206714225, -1.9023708510228408, -0.8437645210129819
103, 1.0202205882352942, -1.903160043366323, -0.8446647099670715, -0.07591625474882568, -0.0006956265983170118, 13.806755834360082, 5.026659438643136, -0.6482960477228332, -0.5149182649537507, -1.9044029619254033, -0.8443321891518114
104, 1.0302227508650519, -1.9032288681220932, -0.8444203332611225, 0.06215130359477539, 0.04957096778811443, 13.806755834360082, 5.026659438643136, -0.579172835937303, -0.48964005907035313, -1.9027736409476033, -0.8469954085433308
105, 1.0402249134948098, -1.9019170172944275, -0.8436732906113092, 0.20021886193837646, 0.09983756217454587, 13.806755834360082, 5.026659438643136, -0.504126540789414, -0.4641174399767866, -1.9034578933200994, -0.8443711441441145
106, 1.0502270761245676, -1.8992244908833258, -0.8424235820176316, 0.3382864202819772, 0.1501041565609772, 13.806755834360082, 5.026659438643136, -0.4231428928306484, -0.4383382360399138, -1.9004032793789223, -0.843445226803235
107, 1.0602292387543253, -1.8951512888887878, -0.8406712074800897, 0.47635397862557805, 0.2003707509474087, 13.806755834360082, 5.026659438643136, -0.336193454588473, -0.41227930086799014, -1.8954042329989806, -0.8383348585511019
108, 1.070231401384083, -1.889697411310814, -0.8384161669986834, 0.6144215369691791, 0.2506373453338401, 13.806755834360082, 5.026659438643136, -0.2432359677291595, -0.38590658057441246, -1.8901006938212563, -0.8391717953151474
109, 1.080233564013841, -1.8828628581494042, -0.8356584605734129, 0.7524890953127802, 0.3009039397202715, 13.806755834360082, 5.026659438643136, -0.14421487791485693, -0.3591752170203467, -1.8808959233506197, -0.835323656325941
110, 1.0902357266435987, -1.8746476294045586, -0.832398088204278, 0.8905566536563808, 0.35117053410670296, 13.806755834360082, 5.026659438643136, -0.03906204209251096, -0.3320296907711708, -1.8749046085789889, -0.8331873472620818
111, 1.1002378892733564, -1.8650517250762766, -0.8286350498912788, 1.0286242119999818, 0.4014371284931343, 13.806755834360082, 5.026659438643136, 0.07230237561055108, -0.30440400866337786, -1.8653050477760833, -0.8280379475693024
112, 1.1102400519031141, -1.8540751451645587, -0.8243693456344153, 1.1666917703435828, 0.4517037228795656, 13.806755834360082, 5.026659438643136, 0.18996881187448122, -0.27622194200116706, -1.854547845404133, -0.8243324290537313
113, 1.120242214532872, -1.8417178896694049, -0.8196009754336875, 1.304759328687184, 0.5019703172659971, 13.806755834360082, 5.026659438643136, 0.3140370073446245, -0.2473973224726601, -1.8417892983512074, -0.8196410206194987
114, 1.1302443771626298, -1.8279799585908152, -0.8143299392890954, 1.4428268870307845, 0.5522369116524285, 13.806755834360082, 5.026659438643136, 0.4446144952045603, -0.21783440387971015, -1.8277801337009505, -0.8118379230301497
115, 1.1402465397923875, -1.8128613519287893, -0.808556237200639, 1.5808944453743856, 0.6025035060388597, 13.806755834360082, 5.026659438643136, 0.5818148645661174, -0.18742829869547928, -1.81160490805616, -0.8076960367648569
116, 1.1502487024221455, -1.7963620696833273, -0.8022798691683182, 1.7189620037179867, 0.6527701004252913, 13.806755834360082, 5.026659438643136, 0.7257557874682288, -0.15606549928051616, -1.796977422325997, -0.8029853044321764
117, 1.1602508650519032, -1.7791724496461483, -0.7957521681640655, 1.718962003717982, 0.6527701004252896, 0.0, 0.0, -0.6387559538488153, -0.542653429589909, -1.7790900091884845, -0.7968692938107679
118, 1.170253027681661, -1.7619828296089683, -0.7892244671598125, 1.718962003717982, 0.6527701004252896, 0.0, 0.0, -0.5685049943012782, -0.5296738429321646, -1.7606136282880693, -0.7881624881884407
119, 1.1802551903114187, -1.7447932095717884, -0.7826967661555597, 1.718962003717982, 0.6527701004252896, 0.0, 0.0, -0.49760513866472855, -0.5162345432977125, -1.743460763775884, -0.7832975073627009
120, 1.1902573529411766, -1.7276035895346087, -0.7761690651513068, 1.718962003717982, 0.6527701004252896, 0.0, 0.0, -0.42608091404989057, -0.5023429483606177, -1.728644072053484, -0.77536668835803
121, 1.2002595155709344, -1.7104139694974287, -0.7696413641470539, 1.718962003717982, 0.6527701004252896, 0.0, 0.0, -0.35395715275202677, -0.48800672928105987, -1.7108811370639712, -0.7687123241512518
122, 1.210261678200692, -1.693224349460249, -0.7631136631428009, 1.718962003717982, 0.6527701004252896, 0.0, 0.0, -0.28125898286578577, -0.473233806396503, -1.6933065283217608, -0.762534717455976
123, 1.2202638408304498, -1.676034729423069, -0.756585962138548, 1.718962003717982, 0.6527701004252896, 0.0, 0.0, -0.20801181874609964, -0.4580323447727395, -1.676583573975568, -0.755876151490841
124, 1.2302660034602078, -1.6588451093858894, -0.7500582611342952, 1.718962003717982, 0.6527701004252896, 0.0, 0.0, -0.13424135131917536, -0.44241074961732235, -1.6596406227362739, -0.7498857750976182
125, 1.2402681660899655, -1.6416554893487094, -0.7435305601300423, 1.718962003717982, 0.6527701004252896, 0.0, 0.0, -0.059973538247630076, -0.4263776615579547, -1.6428021572096823, -0.7440405876770161
126, 1.2502703287197232, -1.6244658693115297, -0.7370028591257893, 1.718962003717982, 0.6527701004252896, 0.0, 0.0, 0.014765406046023721, -0.40994195178850296, -1.6237092871729795, -0.738468003516476
127, 1.260272491349481, -1.6072762492743498, -0.7304751581215364, 1.718962003717982, 0.6527701004252896, 0.0, 0.0, 0.0899490204933403, -0.39311271708535284, -1.608032182971068, -0.7313264044667801
128, 1.2702746539792389, -1.5900866292371698, -0.7239474571172835, 1.718962003717982, 0.6527701004252896, 0.0, 0.0, 0.16555060762699358, -0.37589927469692014, -1.5892636520507673, -0.723986187709258
129, 1.2802768166089966, -1.57289700919999, -0.7174197561130307, 1.718962003717982, 0.6527701004252896, 0.0, 0.0, 0.24154324395655546, -0.35831115710918443, -1.5734736357652375, -0.717778616162338
130, 1.2902789792387543, -1.5557073891628104, -0.7108920551087777, 1.718962003717982, 0.6527701004252896, 0.0, 0.0, 0.3178997904685249, -0.3403581066901931, -1.5558848379735863, -0.7106871250099052
131, 1.3002811418685123, -1.5385177691256304, -0.7043643541045248, 1.718962003717982, 0.6527701004252896, 0.0, 0.0, 0.3945929032460735, -0.3220500702165467, -1.5381836809931542, -0.7055221267088283
132, 1.31028330449827, -1.5213281490884505, -0.697836653100272, 1.718962003717982, 0.6527701004252896, 0.0, 0.0, 0.4715950442039107, -0.30339719328494447, -1.5223684353469074, -0.6966856547004354
133, 1.3202854671280277, -1.5041385290512708, -0.6913089520960191, 1.718962003717982, 0.6527701004252896, 0.0, 0.0, 0.5488784919336094, -0.2844098146119323, -1.50305385918744, -0.690557659701212
134, 1.3302876297577855, -1.486948909014091, -0.6847812510917661, 1.718962003717982, 0.6527701004252896, 0.0, 0.0, 0.626415352654659, -0.26509846022506073, -1.48732643805047, -0.6848902124449735
135, 1.3402897923875434, -1.469759288976911, -0.6782535500875133, 1.718962003717982, 0.6527701004252896, 0.0, 0.0, 0.7041775712664634, -0.24547383754871782, -1.4691722294263325, -0.6793836643913065
136, 1.3502919550173011, -1.4525696689397312, -0.6717258490832603, 1.718962003717982, 0.6527701004252896, 0.0, 0.0, 0.7821369424964286, -0.22554682938796627, -1.4514442789481166, -0.6722064516766488
137, 1.3602941176470589, -1.4353800489025514, -0.6651981480790075, 1.718962003717982, 0.6527701004252896, 0.0, 0.0, 0.8602651221392592, -0.20532848781376595, -1.4344234157049165, -0.6667586250855528
138, 1.3702962802768166, -1.4181904288653717, -0.6586704470747545, 1.718962003717982, 0.6527701004252896, 0.0, 0.0, 0.938533638382497, -0.18483002795302078, -1.4181263843359027, -0.6588505279180643
139, 1.3802984429065746, -1.4010008088281918, -0.6521427460705016, 1.718962003717982, 0.6527701004252896, 0.0, 0.0, 1.0169139032132926, -0.16406282168694614, -1.4014004356274607, -0.6528756534214241
140, 1.3903006055363323, -1.3838111887910118, -0.6456150450662488, 1.718962003717982, 0.6527701004252896, 0.0, 0.0, 1.0953772239013677, -0.14303839126129736, -1.3848267030298094, -0.6459716759543754
141, 1.40030276816609, -1.3666215687538321, -0.6390873440619957, 1.718962003717982, 0.6527701004252896, 0.0, 0.0, 1.173894814553067, -0.12176840281205453, -1.3662312794354803, -0.6378201614333303
142, 1.4103049307958477, -1.3494319487166524, -0.6325596430577429, 1.718962003717982, 0.6527701004252896, 0.0, 0.0, 1.2524378077313545, -0.10026465981020577, -1.3495173812640098, -0.6330347182198482
143, 1.4203070934256057, -1.3322423286794725, -0.62603194205349, 1.718962003717982, 0.6527701004252896, 0.0, 0.0, 1.3309772661365689, -0.07853909642931389, -1.3335450221713143, -0.6260785145496646
144, 1.4303092560553634, -1.3150527086422925, -0.6195042410492371, 1.718962003717982, 0.6527701004252896, 0.0, 0.0, 1.4094841943427157, -0.05660377083960039, -1.3158849174973906, -0.6200443232706844
145, 1.4403114186851211, -1.2978630886051128, -0.6129765400449843, 1.718962003717982, 0.6527701004252896, 0.0, 0.0, 1.4879295505840484, -0.034470858432313345, -1.297823669882075, -0.6129448625705675
146, 1.450313581314879, -1.280673468567933, -0.6064488390407313, 1.718962003717982, 0.6527701004252896, 0.0, 0.0, 1.566284258586633, -0.01215264497819507, -1.2806094019983725, -0.6076483840553468
147, 1.4603157439446368, -1.2634838485307531, -0.5999211380364784, 1.718962003717982, 0.6527701004252896, 0.0, 0.0, 1.6445192194395775, 0.010338480276105677, -1.26338579816355, -0.5978782259335156
148, 1.4703179065743945, -1.2462942284935732, -0.5933934370322256, 1.718962003717982, 0.6527701004252896, 0.0, 0.0, 1.7226053235005794, 0.0329900315697923, -1.246419871624201, -0.5928312939301371
149, 1.4803200692041523, -1.2291046084563935, -0.5868657360279727, 1.718962003717982, 0.6527701004252896, 0.0, 0.0, 1.8005134623304087, 0.05578943364393535, -1.230256338907101, -0.5873228776623942
150, 1.4903222318339102, -1.2119149884192137, -0.5803380350237197, 1.718962003717982, 0.6527701004252896, 0.0, 0.0, 1.8782145406509394, 0.07872402880779863, -1.212815235447029, -0.5798782398933183
151, 1.500324394463668, -1.1947253683820338, -0.5738103340194669, 1.718962003717982, 0.6527701004252896, 0.0, 0.0, 1.9556794883212865, 0.10178108405149772, -1.1944522406758737, -0.5727902114754551
152, 1.5103265570934257, -1.1775357483448539, -0.5672826330152139, 1.718962003717982, 0.6527701004252896, 0.0, 0.0, 2.0328792723266322, 0.12494779820099675, -1.1744307032555334, -0.566083968628267
153, 1.5203287197231834, -1.1603461283076741, -0.560754932010961, 1.718962003717982, 0.6527701004252896, 0.0, 0.0, 2.1097849087742793, 0.1482113091114129, -1.1602381232501937, -0.5599813873017437
154, 1.5303308823529413, -1.1431565082704944, -0.5542272310067081, 1.718962003717982, 0.6527701004252896, 0.0, 0.0, 2.186367474891467, 0.17155870089458916, -1.1452643978809074, -0.5547796791598242
155, 1.540333044982699, -1.1259668882333145, -0.5476995300024552, 1.718962003717982, 0.6527701004252896, 0.0, 0.0, 2.2625981210194777, 0.19497701117686403, -1.1288136218998357, -0.5468141829630152
156, 1.5503352076124568, -1.1087772681961348, -0.5411718289982024, 1.718962003717982, 0.6527701004252896, 0.0, 0.0, 2.338448082598543, 0.21845323838295988, -1.1106282020276856, -0.5410284014530331
157, 1.5603373702422145, -1.0915876481589548, -0.5346441279939494, 1.718962003717982, 0.6527701004252896, 0.0, 0.0, 2.4138886921380793, 0.2419743490418931, -1.090411213971577, -0.5349490396600436
158, 1.5703395328719725, -1.0746851451553288, -0.5279343494812334, 1.645208921962227, 0.682984462362652, -9.00827568007543, 2.4013222182102023, 1.604551623407741, 0.05472828849202499, -1.074283591584003, -0.526653043255566
159, 1.5803416955017302, -1.0586834697197103, -0.5209844387466964, 1.5551261651614727, 0.7069976845447541, -9.00827568007543, 2.4013222182102023, 1.6284927607595134, 0.09179085187538494, -1.057987012998943, -0.5211649263261382
160, 1.590343858131488, -1.0435826218520994, -0.5137943957903384, 1.4650434083607182, 0.7310109067268561, -9.00827568007543, 2.4013222182102023, 1.6485847144727015, 0.12797788019316605, -1.043561901160227, -0.5127193647728754
161, 1.6003460207612457, -1.0293826015524958, -0.5063642206121592, 1.3749606515599637, 0.7550241289089582, -9.00827568007543, 2.4013222182102023, 1.6648803849298894, 0.16328181182815515, -1.0283002252176319, -0.5073113908547237
162, 1.6103481833910036, -1.0160834088208999, -0.49869391321215917, 1.2848778947592092, 0.7790373510910602, -9.00827568007543, 2.4013222182102023, 1.6774341302848443, 0.19769738996843175, -1.0158074091068765, -0.49885004549925877
163, 1.6203503460207613, -1.0036850436573117, -0.490783473590338, 1.194795137958455, 0.8030505732731623, -9.00827568007543, 2.4013222182102023, 1.6863010814942854, 0.23122153411926313, -1.0045430511974234, -0.49133646013517973
164, 1.630352508650519, -0.9921875060617309, -0.48263290174669593, 1.1047123811577004, 0.8270637954552643, -9.00827568007543, 2.4013222182102023, 1.6915365028675073, 0.2638532143632096, -0.9926948347588271, -0.48414806025459345
165, 1.640354671280277, -0.9815907960341577, -0.47424219768123277, 1.0146296243569464, 0.8510770176373663, -9.00827568007543, 2.4013222182102023, 1.6931951972804942, 0.29559332871858635, -0.9822184009685414, -0.474883818296881
166, 1.6503568339100347, -0.971894913574592, -0.46561136139394854, 0.924546867556192, 0.8750902398194684, -9.00827568007543, 2.4013222182102023, 1.691330955119336, 0.3264445838953267, -0.9713307004243398, -0.4650958510359868
167, 1.6603589965397925, -0.9630998586830337, -0.45674039288484336, 0.8344641107554374, 0.8991034620015705, -9.00827568007543, 2.4013222182102023, 1.6859960459645247, 0.35641137969936193, -0.9633609190696297, -0.45811144871437487
168, 1.6703611591695502, -0.9552056313594832, -0.4476292921539171, 0.7443813539546831, 0.9231166841836724, -9.00827568007543, 2.4013222182102023, 1.6772407520006953, 0.38549969729187294, -0.9554621312911553, -0.44757817155468443
169, 1.6803633217993081, -0.9482122316039401, -0.4382780592011699, 0.6542985971539288, 0.9471299063657745, -9.00827568007543, 2.4013222182102023, 1.665112942133474, 0.4137169914681534, -0.9487465702835629, -0.44051772215429685
170, 1.6903654844290659, -0.9421196594164046, -0.42868669402660164, 0.5642158403531742, 0.9711431285478767, -9.00827568007543, 2.4013222182102023, 1.649657685813921, 0.44107208708231477, -0.9421772998983364, -0.42954817206008017
171, 1.7003676470588236, -0.9369279147968766, -0.41885519663021237, 0.4741330835524199, 0.9951563507299785, -9.00827568007543, 2.4013222182102023, 1.6309169056097585, 0.4675750797086177, -0.9383567164549641, -0.4190566084702697
172, 1.7103698096885813, -0.9326369977453561, -0.408783567012002, 0.3840503267516656, 1.0191695729120807, -9.00827568007543, 2.4013222182102023, 1.6089290676188284, 0.4932372405977371, -0.9329545062412226, -0.4101297081414541
173, 1.7203719723183393, -0.9292469082618433, -0.3984718051719707, 0.293967569950911, 1.0431827950941828, -9.00827568007543, 2.4013222182102023, 1.583728908892307, 0.5180709259566967, -0.9298331752290416, -0.39882878523171794
174, 1.730374134948097, -0.926757646346338, -0.38791991111011837, 0.20388481315015683, 1.0671960172762849, -9.00827568007543, 2.4013222182102023, 1.5553472011210412, 0.5420894905544557, -0.926728952728079, -0.3879923496943052
175, 1.7403762975778547, -0.9251692119988402, -0.377127884826445, 0.11380205634940233, 1.0912092394583868, -9.00827568007543, 2.4013222182102023, 1.5238105499361239, 0.5653072056310584, -0.9238304318400239, -0.37660649010977415
176, 1.7503784602076125, -0.9244816052193499, -0.3660957263209506, 0.023719299548648043, 1.1152224616404889, -9.00827568007543, 2.4013222182102023, 1.4891412292828243, 0.5877391810668191, -0.9233066283377765, -0.3648971436785411
177, 1.7603806228373704, -0.9246948260078672, -0.3548234355936352, -0.06636345725210646, 1.139235683822591, -9.00827568007543, 2.4013222182102023, 1.4513570504432673, 0.6094012917490346, -0.9260871118720913, -0.3540046917894594
178, 1.7703827854671281, -0.925808874364392, -0.34331101264449876, -0.15644621405286085, 1.1632489060046929, -9.00827568007543, 2.4013222182102023, 1.4104712654063007, 0.6303101080571317, -0.9246247125084702, -0.3435947568398366
179, 1.7803849480968859, -0.9278237502889244, -0.3315584574735413, -0.24652897085361514, 1.187262128186795, -9.00827568007543, 2.4013222182102023, 1.3664925044109566, 0.6504828303728112, -0.9282507065966792, -0.3312210247245472
180, 1.7903871107266438, -0.9307394537814644, -0.3195657700807628, -0.33661172765436953, 1.211275350368897, -9.00827568007543, 2.4013222182102023, 1.3194247476212577, 0.6699372275095524, -0.9318039463106861, -0.31970508737092945
181, 1.8003892733564015, -0.9345559848420117, -0.3073329504661634, -0.4266944844551239, 1.2352885725509992, -9.00827568007543, 2.4013222182102023, 1.2692673310230376, 0.6886915789456496, -0.9340684761867558, -0.3104750960114069
182, 1.8103914359861593, -0.9392733434705668, -0.2948599986297429, -0.5167772412558782, 1.259301794733101, -9.00827568007543, 2.4013222182102023, 1.2160149867664247, 0.7067646207366644, -0.9380291940993682, -0.2953620066945821
183, 1.820393598615917, -0.9448915296671294, -0.2821469145715013, -0.6068599980566328, 1.2833150169152032, -9.00827568007543, 2.4013222182102023, 1.1596579183088933, 0.7241754949766659, -0.9437923387105662, -0.28217311157148334
184, 1.830395761245675, -0.9514105434316995, -0.26919369829143874, -0.6969427548573869, 1.3073282390973053, -9.00827568007543, 2.4013222182102023, 1.1001819108416169, 0.740943702672774, -0.9523676844932549, -0.26914391522808584
185, 1.8403979238754327, -0.9588303847642772, -0.2560003497895552, -0.7870255116581415, 1.3313414612794072, -9.00827568007543, 2.4013222182102023, 1.0375684776046112, 0.7570890598942241, -0.9599262719787445, -0.2564699217070524
186, 1.8504000865051904, -0.9671510536648623, -0.2425668690658506, -0.8771082684588958, 1.3553546834615093, -9.00827568007543, 2.4013222182102023, 0.9717950428119613, 0.7726316570552995, -0.9682941668532343, -0.24177173634683463
187, 1.8604022491349481, -0.9763725501334551, -0.22889325612032496, -0.9671910252596502, 1.3793679056436114, -9.00827568007543, 2.4013222182102023, 0.9028351620154618, 0.7875918211909242, -0.9766618213579135, -0.22872509360474666
188, 1.870404411764706, -0.9864948741700553, -0.21497951095297835, -1.0572737820604046, 1.4033811278257133, -9.00827568007543, 2.4013222182102023, 0.8306587808314508, 0.8019900810843951, -0.9882863846866948, -0.21438522665591897
189, 1.8804065743944638, -0.9975180257746632, -0.20082563356381067, -1.147356538861159, 1.4273943500078154, -9.00827568007543, 2.4013222182102023, 0.7552325330393805, 0.8158471351084987, -0.9970184038446964, -0.20019828027784553
190, 1.8904087370242215, -1.0094420049472785, -0.186431623952822, -1.2374392956619134, 1.4514075721899176, -9.00827568007543, 2.4013222182102023, 0.6765200791298638, 0.8291838216440669, -1.0092129118200732, -0.18772695988139443
191, 1.9004108996539792, -1.0222668116879015, -0.1717974821200123, -1.3275220524626676, 1.4754207943720197, -9.00827568007543, 2.4013222182102023, 0.5944824864322806, 0.8420210919437192, -1.0227991010489275, -0.17115849761789423
192, 1.9104130622837372, -1.035992445996532, -0.15692320806538157, -1.4176048092634221, 1.4994340165541218, -9.00827568007543, 2.4013222182102023, 0.5090786519854865, 0.854379985313068, -1.0355864246851751, -0.1556778851989856
193, 1.920415224913495, -1.05061890787317, -0.14180880178892985, -1.5076875660641764, 1.5234472387362237, -9.00827568007543, 2.4013222182102023, 0.42026576932731763, 0.866281606486895, -1.0512795615994341, -0.14132312067882466
194, 1.9304173875432526, -1.0661461973178155, -0.12645426329065707, -1.5977703228649311, 1.5474604609183258, -9.00827568007543, 2.4013222182102023, 0.3279998403671741, 0.8777471050836835, -1.065079664795273, -0.12681739016329271
195, 1.9404195501730106, -1.0825743143304687, -0.11085959257056333, -1.6878530796656852, 1.571473683100428, -9.00827568007543, 2.4013222182102023, 0.2322362334684891, 0.8887976570282828, -1.0813990761967853, -0.11049783950821704
196, 1.9504217128027683, -1.0999032589111293, -0.09502478962864847, -1.7779358364664397, 1.59548690528253, -9.00827568007543, 2.4013222182102023, 0.13293028880191182, 0.8994544478393535, -1.0983487121343196, -0.09451462026542219
197, 1.960423875432526, -1.1181330310597974, -0.0789498544649127, -1.8680185932671942, 1.6195001274646321, -9.00827568007543, 2.4013222182102023, 0.030037971932902807, 0.9097386576854295, -1.117142105318559, -0.0798347723851324
198, 1.9704260380622838, -1.1368132169924687, -0.06275485319026691, -1.868018593267191, 1.619500127464631, 0.0, 0.0, 0.8594703079704473, 1.1608783750142124, -1.1363772728495258, -0.06226360636250505
199, 1.9804282006920417, -1.1554934029251407, -0.046559851915620565, -1.868018593267191, 1.619500127464631, 0.0, 0.0, 0.7999266052664451, 1.1597362443145032, -1.156536153658595, -0.04540335988099743
200, 1.9904303633217995, -1.1741735888578126, -0.030364850640974272, -1.868018593267191, 1.619500127464631, 0.0, 0.0, 0.7398986635335469, 1.1585927839111576, -1.17223049494273, -0.031631671467208716
201, 2.0004325259515574, -1.1928537747904846, -0.014169849366327925, -1.868018593267191, 1.619500127464631, 0.0, 0.0, 0.6794067459705451, 1.1574477116316213, -1.191976731093423, -0.015053921781157198
202, 2.010434688581315, -1.2115339607231563, 0.0020251519083184233, -1.868018593267191, 1.619500127464631, 0.0, 0.0, 0.618471276979927, 1.1563007451709792, -1.2113106086133336, 0.002522499887729264
203, 2.020436851211073, -1.2302141466558283, 0.018220153182964716, -1.868018593267191, 1.619500127464631, 0.0, 0.0, 0.5571128350205865, 1.155151602169595, -1.2298348389355207, 0.019139122517992234
204, 2.0304390138408306, -1.2488943325885002, 0.034415154457611064, -1.868018593267191, 1.619500127464631, 0.0, 0.0, 0.49535214540677996, 1.1540000002907675, -1.2491997268380788, 0.034317193675920586
205, 2.0404411764705883, -1.2675745185211722, 0.050610155732257356, -1.868018593267191, 1.619500127464631, 0.0, 0.0, 0.4332100730558406, 1.1528456572983867, -1.2661074262461327, 0.04949167678729026
206, 2.050443339100346, -1.2862547044538442, 0.0668051570069037, -1.868018593267191, 1.619500127464631, 0.0, 0.0, 0.370707615187194, 1.1516882911345632, -1.2857971356920619, 0.06845775548370542
207, 2.0604455017301038, -1.304934890386516, 0.08300015828155005, -1.868018593267191, 1.619500127464631, 0.0, 0.0, 0.30786589397522524, 1.1505276199972156, -1.304487063492541, 0.0843748408336437
208, 2.0704476643598615, -1.323615076319188, 0.09919515955619634, -1.868018593267191, 1.619500127464631, 0.0, 0.0, 0.24470614915857292, 1.1493633624175974, -1.3239263469690465, 0.1011078360796677
209, 2.0804498269896197, -1.3422952622518598, 0.11539016083084269, -1.868018593267191, 1.619500127464631, 0.0, 0.0, 0.18124973060842797, 1.1481952373377338, -1.3420391853833573, 0.11555021576455247
210, 2.0904519896193774, -1.360975448184532, 0.13158516210548904, -1.868018593267191, 1.619500127464631, 0.0, 0.0, 0.1175180908584399, 1.1470229641877592, -1.360594668438756, 0.13111280207914877
211, 2.100454152249135, -1.3796556341172037, 0.14778016338013528, -1.868018593267191, 1.619500127464631, 0.0, 0.0, 0.05353277759885744, 1.145846262963127, -1.3800566591470906, 0.1481500814790054
212, 2.110456314878893, -1.3983358200498757, 0.16397516465478162, -1.868018593267191, 1.619500127464631, 0.0, 0.0, -0.010684573862506319, 1.1446648543016757, -1.3999857306373773, 0.16444985157793074
213, 2.1204584775086506, -1.4170160059825476, 0.18017016592942797, -1.868018593267191, 1.619500127464631, 0.0, 0.0, -0.07511224816979944, 1.1434784595605292, -1.4160941616342066, 0.18052494858344512
214, 2.1304606401384083, -1.4356961919152196, 0.19636516720407432, -1.868018593267191, 1.619500127464631, 0.0, 0.0, -0.1397284575165405, 1.142286800892811, -1.4351644099181828, 0.19561074279828555
215, 2.140462802768166, -1.4543763778478915, 0.21256016847872067, -1.868018593267191, 1.619500127464631, 0.0, 0.0, -0.20451134926823245, 1.1410896013241552, -1.453175028846491, 0.21261014753915486
216, 2.150464965397924, -1.4730565637805633, 0.2287551697533669, -1.868018593267191, 1.619500127464631, 0.0, 0.0, -0.269439013607517, 1.1398865848289885, -1.471875133084406, 0.22893974831145666
217, 2.160467128027682, -1.4917367497132354, 0.24495017102801325, -1.868018593267191, 1.619500127464631, 0.0, 0.0, -0.3344894911992099, 1.1386774764065688, -1.4924499707212442, 0.2433851073280799
218, 2.1704692906574397, -1.5104169356459072, 0.2611451723026596, -1.868018593267191, 1.619500127464631, 0.0, 0.0, -0.39964078087250265, 1.137462002156758, -1.510502787200647, 0.2600743929343796
219, 2.1804714532871974, -1.5290971215785794, 0.27734017357730595, -1.868018593267191, 1.619500127464631, 0.0, 0.0, -0.464870847317697, 1.1362398893555063, -1.5310063740334412, 0.27873078601612084
220, 2.190473615916955, -1.547777307511251, 0.2935351748519523, -1.868018593267191, 1.619500127464631, 0.0, 0.0, -0.5301576287947126, 1.1350108665300374, -1.5484955056640715, 0.29329843162743546
221, 2.200475778546713, -1.566457493443923, 0.30973017612659853, -1.868018593267191, 1.619500127464631, 0.0, 0.0, -0.595479044850741, 1.1337746635337003, -1.5677977164868293, 0.31038945668550455
222, 2.2104779411764706, -1.585137679376595, 0.3259251774012449, -1.868018593267191, 1.619500127464631, 0.0, 0.0, -0.6608130040442897, 1.1325310116204836, -1.5835868440797902, 0.32719603718294055
223, 2.2204801038062283, -1.603817865309267, 0.34212017867589123, -1.868018593267191, 1.619500127464631, 0.0, 0.0, -0.72613741167295, 1.131279643519161, -1.6047044655014517, 0.34206770013477306
224, 2.2304822664359865, -1.622498051241939, 0.3583151799505376, -1.868018593267191, 1.619500127464631, 0.0, 0.0, -0.7914301775021705, 1.1300202935070547, -1.6223867878330755, 0.35793693978392566
225, 2.240484429065744, -1.6411782371746106, 0.3745101812251838, -1.868018593267191, 1.619500127464631, 0.0, 0.0, -0.8566692234923373, 1.128752697483395, -1.6415260626390928, 0.3764004484878875
226, 2.250486591695502, -1.6598584231072828, 0.39070518249983016, -1.868018593267191, 1.619500127464631, 0.0, 0.0, -0.9218324915214614, 1.1274765930422583, -1.6595459894734559, 0.39082609312443317
227, 2.2604887543252596, -1.6785386090399546, 0.4069001837744764, -1.868018593267191, 1.619500127464631, 0.0, 0.0, -0.9868979511007574, 1.1261917195450626, -1.6773484233592257, 0.4071505309874554
228, 2.2704909169550174, -1.6972187949726263, 0.42309518504912275, -1.868018593267191, 1.619500127464631, 0.0, 0.0, -1.0518436070804442, 1.1248978181926017, -1.696902440101948, 0.4238542261885131
229, 2.280493079584775, -1.7158989809052985, 0.4392901863237691, -1.868018593267191, 1.619500127464631, 0.0, 0.0, -1.1166475073430422, 1.123594632096602, -1.7161592614057593, 0.4368957665705216
230, 2.290495242214533, -1.7345791668379702, 0.45548518759841544, -1.868018593267191, 1.619500127464631, 0.0, 0.0, -1.1812877504814872, 1.1222819063507796, -1.7352648948511629, 0.4545066434563449
231, 2.300497404844291, -1.7532593527706422, 0.4716801888730617, -1.868018593267191, 1.619500127464631, 0.0, 0.0, -1.2457424934593928, 1.120959388101379, -1.7530162190457668, 0.47174011969121427
232, 2.3104995674740487, -1.771939538703314, 0.487875190147708, -1.868018593267191, 1.619500127464631, 0.0, 0.0, -1.30998995925075, 1.1196268266171798, -1.770531622833603, 0.48837352303240744
233, 2.3205017301038064, -1.790619724635986, 0.5040701914223544, -1.868018593267191, 1.619500127464631, 0.0, 0.0, -1.3740084444564236, 1.1182839733589454, -1.7918045878470183, 0.5022312400203144
234, 2.330503892733564, -1.809299910568658, 0.5202651926970008, -1.868018593267191, 1.619500127464631, 0.0, 0.0, -1.4377763268947583, 1.1169305820483029, -1.8093824175472253, 0.5200938172626253
235, 2.340506055363322, -1.82798009650133, 0.5364601939716471, -1.868018593267191, 1.619500127464631, 0.0, 0.0, -1.5012720731636553, 1.1155664087360306, -1.828966134094586, 0.535095201586817
236, 2.3505082179930796, -1.846660282434002, 0.5526551952462933, -1.868018593267191, 1.619500127464631, 0.0, 0.0, -1.5644742461714674, 1.1141912118697384, -1.846772034183807, 0.5528052965783682
237, 2.3605103806228374, -1.8653404683666739, 0.5688501965209396, -1.868018593267191, 1.619500127464631, 0.0, 0.0, -1.6273615126340801, 1.1128047523609215, -1.8648234341390413, 0.5688347385003898
238, 2.370512543252595, -1.8840206542993456, 0.585045197795586, -1.868018593267191, 1.619500127464631, 0.0, 0.0, -1.6899126505355573, 1.111406793651372, -1.8838262440672386, 0.58425664600944
239, 2.3805147058823533, -1.9027008402320176, 0.6012401990702323, -1.868018593267191, 1.619500127464631, 0.0, 0.0, -1.7521065565497498, 1.1099971017789267, -1.9027200667537087, 0.6023535512389627
240, 2.390516868512111, -1.9213810261646895, 0.6174352003448786, -1.868018593267191, 1.619500127464631, 0.0, 0.0, -1.8139222534202526, 1.1085754454425398, -1.9195750027577472, 0.6175524428268384
241, 2.4005190311418687, -1.9400612120973615, 0.633630201619525, -1.868018593267191, 1.619500127464631, 0.0, 0.0, -1.8753388972961536, 1.1071415960666582, -1.9394175731635532, 0.6330797018044221
242, 2.4105211937716264, -1.9587413980300334, 0.6498252028941713, -1.868018593267191, 1.619500127464631, 0.0, 0.0, -1.9363357850209892, 1.1056953278648851, -1.959485701588885, 0.6509316133622891
243, 2.420523356401384, -1.9774215839627054, 0.6660202041688175, -1.868018593267191, 1.619500127464631, 0.0, 0.0, -1.9968923613723737, 1.1042364179029145, -1.9774868052229508, 0.6656776271211318
244, 2.430525519031142, -1.9961017698953774, 0.6822152054434638, -1.868018593267191, 1.619500127464631, 0.0, 0.0, -2.0569882262497554, 1.1027646461607206, -1.9977390072356656, 0.6836218610588592
245, 2.4405276816608996, -2.0147819558280493, 0.6984102067181102, -1.868018593267191, 1.619500127464631, 0.0, 0.0, -2.1166031418078006, 1.1012797955939853, -2.0162983675676402, 0.6973135862543632
246, 2.450529844290658, -2.033462141760721, 0.7146052079927565, -1.868018593267191, 1.619500127464631, 0.0, 0.0, -2.1757170395329, 1.0997816521947466, -2.0344494700221745, 0.716226524743612
247, 2.4605320069204155, -2.052142327693393, 0.7308002092674029, -1.868018593267191, 1.619500127464631, 0.0, 0.0, -2.234310027260336, 1.0982700050512535, -2.05238685065527, 0.7302250751892093
248, 2.4705341695501732, -2.070822513626065, 0.7469952105420492, -1.868018593267191, 1.619500127464631, 0.0, 0.0, -2.292362396129628, 1.0967446464070143, -2.0703436311697287, 0.7467233266902912
249, 2.480536332179931, -2.0895026995587367, 0.7631902118166956, -1.868018593267191, 1.619500127464631, 0.0, 0.0, -2.3498546274756755, 1.095205371719014, -2.0914678700805553, 0.7655466486667909
250, 2.4905384948096887, -2.108182885491409, 0.7793852130913419, -1.868018593267191, 1.619500127464631, 0.0, 0.0, -2.4067673996532357, 1.0936519797150956, -2.1098935763464155, 0.7778396760726692
251, 2.5005406574394464, -2.126863071424081, 0.7955802143659882, -1.868018593267191, 1.619500127464631, 0.0, 0.0, -2.4630815947923748, 1.0920842724504858, -2.126561178314845, 0.7944105496509529
252, 2.510542820069204, -2.1455432573567528, 0.8117752156406344, -1.868018593267191, 1.619500127464631, 0.0, 0.0, -2.5187783054825346, 1.0905020553634477, -2.146024190800353, 0.8118859062162205
253, 2.520544982698962, -2.1642234432894245, 0.8279702169152807, -1.868018593267191, 1.619500127464631, 0.0, 0.0, -2.5738388413828788, 1.0889051373300505, -2.164250687335762, 0.8276462004431387
254, 2.53054714532872, -2.1829036292220962, 0.8441652181899271, -1.868018593267191, 1.619500127464631, 0.0, 0.0, -2.6282447357565775, 1.087293330718039, -2.183745136658979, 0.8435590860066718
255, 2.5405493079584778, -2.20021649001806, 0.8597445465259481, -1.629837074700501, 1.5269549820311725, 20.289800979179713, -6.195570314188146, -0.8301901388657338, 1.4473299246168303, -2.2009089512883016, 0.8606710903453071
256, 2.5505514705882355, -2.2155003707161063, 0.8747043178305505, -1.426939064908704, 1.4649992788892907, 20.289800979179713, -6.195570314188146, -0.7879012947335462, 1.4024095009776014, -2.215069385559344, 0.875867354380894
257, 2.5605536332179932, -2.2287552713162344, 0.8890445321037341, -1.2240410551169065, 1.4030435757474093, 20.289800979179713, -6.195570314188146, -0.7376426787827086, 1.3599934306209747, -2.228636245988532, 0.8884689815414788
258, 2.570555795847751, -2.2399811918184445, 0.9027651893454987, -1.0211430453251094, 1.3410878726055278, 20.289800979179713, -6.195570314188146, -0.6795204628565579, 1.320152044498256, -2.2410153438819345, 0.9038467327683409
259, 2.5805579584775087, -2.2491781322227364, 0.9158662895558446, -0.8182450355333122, 1.2791321694636462, 20.289800979179713, -6.195570314188146, -0.6136258208390803, 1.2829476721452164, -2.2491971596746403, 0.9159555974116873
260, 2.5905601211072664, -2.256346092529111, 0.9283478327347716, -0.6153470257415147, 1.217176466321765, 20.289800979179713, -6.195570314188146, -0.5400328502773355, 1.2484349107242048, -2.2551434212499943, 0.925816804871031
261, 2.6005622837370246, -2.261485072737567, 0.94020981888228, -0.4124490159497174, 1.1552207631798832, 20.289800979179713, -6.195570314188146, -0.4587969144476554, 1.2166608456273225, -2.260241081529208, 0.9426158860018123
262, 2.6105644463667823, -2.2645950728481052, 0.9514522479983694, -0.20955100615792, 1.0932650600380018, 20.289800979179713, -6.195570314188146, -0.36995338985330833, 1.1876652206006857, -2.263702382568453, 0.9519656589720843
263, 2.62056660899654, -2.2656760928607254, 0.96207512008304, -0.006652996366123043, 1.0313093568961205, 20.289800979179713, -6.195570314188146, -0.27351680705163567, 1.1614805556861354, -2.2659295618832505, 0.9622101151271306
264, 2.6305687716262978, -2.2647281327754274, 0.9720784351362918, 0.19624501342567435, 0.9693536537542387, 20.289800979179713, -6.195570314188146, -0.16948037592311088, 1.1381322116196948, -2.2643913545163543, 0.9729571065754248
265, 2.6405709342560555, -2.261751192592212, 0.9814621931581248, 0.39914302321747175, 0.9073979506123573, 20.289800979179713, -6.195570314188146, -0.05781588991508407, 1.1176383996804145, -2.263232697575585, 0.9826304945760644
266, 2.650573096885813, -2.256745272311078, 0.990226394148539, 0.6020410330092689, 0.8454422474704756, 20.289800979179713, -6.195570314188146, 0.061525992675018404, 1.1000101363540151, -2.2552303609035427, 0.9902224692901463
267, 2.660575259515571, -2.2497103719320264, 0.9983710381075344, 0.8049390428010663, 0.7834865443285943, 20.289800979179713, -6.195570314188146, 0.1886150887603068, 1.085251142567714, -2.2497755543025053, 0.9976435017509018
268, 2.6705774221453287, -2.2406464914550566, 1.0058961250351108, 1.0078370525928635, 0.7215308411867126, 20.289800979179713, -6.195570314188146, 0.32354064677105393, 1.073357687670642, -2.2418256215956807, 1.0060797967880204
269, 2.680579584775087, -2.229553630880169, 1.0128016549312686, 1.210735062384661, 0.6595751380448311, 20.289800979179713, -6.195570314188146, 0.46640991079066524, 1.064318378782966, -2.2278770056687254, 1.0128473634125992
270, 2.6905817474048446, -2.2164317902073636, 1.0190876277960075, 1.4136330721764583, 0.5976194349029496, 20.289800979179713, -6.195570314188146, 0.6173462810410033, 1.0581138966205414, -2.2165472261868966, 1.0182848183476014
271, 2.7005839100346023, -2.20128096943664, 1.0247540436293276, 1.616531081968255, 0.5356637317610682, 20.289800979179713, -6.195570314188146, 0.7764870565260108, 1.0547166794247977, -2.199678175450387, 1.0245131854098553
272, 2.71058607266436, -2.1841011685679983, 1.029800902431229, 1.8194290917600526, 0.47370802861918665, 20.289800979179713, -6.195570314188146, 0.9439807433852294, 1.0540905571931523, -2.1842953480799716, 1.028828526639176
273, 2.7205882352941178, -2.164892387601439, 1.0342282042017112, 2.02232710155185, 0.411752325477305, 20.289800979179713, -6.195570314188146, 1.1199839108121132, 1.056190339016754, -2.1661562289290726, 1.0354666101146583
274, 2.7305903979238755, -2.143654626536961, 1.0380359489407749, 2.225225111343647, 0.3497966223354237, 20.289800979179713, -6.195570314188146, 1.3046575753696028, 1.0609613569921423, -2.1437650096230016, 1.0387011626063682
275, 2.740592560553633, -2.1203878853745657, 1.0412241366484198, 2.428123121135444, 0.28784091919354216, 20.289800979179713, -6.195570314188146, 1.4981630943076387, 1.0683389708832112, -2.118605377704878, 1.0421759939237571
276, 2.7505947231833914, -2.095092164114252, 1.0437927673246459, 2.631021130927242, 0.22588521605166062, 20.289800979179713, -6.195570314188146, 1.7006575491817597, 1.0782480384703594, -2.093768810246436, 1.0441817971179155
277, 2.760596885813149, -2.067767462756021, 1.045741840969453, 2.833919140719039, 0.16392951290977897, 20.289800979179713, -6.195570314188146, 1.9122886028224244, 1.0906023573345096, -2.066357344233263, 1.046380105349508
278, 2.770599048442907, -2.0384137812998713, 1.0470713575828414, 3.0368171505108363, 0.1019738097678976, 20.289800979179713, -6.195570314188146, 2.133188815651265, 1.105304084683133, -2.0366271298927083, 1.0497355599136164
279, 2.7806012110726646, -2.007031119745804, 1.047781317164811, 3.2397151603026337, 0.040018106626016126, 20.289800979179713, -6.195570314188146, 2.3634694116265482, 1.1222431427304027, -2.0066603135574748, 1.0473004776521695
280, 2.7906033737024223, -1.973619478093819, 1.0478717197153617, 3.442613170094431, -0.021937596515865465, 20.289800979179713, -6.195570314188146, 2.6032134898715227, 1.1412966180893223, -1.9739172097863524, 1.0463152646739384
281, 2.80060553633218, -1.9381788563439155, 1.0473425652344936, 3.6455111798862285, -0.08389329965774706, 20.289800979179713, -6.195570314188146, 2.8524686854398427, 1.1623281646134966, -1.9376903133562666, 1.045861483800311
282, 2.8106076989619377, -1.9007092544960942, 1.0461938537222069, 3.8484091896780255, -0.1458490027996286, 20.289800979179713, -6.195570314188146, 3.111239291841016, 1.1851874201315087, -1.9018609646015472, 1.0449299412290907
283, 2.8206098615916955, -1.861210672550355, 1.0444255851785011, 4.051307199469822, -0.20780470594150996, 20.289800979179713, -6.195570314188146, 3.3794778690139937, 1.209709448536616, -1.8614864384375662, 1.0439586886390353
284, 2.8306120242214536, -1.8196831105066975, 1.0420377596033765, 4.25420520926162, -0.26976040908339155, 20.289800979179713, -6.195570314188146, 3.657076373510636, 1.2357142197154176, -1.8190502023066062, 1.0438289143632826
285, 2.8406141868512114, -1.7761265683651226, 1.0390303769968332, 4.457103219053417, -0.331716112225273, 20.289800979179713, -6.195570314188146, 3.943856862821474, 1.2630061408052016, -1.7766043311944844, 1.040087936040238
286, 2.850616349480969, -1.7305410461256292, 1.0354034373588712, 4.660001228845215, -0.3936718153671546, 20.289800979179713, -6.195570314188146, 4.239561843100615, 1.2913736532421987, -1.729348630922451, 1.0353013851030854
287, 2.860618512110727, -1.682926543788218, 1.03115694068949, 4.862899238637012, -0.45562751850903616, 20.289800979179713, -6.195570314188146, 4.54384434904037, 1.3205889109801983, -1.68167308318436, 1.0287523837469312
288, 2.8706206747404845, -1.633283061352889, 1.0262908869886904, 5.065797248428808, -0.5175832216509176, 20.289800979179713, -6.195570314188146, 4.8562578662735, 1.350407556096411, -1.6331348310100737, 1.0292317036037422
289, 2.8806228373702423, -1.5816105988196416, 1.0208052762564719, 5.268695258220607, -0.5795389247927991, 20.289800979179713, -6.195570314188146, 5.176246230342709, 1.3805686087313065, -1.5820890549438336, 1.019570287824254
290, 2.890625, -1.5279091561884768, 1.0147001084928344, 5.471593268012404, -0.6414946279346805, 20.289800979179713, -6.195570314188146, 5.503133661799028, 1.4107944889008337, -1.5282650699493665, 1.0147658157106858
291, 2.900627162629758, -1.4721787334593937, 1.007975383697778, 5.674491277804201, -0.7034503310765621, 20.289800979179713, -6.195570314188146, 5.836115124110828, 1.4407911881393343, -1.4734666193115895, 1.0075878348767673
292, 2.910629325259516, -1.4144193306323927, 1.0006311018713032, 5.877389287595998, -0.7654060342184438, 20.289800979179713, -6.195570314188146, 6.17424721941923, 1.4702486091432125, -1.413508938529626, 1.0013836773417277
293, 2.9206314878892736, -1.3546309477074736, 0.9926672630134092, 6.0802872973877955, -0.8273617373603251, 20.289800979179713, -6.195570314188146, 6.516439866285765, 1.498841091550258, -1.355468005435525, 0.9931824281102314
294, 2.9306336505190314, -1.2928135846846365, 0.9840838671240966, 6.283185307179593, -0.8893174405022067, 20.289800979179713, -6.195570314188146, 6.861449032838728, 1.5262281416665364, -1.2913522063097835, 0.9835142413385672
295, 2.940635813148789, -1.2299817316128427, 0.9751906927190749, 6.283185307179586, -0.8893174405022046, 0.0, 0.0, 5.408378177944745, 1.1573146403183419, -1.2303926946117525, 0.9745433583589725
296, 2.950637975778547, -1.1671498785410468, 0.9662975183140528, 6.283185307179586, -0.8893174405022046, 0.0, 0.0, 5.619994015147586, 1.1652868436689026, -1.1657109238400167, 0.9674137744581325
297, 2.9606401384083045, -1.1043180254692508, 0.9574043439090307, 6.283185307179586, -0.8893174405022046, 0.0, 0.0, 5.823486292913623, 1.1704144694906293, -1.1050424060953106, 0.9574142846215061
298, 2.9706423010380623, -1.041486172397455, 0.9485111695040087, 6.283185307179586, -0.8893174405022046, 0.0, 0.0, 6.018057324531217, 1.1726712382627222, -1.0411484140808036, 0.9486176532699944
299, 2.9806444636678204, -0.9786543193256589, 0.9396179950989867, 6.283185307179586, -0.8893174405022046, 0.0, 0.0, 6.202941652852043, 1.172039076373339, -0.9787841326610357, 0.940463245043235
300, 2.990646626297578, -0.9158224662538632, 0.9307248206939646, 6.283185307179586, -0.8893174405022046, 0.0, 0.0, 6.377409052436121, 1.1685081696001256, -0.9153884503624129, 0.9308261353727738
301, 3.000648788927336, -0.8529906131820673, 0.9218316462889425, 6.283185307179586, -0.8893174405022046, 0.0, 0.0, 6.540767401225477, 1.1620769925782184, -0.850114533530725, 0.9226100007617508
302, 3.0106509515570936, -0.7901587601102713, 0.9129384718839204, 6.283185307179586, -0.8893174405022046, 0.0, 0.0, 6.692365410443786, 1.1527523141699292, -0.7899126957516576, 0.9128742666248031
303, 3.0206531141868513, -0.7273269070384754, 0.9040452974788984, 6.283185307179586, -0.8893174405022046, 0.0, 0.0, 6.831595201953969, 1.140549178720421, -0.7271976888360328, 0.9039701951120669
304, 3.030655276816609, -0.6644950539666794, 0.8951521230738764, 6.283185307179586, -0.8893174405022046, 0.0, 0.0, 6.9578947228825685, 1.1254908632538188, -0.664234856889167, 0.8947704519106381
305, 3.040657439446367, -0.6016632008948835, 0.8862589486688544, 6.283185307179586, -0.8893174405022046, 0.0, 0.0, 7.070749987937118, 1.10760881073419, -0.600202563080422, 0.8861455580788142
306, 3.050659602076125, -0.5388313478230877, 0.8773657742638323, 6.283185307179586, -0.8893174405022046, 0.0, 0.0, 7.169697140497799, 1.0869425395854289, -0.5404204951712988, 0.8766982506656646
307, 3.0606617647058827, -0.4759994947512918, 0.8684725998588102, 6.283185307179586, -0.8893174405022046, 0.0, 0.0, 7.254324324255314, 1.063539529733156, -0.4778344878075318, 0.8681934324505419
308, 3.0706639273356404, -0.4131676416794958, 0.8595794254537882, 6.283185307179586, -0.8893174405022046, 0.0, 0.0, 7.3242733578901795, 1.0374550855000138, -0.4136791276668176, 0.8609372357992157
309, 3.080666089965398, -0.35033578860769987, 0.850686251048766, 6.283185307179586, -0.8893174405022046, 0.0, 0.0, 7.379241206041991, 1.0087521757530766, -0.3495609725724764, 0.850680646730468
310, 3.090668252595156, -0.2875039355359039, 0.841793076643744, 6.283185307179586, -0.8893174405022046, 0.0, 0.0, 7.418981240597461, 0.977501251768254, -0.2874711125756822, 0.8408079443710951
311, 3.1006704152249136, -0.22467208246410797, 0.832899902238722, 6.283185307179586, -0.8893174405022046, 0.0, 0.0, 7.443304287130495, 0.9437800433413777, -0.22410629650505837, 0.8336872206549801
312, 3.1106725778546713, -0.16184022939231202, 0.8240067278337, 6.283185307179586, -0.8893174405022046, 0.0, 0.0, 7.4520794521528995, 0.9076733337389418, -0.16080366466078136, 0.8225400777743183
313, 3.120674740484429, -0.09900837632051607, 0.8151135534286779, 6.283185307179586, -0.8893174405022046, 0.0, 0.0, 7.445234727677312, 0.8692727141430043, -0.09809011680039867, 0.8139228560581601
314, 3.1306769031141872, -0.036176523248720116, 0.8062203790236558, 6.283185307179586, -0.8893174405022046, 0.0, 0.0, 7.422757370451622, 0.8286763183044097, -0.03626311602337037, 0.8067691953927144
315, 3.140679065743945, 0.026655329823075835, 0.7973272046186337, 6.283185307179586, -0.8893174405022046, 0.0, 0.0, 7.384694054092796, 0.7859885381760574, 0.027331726995763826, 0.7975141040896349
316, 3.1506812283737027, 0.08948718289487179, 0.7884340302136117, 6.283185307179586, -0.8893174405022046, 0.0, 0.0, 7.331150793224569, 0.7413197213532581, 0.08937961499938489, 0.7893341204362977
317, 3.1606833910034604, 0.1523190359666673, 0.7795408558085897, 6.283185307179586, -0.8893174405022046, 0.0, 0.0, 7.262292639604402, 0.6947858512011447, 0.152630238456235, 0.7798709128184245
318, 3.170685553633218, 0.21515088903846324, 0.7706476814035677, 6.283185307179586, -0.8893174405022046, 0.0, 0.0, 7.178343151106933, 0.6465082105994515, 0.2155001647053307, 0.7710765572296409
319, 3.180687716262976, 0.2779827421102592, 0.7617545069985456, 6.283185307179586, -0.8893174405022046, 0.0, 0.0, 7.079583635310652, 0.5966130302826393, 0.2774713493774053, 0.7608042282606298
320, 3.1906898788927336, 0.34081459518205515, 0.7528613325935235, 6.283185307179586, -0.8893174405022046, 0.0, 0.0, 6.966352170308011, 0.5452311227981365, 0.34089467850579275, 0.7525360829743025
321, 3.2006920415224913, 0.4036464482538511, 0.7439681581885014, 6.283185307179586, -0.8893174405022046, 0.0, 0.0, 6.839042406223504, 0.492497503147306, 0.4046118645744243, 0.7440718843516354
322, 3.2106942041522495, 0.46647830132564705, 0.7350749837834794, 6.283185307179586, -0.8893174405022046, 0.0, 0.0, 6.698102151775835, 0.4385509972124818, 0.4666847690828838, 0.73656315715951
323, 3.220696366782007, 0.529310154397443, 0.7261818093784573, 6.283185307179586, -0.8893174405022046, 0.0, 0.0, 6.544031751055992, 0.38353383910894556, 0.5272709249634496, 0.7272484984627167
324, 3.230698529411765, 0.5921420074692385, 0.7172886349734353, 6.283185307179586, -0.8893174405022046, 0.0, 0.0, 6.377382256509416, 0.3275912586329187, 0.5937538097161287, 0.7171303125988253
325, 3.2407006920415227, 0.6549738605410345, 0.7083954605684133, 6.283185307179586, -0.8893174405022046, 0.0, 0.0, 6.198753404904522, 0.2708710600054628, 0.655127619046138, 0.7080256991865511
326, 3.2507028546712804, 0.7178057136128304, 0.6995022861633913, 6.283185307179586, -0.8893174405022046, 0.0, 0.0, 6.008791403838288, 0.2135231931374949, 0.7180441064324142, 0.7007899575470654
327, 3.260705017301038, 0.7806375666846264, 0.6906091117583693, 6.283185307179586, -0.8893174405022046, 0.0, 0.0, 5.808186537069574, 0.1556993186628699, 0.7793820496681497, 0.6903643514507235
328, 3.270707179930796, 0.8434694197564223, 0.6817159373533471, 6.283185307179586, -0.8893174405022046, 0.0, 0.0, 5.5976705976794205, 0.09755236800461686, 0.8420424598699673, 0.6811085556515497
329, 3.280709342560554, 0.9063012728282183, 0.672822762948325, 6.283185307179586, -0.8893174405022046, 0.0, 0.0, 5.3780141587318475, 0.03923609975386022, 0.9068186674446731, 0.6715988366580167
330, 3.2907115051903117, 0.9691331259000142, 0.663929588543303, 6.283185307179586, -0.8893174405022046, 0.0, 0.0, 5.150023691746215, -0.019095346348321995, 0.9691250743852844, 0.6634047514284178
331, 3.3007136678200695, 1.0319649789718102, 0.655036414138281, 6.283185307179586, -0.8893174405022046, 0.0, 0.0, 4.914538543890294, -0.07728789652887524, 1.0325782937852572, 0.6544646713096053
332, 3.310715830449827, 1.0947968320436061, 0.6461432397332589, 6.283185307179586, -0.8893174405022046, 0.0, 0.0, 4.672427785359644, -0.13518798990015768, 1.0935430399230597, 0.646012922215828
333, 3.320717993079585, 1.1576286851154016, 0.6372500653282368, 6.283185307179586, -0.8893174405022046, 0.0, 0.0, 4.424586938921409, -0.19264302387689997, 1.156460323533573, 0.6388666678232247
334, 3.3307201557093427, 1.2204605381871976, 0.6283568909232148, 6.283185307179586, -0.8893174405022046, 0.0, 0.0, 4.171934604067243, -0.249501796797264, 1.2203800795696491, 0.6293001088682124
335, 3.3407223183391004, 1.2832923912589935, 0.6194637165181928, 6.283185307179586, -0.8893174405022046, 0.0, 0.0, 3.9154089886389247, -0.30561494646064946, 1.284340859841913, 0.6185495606285951
336, 3.350724480968858, 1.3461242443307895, 0.6105705421131706, 6.283185307179586, -0.8893174405022046, 0.0, 0.0, 3.6559643611595822, -0.3608353833067958, 1.3459983172199226, 0.6085763128035128
337, 3.3607266435986163, 1.4089560974025854, 0.6016773677081486, 6.283185307179586, -0.8893174405022046, 0.0, 0.0, 3.394567437421992, -0.41501871697629256, 1.410567231011623, 0.6025971571109209
338, 3.370728806228374, 1.4717879504743814, 0.5927841933031266, 6.283185307179586, -0.8893174405022046, 0.0, 0.0, 3.1321937151517165, -0.46802367501187686, 1.4712001182636734, 0.5919878241830976
339, 3.3807309688581317, 1.5346198035461778, 0.5838910188981046, 6.283185307179586, -0.8893174405022046, 0.0, 0.0, 2.8698237707759446, -0.5197125124827527, 1.5354136331745314, 0.5830765431407364
340, 3.3907331314878895, 1.5974516566179733, 0.5749978444930824, 6.283185307179586, -0.8893174405022046, 0.0, 0.0, 2.6084395324878558, -0.569951411340568, 1.5984748771469564, 0.5744966188294286
341, 3.400735294117647, 1.6602835096897688, 0.5661046700880604, 6.283185307179586, -0.8893174405022046, 0.0, 0.0, 2.349020543900521, -0.6186108683455609, 1.6617496176274589, 0.5659442549398506
342, 3.410737456747405, 1.7231153627615652, 0.5572114956830384, 6.283185307179586, -0.8893174405022046, 0.0, 0.0, 2.0925402326334233, -0.6655660704346197, 1.7224958060991749, 0.5578557390784527
343, 3.4207396193771626, 1.7859472158333607, 0.5483183212780163, 6.283185307179586, -0.8893174405022046, 0.0, 0.0, 1.8399621981681729, -0.7106972564395374, 1.787181054947137, 0.5474521042835937
344, 3.430741782006921, 1.8481267307483191, 0.5391288623500341, 6.078770416350308, -0.938107904220439, -27.836215029104903, -3.8324022844439147, -1.4342653570998527, -1.6299072768851677, 1.8469520678278075, 0.538425753211844
345, 3.4407439446366785, 1.9075226241603669, 0.5295561631936074, 5.800408266059257, -0.976431927064878, -27.836215029104903, -3.8324022844439147, -1.8092175255142546, -1.7238162460943254, 1.9063216376105292, 0.5288517043116999
346, 3.4507461072664363, 1.9641348960695044, 0.5196002238087365, 5.522046115768209, -1.0147559499093173, -27.836215029104903, -3.8324022844439147, -2.1682254656667643, -1.811641611074939, 1.9631492851838348, 0.5198730860386102
347, 3.460748269896194, 2.0179635464757313, 0.5092610441954211, 5.24368396547716, -1.0530799727537565, -27.836215029104903, -3.8324022844439147, -2.511518763923453, -1.8936628166310232, 2.0163147188571373, 0.5085081678352277
348, 3.4707504325259517, 2.0690085753790477, 0.49853862435366136, 4.965321815186111, -1.0914039955981956, -27.836215029104903, -3.8324022844439147, -2.8394705829527003, -1.9701681201323782, 2.068128988420351, 0.4990726992149748
349, 3.4807525951557095, 2.1172699827794537, 0.48743296428345717, 4.6869596648950616, -1.1297280184426348, -27.836215029104903, -3.8324022844439147, -3.152567621797922, -2.041448944870417, 2.117415486428244, 0.4889817868251102
350, 3.490754757785467, 2.1627477686769487, 0.4759440639848086, 4.408597514604011, -1.168052041287074, -27.836215029104903, -3.8324022844439147, -3.4513822864723807, -2.1077950544074087, 2.1625926537811737, 0.4741037294241454
351, 3.500756920415225, 2.205441933071534, 0.46407192345771564, 4.130235364312963, -1.206376064131513, -27.836215029104903, -3.8324022844439147, -3.7365471890143676, -2.1694904823375163, 2.2052647796846596, 0.4628141010078249
352, 3.510759083044983, 2.245352475963208, 0.45181654270217836, 3.851873214021914, -1.2447000869759526, -27.836215029104903, -3.8324022844439147, -4.008732017388214, -2.226810145890595, 2.247143517321948, 0.4497414025072392
353, 3.520761245674741, 2.282479397351972, 0.4391779217181966, 3.573511063730865, -1.2830241098203916, -27.836215029104903, -3.8324022844439147, -4.2686227573582265, -2.280017069222062, 2.283328397504908, 0.43965742507599087
354, 3.5307634083044985, 2.3168226972378254, 0.4261560605057705, 3.2951489134398155, -1.3213481326648306, -27.836215029104903, -3.8324022844439147, -4.516903199439234, -2.329360142482411, 2.3166930678845707, 0.4263906120415546
355, 3.5407655709342563, 2.3483823756207682, 0.4127509590649, 3.0167867631487653, -1.3596721555092697, -27.836215029104903, -3.8324022844439147, -4.754238628044846, -2.375072345338273, 2.3483604857383424, 0.41381352157386636
356, 3.550767733564014, 2.377158432500801, 0.3989626173955851, 2.7384246128577168, -1.3979961783537092, -27.836215029104903, -3.8324022844439147, -4.981261564754721, -2.4173693680714896, 2.3772246482881148, 0.3995827467179497
357, 3.5607698961937717, 2.4031508678779225, 0.3847910354978258, 2.4600624625666674, -1.4363202011981482, -27.836215029104903, -3.8324022844439147, -5.198559421939793, -2.4564485693217044, 2.402574325981621, 0.38458139236568556
358, 3.5707720588235294, 2.4263596817521345, 0.37023621337162205, 2.181700312275618, -1.4746442240425874, -27.836215029104903, -3.8324022844439147, -5.406663915587696, -2.4924882166286153, 2.4269401585622647, 0.36874056599356675
359, 3.5807742214532876, 2.446784874123435, 0.355298151016974, 1.9033381619845688, -1.5129682468870267, -27.836215029104903, -3.8324022844439147, -5.60604208589312, -2.5256469638946113, 2.446265038085573, 0.35603035671452815
360, 3.5907763840830453, 2.464426444991826, 0.33997684843388154, 1.6249760116935197, -1.551292269731466, -27.836215029104903, -3.8324022844439147, -5.797088779936736, -2.5560635284989837, 2.4640854669713246, 0.3399455880826251
361, 3.600778546712803, 2.4792843943573057, 0.32427230562234466, 1.3466138614024703, -1.5896162925759052, -27.836215029104903, -3.8324022844439147, -5.980120461584523, -2.5838565398659283, 2.4795909449178812, 0.32482039894156167
362, 3.610780709342561, 2.491358722219875, 0.3081845225823634, 1.068251711111421, -1.6279403154203442, -27.836215029104903, -3.8324022844439147, -6.155370228707241, -2.6091245406693027, 2.4921569362022518, 0.3080945984253822
363, 3.6207828719723185, 2.500649428579534, 0.29171349931393775, 0.7898895608203724, -1.6662643382647833, -27.836215029104903, -3.8324022844439147, -6.322983936153222, -2.6319461314226844, 2.498805492398508, 0.2938055932376217
364, 3.6307850346020762, 2.5071565134362825, 0.2748592358170677, 0.5115274105293226, -1.7045883611092223, -27.836215029104903, -3.8324022844439147, -6.483017343898544, -2.6523802588453176, 2.5056604059685927, 0.27510862217369364
365, 3.640787197231834, 2.510879976790121, 0.2576217320917532, 0.23316526023827322, -1.7429123839536618, -27.836215029104903, -3.8324022844439147, -6.635434232812939, -2.6704666580118603, 2.5132083069839313, 0.25827463404906237
366, 3.6507893598615917, 2.5118198186410483, 0.24000098813799442, -0.04519689005277616, -1.781236406798101, -27.836215029104903, -3.8324022844439147, -6.7801054549416016, -2.686226467782659, 2.5122615844855276, 0.23994007573901402
367, 3.66079152249135, 2.5099760389890653, 0.22199700395579122, -0.3235590403438251, -1.8195604296425398, -27.836215029104903, -3.8324022844439147, -6.916808910576842, -2.699663048255783, 2.5118950934219364, 0.2230655383107566
368, 3.6707936851211076, 2.505348637834172, 0.2036097795451436, -0.6019211906348745, -1.8578844524869793, -27.836215029104903, -3.8324022844439147, -7.045230470163436, -2.7107630378449006, 2.5064579321860454, 0.2031487284093914
369, 3.6807958477508653, 2.4979376151763675, 0.18483931490605157, -0.8802833409259239, -1.8962084753314183, -27.836215029104903, -3.8324022844439147, -7.164965884732093, -2.7194976959004595, 2.497879524976878, 0.18503229954809927
370, 3.690798010380623, 2.487742971015653, 0.16568561003851517, -1.1586454912169732, -1.9345324981758576, -27.836215029104903, -3.8324022844439147, -7.2755237535491935, -2.7258245843488567, 2.4859219964847794, 0.16609956278332325
371, 3.700800173010381, 2.474764705352028, 0.14614866494253442, -1.4370076415080224, -1.9728565210202968, -27.836215029104903, -3.8324022844439147, -7.376329641428598, -2.729689648372174, 2.4742000135713447, 0.14717559790563725
372, 3.7108023356401385, 2.4590028181854926, 0.12622847961810924, -1.7153697917990716, -2.011180543864736, -27.836215029104903, -3.8324022844439147, -7.466731460032131, -2.7310297613837884, 2.4602993717118773, 0.12596430267582756
373, 3.7208044982698962, 2.440457309516047, 0.10592505406523967, -1.9937319420901212, -2.0495045667091754, -27.836215029104903, -3.8324022844439147, -7.546006246769146, -2.7297758031094874, 2.440695048520986, 0.10586644800346474
374, 3.7308066608996544, 2.41912817934369, 0.08523838828392571, -2.2720940923811694, -2.087828589553614, -27.836215029104903, -3.8324022844439147, -7.613368490778505, -2.725856341036662, 2.4185424689689343, 0.08382351773465258
375, 3.740808823529412, 2.3950154276684232, 0.06416848227416733, -2.550456242672219, -2.1261526123980534, -27.836215029104903, -3.8324022844439147, -7.667980167019767, -2.719201984363467, 2.396622585331323, 0.06403339805766646
376, 3.75081098615917, 2.3681190544902457, 0.04271533603596456, -2.828818392963268, -2.1644766352424925, -27.836215029104903, -3.8324022844439147, -7.708962645684569, -2.709750475327793, 2.368241379402183, 0.04156206598902503
377, 3.7608131487889276, 2.338439059809158, 0.020878949569317462, -3.1071805432543176, -2.202800658086932, -27.836215029104903, -3.8324022844439147, -7.735410643825544, -2.697452574838266, 2.3390121301763744, 0.020250128572279657
378, 3.7708153114186853, 2.3059754436251594, -0.0013406771257741257, -3.385542693545367, -2.241124680931371, -27.836215029104903, -3.8324022844439147, -7.74640837804696, -2.6822787870485287, 2.3071091895896436, -0.0018772490422330232
379, 3.780817474048443, 2.27072820593825, -0.02394354404931004, -3.6639048438364163, -2.2794487037758104, -27.836215029104903, -3.8324022844439147, -7.74104805998558, -2.664226950281286, 2.2706915415828646, -0.023957407016583318
380, 3.7908196366782008, 2.232697346748431, -0.04692965120129039, -3.9422669941274657, -2.317772726620249, -27.836215029104903, -3.8324022844439147, -7.718450848753445, -2.6433306989033687, 2.231629233649344, -0.04832496464653839
381, 3.8008217993079585, 2.191882866055701, -0.07029899858171501, -4.220629144418515, -2.356096749464689, -27.836215029104903, -3.8324022844439147, -7.677790335127553, -2.619668771810074, 2.1938695032255735, -0.0682654354011045
382, 3.8108239619377167, 2.148284763860061, -0.09405158619058418, -4.4989912947095645, -2.394420772309128, -27.836215029104903, -3.8324022844439147, -7.618318579710774, -2.5933751076218474, 2.1477989220464937, -0.09568413847366943
383, 3.8208261245674744, 2.1019030401615098, -0.11818741402789767, -4.777353445000613, -2.4327447951535666, -27.836215029104903, -3.8324022844439147, -7.539394660328313, -2.5646496242005776, 2.100315966499784, -0.11654542979304616
384, 3.830828287197232, 2.054129505711505, -0.14251486197943247, -4.777353445000604, -2.4327447951535657, 0.0, 0.0, -4.2274441483070575, -1.6087783319669433, 2.055505786655497, -0.14305828651999664
385, 3.84083044982699, 2.006355971261499, -0.1668423099309682, -4.777353445000604, -2.4327447951535657, 0.0, 0.0, -3.9991804586613253, -1.5523618816970863, 2.007214836229107, -0.1665311816723681
386, 3.8508326124567476, 1.958582436811493, -0.19116975788250384, -4.777353445000604, -2.4327447951535657, 0.0, 0.0, -3.766319808047476, -1.4945485708032726, 1.957897915014759, -0.1908668968736483
387, 3.8608347750865053, 1.910808902361487, -0.21549720583403958, -4.777353445000604, -2.4327447951535657, 0.0, 0.0, -3.529570296964172, -1.4356891273252883, 1.9105914145240095, -0.2156609355970869
388, 3.870836937716263, 1.8630353679114808, -0.23982465378557521, -4.777353445000604, -2.4327447951535657, 0.0, 0.0, -3.289651909935597, -1.376139478985574, 1.8632785548405981, -0.24061463465915092
389, 3.880839100346021, 1.8152618334614747, -0.26415210173711096, -4.777353445000604, -2.4327447951535657, 0.0, 0.0, -3.047293830412898, -1.3162588740470207, 1.8144969643995967, -0.2637865687449579
390, 3.890841262975779, 1.7674882990114686, -0.2884795496886466, -4.777353445000604, -2.4327447951535657, 0.0, 0.0, -2.803231725033163, -1.2564079850736407, 1.7665960154409646, -0.2890346126344049
391, 3.9008434256055367, 1.7197147645614625, -0.3128069976401823, -4.777353445000604, -2.4327447951535657, 0.0, 0.0, -2.5582050089622257, -1.1969470054649909, 1.7194473510234536, -0.3118247055269294
392, 3.9108455882352944, 1.6719412301114565, -0.33713444559171796, -4.777353445000604, -2.4327447951535657, 0.0, 0.0, -2.312954104111776, -1.1382337486726621, 1.6702735180683774, -0.3369892685293899
393, 3.920847750865052, 1.6241676956614504, -0.3614618935432536, -4.777353445000604, -2.4327447951535657, 0.0, 0.0, -2.068217702029716, -1.080621759993107, 1.626182670101556, -0.360696916050552
394, 3.93084991349481, 1.5763941612114443, -0.38578934149478933, -4.777353445000604, -2.4327447951535657, 0.0, 0.0, -1.8247300432153415, -1.0244584507655992, 1.5761028824483412, -0.3878166051316475
395, 3.9408520761245676, 1.5286206267614382, -0.41011678944632496, -4.777353445000604, -2.4327447951535657, 0.0, 0.0, -1.5832182245081365, -0.9700832646875622, 1.528637719458085, -0.40978996533123857
396, 3.9508542387543253, 1.480847092311432, -0.4344442373978607, -4.777353445000604, -2.4327447951535657, 0.0, 0.0, -1.3443995460412712, -0.917825885792467, 1.4821356031874382, -0.4348593483912326
397, 3.9608564013840835, 1.433073557861426, -0.45877168534939633, -4.777353445000604, -2.4327447951535657, 0.0, 0.0, -1.108978909039188, -0.868004497418855, 1.4324084367501697, -0.45834624998620993
398, 3.970858564013841, 1.38530002341142, -0.48309913330093207, -4.777353445000604, -2.4327447951535657, 0.0, 0.0, -0.8776462754739707, -0.8209241012339128, 1.3853131051689371, -0.48245218661539724
399, 3.980860726643599, 1.3375264889614138, -0.5074265812524676, -4.777353445000604, -2.4327447951535657, 0.0, 0.0, -0.6510742002790195, -0.7768749050627917, 1.3374530828076536, -0.5070729949331059
400, 3.9908628892733566, 1.2897529545114077, -0.5317540292040033, -4.777353445000604, -2.4327447951535657, 0.0, 0.0, -0.42991544645239466, -0.7361307879171418, 1.2898912859995162, -0.5307238710977314
401, 4.000865051903115, 1.2419794200614016, -0.5560814771555391, -4.777353445000604, -2.4327447951535657, 0.0, 0.0, -0.21480069296805482, -0.6989478502149941, 1.242525919748334, -0.5579235189837465
402, 4.0108672145328725, 1.1942058856113955, -0.5804089251070748, -4.777353445000604, -2.4327447951535657, 0.0, 0.0, -0.0063363449531044225, -0.6655630567412345, 1.193635343518219, -0.5805062870181699
403, 4.02086937716263, 1.1464323511613896, -0.6047363730586104, -4.777353445000604, -2.4327447951535657, 0.0, 0.0, 0.1948975449145105, -0.636192979415801, 1.1450654400098932, -0.605288834338871
404, 4.030871539792388, 1.0986588167113835, -0.629063821010146, -4.777353445000604, -2.4327447951535657, 0.0, 0.0, 0.38834923537812527, -0.6110326464178769, 1.0996336092199954, -0.6299507723715173
405, 4.040873702422146, 1.0508852822613775, -0.6533912689616816, -4.777353445000604, -2.4327447951535657, 0.0, 0.0, 0.5734971281175416, -0.5902545036614721, 1.0503490218660758, -0.6530078980688017
406, 4.0508758650519034, 1.0031117478113711, -0.6777187169132175, -4.777353445000604, -2.4327447951535657, 0.0, 0.0, 0.7498514645988705, -0.5740074940337276, 1.0015166785670915, -0.6783170354121998
407, 4.060878027681661, 0.9553382133613653, -0.7020461648647531, -4.777353445000604, -2.4327447951535657, 0.0, 0.0, 0.9169558817011176, -0.5624162591951061, 0.9578059505718947, -0.702532162699871
408, 4.070880190311419, 0.907564678911359, -0.7263736128162888, -4.777353445000604, -2.4327447951535657, 0.0, 0.0, 1.0743888202411562, -0.5555804681034988, 0.9067598320621922, -0.7249849102104483
409, 4.080882352941177, 0.8597911444613531, -0.7507010607678244, -4.777353445000604, -2.4327447951535657, 0.0, 0.0, 1.2217647812236834, -0.553574275765534, 0.8600014396439687, -0.7523143722701308
410, 4.090884515570934, 0.8120176100113468, -0.77502850871936, -4.777353445000604, -2.4327447951535657, 0.0, 0.0, 1.3587354253699169, -0.5564459150413759, 0.8125626886175148, -0.7750684462432296
411, 4.100886678200692, 0.7642440755613409, -0.7993559566708959, -4.777353445000604, -2.4327447951535657, 0.0, 0.0, 1.4849905122241176, -0.5642174236376624, 0.7649221975947339, -0.8005844980949509
412, 4.11088884083045, 0.7164705411113346, -0.8236834046224315, -4.777353445000604, -2.4327447951535657, 0.0, 0.0, 1.6002586758972264, -0.5768845077204389, 0.7167495871882681, -0.8240779940906244
413, 4.1208910034602075, 0.6686970066613291, -0.8480108525739669, -4.777353445000604, -2.4327447951535657, 0.0, 0.0, 1.7043080352778222, -0.594416542869749, 0.6713749839255373, -0.8490033882513646
414, 4.130893166089965, 0.6209234722113228, -0.8723383005255028, -4.777353445000604, -2.4327447951535657, 0.0, 0.0, 1.7969466373187166, -0.6167567123835533, 0.6217254350213621, -0.8704574325105402
415, 4.140895328719723, 0.573149937761317, -0.8966657484770384, -4.777353445000604, -2.4327447951535657, 0.0, 0.0, 1.8780227327886645, -0.6438222822246402, 0.5732479879367103, -0.8960856443875488
416, 4.150897491349482, 0.5253764033113106, -0.920993196428574, -4.777353445000604, -2.4327447951535657, 0.0, 0.0, 1.9474248846593611, -0.675505011193828, 0.5247548430804122, -0.9222323504007249
417, 4.160899653979239, 0.47760286886130476, -0.9453206443801097, -4.777353445000604, -2.4327447951535657, 0.0, 0.0, 2.005081910073868, -0.7116716942097533, 0.47787573726752236, -0.9455170883087393
418, 4.170901816608997, 0.42982933441129845, -0.9696480923316455, -4.777353445000604, -2.4327447951535657, 0.0, 0.0, 2.05096265761038, -0.7521648358835533, 0.428675496954281, -0.9686202451068069
419, 4.180903979238755, 0.3820557999612926, -0.9939755402831811, -4.777353445000604, -2.4327447951535657, 0.0, 0.0, 2.0850756223108724, -0.7968034508993449, 0.38078586276509835, -0.993546662827937
420, 4.1909061418685125, 0.33428226551128626, -1.0183029882347168, -4.777353445000604, -2.4327447951535657, 0.0, 0.0, 2.1074684016839798, -0.8453839870521538, 0.3332545514909054, -1.0191140336928166
421, 4.20090830449827, 0.2865087310612804, -1.0426304361862524, -4.777353445000604, -2.4327447951535657, 0.0, 0.0, 2.1182269966118903, -0.8976813661572072, 0.28561096403828823, -1.0425895974512682
422, 4.210910467128028, 0.23873519661127407, -1.066957884137788, -4.777353445000604, -2.4327447951535657, 0.0, 0.0, 2.1174749617884907, -0.9534501374316706, 0.23839429427792774, -1.068851200564721
423, 4.220912629757786, 0.1909616621612682, -1.0912853320893239, -4.777353445000604, -2.4327447951535657, 0.0, 0.0, 2.105372410987259, -1.0124257373650845, 0.190865503485837, -1.0922295468221683
424, 4.230914792387543, 0.14318812771126188, -1.1156127800408595, -4.777353445000604, -2.4327447951535657, 0.0, 0.0, 2.082114883099021, -1.074325849541057, 0.1421810633214878, -1.116303385061848
425, 4.240916955017301, 0.09541459326125601, -1.1399402279923951, -4.777353445000604, -2.4327447951535657, 0.0, 0.0, 2.0479320754888035, -1.1388518573529978, 0.0962581837427651, -1.1390713286666514
426, 4.250919117647059, 0.04764105881124969, -1.1642676759439308, -4.777353445000604, -2.4327447951535657, 0.0, 0.0, 2.0030864517945335, -1.2056903820736078, 0.048850544962193355, -1.1635157356981058
427, 4.260921280276817, -0.00013247563875617985, -1.1885951238954664, -4.777353445000604, -2.4327447951535657, 0.0, 0.0, 1.9478717318256735, -1.274514898293914, -0.0009253091871245006, -1.1867020208647898
428, 4.270923442906574, -0.047906010088762496, -1.2129225718470023, -4.777353445000604, -2.4327447951535657, 0.0, 0.0, 1.8826112717144983, -1.3449874183452295, -0.04884409984282398, -1.2122353008579143
429, 4.280925605536332, -0.09567954453876837, -1.2372500197985379, -4.777353445000604, -2.4327447951535657, 0.0, 0.0, 1.8076563429242163, -1.4167602369585426, -0.09682450204362987, -1.2369329186292721
430, 4.29092776816609, -0.14345307898877424, -1.2615774677500735, -4.777353445000604, -2.4327447951535657, 0.0, 0.0, 1.7233843191245497, -1.4894777271024622, -0.1423952583972609, -1.2616004815496784
431, 4.300929930795848, -0.19122661343878056, -1.2859049157016091, -4.777353445000604, -2.4327447951535657, 0.0, 0.0, 1.6301967803049364, -1.56277817767446, -0.19270971781422794, -1.286618065109469
432, 4.310932093425606, -0.23900014788878643, -1.310232363653145, -4.777353445000604, -2.4327447951535657, 0.0, 0.0, 1.528517543806275, -1.6362956635023, -0.23962396966900718, -1.310937357610966
433, 4.320934256055364, -0.28677368233879275, -1.3345598116046806, -4.777353445000604, -2.4327447951535657, 0.0, 0.0, 1.4187906322132529, -1.709661937944216, -0.2857569336431338, -1.333451834102142
434, 4.330936418685122, -0.3345472167887986, -1.3588872595562163, -4.777353445000604, -2.4327447951535657, 0.0, 0.0, 1.3014781882592406, -1.7825083382585585, -0.33370024094109646, -1.3573183375833304
435, 4.340938581314879, -0.38232075123880493, -1.3832147075077519, -4.777353445000604, -2.4327447951535657, 0.0, 0.0, 1.1770583470539333, -1.8544676938468685, -0.3816530014554045, -1.3840353289429574
436, 4.350940743944637, -0.4300942856888108, -1.4075421554592875, -4.777353445000604, -2.4327447951535657, 0.0, 0.0, 1.0460230760497806, -1.9251762274589699, -0.4303692505336055, -1.4064649681104158
437, 4.360942906574395, -0.4778678201388171, -1.4318696034108234, -4.777353445000604, -2.4327447951535657, 0.0, 0.0, 0.9088759932163843, -1.9942754394848339, -0.47821116295755467, -1.4302472951926188
438, 4.3709450692041525, -0.525641354588823, -1.456197051362359, -4.777353445000604, -2.4327447951535657, 0.0, 0.0, 0.7661301738925745, -2.0614139655454173, -0.5257707408048641, -1.4553925562413235
439, 4.38094723183391, -0.5734148890388293, -1.4805244993138946, -4.777353445000604, -2.4327447951535657, 0.0, 0.0, 0.6183059567339297, -2.126249397733005, -0.5725021190858488, -1.4806706659656892
440, 4.390949394463668, -0.6211884234888352, -1.5048519472654303, -4.777353445000604, -2.4327447951535657, 0.0, 0.0, 0.4659287590697514, -2.188450060040037, -0.6213841773808328, -1.5057595504064123
441, 4.400951557093426, -0.6689619579388415, -1.529179395216966, -4.777353445000604, -2.4327447951535657, 0.0, 0.0, 0.30952691182852776, -2.247696728753028, -0.6675086632671349, -1.52884002761624
442, 4.410953719723183, -0.7167354923888474, -1.5535068431685017, -4.777353445000604, -2.4327447951535657, 0.0, 0.0, 0.14962952398601237, -2.3036842888737175, -0.7163864421473836, -1.5528752243970958
443, 4.420955882352941, -0.7645090268388537, -1.5778342911200374, -4.777353445000604, -2.4327447951535657, 0.0, 0.0, -0.013235613763788567, -2.3561233179616066, -0.7639828005847956, -1.5774651352185116
444, 4.430958044982699, -0.8122825612888596, -1.602161739071573, -4.777353445000604, -2.4327447951535657, 0.0, 0.0, -0.17854407671525552, -2.404741589168692, -0.813192107822249, -1.6034744196817519
445, 4.440960207612457, -0.8600560957388659, -1.6264891870231086, -4.777353445000604, -2.4327447951535657, 0.0, 0.0, -0.3457767961824767, -2.449285485656742, -0.8590587644495122, -1.626028203784942
446, 4.450962370242215, -0.9062091667074962, -1.650000260392157, -4.511003892358055, -2.2988740945562784, 20.860640900995076, 10.446648469716173, 0.9919641962885009, -2.0606048540219586, -0.9064532862318736, -1.6502375869622585
447, 4.460964532871973, -0.9502761735860271, -1.6724666689142342, -4.302397483348104, -2.194407609859116, 20.860640900995076, 10.446648469716173, 0.870370989542419, -2.0144917731702363, -0.9503486083069558, -1.6736129548453762
448, 4.470966695501731, -0.9922571163744583, -1.6938884125893396, -4.093791074338153, -2.0899411251619546, 20.860640900995076, 10.446648469716173, 0.7593392535013583, -1.9645659675261262, -0.9936809105297204, -1.6944140653164088
449, 4.480968858131488, -1.0321519950727902, -1.7142654914174735, -3.885184665328203, -1.9854746404647925, 20.860640900995076, 10.446648469716173, 0.6592523699616222, -1.9112712693876388, -1.0325615126689682, -1.7128869294633537
450, 4.490971020761246, -1.0699608096810225, -1.7335979053986357, -3.676578256318251, -1.8810081557676308, 20.860640900995076, 10.446648469716173, 0.5703768107317932, -1.855057290263049, -1.0704645814803009, -1.7333734831108618
451, 4.500973183391004, -1.1056835601991555, -1.751885654532826, -3.4679718473083003, -1.7765416710704687, 20.860640900995076, 10.446648469716173, 0.49287882827862184, -1.7963715684317454, -1.1044707839641006, -1.7527597336392888
452, 4.510975346020762, -1.1393202466271886, -1.769128738820045, -3.2593654382983495, -1.6720751863733072, 20.860640900995076, 10.446648469716173, 0.4268400646635513, -1.7356529401654228, -1.1400407543967865, -1.7688807496186925
453, 4.520977508650519, -1.1708708689651224, -1.785327158260292, -3.050759029288399, -1.5676087016761455, 20.860640900995076, 10.446648469716173, 0.3722720056824338, -1.6733260666478156, -1.1721931779219101, -1.7829829802871537
454, 4.530979671280277, -1.2003354272129565, -1.800480912853568, -2.8421526202784477, -1.4631422169789836, 20.860640900995076, 10.446648469716173, 0.3291292456045831, -1.6097970287331171, -1.2015039409857988, -1.7997147792305341
455, 4.540981833910035, -1.2277139213706914, -1.8145900025998718, -2.633546211268497, -1.3586757322818217, 20.860640900995076, 10.446648469716173, 0.2973215588467617, -1.545449888121587, -1.2288530406449534, -1.814780425148272
456, 4.5509839965397925, -1.2530063514383267, -1.8276544274992044, -2.424939802258546, -1.2542092475846598, 20.860640900995076, 10.446648469716173, 0.276724799069205, -1.4806441053957966, -1.2531656744682216, -1.8272228567082793
457, 4.56098615916955, -1.2762127174158624, -1.839674187551565, -2.2163333932485947, -1.1497427628874979, 20.860640900995076, 10.446648469716173, 0.26719066433063965, -1.4157127017686228, -1.2779052529879475, -1.838873832878787
458, 4.570988321799308, -1.2973330193032986, -1.8506492827569543, -2.0077269842386434, -1.045276278190336, 20.860640900995076, 10.446648469716173, 0.26855537986928657, -1.3509610515142048, -1.2958380233190478, -1.8491332533812057
459, 4.580990484429066, -1.3163672571006353, -1.8605797131153718, -1.799120575228693, -0.9408097934931742, 20.860640900995076, 10.446648469716173, 0.2806473585372862, -1.2866661951282603, -1.318199154272279, -1.8621609615165535
460, 4.590992647058823, -1.3333154308078725, -1.869465478626818, -1.590514166218742, -0.8363433087960125, 20.860640900995076, 10.446648469716173, 0.30329390360701747, -1.2230765686217726, -1.3361583268378507, -1.8690957106085049
461, 4.600994809688582, -1.3481775404250103, -1.8773065792912922, -1.3819077572087908, -0.7318768240988507, 20.860640900995076, 10.446648469716173, 0.3363270202277, -1.160412051410036, -1.3471995383475603, -1.8780929450967294
462, 4.61099697231834, -1.3609535859520483, -1.8841030151087947, -1.17330134819884, -0.6274103394016888, 20.860640900995076, 10.446648469716173, 0.37958840080874234, -1.098864243527384, -1.3599108587291684, -1.8842965221690138
463, 4.620999134948097, -1.371643567388987, -1.8898547860793258, -0.9646949391888893, -0.522943854704527, 20.860640900995076, 10.446648469716173, 0.43293364654088295, -1.0385968919758717, -1.3717431351330902, -1.8888902909948
464, 4.631001297577855, -1.3802474847358261, -1.8945618922028853, -0.756088530178938, -0.41847737000736507, 20.860640900995076, 10.446648469716173, 0.4962357825655983, -0.9797463955875665, -1.3795491337502221, -1.8946545253946574
465, 4.641003460207613, -1.3867653379925657, -1.8982243334794733, -0.5474821211689873, -0.31401088531020327, 20.860640900995076, 10.446648469716173, 0.5693881183294008, -0.922422327605849, -1.3881827008626777, -1.8986909251564554
466, 4.651005622837371, -1.3911971271592058, -1.9008421099090895, -0.3388757121590362, -0.20954440061304147, 20.860640900995076, 10.446648469716173, 0.6523064977136853, -0.8667079251013061, -1.390365587608391, -1.9026048737014427
467, 4.661007785467128, -1.3935428522357465, -1.902415221491734, -0.13026930314908536, -0.10507791591587967, 20.860640900995076, 10.446648469716173, 0.7449309758597407, -0.8126605042223436, -1.393333119590434, -1.902508762877551
468, 4.671009948096886, -1.3938025132221876, -1.902943668227407, 0.07833710586086573, -0.0006114312187177617, 20.860640900995076, 10.446648469716173, 0.847226951413336, -0.7603117700797641, -1.3936913521385625, -1.9020158351658176
469, 4.681012110726644, -1.391976110118529, -1.9024274501161085, 0.28694351487081704, 0.10385505347844415, 20.860640900995076, 10.446648469716173, 0.9591857743569187, -0.7096679997593839, -1.3914444290097694, -1.9031826813726687
470, 4.6910142733564015, -1.3880636429247712, -1.9008665671578382, 0.49554992388076746, 0.20832153817560572, 20.860640900995076, 10.446648469716173, 1.0808248408136436, -0.660710086559182, -1.3874263063948806, -1.9024151808171577
471, 4.701016435986159, -1.3820651116409137, -1.8982610193525962, 0.7041563328907188, 0.31278802287276763, 20.860640900995076, 10.446648469716173, 1.212187177309738, -0.6133934430910077, -1.3804776798173497, -1.89763516128578
472, 4.711018598615917, -1.3739805162669567, -1.8946108067003828, 0.9127627419006694, 0.41725450756992954, 20.860640900995076, 10.446648469716173, 1.3533405080720535, -0.567647770416702, -1.3753619894126599, -1.8934609597095933
473, 4.721020761245675, -1.3638098568029005, -1.8899159292011976, 1.1213691509106205, 0.5217209922670913, 20.860640900995076, 10.446648469716173, 1.5043757901160162, -0.5233767099522991, -1.3650819445369025, -1.8904464874756663
474, 4.731022923875432, -1.3515531332487445, -1.884176386855041, 1.3299755599205716, 0.6261874769642533, 20.860640900995076, 10.446648469716173, 1.6654051922516957, -0.4804574045122887, -1.3497960780511458, -1.8845788340511083
475, 4.74102508650519, -1.3372103456044888, -1.8773921796619126, 1.538581968930523, 0.7306539616614152, 20.860640900995076, 10.446648469716173, 1.8365594858246408, -0.4387400046027047, -1.336855269394144, -1.877040356288839
476, 4.751027249134949, -1.3207814938701339, -1.8695633076218126, 1.747188377940473, 0.8351204463585767, 20.860640900995076, 10.446648469716173, 2.0179848071598414, -0.39804716590481876, -1.3209070530559428, -1.8707370724577117
477, 4.7610294117647065, -1.3022665780456792, -1.860689770734741, 1.955794786950424, 0.9395869310557387, 20.860640900995076, 10.446648469716173, 2.209838744471533, -0.358173593782448, -1.3016770273364622, -1.860361491555713
478, 4.771031574394464, -1.2816655981311253, -1.8507715690006978, 2.1644011959603753, 1.0440534157529004, 20.860640900995076, 10.446648469716173, 2.412285695660008, -0.3188857005116892, -1.2816666855323784, -1.850052717294598
479, 4.781033737024222, -1.258978554126472, -1.839808702419683, 2.3730076049703266, 1.1485199004500624, 20.860640900995076, 10.446648469716173, 2.625491438210431, -0.27992145063364604, -1.2597552979328257, -1.8417750747261845
480, 4.79103589965398, -1.234205446031719, -1.8278011709916966, 2.581614013980277, 1.252986385147224, 20.860640900995076, 10.446648469716173, 2.84961684866588, -0.2409904791650892, -1.233825103113579, -1.8281761598027946
481, 4.801038062283737, -1.2073462738468663, -1.8147489747167385, 2.7902204229902283, 1.357452869844386, 20.860640900995076, 10.446648469716173, 3.084810707258825, -0.20177457609267024, -1.2061065661273975, -1.8154110098115719
482, 4.811040224913495, -1.178401037571914, -1.8006521135948088, 2.998826832000179, 1.4619193545415479, 20.860640900995076, 10.446648469716173, 3.3312015237107993, -0.16192863826574455, -1.1793654008473027, -1.8010382008724906
483, 4.821042387543253, -1.1473697372068627, -1.7855105876259074, 3.2074332410101305, 1.5663858392387096, 20.860640900995076, 10.446648469716173, 3.5888883234778577, -0.12108219604656734, -1.1470774977205431, -1.7872242874491504
484, 4.831044550173011, -1.1142523727517117, -1.7693243968100347, 3.416039650020081, 1.6708523239358712, 20.860640900995076, 10.446648469716173, 3.857930340427726, -0.07884162633890912, -1.114728446446376, -1.7704904126028984
485, 4.841046712802768, -1.0790489442064608, -1.75209354114719, 3.6246460590300322, 1.7753188086330332, 20.860640900995076, 10.446648469716173, 4.1383355727459925, -0.03479316526966236, -1.079245587824493, -1.7498305591633618
486, 4.851048875432526, -1.0428024836161618, -1.7343403530608603, 3.624646059030025, 1.7753188086330298, 0.0, 0.0, 2.9408837626313975, -0.28722921867398843, -1.0425395910537256, -1.7325172896116872
487, 4.861051038062284, -1.0065560230258617, -1.7165871649745301, 3.624646059030025, 1.7753188086330298, 0.0, 0.0, 3.0681841478605976, -0.2677599164105271, -1.0070495915865945, -1.7179284359224523
488, 4.8710532006920415, -0.9703095624355613, -1.6988339768881997, 3.624646059030025, 1.7753188086330298, 0.0, 0.0, 3.1955854488002196, -0.2455982277059945, -0.9698358167791914, -1.6992921898660276
489, 4.881055363321799, -0.9340631018452611, -1.6810807888018693, 3.624646059030025, 1.7753188086330298, 0.0, 0.0, 3.3228845647671905, -0.22081041493110498, -0.936019479677407, -1.6818490779839514
490, 4.891057525951557, -0.8978166412549607, -1.663327600715539, 3.624646059030025, 1.7753188086330298, 0.0, 0.0, 3.449874354873101, -0.19347018271374927, -0.8961325812561837, -1.6633649269390112
491, 4.901059688581316, -0.8615701806646605, -1.645574412629209, 3.624646059030025, 1.7753188086330298, 0.0, 0.0, 3.576344028249128, -0.16365846261688732, -0.8607976701380504, -1.6447624077005982
492, 4.911061851211073, -0.8253237200743602, -1.6278212245428785, 3.624646059030025, 1.7753188086330298, 0.0, 0.0, 3.702079550630465, -0.13146317681554143, -0.8243192502451006, -1.627517567540765
493, 4.921064013840831, -0.7890772594840598, -1.610068036456548, 3.624646059030025, 1.7753188086330298, 0.0, 0.0, 3.8268640663875813, -0.09697898146195505, -0.7891999026458284, -1.6097246462768402
494, 4.931066176470589, -0.7528307988937597, -1.5923148483702179, 3.624646059030025, 1.7753188086330298, 0.0, 0.0, 3.950478335038894, -0.060306990487176804, -0.7534839544438273, -1.592553204199189
495, 4.9410683391003465, -0.7165843383034594, -1.5745616602838877, 3.624646059030025, 1.7753188086330298, 0.0, 0.0, 4.072701181229069, -0.021554480644328855, -0.7172523416015025, -1.5758805255927115
496, 4.951070501730104, -0.680337877713159, -1.5568084721975572, 3.624646059030025, 1.7753188086330298, 0.0, 0.0, 4.19330995710937, 0.019165421346499123, -0.6788797964719997, -1.556940801055422
497, 4.961072664359862, -0.6440914171228589, -1.5390552841112268, 3.624646059030025, 1.7753188086330298, 0.0, 0.0, 4.312081016011625, 0.06173406863964481, -0.6436218827733219, -1.537963134151482
498, 4.97107482698962, -0.6078449565325585, -1.5213020960248966, 3.624646059030025, 1.7753188086330298, 0.0, 0.0, 4.4287901962652665, 0.10602764012997701, -0.6067051003181619, -1.5223604705180034
499, 4.981076989619377, -0.5715984959422582, -1.5035489079385664, 3.624646059030025, 1.7753188086330298, 0.0, 0.0, 4.543213313967937, 0.1519175013354166, -0.5722386125145871, -1.5044386587726477
500, 4.991079152249135, -0.5353520353519579, -1.485795719852236, 3.624646059030025, 1.7753188086330298, 0.0, 0.0, 4.655126663484344, 0.1992705792438445, -0.5355175730233784, -1.4857301292762903
501, 5.001081314878893, -0.49910557476165773, -1.4680425317659056, 3.624646059030025, 1.7753188086330298, 0.0, 0.0, 4.764307524415548, 0.2479497500316723, -0.500458026722553, -1.4681786714540248
502, 5.011083477508651, -0.4628591141713574, -1.4502893436795752, 3.624646059030025, 1.7753188086330298, 0.0, 0.0, 4.87053467375172, 0.2978142385238439, -0.46686862166853527, -1.45111682788462
503, 5.021085640138408, -0.42661265358105704, -1.432536155593245, 3.624646059030025, 1.7753188086330298, 0.0, 0.0, 4.97358890189582, 0.3487200282308338, -0.42619492426150135, -1.4325302426018132
504, 5.031087802768166, -0.3903661929907567, -1.4147829675069148, 3.624646059030025, 1.7753188086330298, 0.0, 0.0, 5.073253531223642, 0.4005202807673988, -0.39226771119839027, -1.4148716387630211
505, 5.041089965397924, -0.3541197324004566, -1.3970297794205844, 3.624646059030025, 1.7753188086330298, 0.0, 0.0, 5.169314935827262, 0.4530657634304957, -0.3541597388348729, -1.3965738693224585
506, 5.051092128027682, -0.31787327181015623, -1.379276591334254, 3.624646059030025, 1.7753188086330298, 0.0, 0.0, 5.261563061074359, 0.5062052836900299, -0.31756803043164833, -1.3791558312780134
507, 5.06109429065744, -0.2816268112198559, -1.3615234032479238, 3.624646059030025, 1.7753188086330298, 0.0, 0.0, 5.349791941605032, 0.5597861293259561, -0.2806157905271888, -1.3602915461609182
508, 5.071096453287198, -0.24538035062955577, -1.3437702151615936, 3.624646059030025, 1.7753188086330298, 0.0, 0.0, 5.433800216380754, 0.6136545129288227, -0.24441479308996344, -1.344962229947021
509, 5.0810986159169556, -0.20913389003925542, -1.3260170270752631, 3.624646059030025, 1.7753188086330298, 0.0, 0.0, 5.513391639396963, 0.6676560194681431, -0.20769916471238328, -1.3271281735700344
510, 5.091100778546713, -0.17288742944895508, -1.3082638389889327, 3.624646059030025, 1.7753188086330298, 0.0, 0.0, 5.5883755846716285, 0.7216360556240559, -0.17294523403956163, -1.3063793975402842
511, 5.101102941176471, -0.13664096885865473, -1.2905106509026025, 3.624646059030025, 1.7753188086330298, 0.0, 0.0, 5.658567544126791, 0.7754402995726273, -0.13870335514276771, -1.290078962583646
512, 5.111105103806229, -0.10039450826835461, -1.2727574628162723, 3.624646059030025, 1.7753188086330298, 0.0, 0.0, 5.723789616988692, 0.8289151499138318, -0.10011190413098565, -1.2723925882065161
513, 5.1211072664359865, -0.06414804767805427, -1.255004274729942, 3.624646059030025, 1.7753188086330298, 0.0, 0.0, 5.783870989344636, 0.8819081724337776, -0.06424001043207786, -1.2545460758815044
514, 5.131109429065744, -0.02790158708775392, -1.2372510866436115, 3.624646059030025, 1.7753188086330298, 0.0, 0.0, 5.838648402511122, 0.9342685433990721, -0.028783743455159702, -1.2376713668667059
515, 5.141111591695502, 0.008344873502546202, -1.2194978985572813, 3.624646059030025, 1.7753188086330298, 0.0, 0.0, 5.887966608888056, 0.9858474880913599, 0.007978825390973035, -1.2201725081461432
516, 5.15111375432526, 0.044591334092846324, -1.201744710470951, 3.624646059030025, 1.7753188086330298, 0.0, 0.0, 5.9316788139978955, 1.0364987133039558, 0.045155072523546266, -1.20101159576802
517, 5.161115916955017, 0.08083779468314667, -1.1839915223846207, 3.624646059030025, 1.7753188086330298, 0.0, 0.0, 5.969647103436393, 1.0860788325401163, 0.07959518935199017, -1.1852510004799042
518, 5.171118079584775, 0.11708425527344701, -1.1662383342982903, 3.624646059030025, 1.7753188086330298, 0.0, 0.0, 6.001742853493178, 1.1344477826737989, 0.11671696124368039, -1.166774181888994
519, 5.181120242214533, 0.15333071586374736, -1.14848514621196, 3.624646059030025, 1.7753188086330298, 0.0, 0.0, 6.0278471242354605, 1.1814692308586578, 0.15183036610297437, -1.1472381694429477
520, 5.1911224048442905, 0.18957717645404748, -1.1307319581256299, 3.624646059030025, 1.7753188086330298, 0.0, 0.0, 6.047851033886871, 1.2270109704994834, 0.190755067689804, -1.1284994276157545
521, 5.201124567474049, 0.2258236370443476, -1.1129787700392995, 3.624646059030025, 1.7753188086330298, 0.0, 0.0, 6.0616561133754825, 1.2709453051321835, 0.22576491826413086, -1.1126824529502297
522, 5.211126730103807, 0.26207009763464795, -1.0952255819529693, 3.624646059030025, 1.7753188086330298, 0.0, 0.0, 6.069174639970549, 1.3131494190936912, 0.26218862120916225, -1.0952305111558711
523, 5.221128892733565, 0.2983165582249483, -1.0774723938666388, 3.624646059030025, 1.7753188086330298, 0.0, 0.0, 6.070329948976062, 1.3535057339017036, 0.2977305995107647, -1.0770811387686823
524, 5.231131055363322, 0.33456301881524864, -1.0597192057803084, 3.624646059030025, 1.7753188086330298, 0.0, 0.0, 6.065056722500962, 1.3919022493058333, 0.3347124026553291, -1.059604807944698
525, 5.24113321799308, 0.370809479405549, -1.0419660176939782, 3.624646059030025, 1.7753188086330298, 0.0, 0.0, 6.053301254380539, 1.428232868016472, 0.3717554315219196, -1.0435551585072749
526, 5.251135380622838, 0.4070559399958493, -1.0242128296076478, 3.624646059030025, 1.7753188086330298, 0.0, 0.0, 6.03502169038098, 1.462397703165252, 0.40642257943109406, -1.0241622038007563
527, 5.2611375432525955, 0.44330240058614967, -1.0064596415213176, 3.624646059030025, 1.7753188086330298, 0.0, 0.0, 6.010188242879196, 1.494303367601364, 0.44457934814216143, -1.0068924481680328
528, 5.271139705882353, 0.47954886117645, -0.9887064534349872, 3.624646059030025, 1.7753188086330298, 0.0, 0.0, 5.978783379272644, 1.5238632441809608, 0.48063897703428143, -0.9896789922521252
529, 5.281141868512111, 0.5157953217667499, -0.970953265348657, 3.624646059030025, 1.7753188086330298, 0.0, 0.0, 5.940801983438858, 1.5509977362622938, 0.5167585819639323, -0.970743808664362
530, 5.291144031141869, 0.5520417823570503, -0.9532000772623266, 3.624646059030025, 1.7753188086330298, 0.0, 0.0, 5.896251489631471, 1.5756344976769723, 0.5540707024620032, -0.9540309691094259
531, 5.301146193771626, 0.5882882429473506, -0.9354468891759964, 3.624646059030025, 1.7753188086330298, 0.0, 0.0, 5.845151988268611, 1.597708641507559, 0.5883148343089362, -0.9354502439524686
532, 5.311148356401384, 0.624534703537651, -0.917693701089666, 3.624646059030025, 1.7753188086330298, 0.0, 0.0, 5.787536303140449, 1.61716292706355, 0.6246633157617725, -0.9157819981414972
533, 5.321150519031142, 0.6607811641279513, -0.8999405130033358, 3.624646059030025, 1.7753188086330298, 0.0, 0.0, 5.723450039635072, 1.6339479245113333, 0.6603826336781603, -0.8998723868872662
534, 5.3311526816609, 0.6970276247182516, -0.8821873249170054, 3.624646059030025, 1.7753188086330298, 0.0, 0.0, 5.652951603655808, 1.6480221566789006, 0.6968419034924237, -0.8818679374939075
535, 5.341154844290657, 0.733274085308552, -0.8644341368306752, 3.624646059030025, 1.7753188086330298, 0.0, 0.0, 5.5761121909781135, 1.659352217622636, 0.7335825544711044, -0.865369619774382
536, 5.351157006920416, 0.7695205458988519, -0.8466809487443447, 3.624646059030025, 1.7753188086330298, 0.0, 0.0, 5.493015746870237, 1.667912867611273, 0.7692834524874063, -0.8464447099236805
537, 5.361159169550174, 0.8057670064891522, -0.8289277606580145, 3.624646059030025, 1.7753188086330298, 0.0, 0.0, 5.403758895878683, 1.6736871042508707, 0.8064187260756355, -0.8301532024780043
538, 5.371161332179931, 0.8420134670794526, -0.8111745725716841, 3.624646059030025, 1.7753188086330298, 0.0, 0.0, 5.308450841756913, 1.6766662095442395, 0.8421027065884279, -0.8104567977936553
539, 5.381163494809689, 0.8782599276697529, -0.7934213844853537, 3.624646059030025, 1.7753188086330298, 0.0, 0.0, 5.207213237593495, 1.6768497727484144, 0.8778979371178498, -0.7949726335287739
540, 5.391165657439447, 0.9145063882600533, -0.7756681963990235, 3.624646059030025, 1.7753188086330298, 0.0, 0.0, 5.100180026273827, 1.6742456889643473, 0.9150736999572461, -0.7755368202164228
541, 5.401167820069205, 0.9507528488503536, -0.7579150083126931, 3.624646059030025, 1.7753188086330298, 0.0, 0.0, 4.987497251487364, 1.6688701334637503, 0.9520281169419148, -0.7596883421197775
542, 5.411169982698962, 0.986999309440654, -0.7401618202263629, 3.624646059030025, 1.7753188086330298, 0.0, 0.0, 4.869322839569907, 1.660747511828772, 0.9870825271454233, -0.742023163371899
543, 5.42117214532872, 1.0232457700309538, -0.7224086321400325, 3.624646059030025, 1.7753188086330298, 0.0, 0.0, 4.745826352547492, 1.6499103860507176, 1.0240852663762905, -0.722372406738508
544, 5.431174307958478, 1.0594922306212542, -0.7046554440537023, 3.624646059030025, 1.7753188086330298, 0.0, 0.0, 4.6171887128247695, 1.6363993768041132, 1.0593483855100982, -0.7051758610834131
545, 5.4411764705882355, 1.0957386912115545, -0.6869022559673719, 3.624646059030025, 1.7753188086330298, 0.0, 0.0, 4.483601900036246, 1.620263042181905, 1.0951049753554694, -0.685857115869927
546, 5.451178633217993, 1.1319851518018549, -0.6691490678810417, 3.624646059030025, 1.7753188086330298, 0.0, 0.0, 4.345268620652903, 1.6015577332461957, 1.13165271087416, -0.6708009454701781
547, 5.461180795847751, 1.1682316123921552, -0.6513958797947113, 3.624646059030025, 1.7753188086330298, 0.0, 0.0, 4.2024019510097474, 1.5803474268165416, 1.169130500564652, -0.6513109696807793
548, 5.471182958477509, 1.2044780729824556, -0.6336426917083811, 3.624646059030025, 1.7753188086330298, 0.0, 0.0, 4.055224954491159, 1.5567035359841992, 1.2046848250546243, -0.6346590690978956
549, 5.481185121107266, 1.240724533572756, -0.6158895036220506, 3.624646059030025, 1.7753188086330298, 0.0, 0.0, 3.9039702736805406, 1.5307046989056572, 1.2407804799871311, -0.6158364766415935
550, 5.491187283737024, 1.2766433785400115, -0.5977669028237773, 3.491093255204248, 1.8158810303359485, -20.158248304264816, 0.7241901017233737, 1.6853729925490701, 0.9864404385084511, 1.2773730057777817, -0.5972364180633002
551, 5.501189446366783, 1.3105463986768409, -0.5795718830153316, 3.2895107721616, 1.8231229313531818, -20.158248304264816, 0.7241901017233737, 1.4196162518320221, 0.9715689942350336, 1.3118949350160718, -0.5803040854288805
552, 5.5111916089965405, 1.3424335939832437, -0.5613044441967137, 3.0879282891189517, 1.8303648323704158, -20.158248304264816, 0.7241901017233737, 1.1593987658920466, 0.9545093517149084, 1.34257573777756, -0.5611527443769567
553, 5.521193771626298, 1.3723049644592202, -0.5429645863679233, 2.8863458060763034, 1.8376067333876496, -20.158248304264816, 0.7241901017233737, 0.9053033242794479, 0.9356132259002617, 1.3716438232883474, -0.5437417266404581
554, 5.531195934256056, 1.4001605101047698, -0.5245523095289606, 2.684763323033655, 1.8448486344048831, -20.158248304264816, 0.7241901017233737, 0.6578422216754909, 0.9152117171465937, 1.4005848791473832, -0.5237524122167216
555, 5.541198096885814, 1.4260002309198931, -0.5060676136798257, 2.4831808399910065, 1.852090535422117, -20.158248304264816, 0.7241901017233737, 0.4174631197998442, 0.893615536477588, 1.4273009915847559, -0.5061415013728449
556, 5.551200259515571, 1.44982412690459, -0.4875104988205182, 2.2815983569483578, 1.8593324364393509, -20.158248304264816, 0.7241901017233737, 0.18455494113546456, 0.8711154965136736, 1.450168706869606, -0.486901288071329
557, 5.561202422145329, 1.4716321980588605, -0.4688809649510386, 2.08001587390571, 1.8665743374565844, -20.158248304264816, 0.7241901017233737, -0.04054629752021244, 0.847983222026113, 1.4722894900897583, -0.4685608671946515
558, 5.571204584775087, 1.4914244443827043, -0.45017901207138655, 1.8784333908630615, 1.8738162384738182, -20.158248304264816, 0.7241901017233737, -0.2575517913764799, 0.8244720373013785, 1.4917009270308281, -0.45338258286585736
559, 5.581206747404845, 1.5092008658761218, -0.43140464018156216, 1.6768509078204132, 1.8810581394910522, -20.158248304264816, 0.7241901017233737, -0.46621446223889895, 0.8008179909366717, 1.506707853155491, -0.43103140783188904
560, 5.591208910034602, 1.5249614625391126, -0.41255784928156547, 1.475268424777765, 1.8883000405082857, -20.158248304264816, 0.7241901017233737, -0.6663237395102405, 0.7772409822281581, 1.524419275994609, -0.41296969849371273
561, 5.60121107266436, 1.538706234371677, -0.3936386393713964, 1.2736859417351167, 1.8955419415255195, -20.158248304264816, 0.7241901017233737, -0.857700656569515, 0.753945956867314, 1.538791122831193, -0.39579765463667255
562, 5.611213235294118, 1.5504351813738149, -0.3746470104510551, 1.0721034586924685, 1.9027838425427532, -20.158248304264816, 0.7241901017233737, -1.0401933033929462, 0.7311241431523687, 1.5508011853734687, -0.37462501746111726
563, 5.6212153979238755, 1.5601483035455264, -0.35558296252054133, 0.8705209756498196, 1.9100257435599868, -20.158248304264816, 0.7241901017233737, -1.2136726692242554, 0.7089543032905389, 1.5601637418013394, -0.35684764280616066
564, 5.631217560553633, 1.5678456008868114, -0.3364464955798553, 0.6689384926071713, 1.9172676445772205, -20.158248304264816, 0.7241901017233737, -1.3780289030431274, 0.6876039775655511, 1.568403524742899, -0.3372258665668602
565, 5.641219723183391, 1.5735270733976696, -0.3172376096289969, 0.46735600956452306, 1.9245095455944545, -20.158248304264816, 0.7241901017233737, -1.5331680144552766, 0.6672307021387553, 1.5734239968480643, -0.3167973708867592
566, 5.6512218858131495, 1.5771927210781018, -0.29795630466796613, 0.2657735265218748, 1.931751446611688, -20.158248304264816, 0.7241901017233737, -1.6790090333556316, 0.6479831840166422, 1.5758642094411242, -0.29785910985295877
567, 5.661224048442907, 1.5788425439281073, -0.278602580696763, 0.06419104347922655, 1.938993347628922, -20.158248304264816, 0.7241901017233737, -1.8154816432073395, 0.6300024192377113, 1.5788221275332452, -0.27848477986609865
568, 5.671226211072665, 1.5784765419476865, -0.2591764377153877, -0.13739143956342148, 1.9462352486461556, -20.158248304264816, 0.7241901017233737, -1.942524299933622, 0.6134227426003271, 1.578826425615333, -0.260417787113588
569, 5.681228373702423, 1.576094715136839, -0.23967787572383992, -0.33897392260606996, 1.9534771496633896, -20.158248304264816, 0.7241901017233737, -2.0600828461296636, 0.5983727992702308, 1.5770648599061812, -0.24135499414339004
570, 5.6912305363321805, 1.571697063495565, -0.22010689472211986, -0.5405564056487182, 1.9607190506806234, -20.158248304264816, 0.7241901017233737, -2.1681096284546335, 0.5849764303770528, 1.5715063955268969, -0.22068786047901495
571, 5.701232698961938, 1.5652835870238646, -0.20046349471022742, -0.7421388886913665, 1.9679609516978567, -20.158248304264816, 0.7241901017233737, -2.2665631245415256, 0.5733534662436814, 1.565589715419043, -0.20097238923888278
572, 5.711234861591696, 1.5568542857217376, -0.18074767568816266, -0.9437213717340147, 1.9752028527150909, -20.158248304264816, 0.7241901017233737, -2.355408084443125, 0.5636204222044278, 1.5564739691753302, -0.17981529297323515
573, 5.721237024221454, 1.5464091595891842, -0.16095943765592557, -1.145303854776663, 1.9824447537323246, -20.158248304264816, 0.7241901017233737, -2.4346161903912034, 0.555891093074572, 1.5476898083523516, -0.16050346436540874
574, 5.731239186851211, 1.5339482086262044, -0.14109878061351616, -1.3468863378193112, 1.989686654749558, -20.158248304264816, 0.7241901017233737, -2.5041672373559356, 0.5502770432542949, 1.5348049311804983, -0.14059827910785047
575, 5.741241349480969, 1.5194714328327978, -0.1211657045609344, -1.54846882086196, 1.9969285557667917, -20.158248304264816, 0.7241901017233737, -2.5640508354247196, 0.5468879902052428, 1.519575374443944, -0.11994967661866617
576, 5.751243512110727, 1.502978832208965, -0.10116020949818028, -1.7500513039046082, 2.004170456784026, -20.158248304264816, 0.7241901017233737, -2.61426863324421, 0.5458320796505536, 1.5031929023465262, -0.09976174586681114
577, 5.7612456747404845, 1.4844704067547059, -0.08108229542525386, -1.9516337869472569, 2.0114123578012593, -20.158248304264816, 0.7241901017233737, -2.6548370595564306, 0.5472160513425046, 1.4838843936579724, -0.08192284068210783
578, 5.771247837370242, 1.46394615647002, -0.06093196234215503, -2.153216269989905, 2.018654258818493, -20.158248304264816, 0.7241901017233737, -2.6857905770801347, 0.5511452946401908, 1.4653022762428065, -0.06058766240703929
579, 5.78125, 1.4414060813549074, -0.04070921024888394, -2.3547987530325534, 2.025896159835727, -20.158248304264816, 0.7241901017233737, -2.7071854395147965, 0.5577237934675247, 1.4428485106776159, -0.04253405202129831
580, 5.791252162629758, 1.4168501814093688, -0.020414039145440516, -2.5563812360752016, 2.0331380608529606, -20.158248304264816, 0.7241901017233737, -2.719103938153226, 0.5670539605043234, 1.4156407434334144, -0.01939499523958097
581, 5.801254325259516, 1.3902784566334034, -4.644903182465798e-05, -2.75796371911785, 2.0403799618701943, -20.158248304264816, 0.7241901017233737, -2.7216591193616684, 0.5792363607255191, 1.3898302674450589, -3.5049364466220695e-05
582, 5.811256487889274, 1.3616909070270118, 0.02039356009196347, -2.959546202160498, 2.047621862887428, -20.158248304264816, 0.7241901017233737, -2.714999947913487, 0.5943693246708388, 1.3607058738457485, 0.01983748086489654
583, 5.821258650519032, 1.3310875325901934, 0.040905988225923895, -3.1611286852031464, 2.054863763904662, -20.158248304264816, 0.7241901017233737, -2.699316883744774, 0.6125484521249502, 1.3303319786843033, 0.040361498984333
584, 5.8312608131487895, 1.2984683333229485, 0.06149083537005673, -3.362711168245795, 2.0621056649218956, -20.158248304264816, 0.7241901017233737, -2.674847831053424, 0.6338660072410965, 1.2974900203875563, 0.06219887195669141
585, 5.841262975778547, 1.2638333092252774, 0.08214810152436186, -3.5642936512884433, 2.0693475659391294, -20.158248304264816, 0.7241901017233737, -2.64188440872102, 0.6584102065746358, 1.2632389647452005, 0.08227204203684103
586, 5.851265138408305, 1.22718246029718, 0.10287778668883935, -3.765876134331091, 2.076589466956363, -20.158248304264816, 0.7241901017233737, -2.600778479757362, 0.686264402031068, 1.22628020668929, 0.10193929767400384
587, 5.861267301038063, 1.1885157865386557, 0.12367989086348918, -3.96745861737374, 2.083831367973597, -20.158248304264816, 0.7241901017233737, -2.551948864837127, 0.7175061614000624, 1.189098481511897, 0.1228806349861755
588, 5.87126946366782, 1.147833287949705, 0.14455441404831132, -4.169041100416387, 2.0910732689908307, -20.158248304264816, 0.7241901017233737, -2.4958881510386006, 0.7522062499657616, 1.1495487608514752, 0.14483038555744948
589, 5.881271626297578, 1.105134964530328, 0.16550135624330575, -4.370623583459036, 2.0983151700080644, -20.158248304264816, 0.7241901017233737, -2.433169491669327, 0.7904275176762019, 1.1076325234321878, 0.16596999209561042
590, 5.891273788927336, 1.061428728695739, 0.18648450794338578, -4.37062358345903, 2.098315170008064, 0.0, 0.0, -0.15011411484259707, 1.4309471457414218, 1.0602568650143902, 0.18491116277600905
591, 5.901275951557094, 1.0177224928611486, 0.20746765964346642, -4.37062358345903, 2.098315170008064, 0.0, 0.0, 0.005900693186564165, 1.4598443229733025, 1.0189580165708814, 0.20764579344585715
592, 5.911278114186851, 0.9740162570265583, 0.22845081134354706, -4.37062358345903, 2.098315170008064, 0.0, 0.0, 0.15827749807609504, 1.4885354398889334, 0.9733113509594944, 0.22784314654729113
593, 5.921280276816609, 0.9303100211919679, 0.2494339630436277, -4.37062358345903, 2.098315170008064, 0.0, 0.0, 0.30676274098320233, 1.5170062779400824, 0.9285006096469528, 0.2512268722427109
594, 5.931282439446367, 0.8866037853573776, 0.2704171147437084, -4.37062358345903, 2.098315170008064, 0.0, 0.0, 0.4511100009320459, 1.5452427294154714, 0.8879984098670495, 0.2707834094057257
595, 5.9412846020761245, 0.8428975495227873, 0.2914002664437891, -4.37062358345903, 2.098315170008064, 0.0, 0.0, 0.5910804469015551, 1.573230804464063, 0.8436341557198481, 0.29218441271945383
596, 5.951286764705883, 0.799191313688197, 0.31238341814386966, -4.37062358345903, 2.098315170008064, 0.0, 0.0, 0.7264432755753476, 1.6009566380588902, 0.7989443091765551, 0.3124377973778197
597, 5.961288927335641, 0.7554850778536066, 0.33336656984395036, -4.37062358345903, 2.098315170008064, 0.0, 0.0, 0.8569761339268749, 1.6284064968979346, 0.7550863937449239, 0.33417203480138297
598, 5.971291089965399, 0.7117788420190163, 0.35434972154403105, -4.37062358345903, 2.098315170008064, 0.0, 0.0, 0.9824655258418491, 1.6555667862386163, 0.712891511352504, 0.3535864752289918
599, 5.981293252595156, 0.668072606184426, 0.37533287324411163, -4.37062358345903, 2.098315170008064, 0.0, 0.0, 1.1027072020103579, 1.6824240566624713, 0.6675060017629664, 0.37572122220392035
600, 5.991295415224914, 0.6243663703498357, 0.3963160249441923, -4.37062358345903, 2.098315170008064, 0.0, 0.0, 1.217506532352966, 1.7089650107666383, 0.6246858151752176, 0.39465957000996027
601, 6.001297577854672, 0.5806601345152453, 0.417299176644273, -4.37062358345903, 2.098315170008064, 0.0, 0.0, 1.326678860278351, 1.735176509778814, 0.5812994560216705, 0.4162326566470445
602, 6.0112997404844295, 0.5369538986806548, 0.4382823283443537, -4.37062358345903, 2.098315170008064, 0.0, 0.0, 1.4300498381046087, 1.7610455800923646, 0.5352425744798357, 0.44024494910818596
603, 6.021301903114187, 0.49324766284606447, 0.4592654800444343, -4.37062358345903, 2.098315170008064, 0.0, 0.0, 1.5274557430122497, 1.7865594197183363, 0.49547263759036664, 0.4581871869629117
604, 6.031304065743945, 0.44954142701147415, 0.480248631744515, -4.37062358345903, 2.098315170008064, 0.0, 0.0, 1.6187437729339744, 1.811705404651141, 0.44909692022200176, 0.4816050834252092
605, 6.041306228373703, 0.4058351911768838, 0.5012317834445956, -4.37062358345903, 2.098315170008064, 0.0, 0.0, 1.7037723218245016, 1.8364710951447314, 0.40594867999873135, 0.5007958297528751
606, 6.05130839100346, 0.3621289553422935, 0.5222149351446763, -4.37062358345903, 2.098315170008064, 0.0, 0.0, 1.7824112337930176, 1.8608442418961393, 0.36054977477461686, 0.521406365458871
607, 6.061310553633218, 0.3184227195077032, 0.543198086844757, -4.37062358345903, 2.098315170008064, 0.0, 0.0, 1.8545420356210305, 1.8848127921332867, 0.3186052301566331, 0.5427317875318264
608, 6.071312716262976, 0.27471648367311285, 0.5641812385448377, -4.37062358345903, 2.098315170008064, 0.0, 0.0, 1.920058147229582, 1.9083648956040293, 0.27448387024125176, 0.5629210908028375
609, 6.081314878892734, 0.23101024783852253, 0.5851643902449182, -4.37062358345903, 2.098315170008064, 0.0, 0.0, 1.9788650697017656, 1.931488910463446, 0.23097757120766507, 0.582987825410616
610, 6.091317041522491, 0.1873040120039322, 0.6061475419449989, -4.37062358345903, 2.098315170008064, 0.0, 0.0, 2.0308805505091807, 1.9541734090564327, 0.1863641528775257, 0.604477720135795
611, 6.10131920415225, 0.14359777616934188, 0.6271306936450796, -4.37062358345903, 2.098315170008064, 0.0, 0.0, 2.076034725634434, 1.9764071835927215, 0.14295248521858678, 0.6275289465272789
612, 6.111321366782008, 0.09989154033475156, 0.6481138453451603, -4.37062358345903, 2.098315170008064, 0.0, 0.0, 2.114270238325681, 1.9981792517114851, 0.0996739339049116, 0.6486024723142525
613, 6.121323529411765, 0.05618530450016124, 0.669096997045241, -4.37062358345903, 2.098315170008064, 0.0, 0.0, 2.145542334263794, 2.0194788619327633, 0.055391558723047934, 0.6685642339935675
614, 6.131325692041523, 0.012479068665570914, 0.6900801487453216, -4.37062358345903, 2.098315170008064, 0.0, 0.0, 2.1698189329675155, 2.0402954989929794, 0.011867312541473378, 0.6893899672649386
615, 6.141327854671281, -0.031227167169019632, 0.7110633004454021, -4.37062358345903, 2.098315170008064, 0.0, 0.0, 2.1870806753073295, 2.0606188890618986, -0.030990820495458947, 0.7109900824209454
616, 6.151330017301039, -0.07493340300360996, 0.7320464521454828, -4.37062358345903, 2.098315170008064, 0.0, 0.0, 2.1973209470441106, 2.0804390048384223, -0.07536303679604837, 0.7312665635882273
617, 6.161332179930796, -0.11863963883820028, 0.7530296038455635, -4.37062358345903, 2.098315170008064, 0.0, 0.0, 2.2005458783543435, 2.099746070522678, -0.1168437927653958, 0.7534377283545749
618, 6.171334342560554, -0.1623458746727906, 0.7740127555456442, -4.37062358345903, 2.098315170008064, 0.0, 0.0, 2.1967743193493603, 2.1185305666619345, -0.16302503608147978, 0.7746939874377712
619, 6.181336505190312, -0.20605211050738048, 0.7949959072457247, -4.37062358345903, 2.098315170008064, 0.0, 0.0, 2.1860377916417346, 2.1367832348679205, -0.20618432853455707, 0.7944653546919725
620, 6.1913386678200695, -0.2497583463419708, 0.8159790589458054, -4.37062358345903, 2.098315170008064, 0.0, 0.0, 2.168380416057532, 2.154495082403206, -0.24977391499978882, 0.8156734404174849
621, 6.201340830449827, -0.29346458217656113, 0.836962210645886, -4.37062358345903, 2.098315170008064, 0.0, 0.0, 2.1438588166385135, 2.1716573866343554, -0.2935518825534174, 0.8356456924189385
622, 6.211342993079585, -0.33717081801115145, 0.8579453623459667, -4.37062358345903, 2.098315170008064, 0.0, 0.0, 2.1125420011235163, 2.188261699349648, -0.3374925461330233, 0.8578424413353819
623, 6.221345155709343, -0.3808770538457418, 0.8789285140460472, -4.37062358345903, 2.098315170008064, 0.0, 0.0, 2.074511218142925, 2.204299850939207, -0.3793488744024937, 0.8797950285534605
624, 6.2313473183391, -0.4245832896803321, 0.8999116657461279, -4.37062358345903, 2.098315170008064, 0.0, 0.0, 2.029859791404481, 2.2197639544354617, -0.4254510610992662, 0.8994875716284295
625, 6.241349480968858, -0.4682895255149224, 0.9208948174462086, -4.37062358345903, 2.098315170008064, 0.0, 0.0, 1.9786929311924477, 2.2346464094119476, -0.46741666337171006, 0.919590285858836
626, 6.251351643598617, -0.5119957613495127, 0.9418779691462893, -4.37062358345903, 2.098315170008064, 0.0, 0.0, 1.921127523545214, 2.2489399057384816, -0.5140164964109551, 0.9435997230491985
627, 6.2613538062283745, -0.5557019971841031, 0.96286112084637, -4.37062358345903, 2.098315170008064, 0.0, 0.0, 1.8572918975189698, 2.262637427190877, -0.5540140469953433, 0.9627132288876291
628, 6.271355968858132, -0.5994082330186934, 0.9838442725464507, -4.37062358345903, 2.098315170008064, 0.0, 0.0, 1.7873255709866407, 2.2757322549133887, -0.5995661307805962, 0.984999594972544
629, 6.28135813148789, -0.6431144688532837, 1.0048274242465314, -4.37062358345903, 2.098315170008064, 0.0, 0.0, 1.7113789754621447, 2.288217970732168, -0.6445199723254255, 1.0048590476718338
630, 6.291360294117648, -0.686820704687874, 1.0258105759466118, -4.37062358345903, 2.098315170008064, 0.0, 0.0, 1.62961316047986, 2.3000884603181078, -0.6873835751360211, 1.0253239929153692
631, 6.301362456747405, -0.7305269405224648, 1.0467937276466925, -4.37062358345903, 2.098315170008064, 0.0, 0.0, 1.5421994780980293, 2.3113379161974845, -0.731686784269728, 1.0458320064784932
632, 6.311364619377163, -0.7742331763570551, 1.0677768793467732, -4.37062358345903, 2.098315170008064, 0.0, 0.0, 1.4493192481326331, 2.321960840608925, -0.7730778143759497, 1.0684193836259628
633, 6.321366782006921, -0.8179394121916455, 1.088760031046854, -4.37062358345903, 2.098315170008064, 0.0, 0.0, 1.3511634047647845, 2.331952048205275, -0.8170096098420854, 1.0888848067505275
634, 6.3313689446366785, -0.8616456480262358, 1.1097431827469346, -4.37062358345903, 2.098315170008064, 0.0, 0.0, 1.2479321252001747, 2.341306668599045, -0.8605701429322214, 1.1117185458105552
635, 6.341371107266436, -0.9053518838608261, 1.1307263344470153, -4.37062358345903, 2.098315170008064, 0.0, 0.0, 1.1398344410930372, 2.350020148750164, -0.9051220798198828, 1.1312671246414727
636, 6.351373269896194, -0.9490581196954164, 1.1517094861470958, -4.37062358345903, 2.098315170008064, 0.0, 0.0, 1.0270878334799232, 2.3580882551948736, -0.9492969603900732, 1.151286689841445
637, 6.361375432525952, -0.9927643555300067, 1.1726926378471765, -4.37062358345903, 2.098315170008064, 0.0, 0.0, 0.9099178119998119, 2.3655070761146684, -0.9925562498927777, 1.1714282012657502
638, 6.3713775951557095, -1.036470591364597, 1.1936757895472572, -4.37062358345903, 2.098315170008064, 0.0, 0.0, 0.7885574792068497, 2.3722730232442517, -1.0362744300277886, 1.19418788675716
639, 6.381379757785467, -1.0801768271991874, 1.2146589412473379, -4.37062358345903, 2.098315170008064, 0.0, 0.0, 0.6632470808103479, 2.3783828336175863, -1.0804302243530899, 1.2142105230376026
640, 6.391381920415225, -1.1238830630337777, 1.2356420929474186, -4.37062358345903, 2.098315170008064, 0.0, 0.0, 0.5342335427032414, 2.3838335711511736, -1.1231451169881546, 1.2372579487758608
641, 6.401384083044983, -1.167589298868368, 1.2566252446474993, -4.37062358345903, 2.098315170008064, 0.0, 0.0, 0.4017699956653047, 2.388622628063797, -1.1675972272635404, 1.2563839906892456
642, 6.411386245674741, -1.2112955347029584, 1.27760839634758, -4.37062358345903, 2.098315170008064, 0.0, 0.0, 0.2661152886506848, 2.3927477261320362, -1.211414443836861, 1.2775950792696587
643, 6.421388408304499, -1.2550017705375487, 1.2985915480476604, -4.37062358345903, 2.098315170008064, 0.0, 0.0, 0.12753349159093297, 2.396206917780939, -1.2552521496148397, 1.2980373834406693
644, 6.431390570934257, -1.2984530471075812, 1.3196707025368501, -4.215124515475857, 2.0673423210899347, 26.00062830547717, -8.114625565806367, 1.9205766016564372, 2.68361632115451, -1.2987007466089533, 1.3193516244215169
645, 6.441392733564014, -1.339304260847066, 1.3399383944694592, -3.955118232421085, 1.9861960654318709, 26.00062830547717, -8.114625565806367, 1.8720864105670676, 2.593388576314004, -1.3402781862363722, 1.338574281037073
646, 6.451394896193772, -1.377555411756003, 1.3593946238454875, -3.6951119493663134, 1.9050498097738076, 26.00062830547717, -8.114625565806367, 1.8322756789902166, 2.505221619335383, -1.3793645118832143, 1.3595902640041804
647, 6.46139705882353, -1.4132064998343923, 1.3780393906649353, -3.435105666311541, 1.8239035541157438, 26.00062830547717, -8.114625565806367, 1.8017346903390723, 2.419336616950735, -1.4134655440231252, 1.3783451247896443
648, 6.471399221453288, -1.4462575250822338, 1.3958726949278024, -3.1750993832567698, 1.7427572984576798, 26.00062830547717, -8.114625565806367, 1.7809493326560246, 2.3359286152674463, -1.448260053964638, 1.3962793744341002
649, 6.481401384083045, -1.4767084874995278, 1.412894536634089, -2.915093100201998, 1.6616110427996162, 26.00062830547717, -8.114625565806367, 1.7703132410763003, 2.255167977141814, -1.476131187142985, 1.411925503246244
650, 6.491403546712803, -1.5045593870862741, 1.4291049157837947, -2.655086817147226, 1.5804647871415525, 26.00062830547717, -8.114625565806367, 1.7701394426343926, 2.177201809952411, -1.5064997952224255, 1.4286915841204815
651, 6.501405709342561, -1.5298102238424724, 1.44450383237692, -2.395080534092454, 1.4993185314834887, 26.00062830547717, -8.114625565806367, 1.7806713733589956, 2.102155367396874, -1.5274767827360938, 1.4457026949855005
652, 6.5114078719723185, -1.5524609977681232, 1.4590912864134646, -2.135074251037682, 1.418172275825425, 26.00062830547717, -8.114625565806367, 1.8020931658119161, 2.030133411013338, -1.5516528240229004, 1.4589956977678074
653, 6.521410034602076, -1.572511708863226, 1.4728672778934286, -1.87506796798291, 1.337026020167361, 26.00062830547717, -8.114625565806367, 1.8345391294034568, 1.9612215191237556, -1.5732115099142197, 1.4728620470956737
654, 6.531412197231834, -1.5899623571277814, 1.485831806816812, -1.615061684928138, 1.2558797645092974, 26.00062830547717, -8.114625565806367, 1.8781023661355127, 1.895487332805939, -1.5896855701046884, 1.486565377673286
655, 6.541414359861592, -1.6048129425617887, 1.4979848731836145, -1.355055401873366, 1.1747335088512338, 26.00062830547717, -8.114625565806367, 1.9328424811291858, 1.8329817303225926, -1.6032936815220042, 1.4994897394665707
656, 6.551416522491349, -1.6170634651652487, 1.5093264769938366, -1.0950491188185947, 1.0935872531931699, 26.00062830547717, -8.114625565806367, 1.9987923606843454, 1.773739923169425, -1.6188081816900657, 1.5087972327056822
657, 6.561418685121108, -1.6267139249381608, 1.519856618247478, -0.8350428357638227, 1.012440997535106, 26.00062830547717, -8.114625565806367, 2.075964001029713, 1.7177824685533896, -1.6256351731174103, 1.5187270148270249
658, 6.571420847750866, -1.6337643218805251, 1.5295752969445386, -0.5750365527090504, 0.9312947418770425, 26.00062830547717, -8.114625565806367, 2.164353378714412, 1.665116194680511, -1.6343005832870223, 1.5304126891679837
659, 6.5814230103806235, -1.6382146559923418, 1.5384825130850188, -0.3150302696542786, 0.8501484862189789, 26.00062830547717, -8.114625565806367, 2.2639443591424477, 1.6157350367261882, -1.6377437771164343, 1.5395143566395606
660, 6.591425173010381, -1.6400649272736105, 1.5465782666689183, -0.05502398659950636, 0.769002230560915, 26.00062830547717, -8.114625565806367, 2.3747116434453375, 1.5696207827856261, -1.638974721162417, 1.5447628917908662
661, 6.601427335640139, -1.6393151357243319, 1.5538625576962373, 0.204982296455265, 0.6878559749028511, 26.00062830547717, -8.114625565806367, 2.496622756114933, 1.5267437304649631, -1.6381275729947808, 1.5534430454093806
662, 6.611429498269897, -1.6359652813445054, 1.5603353861669753, 0.46498857951003725, 0.6067097192447876, 26.00062830547717, -8.114625565806367, 2.6296390769687585, 1.4870632560814736, -1.6342941097710812, 1.5615982546489957
663, 6.621431660899654, -1.630015364134131, 1.5659967520811329, 0.7249948625648086, 0.5255634635867237, 26.00062830547717, -8.114625565806367, 2.773715921483329, 1.4505282997003963, -1.628967475623377, 1.5656392954183371
664, 6.631433823529412, -1.6214653840932092, 1.57084665543871, 0.9850011456195809, 0.44441720792866, 26.00062830547717, -8.114625565806367, 2.928801673695608, 1.4170777704522068, -1.622007097148383, 1.5713022295894168
665, 6.64143598615917, -1.6103153412217395, 1.574885096239706, 1.2450074286743527, 0.36327095227059625, 26.00062830547717, -8.114625565806367, 3.0948359761251982, 1.38664087775208, -1.6109743150871583, 1.576164931676244
666, 6.651438148788928, -1.596565235519722, 1.5781120744841217, 1.505013711729125, 0.2821246966125325, 26.00062830547717, -8.114625565806367, 3.2717469818957943, 1.3591373951861547, -1.5962294799720906, 1.5768163674779714
667, 6.661440311418685, -1.580215066987157, 1.5805275901719567, 1.7650199947838967, 0.2009784409544686, 26.00062830547717, -8.114625565806367, 3.4594476758179247, 1.3344778649383058, -1.579542581635856, 1.5809352672766914
668, 6.671442474048443, -1.5612648356240442, 1.582131643303211, 2.0250262778386685, 0.11983218529640505, 26.00062830547717, -8.114625565806367, 3.6578312740187853, 1.3125637517057387, -1.5632416663010278, 1.5814102635771328
669, 6.681444636678201, -1.5397145414303837, 1.5829242338778848, 2.28503256089344, 0.038685929638341165, 26.00062830547717, -8.114625565806367, 3.8667657161489215, 1.2932875560885502, -1.5405757421653126, 1.5818630069197188
670, 6.6914467993079585, -1.5155641844061751, 1.5829053618959779, 2.545038843948212, -0.042460326019722605, 26.00062830547717, -8.114625565806367, 4.086087270634537, 1.276532898431427, -1.516252626247417, 1.5835432736896806
671, 6.701448961937716, -1.4888137645514194, 1.5820750273574904, 2.805045127002984, -0.12360658167778638, 26.00062830547717, -8.114625565806367, 4.3155932822437, 1.2621745850356019, -1.4889055204406314, 1.5829609897262187
672, 6.711451124567475, -1.4594632818661155, 1.5804332302624222, 3.065051410057756, -0.20475283733585015, 26.00062830547717, -8.114625565806367, 4.555034102745427, 1.2500786695335628, -1.4596235845665677, 1.5813574386250997
673, 6.721453287197233, -1.427512736350264, 1.5779799706107733, 3.3250576931125284, -0.2858990929939138, 26.00062830547717, -8.114625565806367, 4.804104259989495, 1.2401025230114455, -1.4292562938818398, 1.5758172018122745
674, 6.73145544982699, -1.392962128003865, 1.574715248402544, 3.5850639761672998, -0.36704534865197763, 26.00062830547717, -8.114625565806367, 5.062432938615242, 1.2320949271545258, -1.3930376750242308, 1.574993797305464
675, 6.741457612456748, -1.3558114568269182, 1.5706390636377339, 3.845070259222072, -0.4481916043100413, 26.00062830547717, -8.114625565806367, 5.32957386705446, 1.225896205255553, -1.3545775399603501, 1.5692322628345408
676, 6.751459775086506, -1.3160607228194234, 1.565751416316343, 4.105076542276844, -0.5293378599681051, 26.00062830547717, -8.114625565806367, 5.604994730707725, 1.22133840633568, -1.317053250976804, 1.5669019188026334
677, 6.7614619377162635, -1.273709925981381, 1.5600523064383718, 4.3650828253316165, -0.6104841156261689, 26.00062830547717, -8.114625565806367, 5.888066260240974, 1.2182455578511466, -1.2743697191649097, 1.5617046162042953
678, 6.771464100346021, -1.228759066312791, 1.5535417340038198, 4.625089108386389, -0.6916303712842327, 26.00062830547717, -8.114625565806367, 6.178051176857899, 1.2164340024594684, -1.2271246141339025, 1.553078216769925
679, 6.781466262975779, -1.1812081438136532, 1.546219699012687, 4.885095391441158, -0.7727766269422964, 26.00062830547717, -8.114625565806367, 6.474093213007429, 1.215712834056708, -1.1800284867465651, 1.546658411692534
680, 6.791468425605537, -1.131057158483968, 1.5380862014649739, 5.145101674495931, -0.8539228826003601, 26.00062830547717, -8.114625565806367, 6.775206466974101, 1.2158844477293886, -1.132204006884418, 1.5375392807088455
681, 6.801470588235294, -1.0783061103237346, 1.52914124136068, 5.405107957550703, -0.9350691382584237, 26.00062830547717, -8.114625565806367, 7.080265392666742, 1.2167452173447535, -1.078594154983087, 1.530151122200254
682, 6.811472750865052, -1.0229549993329536, 1.5193848186998054, 5.665114240605475, -1.0162153939164873, 26.00062830547717, -8.114625565806367, 7.387995770933459, 1.2180863131837345, -1.020328503126619, 1.5198349465467733
683, 6.82147491349481, -0.9650038255116249, 1.50881693348235, 5.925120523660246, -1.0973616495745513, 26.00062830547717, -8.114625565806367, 7.696967054891406, 1.2196946702534839, -0.9652369188919158, 1.508117298666915
684, 6.831477076124568, -0.9057526202750246, 1.497843316986605, 5.9251205236602384, -1.0973616495745486, 0.0, 0.0, 6.127739448547253, 0.9647727891698246, -0.9053126474331135, 1.498362193506837
685, 6.841479238754325, -0.846501415038422, 1.4868697004908595, 5.9251205236602384, -1.0973616495745486, 0.0, 0.0, 6.256307601691502, 0.9368271125562073, -0.8467304884944461, 1.4885452612591266
686, 6.851481401384083, -0.7872502098018197, 1.475896083995114, 5.9251205236602384, -1.0973616495745486, 0.0, 0.0, 6.375039619166705, 0.9069659647903603, -0.7881299562989296, 1.4765662056610547
687, 6.861483564013842, -0.7279990045652172, 1.4649224674993684, 5.9251205236602384, -1.0973616495745486, 0.0, 0.0, 6.483483599070066, 0.8752574100906336, -0.7275053207223608, 1.4644943546116544
688, 6.871485726643599, -0.6687477993286148, 1.453948851003623, 5.9251205236602384, -1.0973616495745486, 0.0, 0.0, 6.581221571747221, 0.8417736316327573, -0.6686331939475074, 1.4529328611704093
689, 6.881487889273357, -0.6094965940920123, 1.4429752345078775, 5.9251205236602384, -1.0973616495745486, 0.0, 0.0, 6.667871051860774, 0.8065907635488281, -0.6114788857343969, 1.4445754411883511
690, 6.891490051903115, -0.5502453888554097, 1.432001618012132, 5.9251205236602384, -1.0973616495745486, 0.0, 0.0, 6.743086470579663, 0.7697887137418604, -0.5498449501453712, 1.43238819941475
691, 6.9014922145328725, -0.4909941836188074, 1.4210280015163865, 5.9251205236602384, -1.0973616495745486, 0.0, 0.0, 6.806560482653867, 0.7314509779287683, -0.4897497495340807, 1.4198643301655416
692, 6.91149437716263, -0.4317429783822049, 1.410054385020641, 5.9251205236602384, -1.0973616495745486, 0.0, 0.0, 6.858025143567719, 0.6916644453450769, -0.4313624406923655, 1.4094007135000595
693, 6.921496539792388, -0.37249177314560256, 1.3990807685248954, 5.9251205236602384, -1.0973616495745486, 0.0, 0.0, 6.897252952411236, 0.6505191965640968, -0.3704598056965417, 1.3988983993057917
694, 6.931498702422146, -0.313240567909, 1.38810715202915, 5.9251205236602384, -1.0973616495745486, 0.0, 0.0, 6.924057756570887, 0.6081082939016524, -0.31254062976559277, 1.3881461737436638
695, 6.9415008650519034, -0.2539893626723977, 1.3771335355334045, 5.9251205236602384, -1.0973616495745486, 0.0, 0.0, 6.938295514817408, 0.5645275648947521, -0.2541110453233019, 1.3766282667224683
696, 6.951503027681661, -0.19473815743579515, 1.366159919037659, 5.9251205236602384, -1.0973616495745486, 0.0, 0.0, 6.939864915857131, 0.5198753793587025, -0.19547384140631027, 1.3670946859615647
697, 6.961505190311419, -0.1354869521991926, 1.3551863025419135, 5.9251205236602384, -1.0973616495745486, 0.0, 0.0, 6.928707849912935, 0.47425242054214833, -0.13555293376129496, 1.355598666139541
698, 6.971507352941177, -0.0762357469625905, 1.344212686046168, 5.9251205236602384, -1.0973616495745486, 0.0, 0.0, 6.904809731409874, 0.42776145091326145, -0.07470788708756648, 1.3431883301986665
699, 6.981509515570934, -0.018343652532354593, 1.3333521222411155, 5.7049520539455285, -1.0843176307918387, -16.851477815606657, 0.347749942684856, 5.465348498189195, 0.07763786039116782, -0.01718209755545403, 1.3329537286335393
700, 6.991511678200692, 0.03786329411632017, 1.3225263334303312, 5.536437275789462, -1.08084013136499, -16.851477815606657, 0.347749942684856, 5.320664435312638, -0.005851723688211075, 0.039038824885494115, 1.322582541223616
701, 7.00151384083045, 0.09238509298343445, 1.3117353196138155, 5.367922497633396, -1.0773626319381415, -16.851477815606657, 0.347749942684856, 5.166972640431607, -0.0869115229312643, 0.09129910794938202, 1.3129775348640707
702, 7.011516003460208, 0.14522174406898813, 1.3009790807915684, 5.199407719477328, -1.073885132511293, -16.851477815606657, 0.347749942684856, 5.005375092263481, -0.1654177499151548, 0.14557861261840996, 1.3004057087622758
703, 7.021518166089966, 0.19637324737298123, 1.2902576169635898, 5.030892941321261, -1.0704076330844445, -16.851477815606657, 0.347749942684856, 4.83694553948645, -0.24126591727735058, 0.19786221443325244, 1.2882488607579226
704, 7.031520328719724, 0.2458396028954134, 1.2795709281298795, 4.862378163165195, -1.0669301336575958, -16.851477815606657, 0.347749942684856, 4.662723132309979, -0.31436946268479576, 0.24501815294918072, 1.2799549634320373
705, 7.041522491349482, 0.2936208106362853, 1.2689190142904379, 4.693863385009128, -1.0634526342307473, -16.851477815606657, 0.347749942684856, 4.483707242819614, -0.38465834399434895, 0.2944099496303506, 1.268633204919914
706, 7.051524653979239, 0.3397168705955962, 1.2583018754452646, 4.525348606853062, -1.0599751348038988, -16.851477815606657, 0.347749942684856, 4.300853387238245, -0.4520776244662113, 0.3395975306644093, 1.2585565808232893
707, 7.061526816608997, 0.38412778277334647, 1.2477195115943598, 4.3568338286969945, -1.0564976353770503, -16.851477815606657, 0.347749942684856, 4.115070158837938, -0.5165860652342483, 0.38575023280276755, 1.246602261665654
708, 7.071528979238755, 0.42685354716953616, 1.2371719227377236, 4.188319050540929, -1.0530201359502016, -16.851477815606657, 0.347749942684856, 3.927217077923964, -0.5781547397339217, 0.426982929882761, 1.238258608735041
709, 7.0815311418685125, 0.46789416378416526, 1.2266591088753558, 4.01980427238486, -1.0495426365233531, -16.851477815606657, 0.347749942684856, 3.738103264799246, -0.6367656824596445, 0.4667568278978576, 1.2236033981442613
710, 7.09153330449827, 0.5072496326172333, 1.2161810700072564, 3.8512894942287947, -1.0460651370965046, -16.851477815606657, 0.347749942684856, 3.5484868426210285, -0.692410582281844, 0.5042558653318939, 1.2172407758101864
711, 7.101535467128028, 0.5449199536687411, 1.2057378061334256, 3.682774716072728, -1.042587637669656, -16.851477815606657, 0.347749942684856, 3.35907497931659, -0.7450895286078042, 0.5462144706191129, 1.2054783142865948
712, 7.111537629757786, 0.5809051269386881, 1.1953293172538633, 3.514259937916661, -1.0391101382428074, -16.851477815606657, 0.347749942684856, 3.170524480986188, -0.7948098169225009, 0.5824177185265832, 1.1957217980876595
713, 7.121539792387543, 0.6152051524270744, 1.1849556033685695, 3.3457451597605945, -1.035632638815959, -16.851477815606657, 0.347749942684856, 2.9834428532649806, -0.8415848186955764, 0.6138164349579638, 1.1867350601916093
714, 7.131541955017301, 0.6478200301339001, 1.1746166644775442, 3.177230381604528, -1.0321551393891104, -16.851477815606657, 0.347749942684856, 2.79838975174039, -0.8854329192842592, 0.6463440299658237, 1.1735633718105156
715, 7.141544117647059, 0.678749760059165, 1.1643125005807873, 3.0087156034484606, -1.0286776399622617, -16.851477815606657, 0.347749942684856, 2.6158787475484635, -0.9263765262930326, 0.6790358576405973, 1.1660041160193777
716, 7.151546280276817, 0.7079943422028694, 1.1540431116782988, 2.8402008252923943, -1.025200140535413, -16.851477815606657, 0.347749942684856, 2.4363793395461437, -0.9644411498606333, 0.7074084440436367, 1.152379860920995
717, 7.161548442906575, 0.735553776565013, 1.1438084977700789, 2.671686047136328, -1.0217226411085645, -16.851477815606657, 0.347749942684856, 2.260319149841939, -0.999654555523454, 0.7350939327649366, 1.1417097674047816
718, 7.171550605536333, 0.7614280631455959, 1.1336086588561276, 2.5031712689802603, -1.018245141681716, -16.851477815606657, 0.347749942684856, 2.0880862448516053, -1.0320459896405159, 0.7622099572868669, 1.1321519580649448
719, 7.181552768166091, 0.7856172019446183, 1.1234435949364445, 2.334656490824194, -1.0147676422548675, -16.851477815606657, 0.347749942684856, 1.9200315293346435, -1.0616454768469106, 0.7844516283123656, 1.1231114186916384
720, 7.191554930795848, 0.8081211929620798, 1.1133133060110303, 2.1661417126681277, -1.0112901428280188, -16.851477815606657, 0.347749942684856, 1.7564711659858219, -1.0884831886176598, 0.8078407174459239, 1.1131254274328208
721, 7.201557093425606, 0.8289400361979807, 1.1032177920798842, 1.9976269345120603, -1.0078126434011703, -16.851477815606657, 0.347749942684856, 1.5976889780450727, -1.1125888817597063, 0.8291436664502121, 1.1032954778658215
722, 7.211559256055364, 0.848073731652321, 1.0931570531430068, 1.8291121563559938, -1.0043351439743218, -16.851477815606657, 0.347749942684856, 1.4439387970051467, -1.1339914054936548, 0.846687030185126, 1.0908449721597588
723, 7.221561418685122, 0.8655222793251007, 1.0831310892003978, 1.660597378199927, -1.000857644547473, -16.851477815606657, 0.347749942684856, 1.295446721809617, -1.1527182757264418, 0.8650661301466699, 1.0834755002032699
724, 7.231563581314879, 0.8812856792163197, 1.0731399002520574, 1.4920826000438603, -0.9973801451206246, -16.851477815606657, 0.347749942684856, 1.1524132599264967, -1.1687953151390653, 0.8818029353136493, 1.0732975548021777
725, 7.241565743944637, 0.8953639313259779, 1.0631834862979852, 1.3235678218877938, -0.9939026456937761, -16.851477815606657, 0.347749942684856, 1.015015324347981, -1.1822463578078872, 0.8952351393246614, 1.0633530099054145
726, 7.251567906574395, 0.9077570356540756, 1.0532618473381818, 1.1550530437317268, -0.9904251462669275, -16.851477815606657, 0.347749942684856, 0.8834080639072754, -1.1930930172321474, 0.9083817695302261, 1.0536677776681604
727, 7.2615700692041525, 0.9184649922006125, 1.0433749833726467, 0.9865382655756603, -0.986947646840079, -16.851477815606657, 0.347749942684856, 0.7577265073299089, -1.2013545168428312, 0.9164411013774988, 1.0427085757778856
728, 7.27157223183391, 0.9274878009655887, 1.0335228944013801, 0.8180234874195934, -0.9834701474132304, -16.851477815606657, 0.347749942684856, 0.6380870041672425, -1.2070475823078506, 0.927533775113251, 1.035148368624679
729, 7.281574394463668, 0.9348254619490044, 1.023705580424382, 0.6495087092635267, -0.9799926479863819, -16.851477815606657, 0.347749942684856, 0.524588448218159, -1.2101863952147425, 0.9350940681538805, 1.0246830627799883
730, 7.291576557093426, 0.9404779751508593, 1.0139230414416525, 0.48099393110746, -0.9765151485595334, -16.851477815606657, 0.347749942684856, 0.4173132712601184, -1.2107826079941386, 0.9402238514236285, 1.01511722718107
731, 7.301578719723183, 0.9444453405711536, 1.0041752774531914, 0.3124791529513934, -0.9730376491326845, -16.851477815606657, 0.347749942684856, 0.3163281969165842, -1.208845420234544, 0.9442600506868388, 1.0034918649018851
732, 7.311580882352942, 0.9467275582098872, 0.9944622884589989, 0.14396437479532653, -0.969560149705836, -16.851477815606657, 0.347749942684856, 0.22168474632119242, -1.2043817168209396, 0.9470597772971159, 0.994076416837287
733, 7.3215830449827, 0.9473246280670601, 0.9847840744590747, -0.024550403360739992, -0.9660826502789875, -16.851477815606657, 0.347749942684856, 0.1334194889401932, -1.1973962685958992, 0.9481685565944769, 0.9852456988879872
734, 7.3315852076124575, 0.9462365501426724, 0.975140635453419, -0.19306518151680685, -0.962605150852139, -16.851477815606657, 0.347749942684856, 0.051554033526045456, -1.1878919964815557, 0.947864424110215, 0.975682139757911
735, 7.341587370242215, 0.943463324436724, 0.9655319714420318, -0.3615799596728736, -0.9591276514252903, -16.851477815606657, 0.347749942684856, -0.023905244258927177, -1.1758703002030668, 0.9442480058398883, 0.9644079673198359
736, 7.351589532871973, 0.9390049509492149, 0.9559580824249132, -0.5300947378289403, -0.9556501519984418, -16.851477815606657, 0.347749942684856, -0.09296773944345729, -1.161331452908092, 0.938515014208067, 0.9565764071696256
737, 7.361591695501731, 0.9328614296801452, 0.946418968402063, -0.698609515985007, -0.9521726525715933, -16.851477815606657, 0.347749942684856, -0.1556594208538132, -1.1442750630708736, 0.9334544412904922, 0.946149144218144
738, 7.371593858131488, 0.9250327606295148, 0.9369146293734814, -0.8671242941410738, -0.9486951531447448, -16.851477815606657, 0.347749942684856, -0.2120238982987052, -1.1247006050920956, 0.9237426724445108, 0.935293947937591
739, 7.381596020761246, 0.9163615176881044, 0.9274276778420342, -0.8671242941410682, -0.9486951531447448, 0.0, 0.0, 1.3493651563789708, -0.7265382928721369, 0.9148696233234155, 0.9270670805691257
740, 7.391598183391004, 0.9076902747466937, 0.9179407263105868, -0.8671242941410682, -0.9486951531447448, 0.0, 0.0, 1.390353932205235, -0.7094457502924425, 0.9092208834549609, 0.9179386964082271
741, 7.401600346020762, 0.899019031805283, 0.9084537747791392, -0.8671242941410682, -0.9486951531447448, 0.0, 0.0, 1.4312690445622147, -0.6922728298076176, 0.8973555986945658, 0.9077022803944514
742, 7.411602508650519, 0.8903477888638722, 0.8989668232476918, -0.8671242941410682, -0.9486951531447448, 0.0, 0.0, 1.4721030196084608, -0.6750252144204292, 0.8917529263346583, 0.8971173965134976
743, 7.421604671280277, 0.8816765459224616, 0.8894798717162443, -0.8671242941410682, -0.9486951531447448, 0.0, 0.0, 1.5128483702666644, -0.6577086120172062, 0.881127872555411, 0.888796567375063
744, 7.431606833910035, 0.873005302981051, 0.8799929201847969, -0.8671242941410682, -0.9486951531447448, 0.0, 0.0, 1.5534975982418056, -0.6403287534839848, 0.8730791908666979, 0.8787841891122283
745, 7.4416089965397925, 0.8643340600396402, 0.8705059686533494, -0.8671242941410682, -0.9486951531447448, 0.0, 0.0, 1.5940431960460315, -0.6228913908150425, 0.8635926759144208, 0.8701607357798139
746, 7.45161115916955, 0.8556628170982296, 0.861019017121902, -0.8671242941410682, -0.9486951531447448, 0.0, 0.0, 1.6344776490296193, -0.6054022952144562, 0.8578618641295276, 0.860727907744933
747, 7.461613321799309, 0.8469915741568188, 0.8515320655904546, -0.8671242941410682, -0.9486951531447448, 0.0, 0.0, 1.6747934374174114, -0.5878672551912972, 0.8470366801728302, 0.8525302649347593
748, 7.4716154844290665, 0.8383203312154082, 0.8420451140590071, -0.8671242941410682, -0.9486951531447448, 0.0, 0.0, 1.7149830383500517, -0.5702920746491036, 0.8403139970467224, 0.8418914698471563
749, 7.481617647058824, 0.8296490882739975, 0.8325581625275595, -0.8671242941410682, -0.9486951531447448, 0.0, 0.0, 1.7550389279294119, -0.5526825709702526, 0.8295513086546671, 0.8340873829199963
750, 7.491619809688582, 0.8209778453325868, 0.8230712109961121, -0.8671242941410682, -0.9486951531447448, 0.0, 0.0, 1.7949535832675498, -0.5350445730958665, 0.821556433953982, 0.8230278807242618
751, 7.50162197231834, 0.812306602391176, 0.8135842594646647, -0.8671242941410682, -0.9486951531447448, 0.0, 0.0, 1.8347194845385584, -0.5173839196018863, 0.8104619399896347, 0.8150209514716134
752, 7.511624134948097, 0.8036353594497654, 0.8040973079332172, -0.8671242941410682, -0.9486951531447448, 0.0, 0.0, 1.8743291170326724, -0.4997064567719481, 0.8049411767694117, 0.8059874870700873
753, 7.521626297577855, 0.7949641165083547, 0.7946103564017698, -0.8671242941410682, -0.9486951531447448, 0.0, 0.0, 1.9137749732119733, -0.4820180366676937, 0.7955038584944361, 0.7939373726704555
754, 7.531628460207613, 0.786292873566944, 0.7851234048703224, -0.8671242941410682, -0.9486951531447448, 0.0, 0.0, 1.9530495547670523, -0.46432451519715917, 0.7854420555477186, 0.7846470924244678
755, 7.541630622837371, 0.7776216306255332, 0.7756364533388749, -0.8671242941410682, -0.9486951531447448, 0.0, 0.0, 1.992145374673989, -0.44663175018187, 0.7784972579630415, 0.7751830703298064
756, 7.551632785467128, 0.7689503876841226, 0.7661495018074274, -0.8671242941410682, -0.9486951531447448, 0.0, 0.0, 2.0310549592509894, -0.42894559942328825, 0.7689412658259116, 0.7669049430380006
757, 7.561634948096886, 0.760279144742712, 0.75666255027598, -0.8671242941410682, -0.9486951531447448, 0.0, 0.0, 2.069770850214049, -0.41127191876924224, 0.7604762955101673, 0.7564742821305094
758, 7.571637110726644, 0.7516079018013013, 0.7471755987445325, -0.8671242941410682, -0.9486951531447448, 0.0, 0.0, 2.1082856067309836, -0.3936165601809826, 0.7538165315940367, 0.748140016702964
759, 7.5816392733564015, 0.7429366588598906, 0.737688647213085, -0.8671242941410682, -0.9486951531447448, 0.0, 0.0, 2.146591807473179, -0.37598536980149777, 0.7422634579940448, 0.7382001389647831
760, 7.591641435986159, 0.7342654159184798, 0.7282016956816375, -0.8671242941410682, -0.9486951531447448, 0.0, 0.0, 2.1846820526644284, -0.3583841860257293, 0.7354436774310639, 0.7289677770517486
761, 7.601643598615917, 0.7253721715919118, 0.7190194160584368, -0.9303713558481113, -0.9083804835654009, -8.209384638262188, 1.9694957509351292, 1.4459202091470074, -0.5114229690278351, 0.7250640338470545, 0.7188870133993243
762, 7.611645761245676, 0.7156579888015175, 0.7100340860103295, -1.0124652022307332, -0.8886855260560494, -8.209384638262188, 1.9694957509351292, 1.442690156873718, -0.48242366366728234, 0.71476149175752, 0.7112666936681435
763, 7.621647923875433, 0.7051228675472971, 0.7012457055373158, -1.0945590486133552, -0.8689905685466982, -8.209384638262188, 1.9694957509351292, 1.441738169334434, -0.4527067638521531, 0.704907302159096, 0.7023515042007036
764, 7.631650086505191, 0.6937668078292505, 0.6926542746393956, -1.1766528949959771, -0.849295611037347, -8.209384638262188, 1.9694957509351292, 1.4429777704781623, -0.4222895939749197, 0.6925743899910177, 0.6936627015776533
765, 7.641652249134949, 0.6815898096473776, 0.6842597933165688, -1.258746741378599, -0.8296006535279955, -8.209384638262188, 1.9694957509351292, 1.4463144328135527, -0.39119081725799165, 0.6796482790470055, 0.6852081618872582
766, 7.6516544117647065, 0.6685918730016784, 0.6760622615688356, -1.340840587761221, -0.8099056960186443, -8.209384638262188, 1.9694957509351292, 1.4516452615198498, -0.35943052836742523, 0.66842497325911, 0.6764705391706485
767, 7.661656574394464, 0.6547729978921532, 0.6680616793961959, -1.4229344341438428, -0.790210738509293, -8.209384638262188, 1.9694957509351292, 1.4588586709835039, -0.3270303472379134, 0.6542661898801124, 0.6674441477725919
768, 7.671658737024222, 0.6401331843188016, 0.6602580467986497, -1.5050282805264648, -0.7705157809999416, -8.209384638262188, 1.9694957509351292, 1.4678340563434036, -0.2940135136601335, 0.6399945554831292, 0.6613405077915417
769, 7.68166089965398, 0.6246724322816238, 0.652651363776197, -1.587122126909087, -0.7508208234905904, -8.209384638262188, 1.9694957509351292, 1.4784414628659692, -0.2604049821403768, 0.6238581528602776, 0.6519942054668205
770, 7.691663062283737, 0.6083907417806198, 0.6452416303288379, -1.669215973291709, -0.7311258659812391, -8.209384638262188, 1.9694957509351292, 1.4905412562188634, -0.22623151649957435, 0.6075197621594776, 0.6427961498308373
771, 7.701665224913495, 0.5912881128157896, 0.6380288464565722, -1.7513098196743306, -0.7114309084718877, -8.209384638262188, 1.9694957509351292, 1.5039837969682839, -0.19152178363453698, 0.5900264857377909, 0.6378956920025195
772, 7.711667387543253, 0.5733645453871332, 0.6310130121594001, -1.8334036660569528, -0.6917359509625365, -8.209384638262188, 1.9694957509351292, 1.5186091228890473, -0.15630644581855402, 0.5734631644549177, 0.63320640691593
773, 7.721669550173011, 0.5546200394946506, 0.6241941274373215, -1.9154975124395746, -0.6720409934531851, -8.209384638262188, 1.9694957509351292, 1.5342466429478145, -0.12061825087170058, 0.5564193693163558, 0.624308165241088
774, 7.731671712802768, 0.5350545951383416, 0.6175721922903364, -1.9975913588221967, -0.6523460359438339, -8.209384638262188, 1.9694957509351292, 1.5507148470967578, -0.08449211948346205, 0.534203524702563, 0.6167061006852719
775, 7.741673875432526, 0.5146682123182066, 0.6111472067184448, -2.0796852052048185, -0.6326510784344824, -8.209384638262188, 1.9694957509351292, 1.5678210362961098, -0.047965228921887815, 0.5159886225583402, 0.6127956928043292
776, 7.751676038062284, 0.49346089103424523, 0.6049191707216467, -2.16177905158744, -0.6129561209251312, -8.209384638262188, 1.9694957509351292, 1.5853610774676863, -0.011077092314718984, 0.4947855596398256, 0.6047162059844862
777, 7.761678200692042, 0.47143263128645774, 0.5988880842999422, -2.2438728979700624, -0.59326116341578, -8.209384638262188, 1.9694957509351292, 1.603119188365437, 0.026130367360862106, 0.47116457234424425, 0.5993445926701849
778, 7.7716803633218, 0.44858343307484394, 0.5930539474533312, -2.3259667443526846, -0.5735662059064285, -8.209384638262188, 1.9694957509351292, 1.620867757631098, 0.06361274949167317, 0.44763012027600607, 0.593640294842198
779, 7.781682525951558, 0.424913296399404, 0.5874167601818135, -2.4080605907353063, -0.5538712483970774, -8.209384638262188, 1.9694957509351292, 1.638367205580183, 0.1013231152046678, 0.42307483225230386, 0.5888177648023436
780, 7.791684688581316, 0.40042222126013777, 0.5819765224853896, -2.4901544371179285, -0.534176290887726, -8.209384638262188, 1.9694957509351292, 1.6553658915329026, 0.1392119349117517, 0.3991265992380357, 0.5828616043451725
781, 7.801686851211073, 0.3751102076570454, 0.5767332343640591, -2.5722482835005502, -0.5144813333783747, -8.209384638262188, 1.9694957509351292, 1.6716000737627037, 0.17722704507402087, 0.3771013822766223, 0.5775030722308556
782, 7.811689013840831, 0.3489772555901267, 0.5716868958178221, -2.654342129883172, -0.49478637586902335, -8.209384638262188, 1.9694957509351292, 1.6867939283779252, 0.21531361527863388, 0.34945236445526195, 0.5718168992205158
783, 7.821691176470589, 0.3220233650593819, 0.5668375068466786, -2.736435976265794, -0.475091418359672, -8.209384638262188, 1.9694957509351292, 1.700659633675772, 0.2534141267611646, 0.3215858559305917, 0.5658156671121888
784, 7.8316933391003465, 0.2942485360648108, 0.5621850674506286, -2.8185298226484163, -0.45539646085032076, -8.209384638262188, 1.9694957509351292, 1.712897526707344, 0.29146836354237304, 0.2956691672752192, 0.5623818729496767
785, 7.841695501730104, 0.2656527686064135, 0.5577295776296721, -2.900623669031038, -0.4357015033409694, -8.209384638262188, 1.9694957509351292, 1.7231963389632243, 0.329413417380256, 0.2659818304791498, 0.5590205116046763
786, 7.851697664359862, 0.23623606268419, 0.5534710373838092, -2.98271751541366, -0.4160065458316181, -8.209384638262188, 1.9694957509351292, 1.7312335182255494, 0.36718370776523174, 0.2378704191247718, 0.5520418017956842
787, 7.86169982698962, 0.20599841829814025, 0.5494094467130398, -3.064811361796282, -0.3963115883222668, -8.209384638262188, 1.9694957509351292, 1.7366756437288131, 0.40471101820760136, 0.2051052615813725, 0.5499054084394345
788, 7.871701989619377, 0.1749398354482643, 0.5455448056173638, -3.1469052081789037, -0.37661663081291546, -8.209384638262188, 1.9694957509351292, 1.7391789418218928, 0.4419245500812202, 0.17565317161181837, 0.5445801997039419
789, 7.881704152249135, 0.1430603141345621, 0.5418771140967815, -3.2289990545615255, -0.35692167330356417, -8.209384638262188, 1.9694957509351292, 1.7383899093212627, 0.47875099529472004, 0.1436204339135545, 0.5418188138107166
790, 7.891706314878893, 0.11035985435703372, 0.5384063721512926, -3.311092900944148, -0.3372267157942129, -8.209384638262188, 1.9694957509351292, 1.7339460516834646, 0.5151146290607769, 0.1106178652653068, 0.5377816189865909
791, 7.901708477508651, 0.07683845611567908, 0.5351325797808972, -3.39318674732677, -0.3175317582848616, -8.209384638262188, 1.9694957509351292, 1.725476742996474, 0.5509374240239034, 0.07430965064277939, 0.5367039431423711
792, 7.911710640138409, 0.042496119410498245, 0.5320557369855954, -3.4752805937093916, -0.2978368007755102, -8.209384638262188, 1.9694957509351292, 1.7126042145872464, 0.5861391869870873, 0.042812760750412675, 0.5328659852606057
793, 7.921712802768167, 0.007332844241491165, 0.529175843765387, -3.5573744400920138, -0.278141843266159, -8.209384638262188, 1.9694957509351292, 1.6949446787590365, 0.6206377194463402, 0.007576646515568712, 0.5296521947383623
794, 7.931714965397925, -0.028651369391342052, 0.5264929001202722, -3.6394682864746355, -0.25844688575680763, -8.209384638262188, 1.9694957509351292, 1.6721095937993653, 0.6543490030989044, -0.027054946944618803, 0.5287419138602769
795, 7.941717128027682, -0.06545652148800152, 0.5240069060502508, -3.7215621328572572, -0.23875192824745634, -8.209384638262188, 1.9694957509351292, 1.6437070759299441, 0.6871874114344539, -0.06552741043191666, 0.5241400226688329
796, 7.95171929065744, -0.10308261204848734, 0.5217178615553231, -3.80365597923988, -0.219056970738105, -8.209384638262188, 1.9694957509351292, 1.6093434632959636, 0.7190659484481678, -0.10480173106231686, 0.5213557029919302
797, 7.961721453287198, -0.1415296410727992, 0.5196257666354888, -3.8857498256225016, -0.1993620132287537, -8.209384638262188, 1.9694957509351292, 1.5686250364061434, 0.7498965154290764, -0.13970745044529012, 0.5198690883679598
798, 7.9717236159169556, -0.1807976085609374, 0.517730621290748, -3.9678436720051233, -0.17966705571940242, -8.209384638262188, 1.9694957509351292, 1.5211598986296047, 0.7795902066756077, -0.1804617840149648, 0.5196023763125249
799, 7.981725778546713, -0.22088651451290164, 0.5160324255211007, -4.049937518387745, -0.1599720982100511, -8.209384638262188, 1.9694957509351292, 1.4665600194240036, 0.808057634871918, -0.22018094908830393, 0.5159148807552716
800, 7.991727941176471, -0.26179635892869246, 0.5145311793265469, -4.132031364770367, -0.14027714070069977, -8.209384638262188, 1.9694957509351292, 1.4044434419047929, 0.8352092867224808, -0.2618571901538359, 0.5136947426707442
801, 8.00173010380623, -0.30311667257639463, 0.51312840791954, -4.132031364770365, -0.14027714070070044, 0.0, 0.0, 2.1545063755643072, 1.055960510329356, -0.3036961089233409, 0.5128606843576081
802, 8.011732266435986, -0.34443698622409835, 0.511725636512533, -4.132031364770365, -0.14027714070070044, 0.0, 0.0, 2.117298676189031, 1.0633941863052239, -0.343763991793058, 0.5124933229356421
803, 8.021734429065745, -0.3857572998718021, 0.5103228651055259, -4.132031364770365, -0.14027714070070044, 0.0, 0.0, 2.072815957296412, 1.0690640160529958, -0.38474957568895446, 0.510657290992063
804, 8.031736591695502, -0.4270776135195057, 0.508920093698519, -4.132031364770365, -0.14027714070070044, 0.0, 0.0, 2.0211334881765115, 1.0729588905416443, -0.4263850378367922, 0.5084167464397595
805, 8.04173875432526, -0.4683979271672094, 0.5075173222915119, -4.132031364770365, -0.14027714070070044, 0.0, 0.0, 1.9623390381902928, 1.0750709394074247, -0.46647114214483315, 0.5061914871823072
806, 8.051740916955017, -0.509718240814913, 0.506114550884505, -4.132031364770365, -0.14027714070070044, 0.0, 0.0, 1.8965327278639252, 1.0753955453186683, -0.5095466346621053, 0.5075782469223568
807, 8.061743079584776, -0.5510385544626168, 0.5047117794774979, -4.132031364770365, -0.14027714070070044, 0.0, 0.0, 1.8238268585146713, 1.073931352403839, -0.5514631880092634, 0.5049995269670055
808, 8.071745242214533, -0.5923588681103205, 0.503309008070491, -4.132031364770365, -0.14027714070070044, 0.0, 0.0, 1.7443457206982678, 1.070680268727483, -0.5920092046720341, 0.5037238847747485
809, 8.081747404844291, -0.6336791817580241, 0.5019062366634839, -4.132031364770365, -0.14027714070070044, 0.0, 0.0, 1.6582253818044688, 1.0656474628095423, -0.6340921212189267, 0.5010063293955559
810, 8.091749567474048, -0.6749994954057279, 0.5005034652564769, -4.132031364770365, -0.14027714070070044, 0.0, 0.0, 1.5656134531637917, 1.0588413541943908, -0.6737199499878557, 0.4997684120197173
811, 8.101751730103807, -0.7163198090534315, 0.4991006938494699, -4.132031364770365, -0.14027714070070044, 0.0, 0.0, 1.4666688370641534, 1.0502735980868052, -0.7158683014972512, 0.4999678805033719
812, 8.111753892733564, -0.7576401227011351, 0.4976979224424629, -4.132031364770365, -0.14027714070070044, 0.0, 0.0, 1.3615614541110581, 1.0399590640829042, -0.7574626499858904, 0.49671119072849784
813, 8.121756055363322, -0.798960436348839, 0.4962951510354559, -4.132031364770365, -0.14027714070070044, 0.0, 0.0, 1.2504719513993017, 1.0279158090348743, -0.7983952410995712, 0.4952821467045411
814, 8.13175821799308, -0.8402807499965426, 0.4948923796284489, -4.132031364770365, -0.14027714070070044, 0.0, 0.0, 1.1335913919975673, 1.0141650440990095, -0.8411166383947343, 0.4938875144742398
815, 8.141760380622838, -0.8816010636442462, 0.4934896082214419, -4.132031364770365, -0.14027714070070044, 0.0, 0.0, 1.0111209262798786, 0.9987310960271901, -0.880740499339933, 0.4935676133636858
816, 8.151762543252596, -0.92292137729195, 0.4920868368144349, -4.132031364770365, -0.14027714070070044, 0.0, 0.0, 0.8832714456695561, 0.9816413627724517, -0.9228254429733024, 0.49314797578563296
817, 8.161764705882353, -0.9642416909396536, 0.49068406540742787, -4.132031364770365, -0.14027714070070044, 0.0, 0.0, 0.750263219392024, 0.9629262634896639, -0.9623451605609984, 0.49064859053535576
818, 8.171766868512112, -1.0055620045873572, 0.48928129400042086, -4.132031364770365, -0.14027714070070044, 0.0, 0.0, 0.6123255148624405, 0.94261918302256, -1.0043385078427425, 0.48823548337887285
819, 8.181769031141869, -1.046882318235061, 0.4878785225934139, -4.132031364770365, -0.14027714070070044, 0.0, 0.0, 0.4696962023627682, 0.9207564109784332, -1.0470208249072421, 0.4871649673671495
820, 8.191771193771627, -1.0882026318827647, 0.48647575118640685, -4.132031364770365, -0.14027714070070044, 0.0, 0.0, 0.3226213446903188, 0.8973770755016884, -1.088483589427767, 0.48647488816035667
821, 8.201773356401384, -1.1295229455304683, 0.4850729797793999, -4.132031364770365, -0.14027714070070044, 0.0, 0.0, 0.17135477248609066, 0.8725230718671048, -1.1313976514551158, 0.4853853289428089
822, 8.211775519031143, -1.1708432591781721, 0.4836702083723929, -4.132031364770365, -0.14027714070070044, 0.0, 0.0, 0.016157645976302426, 0.8462389860231325, -1.1709524868926773, 0.48350484546671657
823, 8.2217776816609, -1.2121635728258757, 0.4822674369653859, -4.132031364770365, -0.14027714070070044, 0.0, 0.0, -0.14270199611571632, 0.8185720132247549, -1.21174369769383, 0.4828795279662853
824, 8.231779844290658, -1.2534838864735793, 0.48086466555837887, -4.132031364770365, -0.14027714070070044, 0.0, 0.0, -0.3049496997076333, 0.789571871904402, -1.2535572238542287, 0.48147822227426373
825, 8.241782006920415, -1.2948042001212832, 0.47946189415137186, -4.132031364770365, -0.14027714070070044, 0.0, 0.0, -0.4703050697454043, 0.7592907129381137, -1.2938437668782405, 0.47864200347432717
826, 8.251784169550174, -1.3361245137689868, 0.47805912274436485, -4.132031364770365, -0.14027714070070044, 0.0, 0.0, -0.6384822550192473, 0.7277830244725253, -1.3383730154347098, 0.4768526781859039
827, 8.26178633217993, -1.3774448274166904, 0.47665635133735784, -4.132031364770365, -0.14027714070070044, 0.0, 0.0, -0.8091904425694239, 0.695105532486377, -1.3762227034459795, 0.47905098371618604
828, 8.27178849480969, -1.4187651410643942, 0.47525357993035083, -4.132031364770365, -0.14027714070070044, 0.0, 0.0, -0.9821343608260955, 0.6613170972680119, -1.4202308226197051, 0.4765570992258619
829, 8.281790657439446, -1.4600854547120976, 0.4738508085233438, -4.132031364770365, -0.14027714070070044, 0.0, 0.0, -1.157014790612133, 0.626478605997798, -1.459322712458688, 0.47231301558664424
830, 8.291792820069205, -1.5014057683598012, 0.4724480371163368, -4.132031364770365, -0.14027714070070044, 0.0, 0.0, -1.333529083123886, 0.5906528616314993, -1.5008167674690045, 0.47133631642958823
831, 8.301794982698963, -1.5427260820075048, 0.4710452657093298, -4.132031364770365, -0.14027714070070044, 0.0, 0.0, -1.5113716839925255, 0.5539044682873931, -1.5430444581389398, 0.47023354810897694
832, 8.31179714532872, -1.5840463956552084, 0.4696424943023228, -4.132031364770365, -0.14027714070070044, 0.0, 0.0, -1.6902346625178544, 0.5162997133462917, -1.5836678142789244, 0.4707428405436547
833, 8.321799307958479, -1.6253667093029125, 0.4682397228953158, -4.132031364770365, -0.14027714070070044, 0.0, 0.0, -1.869808245157189, 0.477906446479638, -1.6256681046093386, 0.46804762230822966
834, 8.331801470588236, -1.666687022950616, 0.46683695148830884, -4.132031364770365, -0.14027714070070044, 0.0, 0.0, -2.0497813523443336, 0.4387939558264484, -1.6652794428224749, 0.4669888461104161
835, 8.341803633217994, -1.7080073365983197, 0.4654341800813018, -4.132031364770365, -0.14027714070070044, 0.0, 0.0, -2.2298421377076485, 0.3990328415450716, -1.70665177211729, 0.46634872415652595
836, 8.351805795847751, -1.7493276502460233, 0.4640314086742948, -4.132031364770365, -0.14027714070070044, 0.0, 0.0, -2.4096785287517704, 0.35869488697053836, -1.7495905522087938, 0.46439538714885903
837, 8.36180795847751, -1.790647963893727, 0.46262863726728776, -4.132031364770365, -0.14027714070070044, 0.0, 0.0, -2.5889787680648113, 0.31785292761262945, -1.7905089033881108, 0.4631883954817413
838, 8.371810121107266, -1.8319682775414305, 0.4612258658602808, -4.132031364770365, -0.14027714070070044, 0.0, 0.0, -2.7674319541116743, 0.27658071823374536, -1.8316441135889399, 0.459506573397739
839, 8.381812283737025, -1.8732885911891346, 0.4598230944532738, -4.132031364770365, -0.14027714070070044, 0.0, 0.0, -2.944728580674628, 0.23495279824915272, -1.8729009741684401, 0.46104242401494216
840, 8.391814446366782, -1.9146089048368382, 0.4584203230462668, -4.132031364770365, -0.14027714070070044, 0.0, 0.0, -3.120561074004363, 0.19304435569525602, -1.91683550586339, 0.45805334994615277
841, 8.40181660899654, -1.9559292184845418, 0.4570175516392598, -4.132031364770365, -0.14027714070070044, 0.0, 0.0, -3.294624326748554, 0.15093109001414207, -1.9560657789887208, 0.45851422095168537
842, 8.411818771626297, -1.9972495321322454, 0.45561478023225277, -4.132031364770365, -0.14027714070070044, 0.0, 0.0, -3.4666162277302206, 0.10868907390482253, -1.9978783559079845, 0.4577838268035651
843, 8.421820934256056, -2.038569845779949, 0.45421200882524576, -4.132031364770365, -0.14027714070070044, 0.0, 0.0, -3.636238186655248, 0.0663946144932878, -2.037994464885653, 0.45238191373044373
844, 8.431823096885813, -2.0798901594276527, 0.45280923741823875, -4.132031364770365, -0.14027714070070044, 0.0, 0.0, -3.803195652836945, 0.024124114074734998, -2.080932808750988, 0.4535396851652146
845, 8.441825259515571, -2.1212104730753567, 0.45140646601123174, -4.132031364770365, -0.14027714070070044, 0.0, 0.0, -3.967198627035697, -0.018046069317881698, -2.120440547994508, 0.45160412094148333
846, 8.45182742214533, -2.1625307867230603, 0.45000369460422474, -4.132031364770365, -0.14027714070070044, 0.0, 0.0, -4.127962165523519, -0.060039761264525406, -2.1607950920805545, 0.45143512915681333
847, 8.461829584775087, -2.203851100370764, 0.4486009231972177, -4.132031364770365, -0.14027714070070044, 0.0, 0.0, -4.28520687549657, -0.10178110997365786, -2.203005977870305, 0.4484494252718537
848, 8.471831747404845, -2.2451714140184675, 0.4471981517902107, -4.132031364770365, -0.14027714070070044, 0.0, 0.0, -4.4386594009735285, -0.14319472470902694, -2.246370331068957, 0.44556274669889856
849, 8.481833910034602, -2.284674395203426, 0.4453047158584097, -3.82076035361387, -0.2401820149987664, 25.907552976393475, -10.167684363732862, -2.0569173637403875, 0.3863777371450966, -2.2839048885652704, 0.4443486915417769
850, 8.491836072664361, -2.321586621090745, 0.4423945114902354, -3.5616848238499346, -0.3418588586360951, 25.907552976393475, -10.167684363732862, -2.0634355361006165, 0.2816327432394545, -2.3222898884755474, 0.4414067963626231
851, 8.501838235294118, -2.3559080916804245, 0.4384675386856878, -3.302609294086, -0.44353570227342376, 25.907552976393475, -10.167684363732862, -2.0573652590062323, 0.18017152523676278, -2.3547240745238334, 0.43795018974120603
852, 8.511840397923876, -2.3876388069724648, 0.4335237974447669, -3.043533764322065, -0.5452125459107525, 25.907552976393475, -10.167684363732862, -2.0392410162484698, 0.08205263632136134, -2.3902461192827564, 0.4332339332562578
853, 8.521842560553633, -2.416778766966866, 0.4275632877674727, -2.78445823455813, -0.6468893895480813, 25.907552976393475, -10.167684363732862, -2.009614624558259, -0.01269172091540427, -2.4157267262901856, 0.4274748239887347
854, 8.531844723183392, -2.443327971663628, 0.42058600965380527, -2.525382704794195, -0.7485662331854099, 25.907552976393475, -10.167684363732862, -1.9690442515129365, -0.10405421430507594, -2.4415575664791263, 0.4216532881627204
855, 8.541846885813149, -2.46728642106275, 0.4125919631037645, -2.26630717503026, -0.8502430768227387, 25.907552976393475, -10.167684363732862, -1.918084770763915, -0.1920510310829287, -2.4680714910963224, 0.4125266795296153
856, 8.551849048442907, -2.4886541151642327, 0.40358114811735046, -2.007231645266325, -0.9519199204600673, 25.907552976393475, -10.167684363732862, -1.857279366720535, -0.27672065937174295, -2.489023023720764, 0.4037699545781084
857, 8.561851211072664, -2.5074310539680766, 0.39355356469456315, -1.7481561155023904, -1.053596764097396, 25.907552976393475, -10.167684363732862, -1.7871522953134436, -0.3581228026881532, -2.507181817502385, 0.3918350914283695
858, 8.571853373702423, -2.523617237474281, 0.38250921283540257, -1.489080585738455, -1.1552736077347248, 25.907552976393475, -10.167684363732862, -1.7082027056791067, -0.4363374253500045, -2.5240295031317426, 0.38038416156307303
859, 8.58185553633218, -2.5372126656828455, 0.37044809253986866, -1.2300050559745197, -1.2569504513720535, 25.907552976393475, -10.167684363732862, -1.6208994289993104, -0.5114639242006411, -2.5369095921937905, 0.3707546048863619
860, 8.591857698961938, -2.548217338593771, 0.3573702038079615, -0.9709295262105846, -1.358627295009382, 25.907552976393475, -10.167684363732862, -1.525676644787862, -0.5836204197686843, -2.548899499461704, 0.3577552347621282
861, 8.601859861591697, -2.5566312562070572, 0.34327554663968096, -0.7118539964466497, -1.4603041386467108, 25.907552976393475, -10.167684363732862, -1.4229303411846232, -0.6529431578358065, -2.556130542443384, 0.34338317651493094
862, 8.611862024221454, -2.5624544185227043, 0.32816412103502723, -0.45277846668271504, -1.5619809822840396, 25.907552976393475, -10.167684363732862, -1.3130154938876186, -0.7195860103766856, -2.562326209873469, 0.32828995732981514
863, 8.621864186851212, -2.5656868255407117, 0.3120359269940001, -0.1937029369187795, -1.6636578259213683, 25.907552976393475, -10.167684363732862, -1.19624389786791, -0.7837200629519974, -2.5654350170061835, 0.31313645890242275
864, 8.631866349480969, -2.56632847726108, 0.2948909645165998, 0.06537259284515518, -1.765334669558697, 25.907552976393475, -10.167684363732862, -1.0728825966527735, -0.8455332738657658, -2.5656973255028523, 0.2940342990230375
865, 8.641868512110728, -2.5643793736838085, 0.2767292336028262, 0.3244481226090894, -1.8670115131960259, 25.907552976393475, -10.167684363732862, -0.9431528654503973, -0.9052301887332407, -2.564948754169272, 0.27725973507816987
866, 8.651870674740485, -2.559839514808898, 0.2575507342526792, 0.583523652373025, -1.9686883568333542, 25.907552976393475, -10.167684363732862, -0.8072297164738425, -0.9630316925377299, -2.5602761109272754, 0.25711429025601634
867, 8.661872837370243, -2.552708900636348, 0.23735546646615904, 0.8425991821369596, -2.070365200470683, 25.907552976393475, -10.167684363732862, -0.6652419072748901, -1.019174779780185, -2.5517893345071343, 0.2364300057089532
868, 8.671875, -2.5429875311661587, 0.2161434302432656, 1.1016747119008952, -2.1720420441080117, 25.907552976393475, -10.167684363732862, -0.5172724455048772, -1.0739123219426163, -2.5432391527620717, 0.21545786034816827
869, 8.681877162629759, -2.53067540639833, 0.1939146255839988, 1.3607502416648298, -2.2737188877453405, 25.907552976393475, -10.167684363732862, -0.36335959606966983, -1.1275128101977805, -2.530923300616747, 0.191809131158191
870, 8.691879325259515, -2.515772526332862, 0.1706690524883587, 1.6198257714287654, -2.3753957313826692, 25.907552976393475, -10.167684363732862, -0.20349840892537796, -1.1802600501087532, -2.5152609375083848, 0.17085770163478578
871, 8.701881487889274, -2.498278890969755, 0.1464067109563454, 1.8789013011927, -2.477072575019998, 25.907552976393475, -10.167684363732862, -0.03764279754401212, -1.2324527839826698, -2.500606818328903, 0.14580580057442283
872, 8.711883650519031, -2.478194500309008, 0.12112760098795872, 2.137976830956635, -2.5787494186573263, 25.907552976393475, -10.167684363732862, 0.13429179088395982, -1.284404215586547, -2.4807936606578083, 0.1226199041749006
873, 8.72188581314879, -2.455519354350622, 0.09483172258319883, 2.39705236072057, -2.680426262294655, 25.907552976393475, -10.167684363732862, 0.3124250624259639, -1.3364414111175307, -2.4561609624743084, 0.09330902058292923
874, 8.731887975778546, -2.430253453094597, 0.06751907574206556, 2.6561278904845054, -2.782103105931984, 25.907552976393475, -10.167684363732862, 0.49690786079405624, -1.3889045496668642, -2.4306529476411236, 0.06838095952221819
875, 8.741890138408305, -2.402396796540932, 0.03918966046455907, 2.9152034202484396, -2.883779949569313, 25.907552976393475, -10.167684363732862, 0.6879173823749292, -1.4421459959525043, -2.4022083316151495, 0.038644884607226905
876, 8.751892301038064, -2.3719493846896276, 0.009843476750679203, 3.1742789500123747, -2.9854567932066414, 25.907552976393475, -10.167684363732862, 0.8856515502226578, -1.4965291678497263, -2.3718849953159684, 0.009611934984459999
877, 8.76189446366782, -2.3389112175406845, -0.020519475399573883, 3.43335447977631, -3.0871336368439697, 25.907552976393475, -10.167684363732862, 1.0903224729527194, -1.5524271712564428, -2.340003279370888, -0.019733979841195067
878, 8.771896626297579, -2.3032822950941014, -0.05189919598620024, 3.692430009540246, -3.188810480481299, 25.907552976393475, -10.167684363732862, 1.3021489151230237, -1.6102211751283417, -2.302424971067593, -0.05229529148523493
879, 8.781898788927336, -2.2650626173498796, -0.08429568500919993, 3.9515055393041796, -3.2904873241186277, 25.907552976393475, -10.167684363732862, 1.5213477099047599, -1.6702985001498103, -2.265576891965972, -0.08445140767877128
880, 8.791900951557095, -2.2242521843080176, -0.11770894246857289, 4.210581069068115, -3.3921641677559564, 25.907552976393475, -10.167684363732862, 1.7481240532137938, -1.7330503955146253, -2.2244023188030906, -0.11646041012237317
881, 8.801903114186851, -2.180850995968517, -0.15213896836431906, 4.46965659883205, -3.493841011393285, 25.907552976393475, -10.167684363732862, 1.982660631602361, -1.7988694797229463, -2.181478176519585, -0.15355444316701772
882, 8.81190527681661, -2.1348590523313766, -0.18758576269643856, 4.7287321285959845, -3.595517855030614, 25.907552976393475, -10.167684363732862, 2.225105554726414, -1.8681468232075917, -2.134969931856686, -0.18736204416861785
883, 8.821907439446367, -2.086276353396597, -0.2240493254649314, 4.98780765835992, -3.6971946986679423, 25.907552976393475, -10.167684363732862, 2.475559087724947, -1.9412686530337668, -2.085120089733086, -0.22485487227140505
884, 8.831909602076125, -2.035102899164178, -0.26152965666979766, 5.246883188123855, -3.798871542305271, 25.907552976393475, -10.167684363732862, 2.734059209962402, -2.0186126629235144, -2.0362053976425494, -0.2617157624885898
885, 8.841911764705882, -1.98133868963412, -0.3000267563110368, 5.50595871788779, -3.9005483859426, 25.907552976393475, -10.167684363732862, 3.0005660648170065, -2.100543915489982, -1.982192389395595, -0.3000937057932889
886, 8.85191392733564, -1.9249837248064225, -0.3395406243886496, 5.765034247651724, -4.0022252295799285, 25.907552976393475, -10.167684363732862, 3.2749454109672334, -2.1874103278761665, -1.9237199950886208, -0.337446409889613
887, 8.861916089965398, -1.8660380046810854, -0.38007126090263543, 6.02410977741566, -4.103902073217257, 25.907552976393475, -10.167684363732862, 3.556951239205736, -2.2795377370241616, -1.8664133043865492, -0.37987283744998723
888, 8.871918252595156, -1.804501529258109, -0.4216186658529947, 6.283185307179595, -4.205578916854586, 25.907552976393475, -10.167684363732862, 3.846207780262608, -2.377224546595675, -1.8037081838797855, -0.42115848766052993
889, 8.881920415224913, -1.7416696761863153, -0.46367445502153926, 6.283185307179586, -4.2055789168545825, 0.0, 0.0, 1.6628727757192394, -3.0368712546719303, -1.7409704316904104, -0.46444470514342245
890, 8.891922577854672, -1.6788378231145193, -0.505730244190085, 6.283185307179586, -4.2055789168545825, 0.0, 0.0, 1.8666132958085653, -3.0497287860441733, -1.678249491870403, -0.5057211853753106
891, 8.90192474048443, -1.6160059700427234, -0.547786033358631, 6.283185307179586, -4.2055789168545825, 0.0, 0.0, 2.0726595898878823, -3.061666260130261, -1.6146831655889147, -0.5476078256023758
892, 8.911926903114187, -1.5531741169709274, -0.5898418225271769, 6.283185307179586, -4.2055789168545825, 0.0, 0.0, 2.280201733044467, -3.0726401549387625, -1.5550738185080644, -0.5909407924613858
893, 8.921929065743946, -1.4903422638991315, -0.6318976116957227, 6.283185307179586, -4.2055789168545825, 0.0, 0.0, 2.4884261385469157, -3.0826083364924872, -1.489647142949024, -0.6325632794969233
894, 8.931931228373703, -1.4275104108273358, -0.6739534008642685, 6.283185307179586, -4.2055789168545825, 0.0, 0.0, 2.696518838881345, -3.09153014314924, -1.4271244118223823, -0.6737557176129099
895, 8.941933391003461, -1.3646785577555398, -0.7160091900328145, 6.283185307179586, -4.2055789168545825, 0.0, 0.0, 2.903668765278379, -3.099366467451027, -1.3645435087826006, -0.7170406854278933
896, 8.951935553633218, -1.3018467046837439, -0.7580649792013603, 6.283185307179586, -4.2055789168545825, 0.0, 0.0, 3.1090710126343946, -3.1060798353526655, -1.3018895874824925, -0.7578608012161212
897, 8.961937716262977, -1.239014851611948, -0.8001207683699061, 6.283185307179586, -4.2055789168545825, 0.0, 0.0, 3.3119300767933, -3.1116344826853473, -1.2395919705901781, -0.8003824255465058
898, 8.971939878892734, -1.176182998540152, -0.8421765575384519, 6.283185307179586, -4.2055789168545825, 0.0, 0.0, 3.511463051269613, -3.1159964287155377, -1.1747164618153614, -0.8420438305555584
899, 8.981942041522492, -1.113351145468356, -0.8842323467069979, 6.283185307179586, -4.2055789168545825, 0.0, 0.0, 3.7069027706593936, -3.119133546664662, -1.114140234494945, -0.884040987651818
900, 8.991944204152249, -1.0505192923965603, -0.9262881358755437, 6.283185307179586, -4.2055789168545825, 0.0, 0.0, 3.897500888201889, -3.1210156310603887, -1.0500026006471759, -0.9276957869480349
901, 9.001946366782008, -0.9876874393247643, -0.9683439250440895, 6.283185307179586, -4.2055789168545825, 0.0, 0.0, 4.082530875220893, -3.121614461795839, -0.9879651898563351, -0.9689932418084822
902, 9.011948529411764, -0.9248555862529684, -1.0103997142126355, 6.283185307179586, -4.2055789168545825, 0.0, 0.0, 4.261290930489517, -3.1209038647788567, -0.9259238827151198, -1.008952171574055
903, 9.021950692041523, -0.8620237331811724, -1.0524555033811813, 6.283185307179586, -4.2055789168545825, 0.0, 0.0, 4.4331067879242445, -3.118859769059436, -0.8617677019551713, -1.0512049181093113
904, 9.03195285467128, -0.7991918801093765, -1.0945112925497271, 6.283185307179586, -4.2055789168545825, 0.0, 0.0, 4.597334411422278, -3.115460260329617, -0.800921079809739, -1.095256133986052
905, 9.041955017301039, -0.7363600270375805, -1.1365670817182731, 6.283185307179586, -4.2055789168545825, 0.0, 0.0, 4.75336256610866, -3.110685630696495, -0.7367676414697033, -1.136649399680896
906, 9.051957179930797, -0.6735281739657846, -1.178622870886819, 6.283185307179586, -4.2055789168545825, 0.0, 0.0, 4.900615255754662, -3.1045184246356032, -0.6736214633009984, -1.1790334396478563
907, 9.061959342560554, -0.6106963208939886, -1.2206786600553647, 6.283185307179586, -4.2055789168545825, 0.0, 0.0, 5.0385540166645795, -3.096943481038574, -0.6125634920670897, -1.2188226784829843
908, 9.071961505190313, -0.5478644678221927, -1.2627344492239105, 6.283185307179586, -4.2055789168545825, 0.0, 0.0, 5.166680058902099, -3.0879479712759244, -0.547002196560981, -1.2626387337838394
909, 9.08196366782007, -0.4850326147503967, -1.3047902383924566, 6.283185307179586, -4.2055789168545825, 0.0, 0.0, 5.284536246337712, -3.077521433202782, -0.48660522279129176, -1.303508292153262
910, 9.091965830449828, -0.42220076167860077, -1.3468460275610024, 6.283185307179586, -4.2055789168545825, 0.0, 0.0, 5.391708907642585, -3.065655801042534, -0.42362358607256634, -1.3471660468701372
911, 9.101967993079585, -0.35936890860680526, -1.3889018167295482, 6.283185307179586, -4.2055789168545825, 0.0, 0.0, 5.48782947102955, -3.0523454310906395, -0.3598223113194629, -1.39034651742382
912, 9.111970155709344, -0.2965370555350093, -1.4309576058980942, 6.283185307179586, -4.2055789168545825, 0.0, 0.0, 5.572575916245603, -3.0375871231882114, -0.2959089445185007, -1.431736932446358
913, 9.1219723183391, -0.23370520246321336, -1.47301339506664, 6.283185307179586, -4.2055789168545825, 0.0, 0.0, 5.645674038049714, -3.0213801379224314, -0.23381495094362678, -1.4743149745686703
914, 9.131974480968859, -0.17219809282108023, -1.513714855988062, 6.053783699986042, -3.958506301948386, -19.385452845454004, 22.327958038758737, 4.577507824889734, -2.8133420258669517, -0.17143181410369374, -1.5145450816870711
915, 9.141976643598616, -0.11262952846349239, -1.5521835211056079, 5.859929171531502, -3.7352267215607986, -19.385452845454004, 22.327958038758737, 4.5905080761814965, -2.6211188934554075, -0.11234035237931585, -1.553361120391988
916, 9.151978806228374, -0.05499950939044984, -1.588419390419278, 5.6660746430769615, -3.511947141173211, -19.385452845454004, 22.327958038758737, 4.590123230164245, -2.429869657204832, -0.05573780202136006, -1.587778632914064
917, 9.161980968858131, 0.0006919643980469736, -1.6224224639290723, 5.472220114622422, -3.2886675607856235, -19.385452845454004, 22.327958038758737, 4.577092767331807, -2.2399590221911425, -0.0002506734117691333, -1.6221474177715511
918, 9.17198313148789, 0.0544448929019985, -1.6541927416349904, 5.27836558616788, -3.065387980398036, -19.385452845454004, 22.327958038758737, 4.552226649587388, -2.051685138636654, 0.05657031895816144, -1.6554722455608206
919, 9.181985294117647, 0.10625927612140473, -1.683730223537033, 5.084511057713341, -2.8421084000104484, -19.385452845454004, 22.327958038758737, 4.516386574134572, -1.8652865861404366, 0.10593091010670362, -1.6841473426301405
920, 9.191987456747405, 0.15613511405626546, -1.7110349096351996, 4.8906565292588, -2.6188288196228613, -19.385452845454004, 22.327958038758737, 4.470468929303708, -1.6809492926795582, 0.1567261027333368, -1.7107042895795823
921, 9.201989619377164, 0.20407240670658078, -1.7361067999294901, 4.696802000804261, -2.3955492392352737, -19.385452845454004, 22.327958038758737, 4.415389476850967, -1.4988132802342828, 0.20399383611090868, -1.7356117412815955
922, 9.21199178200692, 0.2500711540723507, -1.758945894419905, 4.502947472349721, -2.1722696588476857, -19.385452845454004, 22.327958038758737, 4.352069747926208, -1.3189791516410772, 0.25201413209330936, -1.7586392678129208
923, 9.22199394463668, 0.29413135615357544, -1.779552193106444, 4.30909294389518, -1.948990078460098, -19.385452845454004, 22.327958038758737, 4.281425109388506, -1.1415142532810165, 0.29309693554691213, -1.7788340553048632
924, 9.231996107266436, 0.33625301295025445, -1.797925695989107, 4.11523841544064, -1.7257104980725102, -19.385452845454004, 22.327958038758737, 4.204354432947262, -0.9664584654901983, 0.3367126534811884, -1.79719105697882
925, 9.241998269896195, 0.37643612446238817, -1.8140664030678941, 3.9213838869860997, -1.502430917684923, -19.385452845454004, 22.327958038758737, 4.12173128115864, -0.7938295872185039, 0.3772481481623204, -1.8141929911902797
926, 9.252000432525952, 0.4146806906899765, -1.8279743143428056, 3.727529358531559, -1.2791513372973353, -19.385452845454004, 22.327958038758737, 4.034396511018389, -0.623628293596361, 0.4145322923521816, -1.8281608082737113
927, 9.26200259515571, 0.4509867116330194, -1.8396494298138408, 3.533674830077019, -1.0558717569097478, -19.385452845454004, 22.327958038758737, 3.943152187160956, -0.45584265486316555, 0.4503265071050817, -1.8401790496168995
928, 9.272004757785467, 0.4853541872915169, -1.8490917494810004, 3.339820301622479, -0.8325921765221602, -19.385452845454004, 22.327958038758737, 3.8487566919075107, -0.29045221275604044, 0.4859743333684369, -1.849629022382837
929, 9.282006920415226, 0.517783117665469, -1.856301273344284, 3.145965773167939, -0.6093125961345731, -19.385452845454004, 22.327958038758737, 3.751920918029758, -0.12743161615831472, 0.5157781082673276, -1.856035042041641
930, 9.292009083044983, 0.5482735027548759, -1.861278001403692, 2.9521112447133984, -0.3860330157469849, -19.385452845454004, 22.327958038758737, 3.653305431570421, 0.03324617822454809, 0.5492819523164916, -1.8617947264165542
931, 9.302011245674741, 0.5768253425597372, -1.8640219336592239, 2.7582567162588587, -0.1627534353593978, -19.385452845454004, 22.327958038758737, 3.5535184958801187, 0.1916071319437525, 0.576913047162578, -1.8652344580923388
932, 9.312013408304498, 0.603438637080053, -1.86453307011088, 2.564402187804318, 0.06052614502818976, -19.385452845454004, 22.327958038758737, 3.453114853729428, 0.34767376827852275, 0.6029903252589536, -1.863816924712859
933, 9.322015570934257, 0.6281133863158235, -1.86281141075866, 2.3705476593497776, 0.2838057254157773, -19.385452845454004, 22.327958038758737, 3.352595171511709, 0.5014632236904238, 0.6288287821462514, -1.861287971184001
934, 9.332017733564014, 0.6508495902670486, -1.8588569556025645, 2.1766931308952375, 0.5070853058033651, -19.385452845454004, 22.327958038758737, 3.2524060577849907, 0.652985698697014, 0.6508728791368958, -1.8591643141977872
935, 9.342019896193772, 0.6716472489337283, -1.8526697046425928, 1.9828386024406974, 0.7303648861909526, -19.385452845454004, 22.327958038758737, 3.1529405773681023, 0.8022433011418844, 0.6716530365862484, -1.8524031545661175
936, 9.35202205882353, 0.6905063623158625, -1.8442496578787453, 1.788984073986157, 0.9536444665785402, -19.385452845454004, 22.327958038758737, 3.054539191601108, 0.949229276879753, 0.6920784957921758, -1.8446231123419496
937, 9.362024221453288, 0.7074269304134515, -1.8335968153110218, 1.5951295455316168, 1.1769240469661277, -19.385452845454004, 22.327958038758737, 2.9574910649298563, 1.0939276252475323, 0.7065711795132009, -1.8349244471015163
938, 9.372026384083046, 0.722408953226495, -1.8207111769394226, 1.4012750170770765, 1.4002036273537155, -19.385452845454004, 22.327958038758737, 2.862035687433477, 1.236313099166893, 0.7217550445537522, -1.8210401038127704
939, 9.382028546712803, 0.735452430754993, -1.8055927427639475, 1.2074204886225366, 1.623483207741303, -19.385452845454004, 22.327958038758737, 2.768364772060302, 1.3763515921330531, 0.7376038408717541, -1.8055871171759106
940, 9.392030709342562, 0.7465573629989457, -1.7882415127845965, 1.0135659601679963, 1.8467627881288904, -19.385452845454004, 22.327958038758737, 2.6766243939688867, 1.5140009164992423, 0.7459271531537325, -1.7894029694323996
941, 9.402032871972319, 0.755723749958353, -1.7686574870013696, 0.8197114317134564, 2.0700423685164777, -19.385452845454004, 22.327958038758737, 2.5869173472980442, 1.6492119791747841, 0.75579986529149, -1.7694077136836153
942, 9.412035034602077, 0.7629515916332148, -1.746840665414267, 0.6258569032589159, 2.293321948904066, -19.385452845454004, 22.327958038758737, 2.4993057017353157, 1.7819303619214173, 0.7631373337274602, -1.74718891878702
943, 9.422037197231834, 0.7682408880235312, -1.7227910480232884, 0.43200237480437575, 2.516601529291653, -19.385452845454004, 22.327958038758737, 2.413813547246189, 1.9120983136573368, 0.7671346093161486, -1.7210583145402092
944, 9.432039359861593, 0.7715916391293023, -1.696508634828434, 0.23814784634983543, 2.7398811096792404, -19.385452845454004, 22.327958038758737, 2.3304299201008827, 2.039657161357365, 0.7709686022842998, -1.6975304675477336
945, 9.44204152249135, 0.773003844950528, -1.6679934258297036, 0.044293317895295115, 2.963160690066828, -19.385452845454004, 22.327958038758737, 2.249111906728828, 2.164550144063337, 0.7727069610358529, -1.670522809396709
946, 9.452043685121108, 0.7724775054872083, -1.6372454210270972, -0.1495612105592452, 3.1864402704544155, -19.385452845454004, 22.327958038758737, 2.1697879237834585, 2.2867256709833823, 0.7732745765493558, -1.6362459979514374
947, 9.462045847750865, 0.7700126207393431, -1.6042646204206152, -0.3434157390137851, 3.4097198508420035, -19.385452845454004, 22.327958038758737, 2.0923611729559424, 2.406140999457022, 0.7714639303462218, -1.6066145372590779
948, 9.472048010380623, 0.7656091907069325, -1.5690510240102573, -0.5372702674683255, 3.632999431229591, -19.385452845454004, 22.327958038758737, 2.0167132673872405, 2.5227663214979987, 0.7646514199769816, -1.5702726793312467
949, 9.48205017301038, 0.7592672153899764, -1.5316046317960232, -0.7311247959228655, 3.856279011617178, -19.385452845454004, 22.327958038758737, 1.9427080228556837, 2.636589238516396, 0.7591565746875183, -1.530049276836422
950, 9.492052335640139, 0.7509866947884752, -1.4919254437779135, -0.9249793243774058, 4.079558592004766, -19.385452845454004, 22.327958038758737, 1.8701954011419637, 2.747619592507649, 0.751071377219083, -1.4916112791887162
951, 9.502054498269898, 0.7407676289024284, -1.4500134599559278, -1.1188338528319464, 4.302838172392353, -19.385452845454004, 22.327958038758737, 1.7990155850005427, 2.8558946083548538, 0.7422381068062953, -1.4490898291111143
952, 9.512056660899654, 0.7286100177318363, -1.4058686803300664, -1.3126883812864862, 4.526117752779941, -19.385452845454004, 22.327958038758737, 1.7290031539376218, 2.9614842858462795, 0.7295481330785528, -1.4051124301814166
953, 9.522058823529413, 0.7145138612766987, -1.359491104900329, -1.5065429097410266, 4.749397333167528, -19.385452845454004, 22.327958038758737, 1.6599913175010792, 3.0644969615484925, 0.7152334256464503, -1.3587934657615588
954, 9.53206098615917, 0.699448432179289, -1.3119971315686554, -1.5065429097410201, 4.749397333167521, 0.0, 0.0, 2.832613422480587, 3.13263851303668, 0.6982597959293532, -1.3107633067576954
955, 9.542063148788928, 0.6843830030818787, -1.2645031582369801, -1.5065429097410201, 4.749397333167521, 0.0, 0.0, 2.8812456832747877, 3.151086804842037, 0.6825365383195232, -1.2653243728420904
956, 9.552065311418685, 0.6693175739844686, -1.2170091849053049, -1.5065429097410201, 4.749397333167521, 0.0, 0.0, 2.9280582273893137, 3.1687708088192275, 0.6695872727964769, -1.2162516470721147
957, 9.562067474048444, 0.6542521448870584, -1.1695152115736296, -1.5065429097410201, 4.749397333167521, 0.0, 0.0, 2.9730315731915793, 3.18567108895415, 0.6542732672511908, -1.1705731538574609
958, 9.5720696366782, 0.639186715789648, -1.1220212382419543, -1.5065429097410201, 4.749397333167521, 0.0, 0.0, 3.0161480895980386, 3.2017689177338733, 0.6403826128670724, -1.1239389164432436
959, 9.58207179930796, 0.6241212866922379, -1.074527264910279, -1.5065429097410201, 4.749397333167521, 0.0, 0.0, 3.057392000832767, 3.217046297996242, 0.6243132290144271, -1.0734239122847486
960, 9.592073961937716, 0.6090558575948277, -1.0270332915786038, -1.5065429097410201, 4.749397333167521, 0.0, 0.0, 3.0967493884212187, 3.231485984267348, 0.6090333367115421, -1.0253942350899945
961, 9.602076124567475, 0.5939904284974175, -0.9795393182469285, -1.5065429097410201, 4.749397333167521, 0.0, 0.0, 3.13420819043815, 3.245071503558975, 0.5927457454681215, -0.9802542064025452
962, 9.612078287197232, 0.5789249994000072, -0.9320453449152533, -1.5065429097410201, 4.749397333167521, 0.0, 0.0, 3.16975819803361, 3.2577871755981618, 0.5797225346475751, -0.9308677787100172
963, 9.62208044982699, 0.563859570302597, -0.884551371583578, -1.5065429097410201, 4.749397333167521, 0.0, 0.0, 3.2033910492657798, 3.269618132461035, 0.5650032996806578, -0.884981308929347
964, 9.632082612456747, 0.5487941412051869, -0.8370573982519027, -1.5065429097410201, 4.749397333167521, 0.0, 0.0, 3.235100220274137, 3.280550337583185, 0.5478481391938073, -0.8369779185364343
965, 9.642084775086506, 0.5337287121077766, -0.7895634249202275, -1.5065429097410201, 4.749397333167521, 0.0, 0.0, 3.2648810138311033, 3.29057060411897, 0.5341550023812368, -0.7886748152342042
966, 9.652086937716264, 0.5186632830103663, -0.7420694515885522, -1.5065429097410201, 4.749397333167521, 0.0, 0.0, 3.2927305453149325, 3.299666612622336, 0.5192558397365629, -0.7389619588851438
967, 9.662089100346021, 0.5035978539129562, -0.6945754782568769, -1.5065429097410201, 4.749397333167521, 0.0, 0.0, 3.3186477261509575, 3.307826928021947, 0.5046191108229603, -0.6947247365368582
968, 9.67209126297578, 0.48853242481554593, -0.6470815049252017, -1.5065429097410201, 4.749397333167521, 0.0, 0.0, 3.3426332447727303, 3.3150410158637165, 0.48830317714982446, -0.6480608502168358
969, 9.682093425605537, 0.4734669957181358, -0.5995875315935264, -1.5065429097410201, 4.749397333167521, 0.0, 0.0, 3.364689545158704, 3.321299257794139, 0.4737739121001172, -0.5992582274676819
970, 9.692095588235295, 0.4584015666207255, -0.5520935582618511, -1.5065429097410201, 4.749397333167521, 0.0, 0.0, 3.3848208030042404, 3.3265929662582163, 0.45865228818802595, -0.5528641335355009
971, 9.702097750865052, 0.44333613752331535, -0.5045995849301759, -1.5065429097410201, 4.749397333167521, 0.0, 0.0, 3.403032899592569, 3.330914398386166, 0.44219772244630984, -0.5050859723871322
972, 9.71209991349481, 0.4282707084259051, -0.4571056115985008, -1.5065429097410201, 4.749397333167521, 0.0, 0.0, 3.4193333934321597, 3.334256769043617, 0.42831087086597325, -0.45690929725128643
973, 9.722102076124568, 0.41320527932849493, -0.40961163826682556, -1.5065429097410201, 4.749397333167521, 0.0, 0.0, 3.4337314897315068, 3.3366142630204774, 0.414113742637295, -0.40898839931996345
974, 9.732104238754326, 0.39813985023108467, -0.3621176649351503, -1.5065429097410201, 4.749397333167521, 0.0, 0.0, 3.4462380077858086, 3.337982046334277, 0.3977530137558395, -0.3621319665148833
975, 9.742106401384083, 0.3830744211336745, -0.31462369160347503, -1.5065429097410201, 4.749397333167521, 0.0, 0.0, 3.4568653463532835, 3.338356276624388, 0.38224371053200706, -0.31515335558534435
976, 9.752108564013842, 0.36800899203626425, -0.26712971827179954, -1.5065429097410201, 4.749397333167521, 0.0, 0.0, 3.4656274471019284, 3.3377341126142177, 0.36823456496718576, -0.2652270761772909
977, 9.762110726643598, 0.352943562938854, -0.2196357449401245, -1.5065429097410201, 4.749397333167521, 0.0, 0.0, 3.4725397562104634, 3.3361137226191966, 0.3536617327940928, -0.21907035792944696
978, 9.772112889273357, 0.33787813384144383, -0.172141771608449, -1.5065429097410201, 4.749397333167521, 0.0, 0.0, 3.4776191842099076, 3.3334942920791684, 0.3385391323320741, -0.1713246267447627
979, 9.782115051903114, 0.32281270474403356, -0.12464779827677397, -1.5065429097410201, 4.749397333167521, 0.0, 0.0, 3.480884064154754, 3.32987603009461, 0.32295695217922143, -0.12511198945063784
980, 9.792117214532873, 0.3077472756466234, -0.07715382494509848, -1.5065429097410201, 4.749397333167521, 0.0, 0.0, 3.482354108215035, 3.32526017494701, 0.30852817407742106, -0.07540887595758652
981, 9.802119377162631, 0.29268184654921314, -0.029659851613423438, -1.5065429097410201, 4.749397333167521, 0.0, 0.0, 3.4820503627827266, 3.319648998584645, 0.29232023843857974, -0.029648609180023548
982, 9.812121539792388, 0.277616417451803, 0.017834121718251605, -1.5065429097410201, 4.749397333167521, 0.0, 0.0, 3.4799951621877936, 3.313045810055993, 0.2775037328165252, 0.01938613947793018
983, 9.822123702422147, 0.26255098835439283, 0.06532809504992665, -1.5065429097410201, 4.749397333167521, 0.0, 0.0, 3.4762120811209805, 3.3054549578740318, 0.2636945227381665, 0.0650266620169235
984, 9.832125865051903, 0.24748555925698257, 0.11282206838160214, -1.5065429097410201, 4.749397333167521, 0.0, 0.0, 3.4707258858618752, 3.29688183129577, 0.24764183558196903, 0.11490101703714672
985, 9.842128027681662, 0.2324201301595724, 0.16031604171327718, -1.5065429097410201, 4.749397333167521, 0.0, 0.0, 3.463562484412109, 3.287332860502456, 0.2307205358447292, 0.16042192885406242
986, 9.852130190311419, 0.21735470106216215, 0.20781001504495267, -1.5065429097410201, 4.749397333167521, 0.0, 0.0, 3.4547488756346487, 3.2768155156670944, 0.2182032314840283, 0.20743686991604687
987, 9.862132352941178, 0.202289271964752, 0.2553039883766277, -1.5065429097410201, 4.749397333167521, 0.0, 0.0, 3.4443130975009284, 3.2653383048971034, 0.2029627460422853, 0.25524856530368206
988, 9.872134515570934, 0.18722384286734173, 0.3027979617083032, -1.5065429097410201, 4.749397333167521, 0.0, 0.0, 3.432284174548335, 3.2529107710412024, 0.1887062717951489, 0.3024544487848962
989, 9.882136678200693, 0.17215841376993157, 0.35029193503997824, -1.5065429097410201, 4.749397333167521, 0.0, 0.0, 3.4186920646508483, 3.2395434873509084, 0.1735725307263429, 0.3501460489174691
990, 9.89213884083045, 0.1570929846725213, 0.39778590837165373, -1.5065429097410201, 4.749397333167521, 0.0, 0.0, 3.4035676052060317, 3.225248051988362, 0.15575982329318722, 0.3983821765973077
991, 9.902141003460208, 0.14202755557511115, 0.4452798817033288, -1.5065429097410201, 4.749397333167521, 0.0, 0.0, 3.3869424588413892, 3.21003708137357, 0.1426521131423649, 0.44548162563824223
992, 9.912143166089965, 0.1269621264777009, 0.49277385503500426, -1.5065429097410201, 4.749397333167521, 0.0, 0.0, 3.368849058743053, 3.19392420236555, 0.12514922812632048, 0.4925622115775907
993, 9.922145328719724, 0.11189669738029073, 0.5402678283666793, -1.5065429097410201, 4.749397333167521, 0.0, 0.0, 3.349320553709278, 3.1769240432733374, 0.11235904826447032, 0.5403307779356576
994, 9.93214749134948, 0.09683126828288047, 0.5877618016983548, -1.5065429097410201, 4.749397333167521, 0.0, 0.0, 3.3283907530305603, 3.1590522236942253, 0.09790298470594648, 0.5880755800095534
995, 9.94214965397924, 0.08176583918547031, 0.6352557750300298, -1.5065429097410201, 4.749397333167521, 0.0, 0.0, 3.3060940712974736, 3.1403253431781946, 0.08202557314937385, 0.636268856959452
996, 9.952151816608998, 0.06670041008806005, 0.6827497483617053, -1.5065429097410201, 4.749397333167521, 0.0, 0.0, 3.28246547323616, 3.1207609687189377, 0.06602814881759123, 0.6820521056721492
997, 9.962153979238755, 0.05163498099064978, 0.7302437216933804, -1.5065429097410201, 4.749397333167521, 0.0, 0.0, 3.2575404186702697, 3.1003776210735023, 0.05157504069166308, 0.7282456998129208
998, 9.972156141868513, 0.03656955189323963, 0.7777376950250554, -1.5065429097410201, 4.749397333167521, 0.0, 0.0, 3.2313548077066767, 3.0791947599141216, 0.036681837689294006, 0.779823901119198
999, 9.98215830449827, 0.02150412279582936, 0.8252316683567309, -1.5065429097410201, 4.749397333167521, 0.0, 0.0, 3.2039449262406654, 3.0572327678174114, 0.020554643521269348, 0.8251282349120705
1000, 9.992160467128029, 0.006438693698419096, 0.8727256416884059, -1.5065429097410201, 4.749397333167521, 0.0, 0.0, 3.1753473918745203, 3.0345129330977336, 0.007270682009845144, 0.873847565064426
1001, 10.002162629757786, -0.008626735398991059, 0.9202196150200814, -1.5065429097410201, 4.749397333167521, 0.0, 0.0, 3.145599100341422, 3.0110574314931515, -0.009339387641886313, 0.9200759160952421
1002, 10.012164792387544, -0.023692164496401213, 0.9677135883517565, -1.5065429097410201, 4.749397333167521, 0.0, 0.0, 3.1147371725244186, 2.9868893067140605, -0.021438042144976657, 0.9670927391156732
1003, 10.022166955017301, -0.03875759359381137, 1.015207561683432, -1.5065429097410201, 4.749397333167521, 0.0, 0.0, 3.0827989021578794, 2.962032449866215, -0.041903198433394254, 1.014591865176271
1004, 10.03216911764706, -0.053823022691221745, 1.062701535015107, -1.5065429097410201, 4.749397333167521, 0.0, 0.0, 3.049821704296394, 2.936511577761566, -0.05421059334702763, 1.0636415437294027
1005, 10.042171280276817, -0.06897221790217706, 1.109905037876989, -1.4988444007156403, 4.614218817159005, 3.2150240759780373, -21.226293805836818, 2.8844210946889093, 2.6731325813554174, -0.06688195034234445, 1.1111596407915756
1006, 10.052173442906575, -0.08379991070553455, 1.1549859113582872, -1.46669415995586, 4.401955879100637, 3.2150240759780373, -21.226293805836818, 2.8982280001444343, 2.537686560799841, -0.08440083068600372, 1.1565468590693626
1007, 10.062175605536332, -0.09830610110129429, 1.1979441554590018, -1.4345439191960796, 4.189692941042268, 3.2150240759780373, -21.226293805836818, 2.9120721637952114, 2.403316153039896, -0.09607404222888538, 1.1982398172626372
1008, 10.07217776816609, -0.11249078908945617, 1.2387797701791325, -1.4023936784362991, 3.9774300029839, 3.2150240759780373, -21.226293805836818, 2.9258099691866564, 2.2701486767522123, -0.112579580321126, 1.2382552559630813
1009, 10.082179930795848, -0.12635397467002032, 1.2774927555186797, -1.3702434376765185, 3.7651670649255324, 3.2150240759780373, -21.226293805836818, 2.9393270399880076, 2.138296338620963, -0.12705001025670443, 1.278211085207385
1010, 10.092182093425606, -0.1398956578429866, 1.3140831114776432, -1.3380931969167384, 3.5529041268671637, 3.2150240759780373, -21.226293805836818, 2.9525358518010716, 2.0078573620220235, -0.14077659812940294, 1.3144609052463978
1011, 10.102184256055365, -0.1531158386083551, 1.3485508380560232, -1.305942956156958, 3.340641188808795, 3.2150240759780373, -21.226293805836818, 2.9653731352323267, 1.8789171258003108, -0.15289696355364646, 1.3488360150010175
1012, 10.112186418685122, -0.1660145169661258, 1.3808959352538193, -1.2737927153971773, 3.1283782507504263, 3.2150240759780373, -21.226293805836818, 2.9777971587054015, 1.7515492934822343, -0.16727078420161176, 1.3825792913810342
1013, 10.12218858131488, -0.17859169291629864, 1.4111184030710318, -1.241642474637397, 2.9161153126920576, 3.2150240759780373, -21.226293805836818, 2.9897849661163987, 1.6258169158569364, -0.17836854895499896, 1.4096021131084722
1014, 10.132190743944637, -0.19084736645887374, 1.4392182415076604, -1.2094922338776168, 2.70385237463369, 3.2150240759780373, -21.226293805836818, 3.0013296319960197, 1.5017734922676076, -0.19009357452833434, 1.4399375398132173
1015, 10.142192906574396, -0.20278153759385104, 1.4651954505637055, -1.1773419931178362, 2.4915894365753215, 3.2150240759780373, -21.226293805836818, 3.0124375854964374, 1.3794639781613802, -0.20049213616942702, 1.4650239642320482
1016, 10.152195069204152, -0.21439420632123046, 1.489050030239167, -1.145191752358056, 2.2793264985169532, 3.2150240759780373, -21.226293805836818, 3.023126044363316, 1.2589257284445383, -0.21456336742385662, 1.4891926329440368
1017, 10.162197231833911, -0.22568537264101216, 1.5107819805340448, -1.1130415115982757, 2.0670635604585845, 3.2150240759780373, -21.226293805836818, 3.03342059112923, 1.1401893679771427, -0.2251480801335238, 1.5101682389795272
1018, 10.172199394463668, -0.236655036553196, 1.5303913014483386, -1.080891270838495, 1.854800622400216, 3.2150240759780373, -21.226293805836818, 3.043352916077557, 1.0232795821215908, -0.23784527522222249, 1.5297110833228194
1019, 10.182201557093427, -0.24730319805778206, 1.547877992982049, -1.0487410300787148, 1.642537684341848, 3.2150240759780373, -21.226293805836818, 3.0529587450455766, 0.908215821641464, -0.24730243950534772, 1.5479227689396517
1020, 10.192203719723183, -0.2576298571547703, 1.5632420551351756, -1.0165907893189343, 1.4302747462834797, 3.2150240759780373, -21.226293805836818, 3.0622759648061724, 0.7950129174427514, -0.2570802335033818, 1.565219951963788
1021, 10.202205882352942, -0.2676350138441608, 1.5764834879077188, -0.9844405485591539, 1.2180118082251112, 3.2150240759780373, -21.226293805836818, 3.071342954513063, 0.6836816016745022, -0.26789309944073175, 1.575408616935384
1022, 10.212208044982699, -0.2773186681259534, 1.587602291299678, -0.9522903077993734, 1.0057488701667425, 3.2150240759780373, -21.226293805836818, 3.0801971284247327, 0.5742289325780724, -0.27859930729753296, 1.5870682320921279
1023, 10.222210207612457, -0.2866808200001483, 1.5965984653110534, -0.9201400670395931, 0.7934859321083743, 3.2150240759780373, -21.226293805836818, 3.0888736927363145, 0.46665862121305834, -0.28803399154497245, 1.5981605351807975
1024, 10.232212370242214, -0.29572146946674527, 1.6034720099418454, -0.8879898262798127, 0.5812229940500062, 3.2150240759780373, -21.226293805836818, 3.097404617739082, 0.36097125881488995, -0.297139884258218, 1.6038712041645016
1025, 10.242214532871973, -0.3044406165257445, 1.6082229251920537, -0.8558395855200323, 0.36896005599163795, 3.2150240759780373, -21.226293805836818, 3.105817825582244, 0.2571644440759465, -0.305761144576219, 1.6089139592448662
1026, 10.252216695501732, -0.31283826117714597, 1.6108512110616782, -0.8236893447602519, 0.15669711793326924, 3.2150240759780373, -21.226293805836818, 3.1141365935171508, 0.15523281011174608, -0.3143649052408462, 1.6113378335700872
1027, 10.262218858131488, -0.32091440342094957, 1.611356867550719, -0.7915391040004716, -0.055565820125098586, 3.2150240759780373, -21.226293805836818, 3.122379172544422, 0.05516795129938874, -0.32221659765044997, 1.612004997188201
1028, 10.272221020761247, -0.3286690432571554, 1.609739894659176, -0.7593888632406911, -0.2678287581834671, 3.2150240759780373, -21.226293805836818, 3.1305586217443016, -0.043041749419636066, -0.3302197521108834, 1.6085424711457166
1029, 10.282223183391004, -0.3361021806857634, 1.6060002923870496, -0.7272386224809106, -0.48009169624183556, 3.2150240759780373, -21.226293805836818, 3.1386828591337173, -0.13941139177261386, -0.3355750985694416, 1.6055256183058948
1030, 10.292225346020762, -0.3432138157067736, 1.6001380607343396, -0.6950883817211302, -0.6923546343002038, 3.2150240759780373, -21.226293805836818, 3.146754930544195, -0.23395992649172628, -0.34309847625508616, 1.6004252270357104
1031, 10.30222750865052, -0.35000394832018605, 1.5921531997010456, -0.6629381409613498, -0.9046175723585721, 3.2150240759780373, -21.226293805836818, 3.154773498636674, -0.3267106188381417, -0.34940471807257817, 1.5916874985440763
1032, 10.312229671280278, -0.3564725785260006, 1.582045709287168, -0.6307879002015695, -1.1168805104169408, 3.2150240759780373, -21.226293805836818, 3.162733554645655, -0.417691604846154, -0.35572909135172903, 1.5814882247963926
1033, 10.322231833910035, -0.3626197063242174, 1.5698155894927068, -0.598637659441789, -1.329143448475309, 3.2150240759780373, -21.226293805836818, 3.170627355658306, -0.5069365371739081, -0.3617564752056848, 1.5696132196365844
1034, 10.332233996539793, -0.36844533171483645, 1.5554628403176618, -0.5664874186820086, -1.5414063865336773, 3.2150240759780373, -21.226293805836818, 3.1784455900658473, -0.5944853166883612, -0.36829401925078553, 1.5555751341471735
1035, 10.34223615916955, -0.3739494546978576, 1.5389874617620332, -0.5343371779222282, -1.7536693245920458, 3.2150240759780373, -21.226293805836818, 3.1861787731552145, -0.6803849050202608, -0.3757084778167883, 1.5380906161237973
1036, 10.352238321799309, -0.379132075273281, 1.5203894538258207, -0.5021869371624479, -1.9659322626504143, 3.2150240759780373, -21.226293805836818, 3.19381887351953, -0.7646902122819617, -0.3787892135176458, 1.521558299935308
1037, 10.362240484429066, -0.3839931934411066, 1.4996688165090248, -0.47003669640266743, -2.1781952007087826, 3.2150240759780373, -21.226293805836818, 3.2013611689370007, -0.8474650529305499, -0.38404036939123287, 1.4986430035125093
1038, 10.372242647058824, -0.3885328092013344, 1.4768255498116452, -0.43788645564288703, -2.390458138767151, 3.2150240759780373, -21.226293805836818, 3.208806327483207, -0.9287831613669387, -0.3887324291473511, 1.4782216574328209
1039, 10.382244809688581, -0.3927509225539643, 1.4518596537336816, -0.4057362148831066, -2.6027210768255196, 3.2150240759780373, -21.226293805836818, 3.2161627057889186, -1.0087292572771926, -0.39108033605945935, 1.4535512585563022
1040, 10.39224697231834, -0.3966475334989965, 1.4247711282751347, -0.3735859741233262, -2.814984014883888, 3.2150240759780373, -21.226293805836818, 3.2234488514297683, -1.0874001489374834, -0.39638896056675466, 1.4245314646602587
1041, 10.402249134948098, -0.4002226420364309, 1.3955599734360038, -0.3414357333635458, -3.027246952942256, 3.2150240759780373, -21.226293805836818, 3.2306961903417286, -1.1649058607151743, -0.40308242009180284, 1.3947108614173667
1042, 10.412251297577855, -0.4034762481662674, 1.3642261892162897, -0.3092854926037655, -3.239509891000624, 3.2150240759780373, -21.226293805836818, 3.2379518728198926, -1.2413707688068212, -0.4035118860071438, 1.3648790854938417
1043, 10.422253460207614, -0.40640835188850616, 1.3307697756159915, -0.277135251843985, -3.4517728290589926, 3.2150240759780373, -21.226293805836818, 3.2452817430220144, -1.316934726866469, -0.408128676361943, 1.3308289388205867
1044, 10.43225562283737, -0.40901895320314713, 1.2951907326351098, -0.24498501108420462, -3.6640357671173605, 3.2150240759780373, -21.226293805836818, 3.252773386935815, -1.391754160608442, -0.40902929245476227, 1.2959979006851974
1045, 10.44225778546713, -0.4114688033139891, 1.2585503749639373, -0.2449850110842057, -3.664035767117354, 0.0, 0.0, 3.3804606116613707, -1.1819461399024522, -0.4118359724420626, 1.2581768558195965
1046, 10.452259948096886, -0.41391865342483114, 1.2219100172927637, -0.2449850110842057, -3.664035767117354, 0.0, 0.0, 3.408913786292849, -1.1537570138825366, -0.4158982732058438, 1.2207706967817618
1047, 10.462262110726645, -0.41636850353567323, 1.1852696596215901, -0.2449850110842057, -3.664035767117354, 0.0, 0.0, 3.436697565442798, -1.1266039593486679, -0.41721633023937216, 1.1850485800294048
1048, 10.472264273356402, -0.41881835364651526, 1.1486293019504166, -0.2449850110842057, -3.664035767117354, 0.0, 0.0, 3.4637650846571852, -1.1005284650177614, -0.41792753358886553, 1.1486068248223469
1049, 10.48226643598616, -0.42126820375735735, 1.111988944279243, -0.2449850110842057, -3.664035767117354, 0.0, 0.0, 3.490070615398044, -1.075570373533552, -0.42200245640742623, 1.110759819822687
1050, 10.492268598615917, -0.4237180538681994, 1.0753485866080694, -0.2449850110842057, -3.664035767117354, 0.0, 0.0, 3.515569633849707, -1.051767820588716, -0.42353189222535836, 1.075051017424235
1051, 10.502270761245676, -0.4261679039790415, 1.0387082289368958, -0.2449850110842057, -3.664035767117354, 0.0, 0.0, 3.5402188877917675, -1.0291571766545928, -0.4264188570891046, 1.0378271833497419
1052, 10.512272923875432, -0.4286177540898835, 1.0020678712657223, -0.2449850110842057, -3.664035767117354, 0.0, 0.0, 3.5639764614381777, -1.0077729914075415, -0.42776279819150115, 1.0025623244977493
1053, 10.522275086505191, -0.4310676042007256, 0.9654275135945487, -0.2449850110842057, -3.664035767117354, 0.0, 0.0, 3.586801838145149, -0.9876479409368406, -0.430530975600199, 0.9653720370874327
1054, 10.532277249134948, -0.43351745431156763, 0.9287871559233751, -0.2449850110842057, -3.664035767117354, 0.0, 0.0, 3.60865596089386, -0.9688127778148081, -0.4328022369966312, 0.9293462484185882
1055, 10.542279411764707, -0.4359673044224097, 0.8921467982522016, -0.2449850110842057, -3.664035767117354, 0.0, 0.0, 3.6295012904575206, -0.9512962841054229, -0.4354328791619049, 0.8909636221238155
1056, 10.552281574394465, -0.43841715453325175, 0.855506440581028, -0.2449850110842057, -3.664035767117354, 0.0, 0.0, 3.6493018611659886, -0.9351252273832618, -0.4390453491234858, 0.8546323533959441
1057, 10.562283737024222, -0.4408670046440938, 0.8188660829098544, -0.2449850110842057, -3.664035767117354, 0.0, 0.0, 3.6680233341849133, -0.9203243198299478, -0.4417254673973551, 0.8176347333784916
1058, 10.57228589965398, -0.4433168547549359, 0.7822257252386808, -0.2449850110842057, -3.664035767117354, 0.0, 0.0, 3.6856330482302857, -0.9069161804706214, -0.4449813607646337, 0.7836943740519549
1059, 10.582288062283737, -0.44576670486577796, 0.7455853675675073, -0.2449850110842057, -3.664035767117354, 0.0, 0.0, 3.7021000676433182, -0.8949213006081355, -0.44546868745274465, 0.7476221894214186
1060, 10.592290224913496, -0.44821655497662, 0.7089450098963337, -0.2449850110842057, -3.664035767117354, 0.0, 0.0, 3.7173952277546682, -0.8843580125077994, -0.44755704602396085, 0.7081007495686124
1061, 10.602292387543253, -0.4503618314135962, 0.6733686613516983, -0.1888909683810437, -3.5233329983544612, 5.127335063315401, 6.860371221817593, 4.464427907795287, -0.5934612390651586, -0.4507343812851811, 0.6743851440186497
1062, 10.612294550173011, -0.4519943743442409, 0.6384783499292443, -0.1376176177478896, -3.454729286136285, 5.127335063315401, 6.860371221817593, 4.5200217139692525, -0.5499198178309821, -0.45102496794184643, 0.6371975266983376
1063, 10.622296712802768, -0.453114183768554, 0.6042740756289724, -0.08634426711473561, -3.386125573918109, 5.127335063315401, 6.860371221817593, 4.573270932851554, -0.5079009675280579, -0.4527866057731075, 0.603956333993335
1064, 10.632298875432527, -0.4537212596865356, 0.5707558384508822, -0.03507091648158153, -3.3175218616999325, 5.127335063315401, 6.860371221817593, 4.624322487367282, -0.46729447263721235, -0.45373302933010257, 0.5709754894458919
1065, 10.642301038062284, -0.4538156020981856, 0.5379236383949737, 0.01620243415157252, -3.248918149481757, 5.127335063315401, 6.860371221817593, 4.6733261922716105, -0.4279914336958168, -0.4548804359340266, 0.5374867251261729
1066, 10.652303200692042, -0.4533972110035041, 0.5057774754612471, 0.06747578478472657, -3.180314437263581, 5.127335063315401, 6.860371221817593, 4.720433443685744, -0.38988477850928893, -0.45364309210948034, 0.5061214649497896
1067, 10.6623053633218, -0.4524660864024911, 0.47431734964970207, 0.11874913541788065, -3.1117107250454046, 5.127335063315401, 6.860371221817593, 4.765796006241739, -0.3528697084165284, -0.45158998167224723, 0.47394373862155864
1068, 10.672307525951558, -0.4510222282951465, 0.44354326096033886, 0.17002248605103473, -3.0431070128272286, 5.127335063315401, 6.860371221817593, 4.809564895614884, -0.3168440837982729, -0.452319795340738, 0.44365909617759935
1069, 10.682309688581315, -0.44906563668147037, 0.41345520939315744, 0.22129583668418876, -2.974503300609053, 5.127335063315401, 6.860371221817593, 4.851889353583756, -0.2817087531538349, -0.4490587816160605, 0.41482629620735667
1070, 10.692311851211073, -0.44659631156146273, 0.3840531949481578, 0.27256918731734286, -2.905899588390877, 5.127335063315401, 6.860371221817593, 4.892915912228854, -0.24736783014379538, -0.44568065423758324, 0.38383718845724435
1071, 10.702314013840832, -0.4436142529351235, 0.3553372176253399, 0.32384253795049694, -2.8372958761727007, 5.127335063315401, 6.860371221817593, 4.932787543452175, -0.21372892301200141, -0.444502917753969, 0.3553146702828255
1072, 10.712316176470589, -0.4401194608024528, 0.3273072774247037, 0.3751158885836509, -2.768692163954525, 5.127335063315401, 6.860371221817593, 4.971642889663405, -0.18070332076722595, -0.43949160991102876, 0.3287378567067662
1073, 10.722318339100347, -0.4361119351634505, 0.2999633743462493, 0.42638923921680505, -2.700088451736349, 5.127335063315401, 6.860371221817593, 5.009615571225643, -0.14820614043007607, -0.4377386356274749, 0.29932674814247245
1074, 10.732320501730104, -0.43159167601811665, 0.27330550838997675, 0.47766258984995913, -2.6314847395181724, 5.127335063315401, 6.860371221817593, 5.046833566075973, -0.11615643954087207, -0.4329610558235129, 0.27325773851918567
1075, 10.742322664359863, -0.4265586833664513, 0.24733367955588587, 0.5289359404831132, -2.5628810272999965, 5.127335063315401, 6.860371221817593, 5.083418656826637, -0.08447729798509407, -0.42698101298374574, 0.24798107581086154
1076, 10.75232482698962, -0.42101295720845444, 0.22204788784397672, 0.5802092911162673, -2.494277315081821, 5.127335063315401, 6.860371221817593, 5.1194859406030195, -0.05309587303023111, -0.4226892619374979, 0.2220020673844794
1077, 10.762326989619378, -0.41495449754412594, 0.19744813325424934, 0.6314826417494211, -2.425673602863645, 5.127335063315401, 6.860371221817593, 5.155143396878716, -0.02194343128623011, -0.41501274751167866, 0.1980776223622072
1078, 10.772329152249135, -0.408383304373466, 0.17353441578670376, 0.6827559923825753, -2.357069890645469, 5.127335063315401, 6.860371221817593, 5.190491508618804, 0.009044638894345258, -0.40888952049377153, 0.17260218962139312
1079, 10.782331314878894, -0.40129937769647445, 0.15030673544133993, 0.7340293430157293, -2.288466178427293, 5.127335063315401, 6.860371221817593, 5.225622932134127, 0.039928831267074916, -0.40032748624306863, 0.15156085991340387
1080, 10.79233347750865, -0.3937027175131514, 0.12776509221815785, 0.7853026936488835, -2.219862466209117, 5.127335063315401, 6.860371221817593, 5.260622211176636, 0.07076553870208246, -0.3922376830522926, 0.12479824525431563
1081, 10.80233564013841, -0.38559332382349676, 0.10590948611715756, 0.8365760442820375, -2.151258753990941, 5.127335063315401, 6.860371221817593, 5.295565530963259, 0.10160708046941025, -0.38489547004053776, 0.10754318303160681
1082, 10.812337802768166, -0.3769711966275106, 0.084739917138339, 0.8878493949151917, -2.0826550417727647, 5.127335063315401, 6.860371221817593, 5.33052050799922, 0.1325017371474957, -0.3772248667912759, 0.08563549852810716
1083, 10.822339965397925, -0.36783633592519294, 0.06425638528170224, 0.9391227455483457, -2.0140513295545888, 5.127335063315401, 6.860371221817593, 5.36554601177687, 0.1634937907199081, -0.36825614635337767, 0.06428836798094073
1084, 10.832342128027681, -0.3581887417165437, 0.04445889054724721, 0.9903960961814996, -1.945447617336413, 5.127335063315401, 6.860371221817593, 5.40069201464952, 0.19462356764526778, -0.3571876379797869, 0.04572641603911581
1085, 10.84234429065744, -0.3480284140015629, 0.025347432934973935, 1.0416694468146537, -1.8768439051182368, 5.127335063315401, 6.860371221817593, 5.4359994664182745, 0.22592748290257125, -0.34693292822855987, 0.02470090726898888
1086, 10.852346453287199, -0.33735535278025064, 0.006922012444882412, 1.0929427974478079, -1.8082401929000609, 5.127335063315401, 6.860371221817593, 5.471500190420645, 0.2574380832282206, -0.33773201991080865, 0.006693018140221364
1087, 10.862348615916956, -0.3261695580526067, -0.01081737092302733, 1.1442161480809618, -1.739636480681885, 5.127335063315401, 6.860371221817593, 5.507216798170644, 0.2891840879713097, -0.32428945637020484, -0.010514500707531753
1088, 10.872350778546714, -0.3144710298186313, -0.02787071716875529, 1.195489498714116, -1.671032768463709, 5.127335063315401, 6.860371221817593, 5.543162619868847, 0.32119042619995297, -0.3150969845650193, -0.028483642930672553
1089, 10.882352941176471, -0.3022597680783244, -0.04423802629230153, 1.24676284934727, -1.602429056245533, 5.127335063315401, 6.860371221817593, 5.5793416483762295, 0.35347826889361755, -0.30140976366321365, -0.044583790624429305
1090, 10.89235510380623, -0.2895357728316859, -0.05991929829366598, 1.2980361999804242, -1.533825344027357, 5.127335063315401, 6.860371221817593, 5.615748494525857, 0.3860650552547147, -0.2901283889970547, -0.05896826839822064
1091, 10.902357266435986, -0.27629904407871586, -0.07491453317284869, 1.3493095506135782, -1.465221631809181, 5.127335063315401, 6.860371221817593, 5.652368351930801, 0.4189645123674981, -0.275895067183776, -0.07484718108169279
1092, 10.912359429065745, -0.26254958181941435, -0.08922373092984963, 1.4005829012467323, -1.3966179195910051, 5.127335063315401, 6.860371221817593, 5.689176969734121, 0.45218666762410775, -0.26344444305908193, -0.08786777915083728
1093, 10.922361591695502, -0.2482873860537812, -0.10284689156466882, 1.4518562518798863, -1.328014207372829, 5.127335063315401, 6.860371221817593, 5.726140632036775, 0.48573785352699617, -0.2484845491367891, -0.10376856198669607
1094, 10.93236375432526, -0.2335124567818166, -0.11578401507730625, 1.50312960251304, -1.2594104951546532, 5.127335063315401, 6.860371221817593, 5.763216143031444, 0.519620704664691, -0.23324413737152228, -0.11651858090715497
1095, 10.942365916955017, -0.21822479400352035, -0.12803510146776192, 1.5544029531461943, -1.1908067829364772, 5.127335063315401, 6.860371221817593, 5.800350817164309, 0.5538341468446704, -0.21810629876191062, -0.1273326996361178
1096, 10.952368079584776, -0.20242439771889265, -0.13960015073603582, 1.6056763037793484, -1.122203070718301, 5.127335063315401, 6.860371221817593, 5.837482473942466, 0.5883733785537942, -0.2026313351030858, -0.1387447021981093
1097, 10.962370242214533, -0.18611126792793337, -0.15047916288212795, 1.6569496544125026, -1.0535993585001253, 5.127335063315401, 6.860371221817593, 5.8745394373020545, 0.6232298451041067, -0.1850109220028617, -0.15112659661238748
1098, 10.972372404844291, -0.16928540463064257, -0.16067213790603832, 1.7082230050456564, -0.9849956462819491, 5.127335063315401, 6.860371221817593, 5.911440539751002, 0.6583912060106226, -0.17027191356581714, -0.1589098888386848
1099, 10.982374567474048, -0.15194680782702025, -0.17017907580776695, 1.7594963556788106, -0.9163919340637731, 5.127335063315401, 6.860371221817593, 5.948095131800851, 0.6938412963386695, -0.1529380185385737, -0.1691627049961638
1100, 10.992376730103807, -0.13409547751706635, -0.1789999765873138, 1.8107697063119648, -0.8477882218455972, 5.127335063315401, 6.860371221817593, 5.984403097504119, 0.7295600829521284, -0.1334723994079718, -0.17991467888132734
1101, 11.002378892733566, -0.11598778045394731, -0.18747785880576953, 1.810769706311963, -0.8477882218455994, 0.0, 0.0, 5.238793261500206, 0.49910386482448044, -0.11639399763967852, -0.1873387573207191
1102, 11.012381055363322, -0.09788008339082765, -0.19595574102422553, 1.810769706311963, -0.8477882218455994, 0.0, 0.0, 5.2478074163535915, 0.501334803000595, -0.09816522220397843, -0.1948959396052979
1103, 11.022383217993081, -0.079772386327708, -0.20443362324268152, 1.810769706311963, -0.8477882218455994, 0.0, 0.0, 5.255616001901863, 0.5034796759505196, -0.08015468029501417, -0.20347727724958856
1104, 11.032385380622838, -0.061664689264588346, -0.21291150546113752, 1.810769706311963, -0.8477882218455994, 0.0, 0.0, 5.262216990313226, 0.5055382734096804, -0.06149180888645387, -0.21153024416596447
1105, 11.042387543252596, -0.04355699220146869, -0.22138938767959354, 1.810769706311963, -0.8477882218455994, 0.0, 0.0, 5.267608729365763, 0.5075103931340142, -0.04433424579513272, -0.2203750592718004
1106, 11.052389705882353, -0.025449295138349037, -0.22986726989804954, 1.810769706311963, -0.8477882218455994, 0.0, 0.0, 5.271789942939587, 0.5093958409195396, -0.02696027845162856, -0.22943376023461567
1107, 11.062391868512112, -0.007341598075229383, -0.23834515211650553, 1.810769706311963, -0.8477882218455994, 0.0, 0.0, 5.274759731387579, 0.5111944306211783, -0.008195604096306762, -0.2406193815477151
1108, 11.072394031141869, 0.010766098987890216, -0.24682303433496153, 1.810769706311963, -0.8477882218455994, 0.0, 0.0, 5.276517571784584, 0.5129059841708306, 0.008060617374095535, -0.24707720520423299
1109, 11.082396193771627, 0.02887379605100987, -0.2553009165534176, 1.810769706311963, -0.8477882218455994, 0.0, 0.0, 5.277063318054992, 0.5145303315946976, 0.027663408198782106, -0.2567542397958165
1110, 11.092398356401384, 0.046981493114129524, -0.26377879877187355, 1.810769706311963, -0.8477882218455994, 0.0, 0.0, 5.276397200978664, 0.5160673110298537, 0.046405441410689, -0.2651488797956709
1111, 11.102400519031143, 0.06508919017724918, -0.27225668099032957, 1.810769706311963, -0.8477882218455994, 0.0, 0.0, 5.274519828075213, 0.5175167687400631, 0.06717886376369488, -0.27091060644102555
1112, 11.1124026816609, 0.08319688724036883, -0.28073456320878554, 1.810769706311963, -0.8477882218455994, 0.0, 0.0, 5.271432183366659, 0.5188785591308421, 0.0849295292256879, -0.28316183635591724
1113, 11.122404844290658, 0.10130458430348849, -0.28921244542724156, 1.810769706311963, -0.8477882218455994, 0.0, 0.0, 5.267135627018575, 0.5201525447637635, 0.10058268848715489, -0.2897136113891319
1114, 11.132407006920415, 0.11941228136660814, -0.29769032764569753, 1.810769706311963, -0.8477882218455994, 0.0, 0.0, 5.261631894859814, 0.5213385963700045, 0.11921336166219086, -0.29866570256142866
1115, 11.142409169550174, 0.1375199784297278, -0.30616820986415355, 1.810769706311963, -0.8477882218455994, 0.0, 0.0, 5.25492309778099, 0.5224365928631334, 0.13559654947767924, -0.3041581776212899
1116, 11.152411332179932, 0.15562767549284745, -0.3146460920826096, 1.810769706311963, -0.8477882218455994, 0.0, 0.0, 5.2470117210119165, 0.523446421351136, 0.15445134659396814, -0.31592493016744855
1117, 11.16241349480969, 0.1737353725559671, -0.32312397430106554, 1.810769706311963, -0.8477882218455994, 0.0, 0.0, 5.237900623278238, 0.5243679771476809, 0.17372356156269833, -0.3245918180002444
1118, 11.172415657439448, 0.19184306961908665, -0.33160185651952157, 1.810769706311963, -0.8477882218455994, 0.0, 0.0, 5.227593035837529, 0.5252011637826193, 0.19109690601670642, -0.3325749822776008
1119, 11.182417820069205, 0.2099507666822063, -0.34007973873797753, 1.810769706311963, -0.8477882218455994, 0.0, 0.0, 5.2160925613952, 0.5259458930117249, 0.21049455673568782, -0.3402898970620854
1120, 11.192419982698963, 0.22805846374532596, -0.34855762095643356, 1.810769706311963, -0.8477882218455994, 0.0, 0.0, 5.203403172900533, 0.5266020848256646, 0.2250292821580087, -0.34661117644274136
1121, 11.20242214532872, 0.2461661608084456, -0.3570355031748896, 1.810769706311963, -0.8477882218455994, 0.0, 0.0, 5.189529212223276, 0.5271696674582041, 0.24635956561866507, -0.3561316429005463
1122, 11.212424307958479, 0.26427385787156527, -0.36551338539334555, 1.810769706311963, -0.8477882218455994, 0.0, 0.0, 5.174475388711218, 0.5276485773936502, 0.26641686480950594, -0.36470770901887806
1123, 11.222426470588236, 0.2823815549346849, -0.37399126761180157, 1.810769706311963, -0.8477882218455994, 0.0, 0.0, 5.158246777629224, 0.5280387593735204, 0.2820862429270269, -0.37659859123510214
1124, 11.232428633217994, 0.3004892519978046, -0.3824691498302576, 1.810769706311963, -0.8477882218455994, 0.0, 0.0, 5.140848818480232, 0.5283401664024477, 0.30022127299094736, -0.3835094062426702
1125, 11.242430795847751, 0.31859694906092423, -0.39094703204871356, 1.810769706311963, -0.8477882218455994, 0.0, 0.0, 5.122287313208784, 0.5285527597533165, 0.31966839812545067, -0.3904326583729781
1126, 11.25243295847751, 0.3367046461240439, -0.3994249142671696, 1.810769706311963, -0.8477882218455994, 0.0, 0.0, 5.1025684242876626, 0.5286765089716275, 0.3370271683988345, -0.3992116573533761
1127, 11.262435121107266, 0.35481234318716354, -0.40790279648562555, 1.810769706311963, -0.8477882218455994, 0.0, 0.0, 5.081698672688272, 0.5287113918790941, 0.3565919047980779, -0.40844423868732527
1128, 11.272437283737025, 0.3729200402502832, -0.4163806787040816, 1.810769706311963, -0.8477882218455994, 0.0, 0.0, 5.0596849357354285, 0.5286573945764682, 0.37296309359569035, -0.4163143253228684
1129, 11.282439446366782, 0.39102773731340285, -0.4248585609225376, 1.810769706311963, -0.8477882218455994, 0.0, 0.0, 5.036534444847264, 0.5285145114455957, 0.391868497828645, -0.42562815671245735
1130, 11.29244160899654, 0.4091354343765224, -0.4333364431409935, 1.810769706311963, -0.8477882218455994, 0.0, 0.0, 5.01225478316098, 0.5282827451507014, 0.40838607089632356, -0.4336428799253858
1131, 11.302443771626299, 0.42724313143964204, -0.44181432535944953, 1.810769706311963, -0.8477882218455994, 0.0, 0.0, 4.98685388304524, 0.5279621066389024, 0.426883242335443, -0.44228809983867323
1132, 11.312445934256056, 0.4453508285027616, -0.45029220757790556, 1.810769706311963, -0.8477882218455994, 0.0, 0.0, 4.960340023499995, 0.5275526151399504, 0.44595777606870207, -0.44919024908955935
1133, 11.322448096885815, 0.46345852556588124, -0.4587700897963615, 1.810769706311963, -0.8477882218455994, 0.0, 0.0, 4.93272182744465, 0.5270542981652052, 0.46362424208288694, -0.4574598202050987
1134, 11.332450259515571, 0.4815662226290009, -0.46724797201481755, 1.810769706311963, -0.8477882218455994, 0.0, 0.0, 4.904008258895366, 0.526467191505834, 0.48258852824452936, -0.4670288475219002
1135, 11.34245242214533, 0.49967391969212055, -0.4757258542332735, 1.810769706311963, -0.8477882218455994, 0.0, 0.0, 4.8742086200325225, 0.5257913392302406, 0.49970713179311643, -0.4759528788348545
1136, 11.352454584775087, 0.5177816167552403, -0.48420373645172954, 1.810769706311963, -0.8477882218455994, 0.0, 0.0, 4.843332548159238, 0.5250267936807261, 0.5183144652250343, -0.4830802680323569
1137, 11.362456747404845, 0.53588931381836, -0.49268161867018556, 1.810769706311963, -0.8477882218455994, 0.0, 0.0, 4.811390012551966, 0.5241736154693775, 0.535969209141361, -0.49285196044863067
1138, 11.372458910034602, 0.5539970108814796, -0.5011595008886416, 1.810769706311963, -0.8477882218455994, 0.0, 0.0, 4.778391311204197, 0.5232318734731852, 0.5538684428602599, -0.5003018667276045
1139, 11.382461072664361, 0.5721047079445991, -0.5096373831070976, 1.810769706311963, -0.8477882218455994, 0.0, 0.0, 4.7443470674643295, 0.5222016448283925, 0.5707403813399488, -0.5109636341369295
1140, 11.392463235294118, 0.5902124050077189, -0.5181152653255536, 1.810769706311963, -0.8477882218455994, 0.0, 0.0, 4.709268226568824, 0.5210830149240754, 0.5906048685003225, -0.517612439470914
1141, 11.402465397923876, 0.6083201020708384, -0.5265931475440097, 1.810769706311963, -0.8477882218455994, 0.0, 0.0, 4.6731660520717515, 0.519876077394953, 0.6083715932675884, -0.5274041280019419
1142, 11.412467560553633, 0.6264277991339582, -0.5350710297624656, 1.810769706311963, -0.8477882218455994, 0.0, 0.0, 4.636052122171933, 0.5185809341134312, 0.6272493452563263, -0.535818459151917
1143, 11.422469723183392, 0.6445354961970777, -0.5435489119809216, 1.810769706311963, -0.8477882218455994, 0.0, 0.0, 4.597938325938848, 0.5171976951808774, 0.6446287323239576, -0.5434965228470575
1144, 11.432471885813149, 0.6626431932601975, -0.5520267941993776, 1.810769706311963, -0.8477882218455994, 0.0, 0.0, 4.558836859438566, 0.5157264789181295, 0.6634829755612633, -0.5509706911462923
1145, 11.442474048442907, 0.680750890323317, -0.5605046764178336, 1.810769706311963, -0.8477882218455994, 0.0, 0.0, 4.518760221760955, 0.5141674118552388, 0.6819742005214642, -0.5614668169061613
1146, 11.452476211072666, 0.6988585873864368, -0.5689825586362897, 1.810769706311963, -0.8477882218455994, 0.0, 0.0, 4.477721210949485, 0.5125206287204483, 0.699019797771349, -0.568248295139991
1147, 11.462478373702423, 0.7169662844495563, -0.5774604408547456, 1.810769706311963, -0.8477882218455994, 0.0, 0.0, 4.435732919834936, 0.5107862724284069, 0.714853646473861, -0.5771031172735996
1148, 11.472480536332181, 0.7350739815126761, -0.5859383230732016, 1.810769706311963, -0.8477882218455994, 0.0, 0.0, 4.392808731774388, 0.5089644940676202, 0.7355981147824102, -0.5850142417759798
1149, 11.482482698961938, 0.7531816785757957, -0.5944162052916576, 1.810769706311963, -0.8477882218455994, 0.0, 0.0, 4.3489623162968964, 0.5070554528871403, 0.7522235984390195, -0.5962543109437443
1150, 11.492484861591697, 0.7712893756389154, -0.6028940875101136, 1.810769706311963, -0.8477882218455994, 0.0, 0.0, 4.304207624657243, 0.505059316282494, 0.7717401749775983, -0.6023121381890081
1151, 11.502487024221454, 0.789397072702035, -0.6113719697285697, 1.810769706311963, -0.8477882218455994, 0.0, 0.0, 4.258558885299266, 0.5029762597808533, 0.7903014171530642, -0.6117704158358527
1152, 11.512489186851212, 0.8066560266614977, -0.6191230288496947, 1.6694989123581028, -0.7157566982676351, -11.279296717635702, 11.869842768975225, 3.3498085119382703, 0.3953713335095469, 0.8044817041090866, -0.6193364522286962
1153, 11.522491349480969, 0.822787050949197, -0.6256871036939223, 1.5567059451817458, -0.5970582705778826, -11.279296717635702, 11.869842768975225, 3.2563788849514292, 0.4577568521670988, 0.8225269271354804, -0.6260160058246337
1154, 11.532493512110728, 0.8377901455651326, -0.6310641942612525, 1.4439129780053888, -0.47835984288813027, -11.279296717635702, 11.869842768975225, 3.1647793921415146, 0.519710178512178, 0.8390404021299293, -0.631849511419592
1155, 11.542495674740485, 0.8516653105093048, -0.635254300551685, 1.3311200108290313, -0.3596614151983779, -11.279296717635702, 11.869842768975225, 3.0751038886466144, 0.5811993335551997, 0.8514317203294154, -0.6367362281771122
1156, 11.552497837370243, 0.8644125457817133, -0.63825742256522, 1.2183270436526743, -0.2409629875086256, -11.279296717635702, 11.869842768975225, 2.9874380093181347, 0.6421964630713968, 0.8654748162945802, -0.6390282708215937
1157, 11.5625, 0.8760318513823584, -0.6400735603018575, 1.1055340764763173, -0.12226455981887319, -11.279296717635702, 11.869842768975225, 2.9018596458165025, 0.7026777099173929, 0.8750000699615758, -0.6405292791923769
1158, 11.572502162629759, 0.8865232273112398, -0.6407027137615975, 0.9927411092999603, -0.0035661321291208248, -11.279296717635702, 11.869842768975225, 2.818439411446236, 0.7626231051090868, 0.886582650340531, -0.6395674253097596
1159, 11.582504325259515, 0.8958866735683576, -0.6401448829444399, 0.879948142123603, 0.11513229556063154, -11.279296717635702, 11.869842768975225, 2.737241090214321, 0.8220164791436275, 0.8954450982477873, -0.63946377317316
1160, 11.592506487889274, 0.9041221901537118, -0.6384000678503848, 0.7671551749472459, 0.2338307232503839, -11.279296717635702, 11.869842768975225, 2.6583220668554715, 0.8808453947042192, 0.9035326490830804, -0.6378404166671516
1161, 11.602508650519033, 0.9112297770673025, -0.6354682684794323, 0.6543622077708888, 0.35252915094013626, -11.279296717635702, 11.869842768975225, 2.5817337347973837, 0.9391011015520093, 0.9113856277771917, -0.635722120466708
1162, 11.61251081314879, 0.9172094343091296, -0.6313494848315822, 0.5415692405945317, 0.4712275786298886, -11.279296717635702, 11.869842768975225, 2.5075218792379816, 0.9967785140814311, 0.9169107531725461, -0.6311060044648323
1163, 11.622512975778548, 0.9220611618791932, -0.6260437169068345, 0.4287762734181747, 0.589926006319641, -11.279296717635702, 11.869842768975225, 2.4357270326745613, 1.0538762116910056, 0.9221794168075853, -0.6273227691523613
1164, 11.632515138408305, 0.9257849597774931, -0.6195509647051893, 0.3159833062418175, 0.7086244340093932, -11.279296717635702, 11.869842768975225, 2.3663848003617014, 1.1103964617975954, 0.9257295382187778, -0.6185118760931823
1165, 11.642517301038064, 0.9283808280040295, -0.6118712282266465, 0.20319033906546025, 0.8273228616991456, -11.279296717635702, 11.869842768975225, 2.299526153281345, 1.1663452649953174, 0.9306667063942478, -0.6111344352915292
1166, 11.65251946366782, 0.9298487665588023, -0.6030045074712063, 0.09039737188910335, 0.946021289388898, -11.279296717635702, 11.869842768975225, 2.2351776862854686, 1.2217324215277099, 0.9302588112721392, -0.6030998306571409
1167, 11.662521626297579, 0.9301887754418116, -0.5929508024388686, -0.022395595287253878, 1.0647197170786504, -11.279296717635702, 11.869842768975225, 2.173361839120279, 1.276571617900364, 0.9305205174623039, -0.5927147683314643
1168, 11.672523788927336, 0.9294008546530572, -0.5817101131296334, -0.1351885624636111, 1.1834181447684027, -11.279296717635702, 11.869842768975225, 2.1140970780628616, 1.3308805321083823, 0.9316135575248973, -0.5813308920771847
1169, 11.682525951557095, 0.9274850041925393, -0.5692824395435006, -0.247981529639968, 1.3021165724581552, -11.279296717635702, 11.869842768975225, 2.057398035898403, 1.3846809555862611, 0.9273257487844754, -0.5689953298538175
1170, 11.692528114186851, 0.9244412240602579, -0.5556677816804703, -0.36077449681632523, 1.4208150001479074, -11.279296717635702, 11.869842768975225, 2.003275607941232, 1.4379989296050542, 0.9244468814183429, -0.5550040272454455
1171, 11.70253027681661, 0.9202695142562128, -0.5408661395405423, -0.47356746399268257, 1.5395134278376599, -11.279296717635702, 11.869842768975225, 1.9517370017589197, 1.4908648934413098, 0.9200202452534388, -0.5419001367455001
1172, 11.712532439446367, 0.9149698747804043, -0.5248775131237169, -0.5863604311690394, 1.6582118555274121, -11.279296717635702, 11.869842768975225, 1.9027857381989723, 1.5433138412231355, 0.9137374094324922, -0.5237152541101715
1173, 11.722534602076125, 0.908542305632832, -0.507701902429994, -0.6991533983453966, 1.7769102832171646, -11.279296717635702, 11.869842768975225, 1.8564216012464656, 1.5953854839203658, 0.9083959650746266, -0.5080827024464541
1174, 11.732536764705882, 0.9009868068134963, -0.48933930745937365, -0.8119463655217536, 1.895608710906917, -11.279296717635702, 11.869842768975225, 1.8126405341628036, 1.6471244124882858, 0.9003376558388169, -0.4901607850532417
1175, 11.74253892733564, 0.8923033783223969, -0.4697897282118557, -0.9247393326981108, 2.0143071385966693, -11.279296717635702, 11.869842768975225, 1.7714344792761398, 1.698580257698758, 0.8924824144661594, -0.4689712045798358
1176, 11.7525410899654, 0.8824920201595341, -0.4490531646874402, -1.0375322998744676, 2.133005566286422, -11.279296717635702, 11.869842768975225, 1.732791158718771, 1.7498078417006773, 0.8828316534703596, -0.44804824447830677
1177, 11.762543252595156, 0.8715527323249076, -0.4271296168861272, -1.150325267050825, 2.251703993976174, -11.279296717635702, 11.869842768975225, 1.6966937933429105, 1.8008673158463753, 0.8693918501909532, -0.4281163595769606
1178, 11.772545415224915, 0.8594855148185174, -0.4040190848079167, -1.263118234227182, 2.3704024216659265, -11.279296717635702, 11.869842768975225, 1.663120757001204, 1.8518242788058519, 0.8593765168204713, -0.405358982825612
1179, 11.782547577854672, 0.8462903676403639, -0.3797215684528087, -1.3759112014035395, 2.4891008493556788, -11.279296717635702, 11.869842768975225, 1.6320451633606359, 1.9027498684716473, 0.846509671255017, -0.38118316001218644
1180, 11.79254974048443, 0.8319672907904467, -0.35423706782080305, -1.4887041685798965, 2.607799277045431, -11.279296717635702, 11.869842768975225, 1.6034343824375286, 1.953720820640395, 0.8305744626133541, -0.35547726349631714
1181, 11.802551903114187, 0.8165162842687659, -0.3275655829118999, -1.6014971357562533, 2.7264977047351833, -11.279296717635702, 11.869842768975225, 1.5772494841072624, 2.0048194869503697, 0.8156516223087877, -0.3288447406349596
1182, 11.812554065743946, 0.7999373480753216, -0.2997071137260994, -1.7142901029326107, 2.845196132424936, -11.279296717635702, 11.869842768975225, 1.5534446059666043, 2.056133804067212, 0.8004761316603413, -0.30053376028747286
1183, 11.822556228373703, 0.7822304822101136, -0.2706616602634012, -1.8270830701089675, 2.9638945601146878, -11.279296717635702, 11.869842768975225, 1.53196624312111, 2.107757205653416, 0.7806432336988914, -0.26998085952288153
1184, 11.832558391003461, 0.7633956866731423, -0.2404292225238056, -1.9398760372853245, 3.082592987804441, -11.279296717635702, 11.869842768975225, 1.5127524577481404, 2.1597884682438213, 0.7641237278513213, -0.2407456770880688
1185, 11.842560553633218, 0.7434329614644072, -0.20900980050731244, -2.052669004461682, 3.201291415494193, -11.279296717635702, 11.869842768975225, 1.4957320066616842, 2.2123314817936532, 0.7431320746199076, -0.20904922341106136
1186, 11.852562716262977, 0.7223423065839085, -0.1764033942139216, -2.165461971638039, 3.3199898431839454, -11.279296717635702, 11.869842768975225, 1.4808233855930748, 2.2654949353837903, 0.7212306317755868, -0.17770965184820064
1187, 11.862564878892734, 0.7001237220316463, -0.1426100036436333, -2.278254938814396, 3.4386882708736977, -11.279296717635702, 11.869842768975225, 1.467933789517516, 2.319391908377791, 0.6993960292340439, -0.1417027491749526
1188, 11.872567041522492, 0.6767772078076206, -0.10762962879644755, -2.3910479059907535, 3.5573866985634504, -11.279296717635702, 11.869842768975225, 1.4569579891161324, 2.3741393572464426, 0.6752982449920338, -0.10822747816865903
1189, 11.882569204152249, 0.6523027639118313, -0.07146226967236435, -2.5038408731671105, 3.676085126253202, -11.279296717635702, 11.869842768975225, 1.4477771243835416, 2.429857488329468, 0.6519163478319423, -0.07098103278476138
1190, 11.892571366782008, 0.6267003903442784, -0.03410792627138348, -2.6166338403434675, 3.794783553942955, -11.279296717635702, 11.869842768975225, 1.4402574174883662, 2.4866690070133597, 0.6276058764120014, -0.033793758653635986
1191, 11.902573529411766, 0.5999700871049618, 0.00443340140649473, -2.729426807519825, 3.913481981632707, -11.279296717635702, 11.869842768975225, 1.4342488082851845, 2.54469823419321, 0.6012512219653944, 0.0027129530468228595
1192, 11.912575692041523, 0.5726758190297645, 0.04356822122282056, -2.729426807519821, 3.913481981632703, 0.0, 0.0, 2.323045945134498, 2.76296435681291, 0.5711156568129069, 0.04251558708330118
1193, 11.922577854671282, 0.5453815509545663, 0.0827030410391476, -2.729426807519821, 3.913481981632703, 0.0, 0.0, 2.3706579175373674, 2.7620207107819263, 0.5458159201620546, 0.08375466279597416
1194, 11.932580017301039, 0.518087282879368, 0.12183786085547477, -2.729426807519821, 3.913481981632703, 0.0, 0.0, 2.415958975519399, 2.760947044295317, 0.5180665638408488, 0.12367297393086758
1195, 11.942582179930797, 0.4907930148041698, 0.16097268067180182, -2.729426807519821, 3.913481981632703, 0.0, 0.0, 2.4589075133077545, 2.7597354391567506, 0.4899807400038532, 0.16092281911928524
1196, 11.952584342560554, 0.4634987467289716, 0.20010750048812886, -2.729426807519821, 3.913481981632703, 0.0, 0.0, 2.499463628650801, 2.7583780350849794, 0.4630770662045976, 0.20008811041358654
1197, 11.962586505190313, 0.4362044786537733, 0.2392423203044559, -2.729426807519821, 3.913481981632703, 0.0, 0.0, 2.537589158777811, 2.7568670431126954, 0.43524166574186973, 0.2401308560852933
1198, 11.97258866782007, 0.40891021057857513, 0.27837714012078296, -2.729426807519821, 3.913481981632703, 0.0, 0.0, 2.5732477150364095, 2.755194758897492, 0.410124753429017, 0.27728753891690633
1199, 11.982590830449828, 0.38161594250337694, 0.31751195993711, -2.729426807519821, 3.913481981632703, 0.0, 0.0, 2.606404716173245, 2.753353575924337, 0.38317287417229545, 0.31786124332862653
1200, 11.992592993079585, 0.35432167442817863, 0.35664677975343706, -2.729426807519821, 3.913481981632703, 0.0, 0.0, 2.6370274202245123, 2.751335998579157, 0.354253822433573, 0.35601498108060237
1201, 12.002595155709344, 0.32702740635298044, 0.3957815995697641, -2.729426807519821, 3.913481981632703, 0.0, 0.0, 2.6650849549840374, 2.7491346550733042, 0.32519986037450427, 0.39373409187442004
1202, 12.0125973183391, 0.29973313827778214, 0.43491641938609116, -2.729426807519821, 3.913481981632703, 0.0, 0.0, 2.690548347017805, 2.7467423101989192, 0.30026676096826266, 0.4342506092677381
1203, 12.022599480968859, 0.27243887020258395, 0.47405123920241843, -2.729426807519821, 3.913481981632703, 0.0, 0.0, 2.7133905491949757, 2.744151877895441, 0.27359809163722304, 0.47354023841995246
1204, 12.032601643598616, 0.24514460212738576, 0.5131860590187455, -2.729426807519821, 3.913481981632703, 0.0, 0.0, 2.7335864667066843, 2.741356433607821, 0.24381712970636327, 0.513831026040576
1205, 12.042603806228374, 0.21785033405218746, 0.5523208788350725, -2.729426807519821, 3.913481981632703, 0.0, 0.0, 2.751112981545155, 2.738349226417302, 0.21649457807126238, 0.5525198612979186
1206, 12.052605968858133, 0.19055606597698926, 0.5914556986513996, -2.729426807519821, 3.913481981632703, 0.0, 0.0, 2.765948975416958, 2.735123690925973, 0.19033564244615675, 0.5917191852385181
1207, 12.06260813148789, 0.16326179790179096, 0.6305905184677266, -2.729426807519821, 3.913481981632703, 0.0, 0.0, 2.778075351065573, 2.731673458876677, 0.16506085808290777, 0.6316649896702896
1208, 12.072610294117649, 0.13596752982659277, 0.6697253382840537, -2.729426807519821, 3.913481981632703, 0.0, 0.0, 2.7874750519797433, 2.7279923704902713, 0.13642632863341123, 0.6692038570951463
1209, 12.082612456747405, 0.10867326175139458, 0.7088601581003807, -2.729426807519821, 3.913481981632703, 0.0, 0.0, 2.794133080465507, 2.724074485502643, 0.1084178267247746, 0.7093663712657907
1210, 12.092614619377164, 0.08137899367619639, 0.7479949779167078, -2.729426807519821, 3.913481981632703, 0.0, 0.0, 2.7980365140612116, 2.719914093884364, 0.08311222900209701, 0.748241785646857
1211, 12.10261678200692, 0.054084725600997974, 0.7871297977330348, -2.729426807519821, 3.913481981632703, 0.0, 0.0, 2.7991745202762073, 2.715505726226335, 0.05279753223664371, 0.7864772661933098
1212, 12.11261894463668, 0.026790457525799782, 0.8262646175493619, -2.729426807519821, 3.913481981632703, 0.0, 0.0, 2.7975383696354394, 2.710844163775289, 0.026003620697872275, 0.8267075381977016
1213, 12.122621107266436, -0.0005038105493984091, 0.8653994373656889, -2.729426807519821, 3.913481981632703, 0.0, 0.0, 2.793121447013578, 2.7059244481035534, -0.00043535642952033046, 0.8665641701439762
1214, 12.132623269896195, -0.0277980786245966, 0.904534257182016, -2.729426807519821, 3.913481981632703, 0.0, 0.0, 2.785919261243864, 2.7007418903980245, -0.026806989557818336, 0.9053457122546444
1215, 12.142625432525952, -0.05509234669979479, 0.943669076998343, -2.729426807519821, 3.913481981632703, 0.0, 0.0, 2.7759294529883944, 2.6952920803538953, -0.05629518976236596, 0.942956483173533
1216, 12.15262759515571, -0.08238661477499298, 0.9828038968146703, -2.729426807519821, 3.913481981632703, 0.0, 0.0, 2.7631518008580565, 2.6895708946592767, -0.08208206310697512, 0.9826841701855793
1217, 12.162629757785467, -0.1096808828501914, 1.0219387166309972, -2.729426807519821, 3.913481981632703, 0.0, 0.0, 2.7475882257719415, 2.683574505057477, -0.1098450911597823, 1.0207381811913898
1218, 12.172631920415226, -0.1369751509253896, 1.0610735364473243, -2.729426807519821, 3.913481981632703, 0.0, 0.0, 2.729242793547623, 2.677299385974342, -0.13829088460478267, 1.0614832606105424
1219, 12.182634083044983, -0.16426941900058778, 1.1002083562636513, -2.729426807519821, 3.913481981632703, 0.0, 0.0, 2.7081217157152664, 2.670742321698742, -0.16428573472440178, 1.1005528770127901
1220, 12.192636245674741, -0.19156368707578597, 1.1393431760799784, -2.729426807519821, 3.913481981632703, 0.0, 0.0, 2.6842333485501713, 2.6639004131049444, -0.1927421349288167, 1.1401288948732091
1221, 12.2026384083045, -0.21885795515098416, 1.1784779958963054, -2.729426807519821, 3.913481981632703, 0.0, 0.0, 2.6575881903199385, 2.6567710839063388, -0.21878105619922839, 1.1802415198531577
1222, 12.212640570934257, -0.24615222322618235, 1.2176128157126325, -2.729426807519821, 3.913481981632703, 0.0, 0.0, 2.628198876744101, 2.6493520864306728, -0.24617345523956172, 1.2157814866228502
1223, 12.222642733564015, -0.27344649130138055, 1.2567476355289595, -2.729426807519821, 3.913481981632703, 0.0, 0.0, 2.596080174665683, 2.6416415069077086, -0.2740050520549718, 1.2567201745169507
1224, 12.232644896193772, -0.30074075937657874, 1.2958824553452866, -2.729426807519821, 3.913481981632703, 0.0, 0.0, 2.561248973935787, 2.633637770260934, -0.29935442424912206, 1.2936461949324927
1225, 12.24264705882353, -0.32803502745177693, 1.3350172751616136, -2.729426807519821, 3.913481981632703, 0.0, 0.0, 2.5237242775139737, 2.625339644395738, -0.32564647062620167, 1.3340010321968436
1226, 12.252649221453288, -0.35532929552697534, 1.3741520949779407, -2.729426807519821, 3.913481981632703, 0.0, 0.0, 2.483527189788832, 2.6167462439772162, -0.3562553094797102, 1.373725838395657
1227, 12.262651384083046, -0.38262356360217353, 1.4132869147942677, -2.729426807519821, 3.913481981632703, 0.0, 0.0, 2.4406809031247794, 2.607857033691556, -0.38397565033955977, 1.4126697612219514
1228, 12.272653546712803, -0.4099178316773717, 1.4524217346105948, -2.729426807519821, 3.913481981632703, 0.0, 0.0, 2.3952106826428206, 2.5986718309857433, -0.40878691317438987, 1.452246513426719
1229, 12.282655709342562, -0.4372120997525699, 1.4915565544269218, -2.729426807519821, 3.913481981632703, 0.0, 0.0, 2.3471438492445804, 2.5891908082811237, -0.4366105454330878, 1.4923935777968065
1230, 12.292657871972319, -0.4645063678277681, 1.5306913742432489, -2.729426807519821, 3.913481981632703, 0.0, 0.0, 2.296509760890619, 2.579414494657155, -0.4653736972324314, 1.5319562400456266
1231, 12.302660034602077, -0.4918006359029665, 1.569826194059576, -2.729426807519821, 3.913481981632703, 0.0, 0.0, 2.2433397921456666, 2.569343777002508, -0.4901368565291739, 1.5704350271284588
1232, 12.312662197231834, -0.5190949039781647, 1.608961013875903, -2.729426807519821, 3.913481981632703, 0.0, 0.0, 2.1876673120050074, 2.5589799006314653, -0.5190580210049839, 1.609577364320908
1233, 12.322664359861593, -0.5463891720533629, 1.64809583369223, -2.729426807519821, 3.913481981632703, 0.0, 0.0, 2.1295276600179087, 2.548324469364409, -0.5479127347646513, 1.647944720334299
1234, 12.33266652249135, -0.5736834401285611, 1.687230653508557, -2.729426807519821, 3.913481981632703, 0.0, 0.0, 2.0689581207255796, 2.537379445071991, -0.5734703380108027, 1.6879079932331544
1235, 12.342668685121108, -0.6009777082037593, 1.726365473324884, -2.729426807519821, 3.913481981632703, 0.0, 0.0, 2.0059978964327376, 2.5261471466833973, -0.6022100773349184, 1.7277318535818482
1236, 12.352670847750867, -0.6266706563184321, 1.763516020341681, -2.4592860767717344, 3.5884947015675435, 22.00174693911065, -25.31200002242854, 3.178431496619372, 2.204327183377317, -0.6284965564225058, 1.7616844116242352
1237, 12.362673010380623, -0.650163429739194, 1.798135367356235, -2.239268607380628, 3.3353747013432575, 22.00174693911065, -25.31200002242854, 3.1984492859494873, 2.0319339779313963, -0.649058937871088, 1.7980829700205019
1238, 12.372675173010382, -0.6714560284660448, 1.8302235143685461, -2.0192511379895213, 3.082254701118972, 22.00174693911065, -25.31200002242854, 3.225001403444127, 1.8631122461567236, -0.6714760181761186, 1.830413534360194
1239, 12.382677335640139, -0.6905484524989844, 1.8597804613786146, -1.799233668598414, 2.829134700894687, 22.00174693911065, -25.31200002242854, 3.258478046904455, 1.697855653741314, -0.6907839626326197, 1.8590656644779593
1240, 12.392679498269898, -0.7074407018380131, 1.88680620838644, -1.5792161992073075, 2.5760147006704015, 22.00174693911065, -25.31200002242854, 3.299195848844372, 1.5361318665489734, -0.7066335542934996, 1.8861477593823475
1241, 12.402681660899654, -0.7221327764831306, 1.9113007553920225, -1.3591987298162012, 2.322894700446115, 22.00174693911065, -25.31200002242854, 3.3474074091961095, 1.3778899548577268, -0.7214916263775988, 1.910967168081035
1242, 12.412683823529413, -0.7346246764343372, 1.9332641023953623, -1.1391812604250944, 2.0697747002218296, 22.00174693911065, -25.31200002242854, 3.403309959885713, 1.2230670518388418, -0.7332471915642671, 1.9329768319938057
1243, 12.42268598615917, -0.7449164016916325, 1.9526962493964592, -0.9191637910339876, 1.816654699997544, 22.00174693911065, -25.31200002242854, 3.467053102553987, 1.0715942606079243, -0.7444023048116178, 1.9510725683479848
1244, 12.432688148788928, -0.7530079522550168, 1.9695971963953132, -0.6991463216428808, 1.5635346997732589, 22.00174693911065, -25.31200002242854, 3.538745581297991, 0.9234018169523568, -0.7543381120887043, 1.9714017945813158
1245, 12.442690311418685, -0.7588993281244902, 1.9839669433919243, -0.47912885225177426, 1.3104146995489732, 22.00174693911065, -25.31200002242854, 3.6184610685431324, 0.7784235236691852, -0.7581437060984547, 1.9836935871481953
1246, 12.452692474048444, -0.7625905293000523, 1.9958054903862927, -0.2591113828606675, 1.0572946993246874, 22.00174693911065, -25.31200002242854, 3.7062429545402917, 0.6366004778109, -0.7646356989915039, 1.9947744221385424
1247, 12.4626946366782, -0.7640815557817036, 2.005112837378418, -0.039093913469560926, 0.804174699100402, 22.00174693911065, -25.31200002242854, 3.8021081400476997, 0.49788411450989645, -0.7642029879071245, 2.0048351674470752
1248, 12.47269679930796, -0.7633724075694436, 2.0118889843683005, 0.18092355592154585, 0.5510546988761158, 22.00174693911065, -25.31200002242854, 3.9060498380406616, 0.3622385909027177, -0.764649962751277, 2.013051492182701
1249, 12.482698961937716, -0.7604630846632726, 2.0161339313559403, 0.4009410253126524, 0.29793469865183075, 22.00174693911065, -25.31200002242854, 4.018039394326619, 0.22964253145410451, -0.7618793740781, 2.016502666217267
1250, 12.492701124567475, -0.7553535870631906, 2.0178476783413375, 0.6209584947037594, 0.04481469842754482, 22.00174693911065, -25.31200002242854, 4.138027139252197, 0.10009015212178694, -0.7554363302133419, 2.0196273168887373
1251, 12.502703287197233, -0.7480439147691974, 2.017030225324491, 0.840975964094866, -0.20830530179674067, 22.00174693911065, -25.31200002242854, 4.265942283784083, -0.026408224278395773, -0.7495930809684815, 2.017323704595396
1252, 12.51270544982699, -0.7385340677812933, 2.0136815723054027, 1.0609934334859727, -0.4614253020210257, 22.00174693911065, -25.31200002242854, 4.4016918736253565, -0.14982625505131614, -0.7392482190624952, 2.0130587905353363
1253, 12.522707612456749, -0.7268240460994779, 2.007801719284071, 1.2810109028770795, -0.7145453022453117, 22.00174693911065, -25.31200002242854, 4.545158815179326, -0.2701222668276225, -0.7266736602914082, 2.00819811922929
1254, 12.532709775086506, -0.7129138497237516, 1.9993906662604963, 1.501028372268186, -0.9676653024695971, 22.00174693911065, -25.31200002242854, 4.696198987570577, -0.38724055326850354, -0.7118167845120797, 1.9979184350319583
1255, 12.542711937716264, -0.6968034786541142, 1.988448413234679, 1.7210458416592924, -1.2207853026938829, 22.00174693911065, -25.31200002242854, 4.854637456045917, -0.501113293607646, -0.6959444217557251, 1.9890521387915612
1256, 12.552714100346021, -0.6784929328905657, 1.9749749602066187, 1.9410633110503994, -1.4739053029181683, 22.00174693911065, -25.31200002242854, 5.020263804369269, -0.6116631097204159, -0.6784352802951409, 1.9746205828410226
1257, 12.56271626297578, -0.6579822124331061, 1.9589703071763154, 2.161080780441506, -1.7270253031424543, 22.00174693911065, -25.31200002242854, 5.192826607753458, -0.7188062836570381, -0.6575851732881195, 1.9583642416966394
1258, 12.572718425605537, -0.6352713172817356, 1.9404344541437695, 2.381098249832613, -1.9801453033667396, 22.00174693911065, -25.31200002242854, 5.3720270738940075, -0.8224566603086817, -0.6369432778357611, 1.9397678314430085
1259, 12.582720588235295, -0.6103602474364539, 1.9193674011089805, 2.6011157192237193, -2.2332653035910255, 22.00174693911065, -25.31200002242854, 5.5575118882368315, -0.9225302606667283, -0.6082456459547102, 1.9206551461882573
1260, 12.592722750865052, -0.5832490028972611, 1.895769148071949, 2.821133188614826, -2.486385303815311, 22.00174693911065, -25.31200002242854, 5.748865311167063, -1.0189506295406847, -0.5841859401846211, 1.8951535987576917
1261, 12.60272491349481, -0.5539375836641572, 1.8696396950326744, 3.0411506580059333, -2.7395053040395965, 22.00174693911065, -25.31200002242854, 5.945600589779881, -1.1116549371559743, -0.553507647020019, 1.871300654033329
1262, 12.612727076124568, -0.5224259897371424, 1.840979041991157, 3.26116812739704, -2.992625304263882, 22.00174693911065, -25.31200002242854, 6.1471507656933495, -1.2006008462817603, -0.5222629699012836, 1.8405713437970226
1263, 12.622729238754326, -0.48871422111621654, 1.8097871889473967, 3.481185596788146, -3.2457453044881674, 22.00174693911065, -25.31200002242854, 6.352858983358846, -1.2857741449570628, -0.4890754947031463, 1.8086731725162883
1264, 12.632731401384083, -0.4528022778013794, 1.7760641359013936, 3.7012030661792528, -3.498865304712453, 22.00174693911065, -25.31200002242854, 6.561968430834488, -1.3671971290117435, -0.4543627572314703, 1.7758449326154782
1265, 12.642733564013842, -0.41469015979263135, 1.7398098828531476, 3.9212205355703595, -3.7519853049367393, 22.00174693911065, -25.31200002242854, 6.773612077253302, -1.4449376979598063, -0.4149658767061156, 1.7398495204771323
1266, 12.6527357266436, -0.3743778670899722, 1.7010244298026587, 4.141238004961467, -4.005105305161024, 22.00174693911065, -25.31200002242854, 6.986802408381148, -1.519119102061285, -0.37381540492796295, 1.6997354521909909
1267, 12.662737889273357, -0.3318653996934019, 1.659707776749927, 4.361255474352573, -4.25822530538531, 22.00174693911065, -25.31200002242854, 7.200421403724562, -1.589930247061513, -0.3312878996148385, 1.6591999749938673
1268, 12.672740051903116, -0.2871527576029206, 1.6158599236949525, 4.58127294374368, -4.511345305609596, 22.00174693911065, -25.31200002242854, 7.413211045449039, -1.6576364260825, -0.28538753397129996, 1.6163573969090679
1269, 12.682742214532873, -0.24023994081852829, 1.569480870637735, 4.801290413134787, -4.76446530583388, 22.00174693911065, -25.31200002242854, 7.623764700521089, -1.7225903052642342, -0.24000349890917386, 1.5680317878366188
1270, 12.692744377162631, -0.19112694934022478, 1.5205706175782745, 5.0213078825258926, -5.017585306058167, 22.00174693911065, -25.31200002242854, 7.8305197723472615, -1.7852429411275317, -0.18977191055412437, 1.5183085179824847
1271, 12.702746539792388, -0.1398137831680102, 1.4691291645165716, 5.241325351917, -5.270705306282452, 22.00174693911065, -25.31200002242854, 8.031752075789935, -1.846154553590839, -0.13932002421201098, 1.468528156939404
1272, 12.712748702422147, -0.08630044230188472, 1.4151565114526257, 5.461342821308106, -5.523825306506738, 22.00174693911065, -25.31200002242854, 8.225572448464227, -1.9060047197566128, -0.0863374293646641, 1.415514833075862
1273, 12.722750865051903, -0.03058692674184793, 1.358652658386437, 5.681360290699214, -5.776945306731023, 22.00174693911065, -25.31200002242854, 8.409926169910413, -1.9656015909848938, -0.032683940177445144, 1.3598687302734638
1274, 12.732753027681662, 0.027326763512099506, 1.299617605318005, 5.90137776009032, -6.03006530695531, 22.00174693911065, -25.31200002242854, 8.582595816363117, -2.025889670812542, 0.02875126355124484, 1.298663131270595
1275, 12.742755190311419, 0.08744062845995848, 1.2380513522473304, 6.1213952294814264, -6.283185307179595, 22.00174693911065, -25.31200002242854, 8.741208229649741, -2.087955625862195, 0.08754230537403365, 1.237756151789938
1276, 12.752757352941178, 0.14865458075477056, 1.1752194991755367, 6.121395229481419, -6.283185307179586, 0.0, 0.0, 7.383472654129401, -2.2105058756472067, 0.14955364528037396, 1.17458920750121
1277, 12.762759515570934, 0.20986853304958486, 1.1123876461037407, 6.121395229481419, -6.283185307179586, 0.0, 0.0, 7.328094446518872, -2.2284663603081123, 0.2101698154013863, 1.1135336677808993
1278, 12.772761678200693, 0.27108248534439916, 1.0495557930319448, 6.121395229481419, -6.283185307179586, 0.0, 0.0, 7.2574983770155885, -2.2490797773494147, 0.27283555421720523, 1.0486553744918283
1279, 12.78276384083045, 0.33229643763921346, 0.9867239399601488, 6.121395229481419, -6.283185307179586, 0.0, 0.0, 7.171959088041678, -2.272258715162569, 0.33318080855553084, 0.9866007060146613
1280, 12.792766003460208, 0.39351038993402776, 0.9238920868883529, 6.121395229481419, -6.283185307179586, 0.0, 0.0, 7.0718077106808686, -2.297905639705192, 0.3920879830849694, 0.9203094450215965
1281, 12.802768166089965, 0.45472434222884184, 0.8610602338165572, 6.121395229481419, -6.283185307179586, 0.0, 0.0, 6.9574306047046175, -2.325913279439226, 0.45588473894865, 0.8608120554560228
1282, 12.812770328719724, 0.5159382945236561, 0.7982283807447612, 6.121395229481419, -6.283185307179586, 0.0, 0.0, 6.82926788976115, -2.356165048698539, 0.5146182039020825, 0.7979320340310432
1283, 12.822772491349482, 0.5771522468184704, 0.7353965276729653, 6.121395229481419, -6.283185307179586, 0.0, 0.0, 6.68781177331441, -2.3885355078151296, 0.5762119651866817, 0.7343732909633082
1284, 12.83277465397924, 0.6383661991132847, 0.6725646746011693, 6.121395229481419, -6.283185307179586, 0.0, 0.0, 6.533604681688639, -2.4228908581880235, 0.6390972587634931, 0.6723287736925389
1285, 12.842776816608998, 0.6995801514080988, 0.6097328215293734, 6.121395229481419, -6.283185307179586, 0.0, 0.0, 6.3672372013188845, -2.459089470341055, 0.7012206242147685, 0.6093643918030223
1286, 12.852778979238755, 0.7607941037029131, 0.5469009684575774, 6.121395229481419, -6.283185307179586, 0.0, 0.0, 6.189345838025275, -2.4969824428855274, 0.762131143279464, 0.5471035368320176
1287, 12.862781141868513, 0.8220080559977274, 0.4840691153857817, 6.121395229481419, -6.283185307179586, 0.0, 0.0, 6.00061060281685, -2.536414190181782, 0.821911319672078, 0.48407886129053923
1288, 12.87278330449827, 0.8832220082925415, 0.4212372623139857, 6.121395229481419, -6.283185307179586, 0.0, 0.0, 5.801752433386197, -2.577223056380447, 0.8841360591651605, 0.42127411939872283
1289, 12.882785467128029, 0.944435960587356, 0.3584054092421898, 6.121395229481419, -6.283185307179586, 0.0, 0.0, 5.593530461077039, -2.6192419534200244, 0.9440416774024316, 0.3576561436416924
1290, 12.892787629757786, 1.00564991288217, 0.2955735561703938, 6.121395229481419, -6.283185307179586, 0.0, 0.0, 5.376739133690491, -2.6622990204629255, 1.005998239777881, 0.29731048632723306
1291, 12.902789792387544, 1.0668638651769842, 0.23274170309859787, 6.121395229481419, -6.283185307179586, 0.0, 0.0, 5.1522052050400635, -2.706218302167472, 1.0685384218130216, 0.23360884728094072
1292, 12.912791955017301, 1.1280778174717987, 0.16990985002680192, 6.121395229481419, -6.283185307179586, 0.0, 0.0, 4.920784602668422, -2.7508204431190237, 1.126887375335161, 0.17109698741586132
1293, 12.92279411764706, 1.1892917697666128, 0.10707799695500597, 6.121395229481419, -6.283185307179586, 0.0, 0.0, 4.68335918559856, -2.795923395679631, 1.1890162700073934, 0.10751114066137311
1294, 12.932796280276817, 1.2505057220614273, 0.04424614388321002, 6.121395229481419, -6.283185307179586, 0.0, 0.0, 4.440833404406605, -2.841343138462664, 1.2517563084768835, 0.04283821335265116
1295, 12.942798442906575, 1.3117196743562414, -0.01858570918858593, 6.121395229481419, -6.283185307179586, 0.0, 0.0, 4.194130876271618, -2.8868944025969094, 1.3115924558206378, -0.0188380441188996
1296, 12.952800605536332, 1.3729336266510554, -0.08141756226038188, 6.121395229481419, -6.283185307179586, 0.0, 0.0, 3.944190887977669, -2.93239140291392, 1.3732964237573209, -0.08080061901995232
1297, 12.96280276816609, 1.43414757894587, -0.14424941533217783, 6.121395229481419, -6.283185307179586, 0.0, 0.0, 3.6919648401144585, -2.97764857117294, 1.434127484656657, -0.14525843608961903
1298, 12.97280493079585, 1.495361531240684, -0.20708126840397334, 6.121395229481419, -6.283185307179586, 0.0, 0.0, 3.438412645943385, -3.0224812884297116, 1.4943683336683333, -0.20734170421678294
1299, 12.982807093425606, 1.5565754835354986, -0.2699131214757693, 6.121395229481419, -6.283185307179586, 0.0, 0.0, 3.184499098565576, -3.0667066136588357, 1.5557735272800741, -0.27025655368803364
1300, 12.992809256055365, 1.6177894358303126, -0.33274497454756524, 6.121395229481419, -6.283185307179586, 0.0, 0.0, 2.9311902201464775, -3.110144005754143, 1.6167747077391579, -0.33140613459706114
1301, 13.002811418685122, 1.6776713703259711, -0.3944010517334342, 5.868527929162781, -6.061924156387639, -23.933104080612154, 20.736712439848496, 0.7055566676636609, -3.4947991599536863, 1.676658667911769, -0.3928215177751138
1302, 13.01281358131488, 1.7351599944135685, -0.45398345767531834, 5.62919688835666, -5.854557031989155, -23.933104080612154, 20.736712439848496, 0.3927104103785828, -3.3906733600591696, 1.7365080327290487, -0.45512052170363
1303, 13.022815743944637, 1.7902553080931045, -0.5114921923732174, 5.389865847550538, -5.64718990759067, -23.933104080612154, 20.736712439848496, 0.09805213429738702, -3.2784075734914686, 1.7907460768195684, -0.5115650545770066
1304, 13.032817906574396, 1.8429573113645792, -0.5669272558271317, 5.150534806744416, -5.439822783192184, -23.933104080612154, 20.736712439848496, -0.1792102094656749, -3.159077072079705, 1.8443912064359465, -0.5669213739464779
1305, 13.042820069204152, 1.8932660042279927, -0.6202886480370611, 4.911203765938294, -5.2324556587936994, -23.933104080612154, 20.736712439848496, -0.43996127961558873, -3.033717203644167, 1.8935250834995125, -0.6203429399589251
1306, 13.052822231833911, 1.9411813866833452, -0.6715763690030057, 4.671872725132172, -5.025088534395214, -23.933104080612154, 20.736712439848496, -0.6851512701515121, -2.903313059200659, 1.9414985317049438, -0.6716919690105865
1307, 13.062824394463668, 1.9867034587306365, -0.7207904187249656, 4.432541684326051, -4.81772140999673, -23.933104080612154, 20.736712439848496, -0.9157719325085405, -2.7687917657473853, 1.9885125796707233, -0.7202186335693441
1308, 13.072826557093427, 2.029832220369866, -0.7679307972029404, 4.193210643519929, -4.610354285598244, -23.933104080612154, 20.736712439848496, -1.1328356070540848, -2.6310171249760685, 2.0291795082759005, -0.7683670111186159
1309, 13.082828719723183, 2.070567671601035, -0.8129975044369305, 3.9538796027138066, -4.402987161199759, -23.933104080612154, 20.736712439848496, -1.3373571270292648, -2.49078631477001, 2.0707718251464793, -0.8133423843859717
1310, 13.092830882352942, 2.1089098124241428, -0.8559905404269358, 3.7145485619076846, -4.195620036801273, -23.933104080612154, 20.736712439848496, -1.5303384209222703, -2.348828374188643, 2.1108571711376585, -0.855395097181551
1311, 13.102833044982699, 2.1448586428391887, -0.8969099051729561, 3.475217521101564, -3.9882529124027886, -23.933104080612154, 20.736712439848496, -1.7127556131657873, -2.2058042022546047, 2.1444183700155888, -0.8971616719154908
1312, 13.112835207612457, 2.178414162846174, -0.9357555986749915, 3.235886480295441, -3.780885788004303, -23.933104080612154, 20.736712439848496, -1.8855484064847776, -2.0623078148651612, 2.1780884667314626, -0.9365108523923861
1313, 13.122837370242216, 2.2095763724450976, -0.9725276209330422, 2.9965554394893195, -3.5735186636058183, -23.933104080612154, 20.736712439848496, -2.0496115207526464, -1.9188686213115917, 2.2090212653522374, -0.9738433591402105
1314, 13.132839532871973, 2.23834527163596, -1.0072259719471077, 2.757224398683198, -3.3661515392073325, -23.933104080612154, 20.736712439848496, -2.205787961492767, -1.7759545011349145, 2.2382872921288928, -1.0064879450992352
1315, 13.142841695501732, 2.2647208604187616, -1.039850651717189, 2.5178933578770764, -3.158784414808848, -23.933104080612154, 20.736712439848496, -2.354863894940054, -1.6339754824596258, 2.2655301289832046, -1.0388592626613735
1316, 13.152843858131488, 2.288703138793502, -1.0704016602432849, 2.2785623170709544, -2.951417290410363, -23.933104080612154, 20.736712439848496, -2.497564914724213, -1.4932878437665336, 2.290096811171176, -1.0709268273808599
1317, 13.162846020761247, 2.3102921067601807, -1.0988789975253963, 2.0392312762648332, -2.744050166011878, -23.933104080612154, 20.736712439848496, -2.634553496747001, -1.354198481671494, 2.311260663930732, -1.0989203562831829
1318, 13.172848183391004, 2.329487764318799, -1.1252826635635227, 1.7999002354587108, -2.5366830416133928, -23.933104080612154, 20.736712439848496, -2.766427452823514, -1.2169694071801231, 2.3293557334402917, -1.1243172991498775
1319, 13.182850346020762, 2.3462901114693553, -1.1496126583576642, 1.560569194652589, -2.3293159172149074, -23.933104080612154, 20.736712439848496, -2.8937192093898734, -1.081822251718591, 2.346082536746753, -1.1499298649707665
1320, 13.19285250865052, 2.3606991482118502, -1.1718689819078207, 1.3212381538464673, -2.121948792816422, -23.933104080612154, 20.736712439848496, -3.016895754415665, -0.9489426817315428, 2.361515828409285, -1.1711075199221848
1321, 13.202854671280278, 2.3727148745462845, -1.1920516342139926, 1.0819071130403455, -1.914581668417937, -23.933104080612154, 20.736712439848496, -3.136359113078828, -0.8184846366152316, 2.3729498871965644, -1.1922380276238713
1322, 13.212856833910035, 2.382337290472657, -1.2101606152761795, 0.8425760722342239, -1.7072145440194524, -23.933104080612154, 20.736712439848496, -3.2524472303469962, -0.690574319120936, 2.382520036709116, -1.2096335791429367
1323, 13.222858996539793, 2.389566395990969, -1.2261959250943817, 0.6032450314281022, -1.4998474196209668, -23.933104080612154, 20.736712439848496, -3.365435156036978, -0.5653138800906222, 2.3903712252221085, -1.2266893518154405
1324, 13.23286115916955, 2.394402191101219, -1.2401575636685989, 0.36391399062198015, -1.2924802952224816, -23.933104080612154, 20.736712439848496, -3.4755364449486774, -0.44278475049870925, 2.3955652501462583, -1.2404410151239023
1325, 13.242863321799309, 2.3968446758034085, -1.2520455309988314, 0.1245829498158586, -1.0851131708239965, -23.933104080612154, 20.736712439848496, -3.582904701115793, -0.323050583340986, 2.395882693590229, -1.2518272368938663
1326, 13.252865484429066, 2.3968938500975367, -1.261859827085079, -0.11474809099026384, -0.8777460464255114, -23.933104080612154, 20.736712439848496, -3.6876352109654245, -0.20615977604074254, 2.3974914630132838, -1.2632539558104572
1327, 13.262867647058824, 2.3945497139836034, -1.2696004519273416, -0.35407913179638495, -0.6703789220270266, -23.933104080612154, 20.736712439848496, -3.789766625161647, -0.09214755086833029, 2.392762218446876, -1.2679262420176727
1328, 13.272869809688583, 2.389812267461609, -1.2752674055256195, -0.593410172602507, -0.46301179762854106, -23.933104080612154, 20.736712439848496, -3.8892826630899235, 0.018962423448772303, 2.3889533481025564, -1.2748362929849613
1329, 13.28287197231834, 2.3826815105315533, -1.2788606878799125, -0.8327412134086292, -0.25564467323005613, -23.933104080612154, 20.736712439848496, -3.9861138273124834, 0.12715688103824502, 2.3821620475333996, -1.2791288229294444
1330, 13.292874134948098, 2.373157443193436, -1.2803802989902207, -1.0720722542147505, -0.048277548831571204, -23.933104080612154, 20.736712439848496, -4.080139127899925, 0.23243228730410537, 2.373119527931281, -1.2799605603659376
1331, 13.302876297577855, 2.3612400654472583, -1.2798262388565438, -1.3114032950208725, 0.15908957556691417, -23.933104080612154, 20.736712439848496, -4.171187828340421, 0.3347946513047306, 2.362339334571686, -1.279728226246098
1332, 13.312878460207614, 2.346929377293019, -1.2771985074788823, -1.550734335826994, 0.3664566999653991, -23.933104080612154, 20.736712439848496, -4.259041235766265, 0.43425982398274215, 2.347670327918207, -1.2754882160773267
1333, 13.32288062283737, 2.3302253787307183, -1.2724971048572358, -1.790065376633116, 0.5738238243638845, -23.933104080612154, 20.736712439848496, -4.3434345685333575, 0.53085428136853, 2.3292215245870977, -1.2720993540100414
1334, 13.33288278546713, 2.3111280697603567, -1.2657220309916046, -2.0293964174392376, 0.7811909487623697, -23.933104080612154, 20.736712439848496, -4.4240589437460835, 0.6246163890780579, 2.31152864461975, -1.2651186441717448
1335, 13.342884948096886, 2.2896374503819334, -1.2568732858819884, -2.2687274582453596, 0.9885580731608545, -23.933104080612154, 20.736712439848496, -4.500563536123802, 0.7155981413888022, 2.2896555000013565, -1.2568285929502077
1336, 13.352887110726645, 2.265753520595449, -1.2459508695283874, -2.508058499051481, 1.1959251975593397, -23.933104080612154, 20.736712439848496, -4.572557967618897, 0.8038673646993627, 2.265811275941409, -1.2452258491524222
1337, 13.362889273356402, 2.2394762804009036, -1.2329547819308015, -2.747389539857603, 1.4032923219578248, -23.933104080612154, 20.736712439848496, -4.639614994356183, 0.8895103710561939, 2.238691281344472, -1.2340211421883884
1338, 13.37289143598616, 2.210805729798297, -1.2178850230892309, -2.9867205806637243, 1.6106594463563102, -23.933104080612154, 20.736712439848496, -4.701273563674709, 0.9726350424687652, 2.2094499822522304, -1.216408487852354
1339, 13.382893598615917, 2.1797418687876293, -1.2007415930036753, -3.2260516214698463, 1.8180265707547953, -23.933104080612154, 20.736712439848496, -4.75704231918729, 1.0533743207446633, 2.180064446597927, -1.2021142484144878
1340, 13.392895761245676, 2.1462846973689, -1.181524491674135, -3.465382662275968, 2.0253936951532805, -23.933104080612154, 20.736712439848496, -4.806403635666837, 1.1318900703832455, 2.1472828635141026, -1.1813093042126896
1341, 13.402897923875432, 2.1116308707461418, -1.161270554722603, -3.4653826622759603, 2.0253936951532734, 0.0, 0.0, -3.1111452935921817, 1.3621418139200498, 2.112080694130192, -1.162079250796063
1342, 13.412900086505191, 2.076977044123382, -1.14101661777107, -3.4653826622759603, 2.0253936951532734, 0.0, 0.0, -2.995144892887531, 1.3755461256226074, 2.0766356529535646, -1.1406853913129484
1343, 13.42290224913495, 2.0423232175006225, -1.1207626808195374, -3.4653826622759603, 2.0253936951532734, 0.0, 0.0, -2.877194024978048, 1.388919489674969, 2.042053185272121, -1.1219516078894598
1344, 13.432904411764707, 2.0076693908778624, -1.1005087438680046, -3.4653826622759603, 2.0253936951532734, 0.0, 0.0, -2.757421739147902, 1.4022587128423654, 2.0091369090742317, -1.1024595287531147
1345, 13.442906574394465, 1.973015564255103, -1.080254806916472, -3.4653826622759603, 2.0253936951532734, 0.0, 0.0, -2.635959335802496, 1.4155605909733866, 1.9726263248820177, -1.079771659305068
1346, 13.452908737024222, 1.9383617376323434, -1.0600008699649393, -3.4653826622759603, 2.0253936951532734, 0.0, 0.0, -2.512940211689518, 1.4288219098441377, 1.938904311746433, -1.0599940726633987
1347, 13.46291089965398, 1.9037079110095838, -1.0397469330134064, -3.4653826622759603, 2.0253936951532734, 0.0, 0.0, -2.3884997026005665, 1.4420394460117842, 1.9015823568290553, -1.0409756610897016
1348, 13.472913062283737, 1.8690540843868242, -1.0194929960618735, -3.4653826622759603, 2.0253936951532734, 0.0, 0.0, -2.2627749237414916, 1.4552099676772485, 1.8685586712948774, -1.0203230249406134
1349, 13.482915224913496, 1.8344002577640646, -0.9992390591103409, -3.4653826622759603, 2.0253936951532734, 0.0, 0.0, -2.1359046079624022, 1.4683302355567838, 1.8341848457629009, -0.99912265897443
1350, 13.492917387543253, 1.799746431141305, -0.9789851221588082, -3.4653826622759603, 2.0253936951532734, 0.0, 0.0, -2.00802894204088, 1.4813970037621746, 1.7994060708378277, -0.9797714943085455
1351, 13.502919550173011, 1.7650926045185453, -0.9587311852072754, -3.4653826622759603, 2.0253936951532734, 0.0, 0.0, -1.8792894012142294, 1.4944070206892872, 1.7631708175848249, -0.9589912637494171
1352, 13.512921712802768, 1.7304387778957857, -0.9384772482557426, -3.4653826622759603, 2.0253936951532734, 0.0, 0.0, -1.7498285821587412, 1.5073570299147028, 1.731106494886538, -0.93841132247105
1353, 13.522923875432527, 1.695784951273026, -0.9182233113042099, -3.4653826622759603, 2.0253936951532734, 0.0, 0.0, -1.619790034615767, 1.5202437711001513, 1.6955889070304047, -0.9183095880074981
1354, 13.532926038062284, 1.6611311246502665, -0.8979693743526771, -3.4653826622759603, 2.0253936951532734, 0.0, 0.0, -1.4893180918660485, 1.53306398090447, 1.6610244714962015, -0.8976258479826231
1355, 13.542928200692042, 1.6264772980275068, -0.8777154374011444, -3.4653826622759603, 2.0253936951532734, 0.0, 0.0, -1.3585577002551215, 1.5458143939027953, 1.626752517590843, -0.8781863132355383
1356, 13.5529303633218, 1.591823471404747, -0.8574615004496117, -3.4653826622759603, 2.0253936951532734, 0.0, 0.0, -1.227654247973737, 1.5584917435127037, 1.5916188635927275, -0.8567011089597674
1357, 13.562932525951558, 1.5571696447819874, -0.8372075634980789, -3.4653826622759603, 2.0253936951532734, 0.0, 0.0, -1.0967533932981643, 1.5710927629269995, 1.5575445879138414, -0.8379976193585525
1358, 13.572934688581316, 1.5225158181592278, -0.8169536265465461, -3.4653826622759603, 2.0253936951532734, 0.0, 0.0, -0.9660008924958445, 1.583614186052861, 1.5224681851418103, -0.816062717374835
1359, 13.582936851211073, 1.4878619915364681, -0.7966996895950134, -3.4653826622759603, 2.0253936951532734, 0.0, 0.0, -0.8355424276023043, 1.596052748457035, 1.489346389143593, -0.7953132470997764
1360, 13.592939013840832, 1.4532081649137085, -0.7764457526434806, -3.4653826622759603, 2.0253936951532734, 0.0, 0.0, -0.7055234342753716, 1.608405188316778, 1.4527699164295786, -0.7770168641734491
1361, 13.602941176470589, 1.418554338290949, -0.7561918156919479, -3.4653826622759603, 2.0253936951532734, 0.0, 0.0, -0.5760889299326348, 1.6206682473762324, 1.4179424298041188, -0.7559895993294623
1362, 13.612943339100347, 1.3839005116681893, -0.7359378787404152, -3.4653826622759603, 2.0253936951532734, 0.0, 0.0, -0.44738334237776645, 1.632838671907925, 1.3827288089890208, -0.7360743374880789
1363, 13.622945501730104, 1.3492466850454297, -0.7156839417888824, -3.4653826622759603, 2.0253936951532734, 0.0, 0.0, -0.3195503391207233, 1.6449132136790734, 1.3495704692492434, -0.7167503116538833
1364, 13.632947664359863, 1.31459285842267, -0.6954300048373496, -3.4653826622759603, 2.0253936951532734, 0.0, 0.0, -0.19273265759601355, 1.6568886309223767, 1.3145728712157014, -0.6967400460967142
1365, 13.64294982698962, 1.2799390317999104, -0.6751760678858169, -3.4653826622759603, 2.0253936951532734, 0.0, 0.0, -0.0670719364821406, 1.668761689310969, 1.2803766078956131, -0.676918034571739
1366, 13.652951989619378, 1.2452852051771508, -0.6549221309342841, -3.4653826622759603, 2.0253936951532734, 0.0, 0.0, 0.05729145167599481, 1.6805291629372099, 1.245150429012969, -0.6565285420407245
1367, 13.662954152249135, 1.2106313785543912, -0.6346681939827513, -3.4653826622759603, 2.0253936951532734, 0.0, 0.0, 0.18021856634151145, 1.6921878352949826, 1.211538751072691, -0.6332607068511528
1368, 13.672956314878894, 1.1759775519316316, -0.6144142570312187, -3.4653826622759603, 2.0253936951532734, 0.0, 0.0, 0.3015720631583676, 1.7037345002651656, 1.1755533971170193, -0.6140167116858499
1369, 13.68295847750865, 1.141323725308872, -0.5941603200796859, -3.4653826622759603, 2.0253936951532734, 0.0, 0.0, 0.4212163562262101, 1.7151659631039438, 1.1412955918328667, -0.5946740319010086
1370, 13.69296064013841, 1.1066698986861125, -0.5739063831281532, -3.4653826622759603, 2.0253936951532734, 0.0, 0.0, 0.5390177782831604, 1.7264790414336237, 1.1072277762695408, -0.5746930522561444
1371, 13.702962802768166, 1.0720160720633527, -0.5536524461766206, -3.4653826622759603, 2.0253936951532734, 0.0, 0.0, 0.6548447386049578, 1.7376705662356104, 1.071384535643016, -0.5518002529657484
1372, 13.712964965397925, 1.037362245440593, -0.5333985092250877, -3.4653826622759603, 2.0253936951532734, 0.0, 0.0, 0.7685678784315995, 1.7487373828452009, 1.036194872621305, -0.5343662916614246
1373, 13.722967128027683, 1.0027084188178335, -0.513144572273555, -3.4653826622759603, 2.0253936951532734, 0.0, 0.0, 0.8800602237356308, 1.7596763519478564, 1.003147825707051, -0.5129107869947788
1374, 13.73296929065744, 0.9680545921950738, -0.49289063532202215, -3.4653826622759603, 2.0253936951532734, 0.0, 0.0, 0.9891973351493784, 1.7704843505765995, 0.9662627638027799, -0.4932920402820454
1375, 13.742971453287199, 0.9334007655723142, -0.4726366983704895, -3.4653826622759603, 2.0253936951532734, 0.0, 0.0, 1.0958574548718625, 1.7811582731101918, 0.933917190368149, -0.47132974643043984
1376, 13.752973615916956, 0.8987469389495546, -0.4523827614189566, -3.4653826622759603, 2.0253936951532734, 0.0, 0.0, 1.1999216503797334, 1.7916950322717384, 0.8983145762085943, -0.4536679450404543
1377, 13.762975778546714, 0.864093112326795, -0.43212882446742396, -3.4653826622759603, 2.0253936951532734, 0.0, 0.0, 1.3012739547704184, 1.8020915601273677, 0.8626775630169409, -0.4326310816389185
1378, 13.772977941176471, 0.8294392857040354, -0.4118748875158913, -3.4653826622759603, 2.0253936951532734, 0.0, 0.0, 1.3998015035697184, 1.812344809084635, 0.8277275840639061, -0.4108958779392871
1379, 13.78298010380623, 0.7947854590812757, -0.3916209505643584, -3.4653826622759603, 2.0253936951532734, 0.0, 0.0, 1.4953946678402907, 1.822451752890288, 0.7943470344521606, -0.3909187363773548
1380, 13.792982266435986, 0.7601316324585161, -0.37136701361282576, -3.4653826622759603, 2.0253936951532734, 0.0, 0.0, 1.5879471834319685, 1.8324093876270444, 0.7595618903370598, -0.3695810379186632
1381, 13.802984429065745, 0.7254778058357565, -0.3511130766612929, -3.4653826622759603, 2.0253936951532734, 0.0, 0.0, 1.6773562762194159, 1.8422147327090181, 0.7263221544251359, -0.350897452056178
1382, 13.812986591695502, 0.6908239792129969, -0.3308591397097602, -3.4653826622759603, 2.0253936951532734, 0.0, 0.0, 1.763522783177498, 1.8518648318754374, 0.6915672976213234, -0.330693456077585
1383, 13.82298875432526, 0.6561701525902373, -0.31060520275822756, -3.4653826622759603, 2.0253936951532734, 0.0, 0.0, 1.846351269149697, 1.8613567541822944, 0.65666344012175, -0.31067759737645606
1384, 13.832990916955017, 0.6215163259674776, -0.2903512658066947, -3.4653826622759603, 2.0253936951532734, 0.0, 0.0, 1.9257501391700935, 1.8706875949915653, 0.6205314093893818, -0.2915474177624619
1385, 13.842993079584776, 0.586862499344718, -0.270097328855162, -3.4653826622759603, 2.0253936951532734, 0.0, 0.0, 2.001631746204753, 1.8798544769576373, 0.5857769380424979, -0.2690100630694709
1386, 13.852995242214533, 0.5522086727219584, -0.24984339190362914, -3.4653826622759603, 2.0253936951532734, 0.0, 0.0, 2.0739124941838822, 1.8888545510105854, 0.5511546990802535, -0.25063093131033815
1387, 13.862997404844291, 0.5175548460991988, -0.22958945495209648, -3.4653826622759603, 2.0253936951532734, 0.0, 0.0, 2.1425129362017183, 1.8976849973359284, 0.515921975261794, -0.2294872258468068
1388, 13.87299956747405, 0.48290101947643915, -0.2093355180005636, -3.4653826622759603, 2.0253936951532734, 0.0, 0.0, 2.2073578677669756, 1.9063430263505121, 0.4835456691195049, -0.21024802578957044
1389, 13.883001730103807, 0.44824719285367953, -0.18908158104903094, -3.4653826622759603, 2.0253936951532734, 0.0, 0.0, 2.2683764149925487, 1.9148258796741464, 0.4492131200401711, -0.1875127812545018
1390, 13.893003892733566, 0.4135933662309199, -0.1688276440974983, -3.4653826622759603, 2.0253936951532734, 0.0, 0.0, 2.325502117619295, 1.9231308310966388, 0.41403139240444914, -0.16775755743064108
1391, 13.903006055363322, 0.3789395396081603, -0.1485737071459654, -3.4653826622759603, 2.0253936951532734, 0.0, 0.0, 2.378673006774873, 1.9312551875398638, 0.38040978916776014, -0.15041289441080508
1392, 13.913008217993081, 0.34428571298540067, -0.12831977019443275, -3.4653826622759603, 2.0253936951532734, 0.0, 0.0, 2.4278316773749795, 1.9391962900145003, 0.34421816484710166, -0.13005971543783165
1393, 13.923010380622838, 0.30963188636264105, -0.10806583324289987, -3.4653826622759603, 2.0253936951532734, 0.0, 0.0, 2.472925355080685, 1.9469515145710792, 0.3106085373431521, -0.10795580803385899
1394, 13.933012543252596, 0.27497805973988143, -0.08781189629136721, -3.4653826622759603, 2.0253936951532734, 0.0, 0.0, 2.5139059577321783, 1.9545182732449786, 0.2762548543477689, -0.08697787680368879
1395, 13.943014705882353, 0.2403242331171218, -0.06755795933983433, -3.4653826622759603, 2.0253936951532734, 0.0, 0.0, 2.5507301511857854, 1.9618940149950075, 0.24138046146188155, -0.06669627922791287
1396, 13.953016868512112, 0.2056704064943622, -0.04730402238830167, -3.4653826622759603, 2.0253936951532734, 0.0, 0.0, 2.583359399487893, 1.9690762266352164, 0.20529819690492526, -0.04669457140666532
1397, 13.963019031141869, 0.17101657987160213, -0.02705008543676901, -3.4653826622759603, 2.0253936951532734, 0.0, 0.0, 2.6117600093261597, 1.9760624337595778, 0.17058386082050764, -0.027020156745945385
1398, 13.973021193771627, 0.1363627532488425, -0.006796148485236131, -3.4653826622759603, 2.0253936951532734, 0.0, 0.0, 2.6359031687053047, 1.9828502016591794, 0.13742225431078706, -0.008093044793438526
1399, 13.983023356401384, 0.10170892662608289, 0.013457788466296527, -3.4653826622759603, 2.0253936951532734, 0.0, 0.0, 2.655764979801641, 1.9894371362315735, 0.10262357215357212, 0.013302073836019673
1400, 13.993025519031143, 0.06705510000332326, 0.03371172541782941, -3.4653826622759603, 2.0253936951532734, 0.0, 0.0, 2.6713264859575503, 1.995820884881928, 0.06881092053599769, 0.03358750036221265
1401, 14.0030276816609, 0.032401273380563644, 0.053965662369362066, -3.4653826622759603, 2.0253936951532734, 0.0, 0.0, 2.6825736927840858, 2.001999137415626, 0.03193274293931073, 0.05376635128386139
1402, 14.013029844290658, -0.002252553242195976, 0.07421959932089472, -3.4653826622759603, 2.0253936951532734, 0.0, 0.0, 2.689497583346988, 2.007969626921966, -0.0012037062433259307, 0.07537783605992389
1403, 14.023032006920417, -0.036906379864955596, 0.0944735362724276, -3.4653826622759603, 2.0253936951532734, 0.0, 0.0, 2.6920941274184633, 2.0137301306486037, -0.036117883911274365, 0.09521813757449395
1404, 14.033034169550174, -0.07156020648771522, 0.11472747322396026, -3.4653826622759603, 2.0253936951532734, 0.0, 0.0, 2.690364284784226, 2.019278470866406, -0.07157041692870975, 0.11512800161162359
1405, 14.043036332179932, -0.10621403311047484, 0.13498141017549314, -3.4653826622759603, 2.0253936951532734, 0.0, 0.0, 2.6843140026023864, 2.0246125157243506, -0.10706024594631743, 0.13683829318722768
1406, 14.05303849480969, -0.14086785973323446, 0.1552353471270258, -3.4653826622759603, 2.0253936951532734, 0.0, 0.0, 2.6739542068179674, 2.0297301800941465, -0.13939705809456518, 0.15632766547865365
1407, 14.063040657439448, -0.17552168635599408, 0.17548928407855868, -3.4653826622759603, 2.0253936951532734, 0.0, 0.0, 2.6593007876438843, 2.0346294264042237, -0.17591815640267652, 0.17501156206717575
1408, 14.073042820069205, -0.2101755129787537, 0.19574322103009134, -3.4653826622759603, 2.0253936951532734, 0.0, 0.0, 2.640374579126396, 2.039308265462764, -0.20780258574612107, 0.19716492032655308
1409, 14.083044982698963, -0.24482933960151332, 0.215997157981624, -3.4653826622759603, 2.0253936951532734, 0.0, 0.0, 2.617201332820108, 2.0437647572694226, -0.2453945358792914, 0.21591926487076693
1410, 14.09304714532872, -0.27948316622427294, 0.23625109493315688, -3.4653826622759603, 2.0253936951532734, 0.0, 0.0, 2.5898116856046487, 2.047997011815431, -0.2798458328753126, 0.2353254908923815
1411, 14.103049307958479, -0.31413699284703256, 0.25650503188468954, -3.4653826622759603, 2.0253936951532734, 0.0, 0.0, 2.558241121682224, 2.0520031898717273, -0.3128479504436813, 0.25420807213704233
1412, 14.113051470588236, -0.3487908194697922, 0.2767589688362224, -3.4653826622759603, 2.0253936951532734, 0.0, 0.0, 2.522529928802145, 2.0557815037648117, -0.34853508277774203, 0.2756759223339297
1413, 14.123053633217994, -0.3834446460925518, 0.2970129057877551, -3.4653826622759603, 2.0253936951532734, 0.0, 0.0, 2.4827231487654355, 2.059330218139981, -0.38333640835904653, 0.29574708805665806
1414, 14.133055795847751, -0.4180984727153114, 0.31726684273928796, -3.4653826622759603, 2.0253936951532734, 0.0, 0.0, 2.4388705222694202, 2.062647650711645, -0.41733350669537117, 0.31701321054609444
1415, 14.14305795847751, -0.45275229933807104, 0.3375207796908206, -3.4653826622759603, 2.0253936951532734, 0.0, 0.0, 2.391026428158998, 2.0657321730003932, -0.45256974390082116, 0.3381715049793629
1416, 14.153060121107266, -0.48740612596083066, 0.3577747166423533, -3.4653826622759603, 2.0253936951532734, 0.0, 0.0, 2.3392498171580147, 2.068582211056505, -0.48654528636096633, 0.3567357081418263
1417, 14.163062283737025, -0.5220599525835903, 0.37802865359388615, -3.4653826622759603, 2.0253936951532734, 0.0, 0.0, 2.2836041401607776, 2.071196246169599, -0.5221238259917298, 0.37684564127169184
1418, 14.173064446366784, -0.5567137792063499, 0.3982825905454188, -3.4653826622759603, 2.0253936951532734, 0.0, 0.0, 2.224157271170226, 2.073572815564109, -0.5562358880191722, 0.39876111300858097
1419, 14.18306660899654, -0.5913676058291095, 0.4185365274969517, -3.4653826622759603, 2.0253936951532734, 0.0, 0.0, 2.1609814249757573, 2.0757105130802973, -0.5912332205845998, 0.4189575018874736
1420, 14.193068771626299, -0.6260214324518691, 0.43879046444848435, -3.4653826622759603, 2.0253936951532734, 0.0, 0.0, 2.0941530696699444, 2.077607989840491, -0.6287653165654113, 0.438913279239526
1421, 14.203070934256056, -0.6606752590746288, 0.459044401400017, -3.4653826622759603, 2.0253936951532734, 0.0, 0.0, 2.0237528341096205, 2.0792639549002754, -0.6594828618305946, 0.45942698442163876
1422, 14.213073096885815, -0.6953290856973884, 0.47929833835154967, -3.4653826622759603, 2.0253936951532734, 0.0, 0.0, 1.9498654104328272, 2.0806771758843308, -0.6952846945553118, 0.47885181000573224
1423, 14.223075259515571, -0.729982912320148, 0.49955227530308277, -3.4653826622759603, 2.0253936951532734, 0.0, 0.0, 1.872579451749063, 2.08184647960665, -0.7301365703395458, 0.4989134324283007
1424, 14.23307742214533, -0.7646367389429076, 0.5198062122546154, -3.4653826622759603, 2.0253936951532734, 0.0, 0.0, 1.791987465126045, 2.0827707526748456, -0.7652413504227179, 0.5211156682288878
1425, 14.243079584775087, -0.7992905655656672, 0.5400601492061481, -3.4653826622759603, 2.0253936951532734, 0.0, 0.0, 1.7081857000018448, 2.083448942078277, -0.8005160175459135, 0.538721408903017
1426, 14.253081747404845, -0.8339443921884269, 0.5603140861576807, -3.4653826622759603, 2.0253936951532734, 0.0, 0.0, 1.621274032156716, 2.083880055759736, -0.8330885857366269, 0.5594131723340899
1427, 14.263083910034602, -0.8685982188111865, 0.5805680231092138, -3.4653826622759603, 2.0253936951532734, 0.0, 0.0, 1.5313558433842718, 2.0840631631704163, -0.8687049005973655, 0.5806876039759549
1428, 14.273086072664361, -0.9032520454339461, 0.6008219600607465, -3.4653826622759603, 2.0253936951532734, 0.0, 0.0, 1.4385378970067983, 2.083997395807912, -0.9034456123422598, 0.5995125217153523
1429, 14.283088235294118, -0.9379058720567057, 0.6210758970122792, -3.4653826622759603, 2.0253936951532734, 0.0, 0.0, 1.3429302093845004, 2.083681947736999, -0.9388804784071528, 0.6210212130828167
1430, 14.293090397923876, -0.9725596986794653, 0.6413298339638118, -3.4653826622759603, 2.0253936951532734, 0.0, 0.0, 1.2446459175732225, 2.0831160760929435, -0.9723276618598815, 0.6415957226929834
1431, 14.303092560553633, -1.0061959866912429, 0.6614046210470257, -3.2839510772656095, 2.0024664434765103, 15.935544782430412, -1.0024529689748463, 2.771814544935075, 2.4718050645375396, -1.0056742739003044, 0.6626630917162907
1432, 14.313094723183392, -1.0382387202247778, 0.6813791628333421, -3.1245956294413055, 1.9924419137867617, 15.935544782430412, -1.0024529689748463, 2.7405160933772263, 2.4492764123073245, -1.0376387045113362, 0.6820788585870489
1433, 14.32309688581315, -1.0686878992800692, 0.7012534593227608, -2.9652401816170015, 1.9824173840970134, 15.935544782430412, -1.0024529689748463, 2.7120798254801626, 2.427021777105484, -1.0677420885916866, 0.701656204311898
1434, 14.333099048442907, -1.0975435238571176, 0.7210275105152824, -2.805884733792697, 1.972392854407265, 15.935544782430412, -1.0024529689748463, 2.686905097556199, 2.405153454939423, -1.0983031252445032, 0.7216179738404987
1435, 14.343101211072666, -1.1248055939559232, 0.7407013164109062, -2.6465292859683927, 1.9623683247175165, 15.935544782430412, -1.0024529689748463, 2.665348149879603, 2.3837755011509776, -1.1237168828901598, 0.7411316349266387
1436, 14.353103373702423, -1.1504741095764857, 0.7602748770096327, -2.4871738381440887, 1.952343795027768, 15.935544782430412, -1.0024529689748463, 2.6477248277319276, 2.3629837812533845, -1.1508482161785862, 0.7594535999291334
1437, 14.363105536332181, -1.1745490707188049, 0.7797481923114616, -2.3278183903197847, 1.9423192653380195, 15.935544782430412, -1.0024529689748463, 2.6343132929052713, 2.3428660147886475, -1.175118391111259, 0.7802031959631952
1438, 14.373107698961938, -1.1970304773828813, 0.7991212623163931, -2.1684629424954798, 1.932294735648271, 15.935544782430412, -1.0024529689748463, 2.6253566896864644, 2.3235018096526114, -1.196103664400393, 0.7989864536882263
1439, 14.383109861591697, -1.2179183295687146, 0.8183940870244271, -2.0091074946711758, 1.9222702059585226, 15.935544782430412, -1.0024529689748463, 2.621065734086603, 2.3049626848298095, -1.2190156854814875, 0.8180427222724643
1440, 14.393112024221454, -1.2372126272763049, 0.8375666664355637, -1.8497520468468711, 1.9122456762687743, 15.935544782430412, -1.0024529689748463, 2.621621199485653, 2.287312079965667, -1.2382433760433242, 0.8379828831194489
1441, 14.403114186851212, -1.254913370505652, 0.8566390005498026, -1.6903965990225673, 1.9022211465790257, 15.935544782430412, -1.0024529689748463, 2.6271762759215904, 2.270605350681855, -1.2563360809146495, 0.8543759903804998
1442, 14.413116349480969, -1.2710205592567563, 0.8756110893671442, -1.531041151198263, 1.892196616889277, 15.935544782430412, -1.0024529689748463, 2.6378587839669345, 2.254889749013732, -1.2701352845183247, 0.8756096653084198
1443, 14.423118512110728, -1.2855341935296174, 0.8944829328875883, -1.3716857033739587, 1.8821720871995287, 15.935544782430412, -1.0024529689748463, 2.6537732275090202, 2.240204388819447, -1.284494121696139, 0.8932615458160749
1444, 14.433120674740485, -1.2984542733242355, 0.9132545311111347, -1.212330255549655, 1.8721475575097801, 15.935544782430412, -1.0024529689748463, 2.675002672796069, 2.2265801964809455, -1.2988706788443831, 0.9138597506072387
1445, 14.443122837370243, -1.3097807986406105, 0.9319258840377839, -1.0529748077253505, 1.8621230278200316, 15.935544782430412, -1.0024529689748463, 2.7016104438466364, 2.214039847690481, -1.3084382075709509, 0.9320449673673685
1446, 14.453125, -1.3195137694787424, 0.9504969916675354, -0.8936193599010462, 1.852098498130283, 15.935544782430412, -1.0024529689748463, 2.7336416267661754, 2.2025976915947982, -1.3202452373245295, 0.9510774669830614
1447, 14.463127162629759, -1.3276531858386313, 0.9689678540003895, -0.7342639120767418, 1.8420739684405347, 15.935544782430412, -1.0024529689748463, 2.7711243776961396, 2.1922596640552166, -1.3277526927278802, 0.9703149367060853
1448, 14.473129325259517, -1.3341990477202774, 0.9873384710363462, -0.5749084642524374, 1.8320494387507864, 15.935544782430412, -1.0024529689748463, 2.8140710310644375, 2.183023192277421, -1.3318784125766772, 0.9872808836367609
1449, 14.483131487889274, -1.33915135512368, 1.0056088427754053, -0.41555301642813336, 1.8220249090610379, 15.935544782430412, -1.0024529689748463, 2.86247900654011, 2.17487709357151, -1.3396042078130472, 1.0043361731733353
1450, 14.493133650519033, -1.34251010804884, 1.023778969217567, -0.2561975686038289, 1.8120003793712893, 15.935544782430412, -1.0024529689748463, 2.9163315146490345, 2.1678014715217007, -1.3427228423116238, 1.0240609225442185
1451, 14.50313581314879, -1.3442753064957567, 1.0418488503628311, -0.0968421207795247, 1.801975849681541, 15.935544782430412, -1.0024529689748463, 2.975598062411732, 2.161767613376589, -1.3437042517261495, 1.041791673272126
1452, 14.513137975778548, -1.3444469504644305, 1.059818486211198, 0.06251332704477952, 1.7919513199917925, 15.935544782430412, -1.0024529689748463, 3.0402347616491667, 2.156737893014605, -1.343523062582645, 1.0613610181692057
1453, 14.523140138408305, -1.343025039954861, 1.077687876762667, 0.22186877486908352, 1.781926790302044, 15.935544782430412, -1.0024529689748463, 3.11018444379822, 2.1526656843940484, -1.3413507512658571, 1.0769261431299078
1454, 14.533142301038064, -1.3400095749670489, 1.0954570220172388, 0.3812242226933882, 1.7719022606122956, 15.935544782430412, -1.0024529689748463, 3.1853765862147547, 2.149495290960653, -1.3400419931559968, 1.0949500699035681
1455, 14.54314446366782, -1.3354005555009933, 1.113125921974913, 0.5405796705176924, 1.7618777309225468, 15.935544782430412, -1.0024529689748463, 3.265727056047927, 2.147161897054589, -1.3352071799815035, 1.1129348653513462
1456, 14.553146626297579, -1.329197981556695, 1.1306945766356897, 0.6999351183419966, 1.7518532012327985, 15.935544782430412, -1.0024529689748463, 3.351137678872242, 2.145591547928584, -1.3286434350733922, 1.1292122927544572
1457, 14.563148788927336, -1.3214018531341534, 1.148162985999569, 0.8592905661663008, 1.74182867154305, 15.935544782430412, -1.0024529689748463, 3.441495640390327, 2.1447011655533537, -1.3218147659426216, 1.147121008669011
1458, 14.573150951557095, -1.312012170233369, 1.1655311500665508, 1.0186460139906048, 1.7318041418533017, 15.935544782430412, -1.0024529689748463, 3.5366727306940877, 2.1443986079383377, -1.311237359153305, 1.1643135757550997
1459, 14.583153114186851, -1.3010289328543414, 1.182799068836635, 1.1780014618149095, 1.7217796121635534, 15.935544782430412, -1.0024529689748463, 3.636524441817903, 2.1445827802255986, -1.301378409809868, 1.1831441815287371
1460, 14.59315527681661, -1.2884521409970706, 1.199966742309822, 1.3373569096392135, 1.7117550824738048, 15.935544782430412, -1.0024529689748463, 3.7408889306552267, 2.1451438063118653, -1.2892872192086582, 1.2007000092180424
1461, 14.603157439446367, -1.274281794661557, 1.2170341704861112, 1.496712357463518, 1.7017305527840563, 15.935544782430412, -1.0024529689748463, 3.8495858607579128, 2.145963270205352, -1.2735225488338957, 1.2150529180213605
1462, 14.613159602076125, -1.2585178938478003, 1.234001353365503, 1.656067805287822, 1.6917060230943075, 15.935544782430412, -1.0024529689748463, 3.9624151381109733, 2.146914536715594, -1.2590325408924672, 1.2340476915181724
1463, 14.623161764705884, -1.2411604385558006, 1.2508682909479973, 1.8154232531121264, 1.6816814934045592, 15.935544782430412, -1.0024529689748463, 4.07915555768676, 2.1478631613896173, -1.2414970913542984, 1.2512020885664379
1464, 14.63316392733564, -1.2222094287855578, 1.2676349832335942, 1.9747787009364306, 1.6716569637148109, 15.935544782430412, -1.0024529689748463, 4.199563379440513, 2.14866739982781, -1.2227647505609847, 1.2704129054039994
1465, 14.6431660899654, -1.201664864537072, 1.2843014302222935, 2.134134148760735, 1.661632434025062, 15.935544782430412, -1.0024529689748463, 4.323370854418666, 2.149178826617578, -1.20168192207773, 1.2834449452570613
1466, 14.653168252595156, -1.179526745810343, 1.3008676319140955, 2.2934895965850393, 1.6516079043353138, 15.935544782430412, -1.0024529689748463, 4.450284723812729, 2.149243074089927, -1.1820241112969827, 1.3022229788797848
1467, 14.663170415224915, -1.1557950726053712, 1.3173335883089998, 2.4528450444093433, 1.6415833746455655, 15.935544782430412, -1.0024529689748463, 4.579984716100519, 2.148700700909706, -1.1557534802436893, 1.3189939670257786
1468, 14.673172577854672, -1.130469844922156, 1.3336992994070067, 2.6122004922336477, 1.6315588449558167, 15.935544782430412, -1.0024529689748463, 4.712122069863206, 2.147388200128807, -1.1305215775167043, 1.3329028310653543
1469, 14.68317474048443, -1.1035510627606981, 1.3499647652081161, 2.7715559400579517, 1.6215343152660686, 15.935544782430412, -1.0024529689748463, 4.846318112435046, 2.1451391557364574, -1.1048616698882212, 1.350182075717099
1470, 14.693176903114187, -1.075038726120997, 1.3661299857123281, 2.930911387882256, 1.6115097855763199, 15.935544782430412, -1.0024529689748463, 4.982162927210698, 2.1417855559043284, -1.0744641833411392, 1.366513092420914
1471, 14.703179065743946, -1.0457296122421753, 1.3822450835680908, 2.930911387882251, 1.6115097855763203, 0.0, 0.0, 3.873249033201149, 1.8995475606433139, -1.0447351296414633, 1.3815597231978878
1472, 14.713181228373703, -1.016420498363353, 1.398360181423854, 2.930911387882251, 1.6115097855763203, 0.0, 0.0, 3.9431410158958893, 1.8843963576043523, -1.0152335783180293, 1.3991505313501036
1473, 14.723183391003461, -0.9871113844845304, 1.4144752792796174, 2.930911387882251, 1.6115097855763203, 0.0, 0.0, 4.009667618456953, 1.867325135914065, -0.9853514821917629, 1.4125654940981978
1474, 14.733185553633218, -0.9578022706057079, 1.4305903771353805, 2.930911387882251, 1.6115097855763203, 0.0, 0.0, 4.072792416332536, 1.8483699305762717, -0.959196278163048, 1.4323150389496988
1475, 14.743187716262977, -0.9284931567268854, 1.4467054749911439, 2.930911387882251, 1.6115097855763203, 0.0, 0.0, 4.132484159352006, 1.8275705837852305, -0.928391632788804, 1.4466612187544154
1476, 14.753189878892734, -0.8991840428480627, 1.462820572846907, 2.930911387882251, 1.6115097855763203, 0.0, 0.0, 4.188716750558318, 1.8049706625394926, -0.8986630314433803, 1.4649831694701776
1477, 14.763192041522492, -0.8698749289692402, 1.4789356707026702, 2.930911387882251, 1.6115097855763203, 0.0, 0.0, 4.24146921613338, 1.7806173685921598, -0.8680680392306525, 1.4782536906113624
1478, 14.77319420415225, -0.8405658150904177, 1.4950507685584333, 2.930911387882251, 1.6115097855763203, 0.0, 0.0, 4.290725666550619, 1.7545614409233625, -0.8414488799207595, 1.494835531504518
1479, 14.783196366782008, -0.8112567012115952, 1.5111658664141965, 2.930911387882251, 1.6115097855763203, 0.0, 0.0, 4.336475249105548, 1.726857050936192, -0.8105084945919986, 1.5115250000983518
1480, 14.793198529411766, -0.7819475873327727, 1.5272809642699599, 2.930911387882251, 1.6115097855763203, 0.0, 0.0, 4.378712091991316, 1.6975616905923376, -0.7812553192373521, 1.5271498647134554
1481, 14.803200692041523, -0.7526384734539501, 1.543396062125723, 2.930911387882251, 1.6115097855763203, 0.0, 0.0, 4.4174352401019625, 1.6667360537182323, -0.7539198136889025, 1.5435982290023038
1482, 14.813202854671282, -0.7233293595751276, 1.5595111599814864, 2.930911387882251, 1.6115097855763203, 0.0, 0.0, 4.452648582761439, 1.6344439107265931, -0.7248202862719525, 1.5600879889799715
1483, 14.823205017301039, -0.694020245696305, 1.5756262578372495, 2.930911387882251, 1.6115097855763203, 0.0, 0.0, 4.484360773591324, 1.6007519770118246, -0.6926533116748048, 1.5758718359726163
1484, 14.833207179930797, -0.6647111318174825, 1.5917413556930127, 2.930911387882251, 1.6115097855763203, 0.0, 0.0, 4.512585142744514, 1.5657297752907997, -0.6649710031745941, 1.5927581526630619
1485, 14.843209342560554, -0.6354020179386599, 1.6078564535487758, 2.930911387882251, 1.6115097855763203, 0.0, 0.0, 4.5373396017460355, 1.5294494921730148, -0.6357517328842859, 1.6078047428355995
1486, 14.853211505190313, -0.6060929040598375, 1.6239715514045392, 2.930911387882251, 1.6115097855763203, 0.0, 0.0, 4.558646541195398, 1.4919858292560169, -0.6063456557339467, 1.6235445169296672
1487, 14.86321366782007, -0.5767837901810149, 1.6400866492603023, 2.930911387882251, 1.6115097855763203, 0.0, 0.0, 4.576532721597679, 1.4534158490532882, -0.5768250501936537, 1.638444464774011
1488, 14.873215830449828, -0.5474746763021925, 1.6562017471160657, 2.930911387882251, 1.6115097855763203, 0.0, 0.0, 4.591029157602557, 1.4138188160724316, -0.5467685863561131, 1.6570858606666208
1489, 14.883217993079585, -0.5181655624233699, 1.6723168449718289, 2.930911387882251, 1.6115097855763203, 0.0, 0.0, 4.602170995942144, 1.3732760333714953, -0.519630111769825, 1.6734786297100483
1490, 14.893220155709344, -0.48885644854454724, 1.688431942827592, 2.930911387882251, 1.6115097855763203, 0.0, 0.0, 4.609997387369209, 1.3318706749306068, -0.488229058307766, 1.688360691362104
1491, 14.9032223183391, -0.45954733466572484, 1.7045470406833552, 2.930911387882251, 1.6115097855763203, 0.0, 0.0, 4.614551352907621, 1.2896876141847016, -0.4598327194902805, 1.7050190031364219
1492, 14.913224480968859, -0.4302382207869022, 1.7206621385391183, 2.930911387882251, 1.6115097855763203, 0.0, 0.0, 4.615879644736369, 1.2468132490710544, -0.4289112702756935, 1.720726713090321
1493, 14.923226643598618, -0.4009291069080798, 1.7367772363948817, 2.930911387882251, 1.6115097855763203, 0.0, 0.0, 4.614032602037265, 1.2033353239525093, -0.4014795349329854, 1.7379724534920395
1494, 14.933228806228374, -0.3716199930292572, 1.7528923342506448, 2.930911387882251, 1.6115097855763203, 0.0, 0.0, 4.609064002144591, 1.159342748783732, -0.37130949889128123, 1.7529744950648511
1495, 14.943230968858133, -0.34231087915043457, 1.7690074321064082, 2.930911387882251, 1.6115097855763203, 0.0, 0.0, 4.6010309073422295, 1.1149254158935027, -0.3428690387289023, 1.7699386457973576
1496, 14.95323313148789, -0.31300176527161216, 1.7851225299621714, 2.930911387882251, 1.6115097855763203, 0.0, 0.0, 4.589993507660493, 1.0701740147609726, -0.3149545016828172, 1.7861329545084876
1497, 14.963235294117649, -0.28369265139278954, 1.8012376278179345, 2.930911387882251, 1.6115097855763203, 0.0, 0.0, 4.576014960030691, 1.0251798451679448, -0.28311307474393005, 1.8016924370191167
1498, 14.973237456747405, -0.25438353751396714, 1.8173527256736977, 2.930911387882251, 1.6115097855763203, 0.0, 0.0, 4.5591612241605155, 0.9800346291125832, -0.2544883344466769, 1.8166269539863753
1499, 14.983239619377164, -0.22507442363514452, 1.8334678235294608, 2.930911387882251, 1.6115097855763203, 0.0, 0.0, 4.53950089549773, 0.9348303218725033, -0.2241005637111827, 1.8325459108580138
1500, 14.99324178200692, -0.19576530975632211, 1.849582921385224, 2.930911387882251, 1.6115097855763203, 0.0, 0.0, 4.517105035653062, 0.8896589226069469, -0.1966435471375399, 1.8476256796549764
1501, 15.00324394463668, -0.1664561958774995, 1.8656980192409873, 2.930911387882251, 1.6115097855763203, 0.0, 0.0, 4.492047000656017, 0.8446122848886923, -0.1657901489679725, 1.8677033170983857
1502, 15.013246107266436, -0.1371470819986771, 1.8818131170967505, 2.930911387882251, 1.6115097855763203, 0.0, 0.0, 4.464402267419231, 0.7997819275564872, -0.13780929506601508, 1.8805408757625104
1503, 15.023248269896195, -0.10783796811985447, 1.8979282149525138, 2.930911387882251, 1.6115097855763203, 0.0, 0.0, 4.434248258788155, 0.7552588462781239, -0.10884216310371884, 1.898462016830021
1504, 15.033250432525952, -0.07852885424103206, 1.914043312808277, 2.930911387882251, 1.6115097855763203, 0.0, 0.0, 4.4016641675532036, 0.7111333262128153, -0.07855633435275945, 1.9148499763595728
1505, 15.04325259515571, -0.04921974036220944, 1.9301584106640401, 2.930911387882251, 1.6115097855763203, 0.0, 0.0, 4.366730779801086, 0.6674947561592388, -0.04837145198640738, 1.9295897348214601
1506, 15.053254757785467, -0.019910626483386817, 1.9462735085198033, 2.930911387882251, 1.6115097855763203, 0.0, 0.0, 4.329530297980806, 0.6244314445725659, -0.020753500275901216, 1.9451992962262088
1507, 15.063256920415226, 0.009398487395435584, 1.9623886063755664, 2.930911387882251, 1.6115097855763203, 0.0, 0.0, 4.290146164057799, 0.5820304378299199, 0.008442366735016499, 1.9646158063393258
1508, 15.073259083044984, 0.03870760127425821, 1.9785037042313298, 2.930911387882251, 1.6115097855763203, 0.0, 0.0, 4.248662883126923, 0.5403773411190607, 0.0391979890712463, 1.979708096958479
1509, 15.083261245674741, 0.06801671515308061, 1.9946188020870932, 2.930911387882251, 1.6115097855763203, 0.0, 0.0, 4.2051658478514256, 0.4995561423196949, 0.06840255879352354, 1.9962172213341403
1510, 15.0932634083045, 0.09732582903190323, 2.0107338999428563, 2.930911387882251, 1.6115097855763203, 0.0, 0.0, 4.159741164090732, 0.4596490392406054, 0.09795151832116507, 2.0095719041503064
1511, 15.103265570934257, 0.12663494291072586, 2.0268489977986195, 2.930911387882251, 1.6115097855763203, 0.0, 0.0, 4.112475478074815, 0.42073627056888874, 0.12919778142853192, 2.0247430412551037
1512, 15.113267733564015, 0.15594405678954826, 2.0429640956543826, 2.930911387882251, 1.6115097855763203, 0.0, 0.0, 4.063455805477105, 0.38289595087991457, 0.15628221776561843, 2.043222336866191
1513, 15.123269896193772, 0.18525317066837088, 2.0590791935101462, 2.930911387882251, 1.6115097855763203, 0.0, 0.0, 4.012769362731406, 0.34620391004823875, 0.18590441649547, 2.0591805502601472
1514, 15.13327205882353, 0.21456228454719328, 2.075194291365909, 2.930911387882251, 1.6115097855763203, 0.0, 0.0, 3.9605034009310227, 0.31073353739062703, 0.21444506161337912, 2.0739177134919746
1515, 15.143274221453288, 0.2438713984260159, 2.0913093892216725, 2.930911387882251, 1.6115097855763203, 0.0, 0.0, 3.9067450426403973, 0.2765556308625595, 0.24452949850043762, 2.092146824555987
1516, 15.153276384083046, 0.2731805123048383, 2.1074244870774352, 2.930911387882251, 1.6115097855763203, 0.0, 0.0, 3.8515811219409883, 0.24373825161918827, 0.2747243503475915, 2.105463633047273
1517, 15.163278546712803, 0.30248962618366093, 2.123539584933199, 2.930911387882251, 1.6115097855763203, 0.0, 0.0, 3.7950980280238493, 0.21234658424060393, 0.30386677504449383, 2.1236283923323103
1518, 15.173280709342562, 0.33179874006248355, 2.139654682788962, 2.930911387882251, 1.6115097855763203, 0.0, 0.0, 3.7373815526315335, 0.18244280290962855, 0.3295628733407066, 2.1415107747142232
1519, 15.183282871972319, 0.36110785394130596, 2.155769780644725, 2.930911387882251, 1.6115097855763203, 0.0, 0.0, 3.6785167416414417, 0.15408594381801932, 0.3597922139860526, 2.1558396453721396
1520, 15.193285034602077, 0.39041696782012836, 2.1718848785004887, 2.930911387882251, 1.6115097855763203, 0.0, 0.0, 3.6185877510717104, 0.12733178406414547, 0.3902212553379287, 2.1724030003370913
1521, 15.203287197231834, 0.4197260816989512, 2.1879999763562514, 2.930911387882251, 1.6115097855763203, 0.0, 0.0, 3.557677707779081, 0.10223272729179567, 0.42025019826945414, 2.187833781581647
1522, 15.213289359861593, 0.4490351955777736, 2.204115074212015, 2.930911387882251, 1.6115097855763203, 0.0, 0.0, 3.4958685751060883, 0.07883769630585125, 0.4500944344008122, 2.2038552520582604
1523, 15.223291522491351, 0.478344309456596, 2.220230172067778, 2.930911387882251, 1.6115097855763203, 0.0, 0.0, 3.4332410237222017, 0.05719203288618124, 0.4782579165083947, 2.221776532905332
1524, 15.233293685121108, 0.5076534233354189, 2.2363452699235413, 2.930911387882251, 1.6115097855763203, 0.0, 0.0, 3.369874307890475, 0.03733740500624183, 0.5059592217169527, 2.2372247236476537
1525, 15.243295847750867, 0.5369625372142413, 2.2524603677793045, 2.930911387882251, 1.6115097855763203, 0.0, 0.0, 3.30584614737765, 0.019311721647599978, 0.5376116270710125, 2.252456303247177
1526, 15.253298010380623, 0.5662716510930637, 2.2685754656350676, 2.930911387882251, 1.6115097855763203, 0.0, 0.0, 3.2412326152116684, 0.003149055385910593, 0.564737325724048, 2.268732873843115
1527, 15.263300173010382, 0.5955807649718865, 2.284690563490831, 2.930911387882251, 1.6115097855763203, 0.0, 0.0, 3.176108031476188, -0.011120427092148777, 0.5944124573047228, 2.2854403837881074
1528, 15.273302335640139, 0.6248898788507089, 2.300805661346594, 2.930911387882251, 1.6115097855763203, 0.0, 0.0, 3.1105448633169352, -0.023470526397850855, 0.6230745770521253, 2.3013189914878986
1529, 15.283304498269898, 0.6544446723689619, 2.3170663020248257, 2.9173195880284717, 1.606128618480817, -7.631952759365901, -3.987089868470229, 2.7448153192296747, -0.06200091480508352, 0.6539063687673689, 2.3171756392499927
1530, 15.293306660899654, 0.6832362706112785, 2.3329282337162103, 2.841000060434813, 1.5662577197961147, -7.631952759365901, -3.987089868470229, 2.6546811451239, -0.09482021888541703, 0.6820044471820867, 2.3329812121823013
1531, 15.303308823529413, 0.7112646735776582, 2.3483914564207478, 2.7646805328411537, 1.5263868211114127, -7.631952759365901, -3.987089868470229, 2.5654066224069765, -0.12530660733130838, 0.7135685564723625, 2.3485479055388936
1532, 15.31331098615917, 0.7385298812681014, 2.3634559701384386, 2.688361005247495, 1.4865159224267104, -7.631952759365901, -3.987089868470229, 2.47708370521579, -0.15360557573457667, 0.7377671819386601, 2.3631694016972142
1533, 15.323313148788928, 0.7650318936826082, 2.3781217748692822, 2.6120414776538357, 1.4466450237420079, -7.631952759365901, -3.987089868470229, 2.389793787463053, -0.1798634772109473, 0.7651926179220654, 2.3787952538954467
1534, 15.333315311418685, 0.7907707108211783, 2.3923888706132788, 2.5357219500601764, 1.4067741250573056, -7.631952759365901, -3.987089868470229, 2.3036086157330145, -0.20422655608992213, 0.7920072586093997, 2.3924384790381605
1535, 15.343317474048444, 0.8157463326838117, 2.406257257370428, 2.4594024224665176, 1.366903226372603, -7.631952759365901, -3.987089868470229, 2.2185911551798223, -0.2268400815894377, 0.8154115407661611, 2.4059109721553495
1536, 15.3533196366782, 0.8399587592705087, 2.419726935140731, 2.3830828948728584, 1.3270323276879008, -7.631952759365901, -3.987089868470229, 2.1347964067650675, -0.24784757784951394, 0.8386587173584258, 2.420273373758864
1537, 15.36332179930796, 0.8634079905812689, 2.4327979039241865, 2.306763367279199, 1.2871614290031985, -7.631952759365901, -3.987089868470229, 2.052272174950038, -0.26739014612795486, 0.8638649952615428, 2.4320264128765876
1538, 15.373323961937718, 0.8860940266160927, 2.445470163720795, 2.23044383968554, 1.2472905303184962, -7.631952759365901, -3.987089868470229, 1.971059785631073, -0.28560587450796127, 0.8871274707225912, 2.44524830597925
1539, 15.383326124567475, 0.9080168673749798, 2.4577437145305563, 2.154124312091881, 1.207419631633794, -7.631952759365901, -3.987089868470229, 1.8911947546803995, -0.3026293301218901, 0.9068045209737924, 2.4591354222519475
1540, 15.393328287197233, 0.9291765128579303, 2.4696185563534705, 2.0778047844982224, 1.1675487329490915, -7.631952759365901, -3.987089868470229, 1.8127074079373382, -0.31859112864701167, 0.9277040336977073, 2.46870025873994
1541, 15.40333044982699, 0.9495729630649443, 2.481094689189538, 2.001485256904563, 1.1276778342643894, -7.631952759365901, -3.987089868470229, 1.7356234538934951, -0.333617575667739, 0.9497269352963764, 2.4796250662556427
1542, 15.413332612456749, 0.9692062179960216, 2.4921721130387584, 1.9251657293109041, 1.0878069355796869, -7.631952759365901, -3.987089868470229, 1.6599645106380452, -0.3478303744145246, 0.9680581261394383, 2.4912587936040587
1543, 15.423334775086506, 0.9880762776511623, 2.502850827901132, 1.848846201717245, 1.0479360368949846, -7.631952759365901, -3.987089868470229, 1.5857485888831075, -0.36134639437290117, 0.9884961726176695, 2.502327506646686
1544, 15.433336937716264, 1.0061831420303666, 2.5131308337766582, 1.7725266741235857, 1.0080651382102823, -7.631952759365901, -3.987089868470229, 1.5129905330816027, -0.37427749529789156, 1.0079121359424845, 2.5134127989704766
1545, 15.443339100346021, 1.0235268111336342, 2.5230121306653377, 1.6962071465299267, 0.9681942395255799, -7.631952759365901, -3.987089868470229, 1.4417024227881505, -0.38673040126072794, 1.0227280207941496, 2.5250351618761275
1546, 15.45334126297578, 1.0401072849609652, 2.53249471856717, 1.6198876189362676, 0.9283233408408776, -7.631952759365901, -3.987089868470229, 1.3718939365038514, -0.39880661948851676, 1.039894559875861, 2.532552838420366
1547, 15.463343425605537, 1.0559245635123595, 2.541578597482155, 1.5435680913426084, 0.8884524421561752, -7.631952759365901, -3.987089868470229, 1.3035726802947925, -0.4106023989258185, 1.0541904110047124, 2.5425585124665897
1548, 15.473345588235295, 1.0709786467878173, 2.5502637674102933, 1.4672485637489496, 0.8485815434714729, -7.631952759365901, -3.987089868470229, 1.2367444834873322, -0.42220872364338585, 1.072348787367014, 2.5508389916332987
1549, 15.483347750865052, 1.0852695347873385, 2.5585502283515846, 1.3909290361552904, 0.8087106447867706, -7.631952759365901, -3.987089868470229, 1.1714136637262897, -0.4337113364373873, 1.084033470500678, 2.5592923022585197
1550, 15.49334991349481, 1.0987972275109232, 2.566437980306029, 1.3146095085616316, 0.7688397461020682, -7.631952759365901, -3.987089868470229, 1.1075832636398748, -0.4451907881969168, 1.0992956026991716, 2.5676734473956735
1551, 15.503352076124568, 1.1115617249585712, 2.573927023273626, 1.2382899809679724, 0.728968847417366, -7.631952759365901, -3.987089868470229, 1.0452552612920467, -0.45672250886357296, 1.1124740890067064, 2.574858328985604
1552, 15.513354238754326, 1.1235630271302826, 2.581017357254376, 1.1619704533743134, 0.6890979487326635, -7.631952759365901, -3.987089868470229, 0.9844307565229924, -0.4683768960601458, 1.1236248097136805, 2.580476765182096
1553, 15.523356401384085, 1.1348011340260575, 2.5877089822482793, 1.0856509257806541, 0.6492270500479613, -7.631952759365901, -3.987089868470229, 0.9251101351851639, -0.48021941772228205, 1.1363003274173646, 2.5880279161441195
1554, 15.533358564013842, 1.1452760456458957, 2.5940018982553354, 1.0093313981869951, 0.6093561513632589, -7.631952759365901, -3.987089868470229, 0.8672932131789044, -0.49231072532427816, 1.1461301939216582, 2.5936909060253646
1555, 15.5433607266436, 1.1549877619897975, 2.5998961052755445, 0.9330118705933361, 0.5694852526785565, -7.631952759365901, -3.987089868470229, 0.8109793620808959, -0.504706774545218, 1.1569886653359451, 2.6008892748478147
1556, 15.553362889273357, 1.1639362830577624, 2.6053916033089064, 0.856692342999677, 0.5296143539938543, -7.631952759365901, -3.987089868470229, 0.7561676180428493, -0.5174589504724071, 1.1651638349393905, 2.606096804660505
1557, 15.563365051903116, 1.172121608849791, 2.6104883923554216, 0.7803728154060179, 0.4897434553091519, -7.631952759365901, -3.987089868470229, 0.7028567755189669, -0.5306141946836944, 1.1724302382498786, 2.609227949041753
1558, 15.573367214532873, 1.1795437393658827, 2.6151864724150897, 0.7040532878123589, 0.44987255662444964, -7.631952759365901, -3.987089868470229, 0.651045467260492, -0.5442151317875542, 1.179587499516591, 2.6144662675972317
1559, 15.583369377162631, 1.1862026746060381, 2.6194858434879107, 0.6277337602186999, 0.4100016579397473, -7.631952759365901, -3.987089868470229, 0.6007322318953798, -0.5583001932287381, 1.1850702882268183, 2.6192589136296207
1560, 15.593371539792388, 1.192098414570257, 2.6233865055738845, 0.5514142326250407, 0.37013075925504496, -7.631952759365901, -3.987089868470229, 0.5519155702919729, -0.5729037363873493, 1.1913826623433879, 2.6252324457548712
1561, 15.603373702422147, 1.197230959258539, 2.6268884586730112, 0.4750947050313816, 0.3302598605703426, -7.631952759365901, -3.987089868470229, 0.5045939917882236, -0.5880561572099978, 1.1977080025087878, 2.628268248067587
1562, 15.613375865051903, 1.2016003086708844, 2.6299917027852913, 0.3987751774377225, 0.2903889618856403, -7.631952759365901, -3.987089868470229, 0.45876605125323416, -0.6037839948132564, 1.2013396799104954, 2.6291936308096573
1563, 15.623378027681662, 1.2052064628072934, 2.632696237910724, 0.3224556498440635, 0.25051806320093795, -7.631952759365901, -3.987089868470229, 0.41443037783592757, -0.6201100266921971, 1.206733853749346, 2.6317880385546557
1564, 15.633380190311419, 1.2080494216677657, 2.63500206404931, 0.24613612225040446, 0.21064716451623566, -7.631952759365901, -3.987089868470229, 0.37158569614684067, -0.6370533533507141, 1.2087585232846674, 2.637091865658052
1565, 15.643382352941178, 1.2101291852523015, 2.636909181201049, 0.1698165946567454, 0.1707762658315333, -7.631952759365901, -3.987089868470229, 0.3302308405133109, -0.6546294713463258, 1.2109430780398749, 2.6383629770274273
1566, 15.653384515570934, 1.2114457535609007, 2.638417589365941, 0.0934970670630863, 0.130905367146831, -7.631952759365901, -3.987089868470229, 0.29036476284570567, -0.6728503339108808, 1.2109281439271813, 2.6362577520204233
1567, 15.663386678200693, 1.2119991265935632, 2.6395272885439858, 0.017177539469427218, 0.09103446846212865, -7.631952759365901, -3.987089868470229, 0.25198653455256975, -0.6917243984710637, 1.212350591279218, 2.639053762626635
1568, 15.673388840830452, 1.2117893043502892, 2.6402382787351835, -0.05914198812423185, 0.05116356977742632, -7.631952759365901, -3.987089868470229, 0.21509534284534707, -0.711256660549754, 1.2119775826397108, 2.6420727353922566
1569, 15.683391003460208, 1.211197884469047, 2.640749914432958, -0.05914198812422931, 0.05116356977742765, 0.0, 0.0, 0.4345057309792992, -0.7173523507476477, 1.2117540797209585, 2.639770580160501
1570, 15.693393166089967, 1.2106064645878047, 2.6412615501307317, -0.05914198812422931, 0.05116356977742765, 0.0, 0.0, 0.43635332355727946, -0.7174033667428914, 1.2112434083672823, 2.6418438564256763
1571, 15.703395328719724, 1.2100150447065623, 2.641773185828506, -0.05914198812422931, 0.05116356977742765, 0.0, 0.0, 0.43820049800682886, -0.7174543780172219, 1.209821101546798, 2.6416029819292026
1572, 15.713397491349482, 1.20942362482532, 2.6422848215262804, -0.05914198812422931, 0.05116356977742765, 0.0, 0.0, 0.4400472536643368, -0.7175053845703069, 1.2090913081484898, 2.642569053465611
1573, 15.72339965397924, 1.2088322049440778, 2.6427964572240548, -0.05914198812422931, 0.05116356977742765, 0.0, 0.0, 0.44189358986634125, -0.7175563864018137, 1.2091020412133935, 2.6427255333438873
1574, 15.733401816608998, 1.2082407850628354, 2.643308092921829, -0.05914198812422931, 0.05116356977742765, 0.0, 0.0, 0.44373950594953043, -0.7176073835114101, 1.2036998748197092, 2.6439384203699268
1575, 15.743403979238755, 1.2076493651815932, 2.6438197286196035, -0.05914198812422931, 0.05116356977742765, 0.0, 0.0, 0.4455850012507376, -0.7176583758987626, 1.2075153519029662, 2.642601922965077
1576, 15.753406141868513, 1.207057945300351, 2.6443313643173774, -0.05914198812422931, 0.05116356977742765, 0.0, 0.0, 0.44743007510694704, -0.7177093635635393, 1.2048283176854488, 2.646367927248169
1577, 15.76340830449827, 1.2064665254191085, 2.6448430000151517, -0.05914198812422931, 0.05116356977742765, 0.0, 0.0, 0.4492747268552942, -0.7177603465054072, 1.206347069570109, 2.6445875436206054
1578, 15.773410467128029, 1.2058751055378663, 2.645354635712926, -0.05914198812422931, 0.05116356977742765, 0.0, 0.0, 0.4511189558330581, -0.7178113247240336, 1.2061089359746076, 2.6430820450747277
1579, 15.783412629757786, 1.205283685656624, 2.6458662714107004, -0.05914198812422931, 0.05116356977742765, 0.0, 0.0, 0.4529627613776724, -0.7178622982190863, 1.2047075572049106, 2.646103460482567
1580, 15.793414792387544, 1.2046922657753818, 2.6463779071084748, -0.05914198812422931, 0.05116356977742765, 0.0, 0.0, 0.45480614282671844, -0.7179132669902327, 1.206520976498068, 2.646880791288053
1581, 15.803416955017301, 1.2041008458941393, 2.646889542806249, -0.05914198812422931, 0.05116356977742765, 0.0, 0.0, 0.45664909951792804, -0.7179642310371404, 1.2058518871677604, 2.64601522026408
1582, 15.81341911764706, 1.2035094260128971, 2.647401178504023, -0.05914198812422931, 0.05116356977742765, 0.0, 0.0, 0.45849163078918204, -0.7180151903594768, 1.2037789465675233, 2.6475774849877562
1583, 15.823421280276818, 1.202918006131655, 2.6479128142017974, -0.05914198812422931, 0.05116356977742765, 0.0, 0.0, 0.4603337359785126, -0.7180661449569092, 1.202541186130485, 2.648650987650431
1584, 15.833423442906575, 1.2023265862504124, 2.6484244498995717, -0.05914198812422931, 0.05116356977742765, 0.0, 0.0, 0.4621754144241043, -0.7181170948291058, 1.2004660124293365, 2.6486765248248214
1585, 15.843425605536334, 1.2017351663691702, 2.648936085597346, -0.05914198812422931, 0.05116356977742765, 0.0, 0.0, 0.4640166654642884, -0.7181680399757338, 1.202078409807211, 2.6489803409909936
1586, 15.85342776816609, 1.201143746487928, 2.6494477212951204, -0.05914198812422931, 0.05116356977742765, 0.0, 0.0, 0.465857488437551, -0.7182189803964608, 1.2009004486436052, 2.648829806264061
1587, 15.86342993079585, 1.2005523266066855, 2.6499593569928948, -0.05914198812422931, 0.05116356977742765, 0.0, 0.0, 0.4676978826825285, -0.718269916090955, 1.2016487704765484, 2.6520858906444946
1588, 15.873432093425606, 1.1999609067254433, 2.650470992690669, -0.05914198812422931, 0.05116356977742765, 0.0, 0.0, 0.4695378475380078, -0.7183208470588834, 1.2006143954001685, 2.6496189482202532
1589, 15.883434256055365, 1.199369486844201, 2.650982628388443, -0.05914198812422931, 0.05116356977742765, 0.0, 0.0, 0.4713773823429283, -0.7183717732999146, 1.199644007750502, 2.6513419642295557
1590, 15.893436418685122, 1.1987780669629589, 2.6514942640862174, -0.05914198812422931, 0.05116356977742765, 0.0, 0.0, 0.47321648643638264, -0.7184226948137156, 1.1977346176832626, 2.6515548890424125
1591, 15.90343858131488, 1.1981866470817164, 2.6520058997839917, -0.05914198812422931, 0.05116356977742765, 0.0, 0.0, 0.4750551591576147, -0.7184736115999546, 1.1993776327771493, 2.6505841753102404
1592, 15.913440743944637, 1.1975952272004742, 2.652517535481766, -0.05914198812422931, 0.05116356977742765, 0.0, 0.0, 0.4768933998460198, -0.7185245236582989, 1.196467911402081, 2.65338465526427
1593, 15.923442906574396, 1.197003807319232, 2.6530291711795404, -0.05914198812422931, 0.05116356977742765, 0.0, 0.0, 0.47873120784114814, -0.718575430988417, 1.1963110990620147, 2.6538329495495727
1594, 15.933445069204152, 1.1964123874379895, 2.6535408068773148, -0.05914198812422931, 0.05116356977742765, 0.0, 0.0, 0.48056858248270135, -0.7186263335899765, 1.1963345859213952, 2.653514965322064
1595, 15.943447231833911, 1.1958209675567473, 2.6540524425750887, -0.05914198812422931, 0.05116356977742765, 0.0, 0.0, 0.48240552311053425, -0.7186772314626456, 1.1961527735454782, 2.654186697214694
1596, 15.953449394463668, 1.195229547675505, 2.654564078272863, -0.05914198812422931, 0.05116356977742765, 0.0, 0.0, 0.48424202906465624, -0.7187281246060917, 1.1967314889643972, 2.6523562400526983
1597, 15.963451557093427, 1.1946381277942628, 2.6550757139706374, -0.05914198812422931, 0.05116356977742765, 0.0, 0.0, 0.4860780996852296, -0.7187790130199828, 1.1949597325985752, 2.653707769450673
1598, 15.973453719723185, 1.1940467079130204, 2.6555873496684117, -0.05914198812422931, 0.05116356977742765, 0.0, 0.0, 0.4879137343125715, -0.7188298967039874, 1.1931633034094693, 2.6548318067338452
1599, 15.983455882352942, 1.1934552880317781, 2.656098985366186, -0.05914198812422931, 0.05116356977742765, 0.0, 0.0, 0.48974893228715083, -0.7188807756577731, 1.1927809889758025, 2.6580078471148467
1600, 15.9934580449827, 1.192863868150536, 2.6566106210639604, -0.05914198812422931, 0.05116356977742765, 0.0, 0.0, 0.4915836929495933, -0.718931649881008, 1.1919354110956162, 2.656561774048652
1601, 16.00346020761246, 1.1922724482692935, 2.6571222567617343, -0.05914198812422931, 0.05116356977742765, 0.0, 0.0, 0.49341801564067794, -0.7189825193733607, 1.1930384719459919, 2.656735496778742
1602, 16.013462370242216, 1.1916810283880512, 2.6576338924595087, -0.05914198812422931, 0.05116356977742765, 0.0, 0.0, 0.4952518997013389, -0.7190333841344984, 1.1916549936875123, 2.6570698669635826
1603, 16.023464532871973, 1.191089608506809, 2.658145528157283, -0.05914198812422931, 0.05116356977742765, 0.0, 0.0, 0.497085344472666, -0.7190842441640897, 1.1913062623226467, 2.658183177526599
1604, 16.03346669550173, 1.1904981886255666, 2.6586571638550573, -0.05914198812422931, 0.05116356977742765, 0.0, 0.0, 0.4989183492959038, -0.7191350994618029, 1.1905711946584807, 2.6600011029094817
1605, 16.04346885813149, 1.1899067687443243, 2.6591687995528317, -0.05914198812422931, 0.05116356977742765, 0.0, 0.0, 0.5007509135124517, -0.7191859500273058, 1.1881568914819833, 2.660089339644276
1606, 16.053471020761247, 1.189315348863082, 2.659680435250606, -0.05914198812422931, 0.05116356977742765, 0.0, 0.0, 0.5025830364638655, -0.7192367958602669, 1.1885746825069623, 2.658563517230711
1607, 16.063473183391004, 1.1887239289818399, 2.66019207094838, -0.05914198812422931, 0.05116356977742765, 0.0, 0.0, 0.5044147174918568, -0.7192876369603547, 1.1893769065934325, 2.66018505839744
1608, 16.07347534602076, 1.1881325091005974, 2.6607037066461543, -0.05914198812422931, 0.05116356977742765, 0.0, 0.0, 0.5062459559382951, -0.7193384733272369, 1.1894631673050649, 2.6594127377052827
1609, 16.08347750865052, 1.1875410892193552, 2.6612153423439286, -0.05914198812422931, 0.05116356977742765, 0.0, 0.0, 0.5080767511452029, -0.7193893049605818, 1.1877564368428624, 2.6620898277873497
1610, 16.093479671280278, 1.186949669338113, 2.661726978041703, -0.05914198812422931, 0.05116356977742765, 0.0, 0.0, 0.509907102454762, -0.7194401318600581, 1.186206789992499, 2.6621291677089376
1611, 16.103481833910035, 1.1863582494568705, 2.6622386137394773, -0.05914198812422931, 0.05116356977742765, 0.0, 0.0, 0.5117370092093112, -0.7194909540253341, 1.1872487659172752, 2.6614848660457344
1612, 16.11348399653979, 1.1857668295756283, 2.6627502494372517, -0.05914198812422931, 0.05116356977742765, 0.0, 0.0, 0.513566470751344, -0.719541771456078, 1.1877769267485065, 2.6625328981379717
1613, 16.123486159169552, 1.185175409694386, 2.6632618851350256, -0.05914198812422931, 0.05116356977742765, 0.0, 0.0, 0.5153954864235132, -0.7195925841519586, 1.1845419825893446, 2.6642617060376583
1614, 16.13348832179931, 1.1845839898131438, 2.6637735208328, -0.05914198812422931, 0.05116356977742765, 0.0, 0.0, 0.5172240555686298, -0.7196433921126437, 1.1861803074460548, 2.661932940987414
1615, 16.143490484429066, 1.1839925699319014, 2.6642851565305743, -0.05914198812422931, 0.05116356977742765, 0.0, 0.0, 0.5190521775296613, -0.7196941953378022, 1.181919047762743, 2.663583536707907
1616, 16.153492647058826, 1.1834011500506592, 2.6647967922283486, -0.05914198812422931, 0.05116356977742765, 0.0, 0.0, 0.5208798516497332, -0.7197449938271024, 1.1851396346540441, 2.6645421307653607
1617, 16.163494809688583, 1.182809730169417, 2.665308427926123, -0.05914198812422931, 0.05116356977742765, 0.0, 0.0, 0.5227070772721296, -0.719795787580213, 1.1834364586180137, 2.665212487207831
1618, 16.17349697231834, 1.1822183102881745, 2.6658200636238973, -0.05914198812422931, 0.05116356977742765, 0.0, 0.0, 0.5245338537402933, -0.7198465765968026, 1.1827238593935807, 2.6650058724764563
1619, 16.183499134948097, 1.1816268904069323, 2.6663316993216717, -0.05914198812422931, 0.05116356977742765, 0.0, 0.0, 0.5263601803978257, -0.7198973608765394, 1.1819882706042781, 2.665767990603018
1620, 16.193501297577857, 1.18103547052569, 2.6668433350194456, -0.05914198812422931, 0.05116356977742765, 0.0, 0.0, 0.5281860565884863, -0.7199481404190926, 1.1813763046870007, 2.6677326579768135
1621, 16.203503460207614, 1.1804440506444476, 2.66735497071722, -0.05914198812422931, 0.05116356977742765, 0.0, 0.0, 0.5300114816561966, -0.7199989152241303, 1.1802476105982513, 2.6679516092669466
1622, 16.21350562283737, 1.1798526307632053, 2.6678666064149943, -0.05914198812422931, 0.05116356977742765, 0.0, 0.0, 0.5318364549450338, -0.720049685291321, 1.1804110343328866, 2.666914056148376
1623, 16.223507785467127, 1.1792612108819631, 2.6683782421127686, -0.05914198812422931, 0.05116356977742765, 0.0, 0.0, 0.533660975799237, -0.720100450620334, 1.178725838041228, 2.665810644706288
1624, 16.233509948096888, 1.178669791000721, 2.668889877810543, -0.05914198812422931, 0.05116356977742765, 0.0, 0.0, 0.535485043563205, -0.7201512112108377, 1.178351223296607, 2.669023047516196
1625, 16.243512110726645, 1.1780783711194784, 2.6694015135083173, -0.05914198812422931, 0.05116356977742765, 0.0, 0.0, 0.5373086575814966, -0.7202019670625011, 1.1797041475988963, 2.6693020056276766
1626, 16.2535142733564, 1.1774869512382362, 2.6699131492060912, -0.05914198812422931, 0.05116356977742765, 0.0, 0.0, 0.5391318171988292, -0.7202527181749928, 1.1790521707831545, 2.6714193875349137
1627, 16.26351643598616, 1.176895531356994, 2.6704247849038656, -0.05914198812422931, 0.05116356977742765, 0.0, 0.0, 0.5409545217600839, -0.7203034645479813, 1.176054878203409, 2.669120170829797
1628, 16.27351859861592, 1.1763041114757515, 2.67093642060164, -0.05914198812422931, 0.05116356977742765, 0.0, 0.0, 0.5427767706103012, -0.7203542061811358, 1.1767232866837591, 2.671867525313198
1629, 16.283520761245676, 1.1757126915945093, 2.6714480562994143, -0.05914198812422931, 0.05116356977742765, 0.0, 0.0, 0.5445985630946811, -0.7204049430741248, 1.1777733980255292, 2.6700634823081373
1630, 16.293522923875432, 1.175121271713267, 2.6719596919971886, -0.05914198812422931, 0.05116356977742765, 0.0, 0.0, 0.5464198985585866, -0.7204556752266176, 1.1751159442255026, 2.6713859730519234
1631, 16.303525086505193, 1.1745298518320246, 2.672471327694963, -0.05914198812422931, 0.05116356977742765, 0.0, 0.0, 0.5482407763475431, -0.720506402638283, 1.1744348192405991, 2.673049753289735
1632, 16.31352724913495, 1.1739384319507824, 2.672982963392737, -0.05914198812422931, 0.05116356977742765, 0.0, 0.0, 0.550061195807234, -0.7205571253087902, 1.1733826645057746, 2.672772395658689
1633, 16.323529411764707, 1.1733470120695402, 2.6734945990905112, -0.05914198812422931, 0.05116356977742765, 0.0, 0.0, 0.5518811562835088, -0.7206078432378075, 1.1732128161754787, 2.674203222888568
1634, 16.333531574394463, 1.172755592188298, 2.6740062347882856, -0.05914198812422931, 0.05116356977742765, 0.0, 0.0, 0.5537006571223769, -0.7206585564250041, 1.1723123088938658, 2.675287459508858
1635, 16.343533737024224, 1.1721641723070555, 2.67451787048606, -0.05914198812422931, 0.05116356977742765, 0.0, 0.0, 0.555519697670011, -0.7207092648700494, 1.1715716019938076, 2.673965102804001
1636, 16.35353589965398, 1.1715727524258133, 2.6750295061838343, -0.05914198812422931, 0.05116356977742765, 0.0, 0.0, 0.5573382772727453, -0.7207599685726122, 1.171119114465913, 2.6749744895804306
1637, 16.363538062283737, 1.170981332544571, 2.6755411418816086, -0.05914198812422931, 0.05116356977742765, 0.0, 0.0, 0.5591563952770779, -0.7208106675323616, 1.1722009732664045, 2.6762856253590455
1638, 16.373540224913494, 1.1703899126633286, 2.6760527775793825, -0.05914198812422931, 0.05116356977742765, 0.0, 0.0, 0.5609740510296698, -0.720861361748967, 1.1713029453768364, 2.6772933373232206
1639, 16.383542387543255, 1.1697984927820864, 2.676564413277157, -0.05914198812422931, 0.05116356977742765, 0.0, 0.0, 0.562791243877345, -0.720912051222097, 1.169803707382177, 2.6753408768932627
1640, 16.39354455017301, 1.1692070729008441, 2.6770760489749312, -0.05914198812422931, 0.05116356977742765, 0.0, 0.0, 0.5646079731670914, -0.7209627359514208, 1.1709675189182602, 2.6754807644791003
1641, 16.40354671280277, 1.168615653019602, 2.6775876846727056, -0.05914198812422931, 0.05116356977742765, 0.0, 0.0, 0.5664242382460606, -0.721013415936608, 1.1691213430665999, 2.678771504179083
1642, 16.413548875432525, 1.1680242331383595, 2.67809932037048, -0.05914198812422931, 0.05116356977742765, 0.0, 0.0, 0.5682400384615683, -0.7210640911773277, 1.1683126095593988, 2.6775152310774626
1643, 16.423551038062286, 1.1674328132571172, 2.6786109560682543, -0.05914198812422931, 0.05116356977742765, 0.0, 0.0, 0.5700553731610934, -0.721114761673249, 1.1682546432180287, 2.6800080789466234
1644, 16.433553200692042, 1.166841393375875, 2.679122591766028, -0.05914198812422931, 0.05116356977742765, 0.0, 0.0, 0.5718702416922807, -0.7211654274240417, 1.1650320785324544, 2.6780680385535747
1645, 16.4435553633218, 1.1662499734946326, 2.6796342274638025, -0.05914198812422931, 0.05116356977742765, 0.0, 0.0, 0.5736846434029396, -0.7212160884293743, 1.1657517816446936, 2.6801958655246625
1646, 16.45355752595156, 1.1656585536133903, 2.680145863161577, -0.05914198812422931, 0.05116356977742765, 0.0, 0.0, 0.5754985776410427, -0.7212667446889164, 1.1670022622744771, 2.6792229893993627
1647, 16.463559688581316, 1.165067133732148, 2.6806574988593512, -0.05914198812422931, 0.05116356977742765, 0.0, 0.0, 0.5773120437547298, -0.7213173962023376, 1.165703450336229, 2.679962969618736
1648, 16.473561851211073, 1.1644757138509056, 2.6811691345571256, -0.05914198812422931, 0.05116356977742765, 0.0, 0.0, 0.5791250410923054, -0.7213680429693072, 1.1647367933839208, 2.6820507380658114
1649, 16.48356401384083, 1.1638842939696634, 2.6816807702549, -0.05914198812422931, 0.05116356977742765, 0.0, 0.0, 0.5809375690022387, -0.7214186849894946, 1.1629891580270135, 2.681901774092305
1650, 16.49356617647059, 1.1632928740884212, 2.6821924059526743, -0.05914198812422931, 0.05116356977742765, 0.0, 0.0, 0.5827496268331657, -0.7214693222625691, 1.1625605179849081, 2.68238516867338
1651, 16.503568339100347, 1.162701454207179, 2.682704041650448, -0.05914198812422931, 0.05116356977742765, 0.0, 0.0, 0.5845612139338877, -0.7215199547882007, 1.1635872297780339, 2.6828742078398324
1652, 16.513570501730104, 1.1621100343259365, 2.6832156773482225, -0.05914198812422931, 0.05116356977742765, 0.0, 0.0, 0.5863723296533745, -0.7215705825660582, 1.1635786184530463, 2.6830765760743365
1653, 16.52357266435986, 1.1615186144446943, 2.683727313045997, -0.05914198812422931, 0.05116356977742765, 0.0, 0.0, 0.5881829733407593, -0.7216212055958113, 1.1603888005710006, 2.684069830284263
1654, 16.53357482698962, 1.160927194563452, 2.6842389487437712, -0.05914198812422931, 0.05116356977742765, 0.0, 0.0, 0.5899931443453432, -0.7216718238771298, 1.1606463792205568, 2.6834227680197715
1655, 16.54357698961938, 1.1603357746822096, 2.6847505844415456, -0.05914198812422931, 0.05116356977742765, 0.0, 0.0, 0.5918028420165962, -0.7217224374096833, 1.1583383560508487, 2.683987200329037
1656, 16.553579152249135, 1.1597443548009674, 2.68526222013932, -0.05914198812422931, 0.05116356977742765, 0.0, 0.0, 0.5936120657041515, -0.7217730461931412, 1.1579555418546197, 2.6839832903789866
1657, 16.563581314878892, 1.1591529349197252, 2.685773855837094, -0.05914198812422931, 0.05116356977742765, 0.0, 0.0, 0.5954208147578129, -0.7218236502271735, 1.1597724737716284, 2.6868883354565667
1658, 16.573583477508652, 1.1585615150384827, 2.686285491534868, -0.05914198812422931, 0.05116356977742765, 0.0, 0.0, 0.5972290885275522, -0.7218742495114494, 1.158722551338092, 2.6861268267883838
1659, 16.58358564013841, 1.1579700951572405, 2.6867971272326425, -0.05914198812422931, 0.05116356977742765, 0.0, 0.0, 0.5990368863635058, -0.7219248440456388, 1.1568529836357317, 2.6864408704481066
1660, 16.593587802768166, 1.1573786752759982, 2.687308762930417, -0.05914198812422931, 0.05116356977742765, 0.0, 0.0, 0.6008442076159818, -0.7219754338294115, 1.157295548566571, 2.687642334244547
1661, 16.603589965397926, 1.156787255394756, 2.687820398628191, -0.05914198812422931, 0.05116356977742765, 0.0, 0.0, 0.6026510516354545, -0.722026018862437, 1.1581718872584872, 2.688392653938219
1662, 16.613592128027683, 1.1561958355135136, 2.6883320343259656, -0.05914198812422931, 0.05116356977742765, 0.0, 0.0, 0.6044574177725682, -0.7220765991443856, 1.155783109342576, 2.6875809215586948
1663, 16.62359429065744, 1.1558330494113793, 2.6880473207793383, -0.013948501964629267, -0.10764494899839325, 4.466021649759596, -15.834718867131263, 0.8767627681665572, -1.007265589628125, 1.155273286634934, 2.687019019593841
1664, 16.633596453287197, 1.155916865474221, 2.6861791353459976, 0.030711714532966727, -0.26599213766970603, 4.466021649759596, -15.834718867131263, 0.8972373612679425, -1.087487735138778, 1.15577721687428, 2.686677697668189
1665, 16.643598615916957, 1.1564472837020385, 2.682727478025944, 0.07537193103056272, -0.4243393263410188, 4.466021649759596, -15.834718867131263, 0.9152999785257979, -1.168325399605267, 1.1561476601590421, 2.683632744457453
1666, 16.653600778546714, 1.1574243040948322, 2.6776923488191775, 0.12003214752815872, -0.5826865150123316, 4.466021649759596, -15.834718867131263, 0.9309458203155819, -1.249768635335605, 1.1557227615333412, 2.6763093230733452
1667, 16.66360294117647, 1.1588479266526017, 2.6710737477256976, 0.16469236402575474, -0.7410337036836443, 4.466021649759596, -15.834718867131263, 0.9441676741243241, -1.3318032630549914, 1.1611154040903833, 2.6700582040702665
1668, 16.673605103806228, 1.1607181513753473, 2.6628716747455043, 0.2093525805233507, -0.8993808923549571, 4.466021649759596, -15.834718867131263, 0.9549560621943203, -1.4144108426819428, 1.1588142949601594, 2.6636125326563955
1669, 16.68360726643599, 1.163034978263069, 2.653086129878598, 0.2540127970209467, -1.05772808102627, 4.466021649759596, -15.834718867131263, 0.9632994369077242, -1.4975686386384819, 1.1633364167016564, 2.653584467463306
1670, 16.693609429065745, 1.1657984073157663, 2.641717113124979, 0.2986730135185427, -1.2160752696975827, 4.466021649759596, -15.834718867131263, 0.969184426404512, -1.5812495809870173, 1.1643024296924531, 2.641482191024548
1671, 16.703611591695502, 1.1690084385334396, 2.6287646244846465, 0.3433332300161387, -1.3744224583688953, 4.466021649759596, -15.834718867131263, 0.9725961334428551, -1.6654222239886507, 1.1688840030893075, 2.6287344248497417
1672, 16.71361375432526, 1.1726650719160892, 2.614228663957601, 0.38799344651373474, -1.5327696470402083, 4.466021649759596, -15.834718867131263, 0.9735184909814554, -1.7500507039771347, 1.1713208882593151, 2.6135538587116205
1673, 16.72361591695502, 1.1767683074637143, 2.5981092315438423, 0.4326536630113307, -1.6911168357115212, 4.466021649759596, -15.834718867131263, 0.9719346783764681, -1.83509469873812, 1.1778934976585034, 2.597374674395363
1674, 16.733618079584776, 1.1813181451763157, 2.5804063272433706, 0.4773138795089267, -1.8494640243828337, 4.466021649759596, -15.834718867131263, 0.9678276024283237, -1.9205093908727573, 1.1819686922404615, 2.5793569863532486
1675, 16.743620242214533, 1.186314585053893, 2.5611199510561855, 0.5219740960065227, -2.0078112130541466, 4.466021649759596, -15.834718867131263, 0.9611804477717741, -2.006245437905734, 1.1863969171753441, 2.5601348330067295
1676, 16.753622404844293, 1.191757627096446, 2.5402501029822875, 0.5666343125041187, -2.1661584017254594, 4.466021649759596, -15.834718867131263, 0.951977301259627, -2.0922489521674317, 1.1929587108653552, 2.5409529707224623
1677, 16.76362456747405, 1.1976472713039754, 2.5177967830216765, 0.6112945290017148, -2.324505590396772, 4.466021649759596, -15.834718867131263, 0.9402038550292078, -2.17846149373454, 1.1992145819929179, 2.518418883811329
1678, 16.773626730103807, 1.2039835176764804, 2.493759991174352, 0.6559547454993107, -2.482852779068085, 4.466021649759596, -15.834718867131263, 0.925848192840948, -2.2648200799488727, 1.20355857689612, 2.4944524636266796
1679, 16.783628892733564, 1.2107663662139616, 2.468139727440315, 0.7006149619969066, -2.6411999677393974, 4.466021649759596, -15.834718867131263, 0.9089016640193063, -2.3512572152454245, 1.2127369330524205, 2.466751837604579
1680, 16.793631055363324, 1.2179958169164187, 2.4409359918195643, 0.7452751784945026, -2.79954715641071, 4.466021649759596, -15.834718867131263, 0.8893598488846208, -2.437700945202259, 1.2180381250844265, 2.4409298288940477
1681, 16.80363321799308, 1.2256718697838516, 2.4121487843121003, 0.7899353949920987, -2.957894345082023, 4.466021649759596, -15.834718867131263, 0.8672236189159275, -2.524074938870327, 1.2253590794770888, 2.412433268970573
1682, 16.813635380622838, 1.2337945248162605, 2.381778104917924, 0.8345956114896947, -3.1162415337533362, 4.466021649759596, -15.834718867131263, 0.842500294003832, -2.6102986035438107, 1.2346193666194738, 2.3809011453459568
1683, 16.823637543252595, 1.2423637820136455, 2.3498239536370336, 0.8792558279872907, -3.2745887224246486, 4.466021649759596, -15.834718867131263, 0.815204898012801, -2.696287236183455, 1.242815209946039, 2.349464064114804
1684, 16.833639705882355, 1.2513796413760063, 2.3162863304694308, 0.9239160444848866, -3.432935911095962, 4.466021649759596, -15.834718867131263, 0.7853615124471597, -2.7819522156983956, 1.252394270772134, 2.316066148570035
1685, 16.843641868512112, 1.2608421029033432, 2.2811652354151146, 0.9685762609824826, -3.5912830997672742, 4.466021649759596, -15.834718867131263, 0.7530047262785757, -2.8672012402175855, 1.2584709505722287, 2.280332275621026
1686, 16.85364403114187, 1.2707511665956561, 2.244460668474085, 1.0132364774800786, -3.749630288438587, 4.466021649759596, -15.834718867131263, 0.7181811779198618, -2.9519386133310714, 1.2713139005300933, 2.243886533888306
1687, 16.863646193771626, 1.2811068324529449, 2.2061726296463426, 1.0578966939776748, -3.9079774771099, 4.466021649759596, -15.834718867131263, 0.680951182897873, -3.0360655830448238, 1.2810117334889137, 2.2066400675846305
1688, 16.873648356401386, 1.2919091004752095, 2.1663011189318873, 1.1025569104752706, -4.066324665781213, 4.466021649759596, -15.834718867131263, 0.6413904379676666, -3.1194807368615693, 1.291802911681643, 2.164193805024324
1689, 16.883650519031143, 1.3031579706624503, 2.124846136330718, 1.1472171269728668, -4.2246718544525255, 4.466021649759596, -15.834718867131263, 0.5995917892062488, -3.20208045596505, 1.303049572808894, 2.1254025704418296
1690, 16.8936526816609, 1.314853443014667, 2.0818076818428364, 1.1918773434704626, -4.383019043123838, 4.466021649759596, -15.834718867131263, 0.5556670480185472, -3.2837594309381544, 1.3143473672508938, 2.0832134180288513
1691, 16.90365484429066, 1.3269955175318595, 2.0371857554682413, 1.2365375599680588, -4.541366231795151, 4.466021649759596, -15.834718867131263, 0.5097488349800126, -3.36441124077891, 1.3264982427972507, 2.037457316005789
1692, 16.913657006920417, 1.339584194214028, 1.9909803572069333, 1.2811977764656548, -4.699713420466464, 4.466021649759596, -15.834718867131263, 0.46199242703853394, -3.4439289961862625, 1.3404282452323284, 1.9898525676453243
1693, 16.923659169550174, 1.3526194730611727, 1.943191487058912, 1.3258579929632508, -4.858060609137776, 4.466021649759596, -15.834718867131263, 0.41257757882381285, -3.5222060471654055, 1.352300057640592, 1.9436299395154566
1694, 16.93366133217993, 1.3661013540732931, 1.8938191450241777, 1.3705182094608466, -5.01640779780909, 4.466021649759596, -15.834718867131263, 0.3617102836996882, -3.5991367539479358, 1.3669038461278726, 1.8937214286075406
1695, 16.94366349480969, 1.3800298372503896, 1.84286333110273, 1.4151784259584428, -5.174754986480402, 4.466021649759596, -15.834718867131263, 0.3096244347948741, -3.6746173190355518, 1.3795360971152917, 1.8422340363808927
1696, 16.953665657439448, 1.3944049225924622, 1.7903240452945695, 1.4598386424560386, -5.333102175151714, 4.466021649759596, -15.834718867131263, 0.2565833406294711, -3.748546676861135, 1.394562132896024, 1.7904932413138548
1697, 16.963667820069205, 1.4092266100995103, 1.7362012875996957, 1.5044988589536348, -5.491449363823027, 4.466021649759596, -15.834718867131263, 0.20288104420827513, -3.8208274361250645, 1.4116546522816693, 1.735347177629038
1698, 16.97366998269896, 1.4244948997715348, 1.6804950580181088, 1.5491590754512305, -5.64979655249434, 4.466021649759596, -15.834718867131263, 0.1488433886903937, -3.891366868319307, 1.424268567983244, 1.6796064028191622
1699, 16.983672145328722, 1.440209791608535, 1.623205356549809, 1.5938192919488265, -5.808143741165653, 4.466021649759596, -15.834718867131263, 0.09482876710575538, -3.9600779343137598, 1.4388646306842148, 1.622707930480454
1700, 16.99367430795848, 1.4563712856105113, 1.5643321831947958, 1.6384795084464228, -5.966490929836965, 4.466021649759596, -15.834718867131263, 0.04122848823731562, -4.026880339170432, 1.4565052192272998, 1.5648410067030027
1701, 17.003676470588236, 1.4729793817774635, 1.5038755379530695, 1.6831397249440188, -6.124838118508279, 4.466021649759596, -15.834718867131263, -0.01153331408420577, -4.091701603599338, 1.4733432372446673, 1.5046226686597697
1702, 17.013678633217992, 1.4900340801093916, 1.44183542082463, 1.7277999414416148, -6.283185307179592, 4.466021649759596, -15.834718867131263, -0.06300030519724487, -4.154478138709471, 1.4897564626129467, 1.440438896274323
1703, 17.023680795847753, 1.5073120795238073, 1.3790035677528363, 1.7277999414416132, -6.283185307179586, 0.0, 0.0, -0.21554646921570542, -4.031223079945418, 1.5076688565127165, 1.379062657638355
1704, 17.03368295847751, 1.5245900789382234, 1.3161717146810403, 1.7277999414416132, -6.283185307179586, 0.0, 0.0, -0.25752624994173723, -4.0198006529002495, 1.5250308806915047, 1.3152710357299433
1705, 17.043685121107266, 1.5418680783526395, 1.2533398616092444, 1.7277999414416132, -6.283185307179586, 0.0, 0.0, -0.296254249444881, -4.006664275647715, 1.5409378459607992, 1.2546862412524844
1706, 17.053687283737027, 1.5591460777670558, 1.1905080085374484, 1.7277999414416132, -6.283185307179586, 0.0, 0.0, -0.3317670965366999, -3.9918392225774624, 1.5564883236494973, 1.1916072566960592
1707, 17.063689446366784, 1.576424077181472, 1.1276761554656525, 1.7277999414416132, -6.283185307179586, 0.0, 0.0, -0.3641106370259046, -3.975353852729417, 1.5752478148379956, 1.1272234801316565
1708, 17.07369160899654, 1.593702076595888, 1.0648443023938567, 1.7277999414416132, -6.283185307179586, 0.0, 0.0, -0.39333975081346306, -3.9572395604259096, 1.5937368555934623, 1.0659582906035021
1709, 17.083693771626297, 1.6109800760103041, 1.0020124493220608, 1.7277999414416132, -6.283185307179586, 0.0, 0.0, -0.41951814061880643, -3.9375307212224646, 1.6117564179327037, 0.9998987684378915
1710, 17.093695934256058, 1.6282580754247205, 0.9391805962502648, 1.7277999414416132, -6.283185307179586, 0.0, 0.0, -0.44271809304528675, -3.9162646332456275, 1.6288011413764756, 0.9395949298037463
1711, 17.103698096885815, 1.6455360748391366, 0.8763487431784689, 1.7277999414416132, -6.283185307179586, 0.0, 0.0, -0.46302021278734107, -3.893481453989579, 1.6446812542347182, 0.8762497290285395
1712, 17.11370025951557, 1.6628140742535527, 0.8135168901066729, 1.7277999414416132, -6.283185307179586, 0.0, 0.0, -0.48051313087332526, -3.8692241326467003, 1.6628549065193128, 0.8116932219083687
1713, 17.12370242214533, 1.6800920736679688, 0.750685037034877, 1.7277999414416132, -6.283185307179586, 0.0, 0.0, -0.4952931879262463, -3.8435383380507293, 1.6798593711636218, 0.7504456157500585
1714, 17.13370458477509, 1.6973700730823849, 0.6878531839630813, 1.7277999414416132, -6.283185307179586, 0.0, 0.0, -0.5074640935094912, -3.8164723823147026, 1.6975605113890082, 0.6882042467239562
1715, 17.143706747404845, 1.714648072496801, 0.6250213308912853, 1.7277999414416132, -6.283185307179586, 0.0, 0.0, -0.5171365627056319, -3.788077140249547, 1.7148853585261932, 0.6257631606538226
1716, 17.153708910034602, 1.7319260719112173, 0.5621894778194894, 1.7277999414416132, -6.283185307179586, 0.0, 0.0, -0.5244279311533331, -3.758405964652921, 1.7337033666419, 0.5632790298742685
1717, 17.16371107266436, 1.7492040713256334, 0.4993576247476934, 1.7277999414416132, -6.283185307179586, 0.0, 0.0, -0.5294617498399457, -3.7275145975618167, 1.7490316529335628, 0.4993843787291613
1718, 17.17371323529412, 1.7664820707400495, 0.43652577167589746, 1.7277999414416132, -6.283185307179586, 0.0, 0.0, -0.5323673610153241, -3.695461077566431, 1.7669737910063832, 0.43791701732443755
1719, 17.183715397923876, 1.7837600701544658, 0.3736939186041015, 1.7277999414416132, -6.283185307179586, 0.0, 0.0, -0.5332794566554393, -3.6623056432869627, 1.782207482231697, 0.3719713505102298
1720, 17.193717560553633, 1.801038069568882, 0.31086206553230555, 1.7277999414416132, -6.283185307179586, 0.0, 0.0, -0.5323376209623609, -3.628110633119305, 1.800344449296067, 0.30988780485733486
1721, 17.203719723183394, 1.818316068983298, 0.2480302124605096, 1.7277999414416132, -6.283185307179586, 0.0, 0.0, -0.5296858584398401, -3.5929403813600516, 1.8186711361802526, 0.24894253371190345
1722, 17.21372188581315, 1.835594068397714, 0.18519835938871365, 1.7277999414416132, -6.283185307179586, 0.0, 0.0, -0.5254721091308989, -3.556861110825828, 1.835453608376111, 0.18392775287328644
1723, 17.223724048442907, 1.8528720678121302, 0.1223665063169177, 1.7277999414416132, -6.283185307179586, 0.0, 0.0, -0.5198477526453649, -3.5199408220867534, 1.8523678424666261, 0.12205278975329865
1724, 17.233726211072664, 1.8701500672265463, 0.05953465324512175, 1.7277999414416132, -6.283185307179586, 0.0, 0.0, -0.5129671026410154, -3.4822491794387265, 1.8695685809758107, 0.06046583855995202
1725, 17.243728373702425, 1.8874280666409624, -0.003297199826673758, 1.7277999414416132, -6.283185307179586, 0.0, 0.0, -0.5049868934517994, -3.4438573937443455, 1.8876630632259692, -0.003182828282048793
1726, 17.25373053633218, 1.9047060660553787, -0.06612905289846971, 1.7277999414416132, -6.283185307179586, 0.0, 0.0, -0.49606576058037755, -3.404838102277475, 1.9050189970435965, -0.06521965201277014
1727, 17.263732698961938, 1.9219840654697948, -0.12896090597026566, 1.7277999414416132, -6.283185307179586, 0.0, 0.0, -0.4863637167899044, -3.3652652457118695, 1.9217455466922893, -0.1299409655819117
1728, 17.273734861591695, 1.9392620648842112, -0.1917927590420616, 1.7277999414416132, -6.283185307179586, 0.0, 0.0, -0.47604162554149365, -3.3252139423997686, 1.9375299048351127, -0.1914010750216756
1729, 17.283737024221455, 1.9565400642986273, -0.25462461211385756, 1.7277999414416132, -6.283185307179586, 0.0, 0.0, -0.46526067352910716, -3.284760360092031, 1.9580510421080535, -0.25453806682545077
1730, 17.293739186851212, 1.9738180637130434, -0.3174564651856535, 1.7277999414416132, -6.283185307179586, 0.0, 0.0, -0.45418184406276807, -3.2439815852571376, 1.9754778596994282, -0.317616098548774
1731, 17.30374134948097, 1.9910960631274595, -0.38028831825744946, 1.7277999414416132, -6.283185307179586, 0.0, 0.0, -0.44296539304387617, -3.2029554901622483, 1.9906958468558256, -0.381608570990787
1732, 17.313743512110726, 2.0083740625418756, -0.44312017132924497, 1.7277999414416132, -6.283185307179586, 0.0, 0.0, -0.43177032926321646, -3.161760597885466, 2.007322793833788, -0.44208537125509106
1733, 17.323745674740486, 2.0256520619562917, -0.5059520244010409, 1.7277999414416132, -6.283185307179586, 0.0, 0.0, -0.420753900732896, -3.1204759454344715, 2.0257312127037674, -0.5060551003360101
1734, 17.333747837370243, 2.0429300613707078, -0.5687838774728369, 1.7277999414416132, -6.283185307179586, 0.0, 0.0, -0.4100710887381216, -3.079180945152772, 2.043497112760021, -0.5685882481453118
1735, 17.34375, 2.060208060785124, -0.6316157305446328, 1.7277999414416132, -6.283185307179586, 0.0, 0.0, -0.39987411126345207, -3.037955244600904, 2.059353036728186, -0.6321412063582817
1736, 17.35375216262976, 2.07748606019954, -0.6944475836164288, 1.7277999414416132, -6.283185307179586, 0.0, 0.0, -0.3903119374111297, -2.9968785851060478, 2.076880595472529, -0.6931299299214773
1737, 17.363754325259517, 2.094764059613956, -0.7572794366882247, 1.7277999414416132, -6.283185307179586, 0.0, 0.0, -0.38152981438639877, -2.9560306591795946, 2.093433898522819, -0.7561387100047923
1738, 17.373756487889274, 2.112042059028372, -0.8201112897600207, 1.7277999414416132, -6.283185307179586, 0.0, 0.0, -0.3736688085765463, -2.9154909670082665, 2.113183131273551, -0.8204946213681504
1739, 17.38375865051903, 2.1293200584427883, -0.8829431428318166, 1.7277999414416132, -6.283185307179586, 0.0, 0.0, -0.3668653621969544, -2.8753386722303493, 2.127606602713535, -0.882644775763554
1740, 17.39376081314879, 2.1465980578572044, -0.9457749959036126, 1.7277999414416132, -6.283185307179586, 0.0, 0.0, -0.3612508669189103, -2.8356524572145028, 2.14568530607235, -0.9443427937167692
1741, 17.403762975778548, 2.163876057271621, -1.008606848975408, 1.7277999414416132, -6.283185307179586, 0.0, 0.0, -0.35695125583052123, -2.796510378064345, 2.1649325710101865, -1.008495356709377
1742, 17.413765138408305, 2.181154056686037, -1.071438702047204, 1.7277999414416132, -6.283185307179586, 0.0, 0.0, -0.35408661501405003, -2.7579897195775995, 2.1822604822246405, -1.072450808816433
1743, 17.423767301038062, 2.198432056100453, -1.134270555119, 1.7277999414416132, -6.283185307179586, 0.0, 0.0, -0.35277081595067994, -2.7201668503940106, 2.1987035347875756, -1.1341291281377484
1744, 17.433769463667822, 2.215710055514869, -1.197102408190796, 1.7277999414416132, -6.283185307179586, 0.0, 0.0, -0.3531111698871576, -2.6831170785713967, 2.215086263608354, -1.1974663153895677
1745, 17.44377162629758, 2.2329880549292853, -1.259934261262592, 1.7277999414416132, -6.283185307179586, 0.0, 0.0, -0.35520810521861734, -2.6469145078341376, 2.2317845789667983, -1.259470767798222
1746, 17.453773788927336, 2.250266054343702, -1.3227661143343878, 1.7277999414416132, -6.283185307179586, 0.0, 0.0, -0.35915486885810366, -2.611631894743036, 2.2516654380000674, -1.3238489103196627
1747, 17.463775951557093, 2.267544053758118, -1.3855979674061842, 1.7277999414416132, -6.283185307179586, 0.0, 0.0, -0.36503725247639873, -2.577340507039797, 2.2681680118675813, -1.385705905841436
1748, 17.473778114186853, 2.284822053172534, -1.4484298204779797, 1.7277999414416132, -6.283185307179586, 0.0, 0.0, -0.37293334440602766, -2.5441099834233287, 2.284020981502816, -1.4476584695526078
1749, 17.48378027681661, 2.30210005258695, -1.5112616735497753, 1.7277999414416132, -6.283185307179586, 0.0, 0.0, -0.38291330791101674, -2.5120081950186455, 2.3005372145288594, -1.5118675233482888
1750, 17.493782439446367, 2.3193780520013663, -1.5740935266215716, 1.7277999414416132, -6.283185307179586, 0.0, 0.0, -0.39503918642956726, -2.4811011088022905, 2.318414709289357, -1.5741063989797106
1751, 17.503784602076127, 2.3365004846420403, -1.636482592410852, 1.6770510743929123, -6.123222846297965, -7.038437934893769, 23.13674652601114, -0.6796612826404154, -2.1818847542303885, 2.3355517693902237, -1.6359865795529391
1752, 17.513786764705884, 2.3529190734892245, -1.696557983547531, 1.6066666950439745, -5.891855381037854, -7.038437934893769, 23.13674652601114, -0.7643743055874281, -2.0260357255609835, 2.3523616422717204, -1.69749889484401
1753, 17.52378892733564, 2.3686338185429197, -1.754319700031609, 1.5362823156950371, -5.6604879157777415, -7.038437934893769, 23.13674652601114, -0.8484717356512883, -1.8730579551562774, 2.367136334210795, -1.753348392302854
1754, 17.533791089965398, 2.3836447198031254, -1.809767741863086, 1.4658979363460993, -5.4291204505176305, -7.038437934893769, 23.13674652601114, -0.9315775302773606, -1.722907735179461, 2.384869377009158, -1.8107616311708354
1755, 17.543793252595158, 2.3979517772698418, -1.8629021090419617, 1.3955135569971615, -5.1977529852575195, -7.038437934893769, 23.13674652601114, -1.0133718443978654, -1.575518817564687, 2.3988227605034025, -1.8620758054203808
1756, 17.553795415224915, 2.4115549909430687, -1.9137228015682364, 1.3251291776482237, -4.966385519997408, -7.038437934893769, 23.13674652601114, -1.0935872887289446, -1.4308057345207517, 2.4118393485570038, -1.9138780934953594
1757, 17.56379757785467, 2.424454360822806, -1.96222981944191, 1.254744798299286, -4.735018054737296, -7.038437934893769, 23.13674652601114, -1.172004744585517, -1.2886670113355871, 2.4252801687284156, -1.9634658800580884
1758, 17.57379974048443, 2.4366498869090543, -2.0084231626629823, 1.1843604189503483, -4.503650589477184, -7.038437934893769, 23.13674652601114, -1.2484489060701613, -1.1489882341800617, 2.4366677475329226, -2.007914366067562
1759, 17.58380190311419, 2.448141569201813, -2.0523028312314535, 1.1139760396014105, -4.272283124217073, -7.038437934893769, 23.13674652601114, -1.3227836939781255, -1.0116449446666342, 2.447937016017199, -2.051823062871317
1760, 17.593804065743946, 2.4589294077010826, -2.093868825147324, 1.0435916602524726, -4.04091565895696, -7.038437934893769, 23.13674652601114, -1.3949076607626885, -0.876505341080771, 2.4585983491187653, -2.0927209429935116
1761, 17.603806228373703, 2.4690134024068624, -2.133121144410593, 0.9732072809035349, -3.80954819369685, -7.038437934893769, 23.13674652601114, -1.4647494828252554, -0.743432773421906, 2.4690470154692923, -2.1320429622116994
1762, 17.61380839100346, 2.4783935533191532, -2.170059789021261, 0.9028229015545971, -3.5781807284367373, -7.038437934893769, 23.13674652601114, -1.5322636154925713, -0.6122880256522949, 2.476709934465607, -2.1710718701806337
1763, 17.62381055363322, 2.4870698604379546, -2.2046847589793277, 0.8324385222056594, -3.346813263176626, -7.038437934893769, 23.13674652601114, -1.5974261674598507, -0.4829313838704974, 2.4850244006247273, -2.2041198658029066
1764, 17.633812716262977, 2.4950423237632666, -2.2369960542847935, 0.7620541428567216, -3.1154457979165144, -7.038437934893769, 23.13674652601114, -1.6602310352579785, -0.35522449353708496, 2.496268279045236, -2.2360933175913438
1765, 17.643814878892734, 2.5023109432950887, -2.266993674937658, 0.691669763507784, -2.884078332656403, -7.038437934893769, 23.13674652601114, -1.7206863244126862, -0.22903201243550364, 2.5023243426560966, -2.267503788661047
1766, 17.653817041522494, 2.5088757190334223, -2.2946776209379216, 0.6212853841588463, -2.652710867396291, -7.038437934893769, 23.13674652601114, -1.778811072313851, -0.10422306881357679, 2.509983456459704, -2.2963850139216797
1767, 17.66381920415225, 2.514736650978266, -2.320047892285584, 0.5509010048099086, -2.4213434021361797, -7.038437934893769, 23.13674652601114, -1.8346322782713003, 0.01932746380919448, 2.5137803729887342, -2.3185208241928352
1768, 17.673821366782008, 2.5198937391296203, -2.343104488980645, 0.4805166254609707, -2.189975936876068, -7.038437934893769, 23.13674652601114, -1.8881822386391471, 0.14173786229338092, 2.518949236638907, -2.3416440792219073
1769, 17.683823529411764, 2.524346983487485, -2.3638474110231056, 0.4101322461120328, -1.958608471615956, -7.038437934893769, 23.13674652601114, -1.9394961790660328, 0.26311860630132444, 2.5242125545598295, -2.361845218557697
1770, 17.693825692041525, 2.528096384051861, -2.382276658412964, 0.3397478667630951, -1.727241006355845, -7.038437934893769, 23.13674652601114, -1.988610171688494, 0.38357157348959636, 2.52714488819924, -2.3822441248889126
1771, 17.70382785467128, 2.531141940822747, -2.3983922311502224, 0.2693634874141574, -1.4958735410957331, -7.038437934893769, 23.13674652601114, -2.035559322243358, 0.503189363598201, 2.5301498661889585, -2.399539777506699
1772, 17.71383001730104, 2.533483653800144, -2.412194129234879, 0.19897910806521957, -1.2645060758356217, -7.038437934893769, 23.13674652601114, -2.080376210452119, 0.622054738058623, 2.535037503869408, -2.413273003664784
1773, 17.723832179930795, 2.535121522984052, -2.4236823526669347, 0.12859472871628175, -1.0331386105755096, -7.038437934893769, 23.13674652601114, -2.123089566454415, 0.7402401625509513, 2.5337878211386538, -2.4233266109073197
1774, 17.733834342560556, 2.5360555483744696, -2.432856901446389, 0.05821034936734415, -0.8017711453153982, -7.038437934893769, 23.13674652601114, -2.1637231663792997, 0.8578074410069029, 2.5367338295241564, -2.4324458099193134
1775, 17.743836505190313, 2.5362857299713983, -2.439717775573243, -0.012174029981593448, -0.5704036800552867, -7.038437934893769, 23.13674652601114, -2.2022949311954676, 0.9748074308328686, 2.5348303542511816, -2.4400495918564147
1776, 17.75383866782007, 2.5358120677748377, -2.444264975047495, -0.08255840933053127, -0.3390362147951749, -7.038437934893769, 23.13674652601114, -2.2388162146415707, 1.0912798305725149, 2.5364772505246447, -2.4452574627179233
1777, 17.763840830449826, 2.534634561784788, -2.446498499869146, -0.1529427886794691, -0.10766874953506322, -7.038437934893769, 23.13674652601114, -2.2732912681853, 1.2072530328044933, 2.534347860227006, -2.446774496839794
1778, 17.773842993079587, 2.5327532120012486, -2.446418350038196, -0.2233271680284068, 0.1236987157250482, -7.038437934893769, 23.13674652601114, -2.305716873486292, 1.3227440367441003, 2.534687608836793, -2.4482590384770693
1779, 17.783845155709344, 2.5301680184242197, -2.4440245255546453, -0.2937115473773446, 0.35506618098515985, -7.038437934893769, 23.13674652601114, -2.336082135645184, 1.43775841675863, 2.530493446208441, -2.4451737273109555
1780, 17.7938473183391, 2.526878981053702, -2.439317026418493, -0.3640959267262824, 0.5864336462452715, -7.038437934893769, 23.13674652601114, -2.364368433519066, 1.5522903447876353, 2.5278522679971642, -2.4374978937767944
1781, 17.80384948096886, 2.522886099889694, -2.43229585262974, -0.4344803060752201, 0.8178011115053831, -7.038437934893769, 23.13674652601114, -2.3905495264879804, 1.6663226664562538, 2.5229136524034192, -2.4316661793576784
1782, 17.813851643598618, 2.5181893749321973, -2.4229610041883856, -0.5048646854241579, 1.0491685767654946, -7.038437934893769, 23.13674652601114, -2.4145918201868373, 1.7798270324577272, 2.5181014041302845, -2.421905072951419
1783, 17.823853806228374, 2.512788806181211, -2.4113124810944297, -0.5752490647730956, 1.280536042025606, -7.038437934893769, 23.13674652601114, -2.4364547967918315, 1.8927640885360004, 2.512473768179385, -2.4108409591396334
1784, 17.83385596885813, 2.506684393636735, -2.3973502833478735, -0.6456334441220334, 1.511903507285718, -7.038437934893769, 23.13674652601114, -2.45609161838756, 2.005083729095163, 2.505828437507756, -2.3975861419093802
1785, 17.84385813148789, 2.49987613729877, -2.3810744109487154, -0.7160178234709712, 1.7432709725458297, -7.038437934893769, 23.13674652601114, -2.4734499146533517, 2.116725421072182, 2.498781316933938, -2.3813343172418553
1786, 17.85386029411765, 2.4923640371673157, -2.3624848638969564, -0.7864022028199088, 1.9746384378059414, -7.038437934893769, 23.13674652601114, -2.488472768500488, 2.2276186062024417, 2.491603326873012, -2.3638479947667936
1787, 17.863862456747405, 2.484148093242372, -2.3415816421925966, -0.8567865821688466, 2.206005903066053, -7.038437934893769, 23.13674652601114, -2.5010999152624445, 2.337683191150084, 2.4878825241768387, -2.3427064849314005
1788, 17.873864619377162, 2.475228305523939, -2.318364745835636, -0.9271709615177846, 2.4373733683261647, -7.038437934893769, 23.13674652601114, -2.511269172472983, 2.4468301361288356, 2.4746291534475935, -2.3180822137805044
1789, 17.883866782006923, 2.4656046740120163, -2.2928341748260737, -0.997555340866722, 2.668740833586276, -7.038437934893769, 23.13674652601114, -2.518918118034619, 2.554962153560612, 2.4674975540664392, -2.2917442074503453
1790, 17.89386894463668, 2.4552771987066047, -2.26498992916391, -1.06793972021566, 2.900108298846388, -7.038437934893769, 23.13674652601114, -2.523986034541941, 2.661974528960621, 2.4543521028488775, -2.2650251632461433
1791, 17.903871107266436, 2.444597801504448, -2.2359888461754474, -1.0679397202156575, 2.90010829884638, 0.0, 0.0, -2.1703771972549357, 2.390860908936484, 2.444299168645678, -2.2360432434795774
1792, 17.913873269896193, 2.4339184043022914, -2.2069877631869836, -1.0679397202156575, 2.90010829884638, 0.0, 0.0, -2.149814620197188, 2.3865809953848633, 2.4338875328247704, -2.2076314832225052
1793, 17.923875432525953, 2.423239007100135, -2.1779866801985195, -1.0679397202156575, 2.90010829884638, 0.0, 0.0, -2.129305303462568, 2.381995984903365, 2.422737018341873, -2.176135394672426
1794, 17.93387759515571, 2.4125596098979782, -2.1489855972100558, -1.0679397202156575, 2.90010829884638, 0.0, 0.0, -2.108851199587409, 2.377107611246452, 2.4127903022624984, -2.147030095491752
1795, 17.943879757785467, 2.401880212695822, -2.119984514221592, -1.0679397202156575, 2.90010829884638, 0.0, 0.0, -2.0884541618300623, 2.3719177020388473, 2.399979488811792, -2.1192442429637506
1796, 17.953881920415228, 2.391200815493665, -2.090983431233128, -1.0679397202156575, 2.90010829884638, 0.0, 0.0, -2.0681159438567054, 2.3664281780050134, 2.391078980180384, -2.091337458088603
1797, 17.963884083044984, 2.380521418291509, -2.061982348244664, -1.0679397202156575, 2.90010829884638, 0.0, 0.0, -2.0478381994812382, 2.360641052174208, 2.3804458416840264, -2.0621136685351518
1798, 17.97388624567474, 2.3698420210893523, -2.0329812652562005, -1.0679397202156575, 2.90010829884638, 0.0, 0.0, -2.0276224824594924, 2.35455842906151, 2.369674487663885, -2.0333005266221678
1799, 17.983888408304498, 2.3591626238871957, -2.0039801822677363, -1.0679397202156575, 2.90010829884638, 0.0, 0.0, -2.0074702463380247, 2.3481825038252078, 2.35830151813804, -2.0058790346685855
1800, 17.99389057093426, 2.348483226685039, -1.9749790992792726, -1.0679397202156575, 2.90010829884638, 0.0, 0.0, -1.9873828443576707, 2.3415155614009526, 2.3488219990635417, -1.97460409047357
1801, 18.003892733564015, 2.3378038294828825, -1.945978016290809, -1.0679397202156575, 2.90010829884638, 0.0, 0.0, -1.967361529412035, 2.3345599756130673, 2.3383408022210608, -1.9457858564621178
1802, 18.013894896193772, 2.327124432280726, -1.9169769333023452, -1.0679397202156575, 2.90010829884638, 0.0, 0.0, -1.9474074540610586, 2.3273182082634265, 2.3271435907439946, -1.9177047948231758
1803, 18.02389705882353, 2.3164450350785692, -1.8879758503138813, -1.0679397202156575, 2.90010829884638, 0.0, 0.0, -1.9275216705997744, 2.3197928081982915, 2.316580500100257, -1.8873101262142744
1804, 18.03389922145329, 2.3057656378764126, -1.8589747673254173, -1.0679397202156575, 2.90010829884638, 0.0, 0.0, -1.9077051311823099, 2.3119864103535166, 2.3070313029391905, -1.8572081099491036
1805, 18.043901384083046, 2.295086240674256, -1.8299736843369536, -1.0679397202156575, 2.90010829884638, 0.0, 0.0, -1.8879586880012091, 2.3039017347785262, 2.296616234321141, -1.8311522501361208
1806, 18.053903546712803, 2.2844068434720994, -1.80097260134849, -1.0679397202156575, 2.90010829884638, 0.0, 0.0, -1.8682830935220562, 2.295541585639464, 2.28206277046988, -1.8007550845806315
1807, 18.06390570934256, 2.273727446269943, -1.771971518360026, -1.0679397202156575, 2.90010829884638, 0.0, 0.0, -1.8486790007734042, 2.286908850201928, 2.2727562224365006, -1.7726539554669223
1808, 18.07390787197232, 2.2630480490677862, -1.7429704353715623, -1.0679397202156575, 2.90010829884638, 0.0, 0.0, -1.8291469636919424, 2.2780064977936867, 2.262768603402944, -1.743527840395226
1809, 18.083910034602077, 2.2523686518656296, -1.7139693523830983, -1.0679397202156575, 2.90010829884638, 0.0, 0.0, -1.8096874375228262, 2.268837578747789, 2.2506205244641166, -1.713176889424742
1810, 18.093912197231834, 2.241689254663473, -1.6849682693946346, -1.0679397202156575, 2.90010829884638, 0.0, 0.0, -1.7903007792750518, 2.25940522332647, 2.2415453273236525, -1.6833023343016598
1811, 18.103914359861594, 2.2310098574613164, -1.6559671864061707, -1.0679397202156575, 2.90010829884638, 0.0, 0.0, -1.7709872482317195, 2.249712640626259, 2.229991678727807, -1.6562385076619943
1812, 18.11391652249135, 2.22033046025916, -1.626966103417707, -1.0679397202156575, 2.90010829884638, 0.0, 0.0, -1.7517470065150222, 2.239763117464694, 2.2190993129230967, -1.6268737370115949
1813, 18.123918685121108, 2.209651063057003, -1.597965020429243, -1.0679397202156575, 2.90010829884638, 0.0, 0.0, -1.7325801197057267, 2.2295600172490464, 2.209573444876177, -1.5990923247759403
1814, 18.133920847750865, 2.1989716658548466, -1.568963937440779, -1.0679397202156575, 2.90010829884638, 0.0, 0.0, -1.7134865575169123, 2.2191067788274585, 2.199160525504385, -1.5690793475157578
1815, 18.143923010380625, 2.18829226865269, -1.5399628544523154, -1.0679397202156575, 2.90010829884638, 0.0, 0.0, -1.6944661945216906, 2.208406915322901, 2.189379844983425, -1.5414729805970884
1816, 18.153925173010382, 2.1776128714505334, -1.5109617714638515, -1.0679397202156575, 2.90010829884638, 0.0, 0.0, -1.6755188109345966, 2.197464012950341, 2.1780739856014986, -1.5117500573159643
1817, 18.16392733564014, 2.166933474248377, -1.4819606884753878, -1.0679397202156575, 2.90010829884638, 0.0, 0.0, -1.6566440934462987, 2.1862817298175345, 2.165780575283387, -1.481341685994135
1818, 18.173929498269896, 2.1562540770462206, -1.4529596054869238, -1.0679397202156575, 2.90010829884638, 0.0, 0.0, -1.6378416361112702, 2.1748637947098306, 2.1558888216711414, -1.4540546913446382
1819, 18.183931660899656, 2.1455746798440636, -1.42395852249846, -1.0679397202156575, 2.90010829884638, 0.0, 0.0, -1.6191109412880023, 2.163214005859393, 2.145332888574888, -1.4254980769000536
1820, 18.193933823529413, 2.1348952826419074, -1.3949574395099964, -1.0679397202156575, 2.90010829884638, 0.0, 0.0, -1.6004514206313503, 2.151336229699221, 2.134914304173109, -1.3928602938296353
1821, 18.20393598615917, 2.124215885439751, -1.3659563565215327, -1.0679397202156575, 2.90010829884638, 0.0, 0.0, -1.5818623961364846, 2.1392343996023877, 2.1250962134577636, -1.364681356710195
1822, 18.213938148788927, 2.113536488237594, -1.3369552735330688, -1.0679397202156575, 2.90010829884638, 0.0, 0.0, -1.5633431012340262, 2.1269125146068597, 2.113822090622622, -1.3369896979285285
1823, 18.223940311418687, 2.1028570910354376, -1.307954190544605, -1.0679397202156575, 2.90010829884638, 0.0, 0.0, -1.5448926819357727, 2.1143746381263098, 2.1029074103842063, -1.3066110412245344
1824, 18.233942474048444, 2.092177693833281, -1.2789531075561411, -1.0679397202156575, 2.90010829884638, 0.0, 0.0, -1.5265101980304818, 2.1016248966472983, 2.0917162057135785, -1.2813747834066191
1825, 18.2439446366782, 2.0814982966311244, -1.2499520245676774, -1.0679397202156575, 2.90010829884638, 0.0, 0.0, -1.5081946243291238, 2.0886674784132158, 2.081633505576994, -1.2489649541140913
1826, 18.25394679930796, 2.070818899428968, -1.2209509415792135, -1.0679397202156575, 2.90010829884638, 0.0, 0.0, -1.4899448519589629, 2.0755066320953635, 2.071859731298404, -1.2200553987637726
1827, 18.263948961937718, 2.060139502226811, -1.1919498585907495, -1.0679397202156575, 2.90010829884638, 0.0, 0.0, -1.471759689705837, 2.0621466654515666, 2.0606833655181314, -1.1921632285345152
1828, 18.273951124567475, 2.0494601050246546, -1.1629487756022858, -1.0679397202156575, 2.90010829884638, 0.0, 0.0, -1.4536378654039352, 2.0485919439726783, 2.0483411874057915, -1.1648387408343275
1829, 18.28395328719723, 2.038780707822498, -1.133947692613822, -1.0679397202156575, 2.90010829884638, 0.0, 0.0, -1.4355780273723853, 2.0348468895173726, 2.0370724919372356, -1.1338414982024718
1830, 18.293955449826992, 2.0281013106203414, -1.1049466096253582, -1.0679397202156575, 2.90010829884638, 0.0, 0.0, -1.4175787458978855, 2.0209159789355873, 2.02745610324592, -1.1051222563135665
1831, 18.30395761245675, 2.0174219134181848, -1.0759455266368942, -1.0679397202156575, 2.90010829884638, 0.0, 0.0, -1.3996385147626376, 2.0068037426809875, 2.018398424815489, -1.075499254720266
1832, 18.313959775086506, 2.006742516216028, -1.0469444436484305, -1.0679397202156575, 2.90010829884638, 0.0, 0.0, -1.381755752816774, 1.992514763412831, 2.0076357999399583, -1.0466909280312766
1833, 18.323961937716263, 1.9960631190138716, -1.0179433606599666, -1.0679397202156575, 2.90010829884638, 0.0, 0.0, -1.3639288055944538, 1.978053674587585, 1.9943402193715594, -1.0179221970815953
1834, 18.333964100346023, 1.985383721811715, -0.9889422776715029, -1.0679397202156575, 2.90010829884638, 0.0, 0.0, -1.3461559469727877, 1.9634251590406726, 1.9870842126725448, -0.9891748394029205
1835, 18.34396626297578, 1.9747043246095584, -0.959941194683039, -1.0679397202156575, 2.90010829884638, 0.0, 0.0, -1.3284353808727074, 1.9486339475586982, 1.9744150960856084, -0.9602954416327343
1836, 18.353968425605537, 1.964024927407402, -0.9309401116945752, -1.0679397202156575, 2.90010829884638, 0.0, 0.0, -1.3107652430008812, 1.933684817442519, 1.9631079135668734, -0.9312557055814519
1837, 18.363970588235293, 1.9533455302052454, -0.9019390287061113, -1.0679397202156575, 2.90010829884638, 0.0, 0.0, -1.2931436026317424, 1.9185825910615106, 1.9542907099790512, -0.9026044905704096
1838, 18.373972750865054, 1.9426661330030888, -0.8729379457176476, -1.0679397202156575, 2.90010829884638, 0.0, 0.0, -1.2755684644286869, 1.903332134399386, 1.9403816069613344, -0.8722638661106756
1839, 18.38397491349481, 1.9319867358009322, -0.8439368627291839, -1.0679397202156575, 2.90010829884638, 0.0, 0.0, -1.258037770303455, 1.8879383555919103, 1.9321509932315453, -0.8437029242026913
1840, 18.393977076124568, 1.9213073385987756, -0.8149357797407197, -1.0679397202156575, 2.90010829884638, 0.0, 0.0, -1.2405494013126934, 1.8724062034568634, 1.9206919459316822, -0.8144254851751591
1841, 18.403979238754328, 1.9106279413966192, -0.785934696752256, -1.0679397202156575, 2.90010829884638, 0.0, 0.0, -1.223101179590682, 1.8567406660165977, 1.9108783805627523, -0.7853741728563259
1842, 18.413981401384085, 1.8999485441944626, -0.7569336137637923, -1.0679397202156575, 2.90010829884638, 0.0, 0.0, -1.2056908703171687, 1.8409467690135193, 1.8993075932829668, -0.758507892279592
1843, 18.42398356401384, 1.889269146992306, -0.7279325307753286, -1.0679397202156575, 2.90010829884638, 0.0, 0.0, -1.1883161837192513, 1.8250295744188472, 1.8892248510464598, -0.7266076987731143
1844, 18.4339857266436, 1.8785897497901494, -0.6989314477868644, -1.0679397202156575, 2.90010829884638, 0.0, 0.0, -1.170974777106205, 1.808994178934976, 1.8791617981723703, -0.6984970321925162
1845, 18.44398788927336, 1.8679103525879928, -0.6699303647984007, -1.0679397202156575, 2.90010829884638, 0.0, 0.0, -1.1536642569361502, 1.7928457124917816, 1.8673019607745271, -0.6718823631369365
1846, 18.453990051903116, 1.8572309553858362, -0.640929281809937, -1.0679397202156575, 2.90010829884638, 0.0, 0.0, -1.1363821809134262, 1.7765893367371917, 1.8563508117970042, -0.6418042368613727
1847, 18.463992214532873, 1.8465515581836796, -0.6119281988214733, -1.0679397202156575, 2.90010829884638, 0.0, 0.0, -1.1191260601155237, 1.76023024352236, 1.8464935365996589, -0.611983383850873
1848, 18.47399437716263, 1.835872160981523, -0.5829271158330092, -1.0679397202156575, 2.90010829884638, 0.0, 0.0, -1.1018933611483934, 1.7437736533817625, 1.83634759998461, -0.5824105408748416
1849, 18.48399653979239, 1.8251927637793663, -0.5539260328445454, -1.0679397202156575, 2.90010829884638, 0.0, 0.0, -1.0846815083289525, 1.7272248140085398, 1.8252741615863195, -0.5552339553748503
1850, 18.493998702422147, 1.8145133665772097, -0.5249249498560817, -1.0679397202156575, 2.90010829884638, 0.0, 0.0, -1.0674878858935841, 1.7105889987254057, 1.8126323730626275, -0.5251700107094126
1851, 18.504000865051903, 1.8038339693750531, -0.495923866867618, -1.0679397202156575, 2.90010829884638, 0.0, 0.0, -1.050309840231396, 1.6938715049514415, 1.8033763863251118, -0.49645004643998414
1852, 18.51400302768166, 1.7931545721728965, -0.46692278387915387, -1.0679397202156575, 2.90010829884638, 0.0, 0.0, -1.0331446821410082, 1.677077652665089, 1.7939074949708171, -0.4673074161914517
1853, 18.52400519031142, 1.78247517497074, -0.43792170089069016, -1.0679397202156575, 2.90010829884638, 0.0, 0.0, -1.0159896891096123, 1.6602127828636601, 1.7831600127026563, -0.43749083466675964
1854, 18.534007352941178, 1.7717957777685833, -0.40892061790222645, -1.0679397202156575, 2.90010829884638, 0.0, 0.0, -0.9988421076130388, 1.6432822560196638, 1.7718984831246993, -0.40976298419359775
1855, 18.544009515570934, 1.7611163805664267, -0.37991953491376274, -1.0679397202156575, 2.90010829884638, 0.0, 0.0, -0.9816991554355409, 1.6262914505342705, 1.7611660357771657, -0.3793056119950318
1856, 18.554011678200695, 1.7504369833642701, -0.3509184519252986, -1.0679397202156575, 2.90010829884638, 0.0, 0.0, -0.9645580240080089, 1.6092457611882152, 1.748597273397871, -0.3491582671308714
1857, 18.56401384083045, 1.7397008298073777, -0.32206498865265043, -1.058510349927014, 2.814152228511178, 3.0210011524445357, -14.238819750725979, -1.0536436410030952, 1.4834117007418568, 1.738201734787568, -0.32276933835854216
1858, 18.57401600346021, 1.72926677636573, -0.2946354073550751, -1.0283003384025688, 2.6717640310039177, 3.0210011524445357, -14.238819750725979, -1.023948337849117, 1.397190907454528, 1.7281071421824197, -0.29257964835993583
1859, 18.584018166089965, 1.7191348230393264, -0.268629708032572, -0.9980903268781235, 2.5293758334966574, 3.0210011524445357, -14.238819750725979, -0.9934988633608366, 1.3118583379220428, 1.7174337178504262, -0.26955519443526244
1860, 18.594020328719726, 1.7093049698281673, -0.2440478906851418, -0.967880315353678, 2.3869876359893976, 3.0210011524445357, -14.238819750725979, -0.962364021460291, 1.2274368324564833, 1.7097012608012034, -0.24381940917305217
1861, 18.604022491349482, 1.6997772167322527, -0.22088995531278413, -0.9376703038292327, 2.2445994384821377, 3.0210011524445357, -14.238819750725979, -0.9306110166552659, 1.1439470997807282, 1.7003918943936014, -0.21986973409251423
1862, 18.61402465397924, 1.6905515637515827, -0.199155901915499, -0.9074602923047873, 2.102211240974878, 3.0210011524445357, -14.238819750725979, -0.8983047834678528, 1.061407893533687, 1.6917266401401827, -0.19831508784882404
1863, 18.624026816608996, 1.681628010886157, -0.17884573049328642, -0.877250280780342, 1.9598230434676183, 3.0210011524445357, -14.238819750725979, -0.8655074068320903, 0.9798361819130176, 1.6805741663705478, -0.1789311788849829
1864, 18.634028979238757, 1.6730065581359759, -0.15995944104614654, -0.8470402692558965, 1.8174348459603582, 3.0210011524445357, -14.238819750725979, -0.8322776259458189, 0.8992473089555894, 1.6738046703465814, -0.15779758697093
1865, 18.644031141868513, 1.664687205501039, -0.1424970335740793, -0.816830257731451, 1.6750466484530984, 3.0210011524445357, -14.238819750725979, -0.7986704141730003, 0.8196551460609877, 1.6636547897953673, -0.14298585236420377
1866, 18.65403330449827, 1.6566699529813467, -0.12645850807708456, -0.7866202462070058, 1.532658450945838, 3.0210011524445357, -14.238819750725979, -0.7647366278157811, 0.7410722324659458, 1.6567475515269117, -0.1259976892868968
1867, 18.664035467128027, 1.648954800576899, -0.11184386455516246, -0.7564102346825604, 1.3902702534385782, 3.0210011524445357, -14.238819750725979, -0.7305227168920874, 0.6635099034768732, 1.648825064895801, -0.11154257312959626
1868, 18.674037629757787, 1.6415417482876955, -0.09865310300831301, -0.7262002231581149, 1.2478820559313184, 3.0210011524445357, -14.238819750725979, -0.696070491448175, 0.5869784053630096, 1.641152215388881, -0.09797794023218019
1869, 18.684039792387544, 1.6344307961137365, -0.0868862234365361, -0.6959902116336696, 1.1054938584240586, 3.0210011524445357, -14.238819750725979, -0.6614169373918468, 0.5114869959038943, 1.6335859560495638, -0.08740362196962431
1870, 18.6940419550173, 1.6276219440550221, -0.07654322583983178, -0.6657802001092242, 0.9631056609167986, 3.0210011524445357, -14.238819750725979, -0.6265940763382549, 0.43704402967168876, 1.6289660457068922, -0.07775007403838219
1871, 18.70404411764706, 1.621115192111552, -0.06762411021820011, -0.6355701885847789, 0.8207174634095389, 3.0210011524445357, -14.238819750725979, -0.5916288645056788, 0.36365702721157783, 1.6207390858203108, -0.06851582538507679
1872, 18.71404628027682, 1.6149105402833266, -0.06012887657164098, -0.6053601770603335, 0.678329265902279, 3.0210011524445357, -14.238819750725979, -0.5565431262739542, 0.2913327273624059, 1.6152664378055572, -0.06030817938483706
1873, 18.724048442906575, 1.6090079885703454, -0.0540575249001545, -0.575150165535888, 0.5359410683950192, 3.0210011524445357, -14.238819750725979, -0.5213535186156845, 0.22007712203541496, 1.6090755847999374, -0.0543314593291747
1874, 18.734050605536332, 1.6034075369726088, -0.049410055203740616, -0.5449401540114427, 0.39355287088775914, 3.0210011524445357, -14.238819750725979, -0.4860715232235757, 0.1498954728422071, 1.6053628341749837, -0.048937073309375426
1875, 18.744052768166092, 1.5981091854901166, -0.046186467482399324, -0.5147301424869972, 0.2511646733804993, 3.0210011524445357, -14.238819750725979, -0.45070346378082926, 0.08079230903479209, 1.5977449341998464, -0.04665420191535078
1876, 18.75405493079585, 1.593112934122869, -0.044386761736130625, -0.4845201309625519, 0.10877647587323924, 3.0210011524445357, -14.238819750725979, -0.41525054645134385, 0.012771406291830767, 1.5934698200831758, -0.04455870372580245
1877, 18.764057093425606, 1.5884187828708656, -0.04401093796493452, -0.4543101194381065, -0.033611721634020375, 3.0210011524445357, -14.238819750725979, -0.37970892229890907, -0.054164254042807676, 1.5879224611896163, -0.046154183426024405
1878, 18.774059256055363, 1.5840267317341068, -0.045058996168811066, -0.42410010791366115, -0.17599991914128044, 3.0210011524445357, -14.238819750725979, -0.3440697709768815, -0.12001254558903326, 1.5858871799110434, -0.04619485956213815
1879, 18.784061418685123, 1.5799367807125924, -0.04753093634776015, -0.3938900963892158, -0.3183881166485405, 3.0210011524445357, -14.238819750725979, -0.3083194056594904, -0.18477227766943088, 1.579632608930772, -0.04783960448995902
1880, 18.79406358131488, 1.5761489298063225, -0.05142675850178183, -0.36368008486477044, -0.46077631415580034, 3.0210011524445357, -14.238819750725979, -0.2724393998108793, -0.24844329631803788, 1.5757070716141943, -0.051031289921556776
1881, 18.804065743944637, 1.572663179015297, -0.056746462630876154, -0.333470073340325, -0.60316451166306, 3.0210011524445357, -14.238819750725979, -0.23640673700606896, -0.31102660563010726, 1.5706410647611675, -0.05702557270355959
1882, 18.814067906574394, 1.569479528339516, -0.06349004873504308, -0.30326006181587967, -0.7455527091703202, 3.0210011524445357, -14.238819750725979, -0.20019398562713236, -0.3725245094270889, 1.5694779328876893, -0.061681218779114866
1883, 18.824070069204154, 1.5665979777789794, -0.07165751681428259, -0.27305005029143425, -0.8879409066775801, 3.0210011524445357, -14.238819750725979, -0.16376950085544079, -0.43294077310457174, 1.5675577041406261, -0.07141772251584555
1884, 18.83407223183391, 1.5640185273336873, -0.08124886686859464, -0.24284003876698892, -1.03032910418484, 3.0210011524445357, -14.238819750725979, -0.12709765696403097, -0.49228080541329666, 1.5629618206218765, -0.08183495499732171
1885, 18.844074394463668, 1.5617411770036396, -0.09226409889797935, -0.21263002724254354, -1.1727173016920998, 3.0210011524445357, -14.238819750725979, -0.09013911347925536, -0.550551859792981, 1.5620454110107203, -0.09232646271259447
1886, 18.85407655709343, 1.5597659267888364, -0.1047032129024367, -0.18242001571809813, -1.3151054991993596, 3.0210011524445357, -14.238819750725979, -0.05285111932364101, -0.6077632547341955, 1.5613077713859214, -0.10398041818999917
1887, 18.864078719723185, 1.5580927766892776, -0.11856620888196659, -0.15221000419365277, -1.4574936967066197, 3.0210011524445357, -14.238819750725979, -0.015187859566775291, -0.6639266124834513, 1.5588931070720409, -0.1174901278356291
1888, 18.874080882352942, 1.5567217267049633, -0.13385308683656907, -0.12199999266920737, -1.5998818942138793, 3.0210011524445357, -14.238819750725979, 0.022899150108347234, -0.7190561152297968, 1.553261056756939, -0.1348500910075413
1889, 18.8840830449827, 1.5556527768358934, -0.1505638467662442, -0.091789981144762, -1.7422700917211396, 3.0210011524445357, -14.238819750725979, 0.061460615677696076, -0.7731687777164475, 1.556851313953565, -0.15073974208139604
1890, 18.89408520761246, 1.554885927082068, -0.168698488670992, -0.06157996962031659, -1.8846582892283992, 3.0210011524445357, -14.238819750725979, 0.1005489578545028, -0.8262847350074046, 1.5545868902953441, -0.1685334553655054
1891, 18.904087370242216, 1.554421177443487, -0.1882570125508123, -0.031369958095871245, -2.0270464867356592, 3.0210011524445357, -14.238819750725979, 0.14021773971609194, -0.8784275439059844, 1.5555280797885056, -0.18638192649287455
1892, 18.914089532871973, 1.5542585279201506, -0.20923941840570523, -0.0011599465714258461, -2.169434684242919, 3.0210011524445357, -14.238819750725979, 0.18052102237206363, -0.9296244962692781, 1.5524830034113977, -0.20796342065585763
1893, 18.92409169550173, 1.5543979785120585, -0.23164570623567068, 0.029050064953019553, -2.311822881750179, 3.0210011524445357, -14.238819750725979, 0.22151264200610782, -0.9799069421897464, 1.5558776932365297, -0.23024203851585998
1894, 18.93409385813149, 1.554839529219211, -0.25547587604070876, 0.059260076477464924, -2.4542110792574388, 3.0210011524445357, -14.238819750725979, 0.26324540156846726, -1.0293106207227034, 1.554366946160015, -0.25580474014974036
1895, 18.944096020761247, 1.5555831800416078, -0.2807299278208194, 0.08947008800191031, -2.5965992767646986, 3.0210011524445357, -14.238819750725979, 0.3057701704642113, -1.0778759955270985, 1.5557265020751592, -0.2808611307053167
1896, 18.954098183391004, 1.5566289309792491, -0.30740786157600286, 0.1196800995263557, -2.7389874742719593, 3.0210011524445357, -14.238819750725979, 0.349134885793755, -1.125648592457946, 1.5558671897402923, -0.30548407061008553
1897, 18.96410034602076, 1.5578257319745128, -0.33479773631872145, 0.11968009952635468, -2.738987474271954, 0.0, 0.0, 0.4833043794188433, -1.035603289015433, 1.5570633782432057, -0.3345696271091802
1898, 18.97410250865052, 1.5590225329697762, -0.36218761106144104, 0.11968009952635468, -2.738987474271954, 0.0, 0.0, 0.506739795080138, -1.0115954453502523, 1.5570203578464892, -0.36106558278957807
1899, 18.984104671280278, 1.5602193339650399, -0.38957748580416063, 0.11968009952635468, -2.738987474271954, 0.0, 0.0, 0.5298931562158774, -0.9878331269650259, 1.5613175570502607, -0.38899992786281945
1900, 18.994106833910035, 1.5614161349603033, -0.4169673605468802, 0.11968009952635468, -2.738987474271954, 0.0, 0.0, 0.5527455449089946, -0.9643326352425068, 1.5605267394956315, -0.4170099369616059
1901, 19.004108996539795, 1.562612935955567, -0.4443572352895997, 0.11968009952635468, -2.738987474271954, 0.0, 0.0, 0.5752782521868237, -0.9411100919476716, 1.5619666915818113, -0.44411219551792336
1902, 19.014111159169552, 1.5638097369508304, -0.4717471100323193, 0.11968009952635468, -2.738987474271954, 0.0, 0.0, 0.5974727910261197, -0.9181814281679235, 1.564572224064497, -0.4709885783959155
1903, 19.02411332179931, 1.565006537946094, -0.49913698477503887, 0.11968009952635468, -2.738987474271954, 0.0, 0.0, 0.6193109092037955, -0.8955623733841089, 1.565437486670452, -0.4989604792861526
1904, 19.034115484429066, 1.5662033389413574, -0.5265268595177585, 0.11968009952635468, -2.738987474271954, 0.0, 0.0, 0.6407746019844691, -0.8732684446798329, 1.5665882785878007, -0.5278750136732466
1905, 19.044117647058826, 1.567400139936621, -0.5539167342604779, 0.11968009952635468, -2.738987474271954, 0.0, 0.0, 0.6618461246359657, -0.8513149360964888, 1.5687932490269036, -0.5557450783230411
1906, 19.054119809688583, 1.5685969409318847, -0.5813066090031975, 0.11968009952635468, -2.738987474271954, 0.0, 0.0, 0.6825080047640959, -0.8297169081412917, 1.5704566689721697, -0.5835639213105891
1907, 19.06412197231834, 1.5697937419271482, -0.6086964837459171, 0.11968009952635468, -2.738987474271954, 0.0, 0.0, 0.7027430544581045, -0.808489177455527, 1.5697797447771433, -0.6104073268535584
1908, 19.074124134948097, 1.5709905429224118, -0.6360863584886367, 0.11968009952635468, -2.738987474271954, 0.0, 0.0, 0.7225343822383599, -0.7876463066500891, 1.5701345974370773, -0.635292490415716
1909, 19.084126297577857, 1.5721873439176752, -0.6634762332313563, 0.11968009952635468, -2.738987474271954, 0.0, 0.0, 0.7418654047979708, -0.7672025943152919, 1.5713397953865642, -0.6612339160974114
1910, 19.094128460207614, 1.5733841449129389, -0.6908661079740758, 0.11968009952635468, -2.738987474271954, 0.0, 0.0, 0.7607198585301509, -0.7471720652118012, 1.5739024770557262, -0.692620402440153
1911, 19.10413062283737, 1.5745809459082023, -0.7182559827167954, 0.11968009952635468, -2.738987474271954, 0.0, 0.0, 0.7790818108333332, -0.7275684606494162, 1.5735524139274109, -0.71793600225876
1912, 19.114132785467127, 1.575777746903466, -0.745645857459515, 0.11968009952635468, -2.738987474271954, 0.0, 0.0, 0.7969356711861446, -0.708405229060307, 1.5760690752406956, -0.7467790714054079
1913, 19.124134948096888, 1.5769745478987294, -0.7730357322022344, 0.11968009952635468, -2.738987474271954, 0.0, 0.0, 0.8142662019845699, -0.689695516773166, 1.5768307363515062, -0.7719740824874054
1914, 19.134137110726645, 1.578171348893993, -0.8004256069449541, 0.11968009952635468, -2.738987474271954, 0.0, 0.0, 0.8310585291337338, -0.6714521589946102, 1.5777184269064324, -0.8022824039037921
1915, 19.1441392733564, 1.5793681498892564, -0.8278154816876736, 0.11968009952635468, -2.738987474271954, 0.0, 0.0, 0.8472981523869597, -0.6536876710040168, 1.5788083314260062, -0.8281479855499093
1916, 19.154141435986162, 1.58056495088452, -0.8552053564303933, 0.11968009952635468, -2.738987474271954, 0.0, 0.0, 0.8629709554248999, -0.6364142395678332, 1.5807928430799882, -0.8535996208645263
1917, 19.16414359861592, 1.5817617518797837, -0.8825952311731128, 0.11968009952635468, -2.738987474271954, 0.0, 0.0, 0.8780632156677332, -0.6196437145792535, 1.5827194442412866, -0.8835166004214533
1918, 19.174145761245676, 1.5829585528750472, -0.9099851059158323, 0.11968009952635468, -2.738987474271954, 0.0, 0.0, 0.8925616138136035, -0.6033876009289936, 1.582506415671329, -0.9108344018227214
1919, 19.184147923875432, 1.5841553538703108, -0.937374980658552, 0.11968009952635468, -2.738987474271954, 0.0, 0.0, 0.9064532430966613, -0.5876570506127436, 1.583208733322967, -0.9365272241496101
1920, 19.194150086505193, 1.5853521548655742, -0.9647648554012714, 0.11968009952635468, -2.738987474271954, 0.0, 0.0, 0.9197256182582814, -0.5724628550807136, 1.5853072022675443, -0.9651609270294758
1921, 19.20415224913495, 1.5865489558608379, -0.9921547301439909, 0.11968009952635468, -2.738987474271954, 0.0, 0.0, 0.9323666842252012, -0.5578154378345158, 1.5848221795333102, -0.9921016738394106
1922, 19.214154411764707, 1.5875499782501061, -1.0184436360670195, 0.08199104609425092, -2.5523597305698016, -3.6222385665167605, 15.306172346608763, 0.9231339424026435, -0.36024697914898707, 1.5887622642862052, -1.017611215667406
1923, 19.224156574394463, 1.588188776782723, -1.0432019247553872, 0.0457686604290833, -2.3992980071037135, -3.6222385665167605, 15.306172346608763, 0.9037965454335639, -0.2696032832607196, 1.589357592123974, -1.0412765613016473
1924, 19.234158737024224, 1.588465351458688, -1.0664295962090937, 0.009546274763915646, -2.246236283637626, -3.6222385665167605, 15.306172346608763, 0.8848311617314666, -0.1801358891785334, 1.5892655932649018, -1.0651255349639714
1925, 19.24416089965398, 1.5883797022780013, -1.0881266504281397, -0.02667611090125198, -2.093174560171538, -3.6222385665167605, 15.306172346608763, 0.8663752491681863, -0.09178954070995404, 1.5881265292321014, -1.0878231691692997
1926, 19.254163062283737, 1.5879318292406628, -1.1082930874125245, -0.06289849656641958, -1.9401128367054508, -3.6222385665167605, 15.306172346608763, 0.8485561522334975, -0.004509619815125099, 1.5865138346487675, -1.1085032772704313
1927, 19.264165224913494, 1.5871217323466729, -1.1269289071622486, -0.09912088223158726, -1.7870511132393625, -3.6222385665167605, 15.306172346608763, 0.8314914429138084, 0.08175745221438213, 1.585537900493084, -1.1260256028579947
1928, 19.274167387543255, 1.585949411596031, -1.144034109677312, -0.13534326789675488, -1.633989389773275, -3.6222385665167605, 15.306172346608763, 0.81528929154012, 0.16706385179873684, 1.5857357293062777, -1.1428358487638104
1929, 19.28416955017301, 1.5844148669887377, -1.159608694957714, -0.17156565356192252, -1.4809276663071869, -3.6222385665167605, 15.306172346608763, 0.8000488553056636, 0.25146002684666635, 1.5844702122128023, -1.160497814871199
1930, 19.29417171280277, 1.5825180985247926, -1.1736526630034556, -0.20778803922709016, -1.327865942841099, -3.6222385665167605, 15.306172346608763, 0.7858606735243562, 0.3349944056514709, 1.5823213780674592, -1.1713201219999458
1931, 19.30417387543253, 1.580259106204196, -1.1861660138145362, -0.24401042489225774, -1.1748042193750117, -3.6222385665167605, 15.306172346608763, 0.7728070599759929, 0.417713139208605, 1.5800310337153247, -1.1872496944725721
1932, 19.314176038062286, 1.5776378900269474, -1.197148747390956, -0.28023281055742544, -1.0217424959089239, -3.6222385665167605, 15.306172346608763, 0.7609624838594441, 0.49965987521263555, 1.5798405734571719, -1.1977973192309797
1933, 19.324178200692042, 1.5746544499930475, -1.2066008637327146, -0.3164551962225931, -0.868680772442836, -3.6222385665167605, 15.306172346608763, 0.7503939319506896, 0.5808755619813196, 1.5759962939298824, -1.2064580399400335
1934, 19.3341803633218, 1.5713087861024957, -1.2145223628398125, -0.3526775818877607, -0.7156190489767484, -3.6222385665167605, 15.306172346608763, 0.741161245540423, 0.6613982805748481, 1.5717689341846863, -1.2141285036563263
1935, 19.34418252595156, 1.5676008983552923, -1.2209132447122495, -0.3888999675529283, -0.5625573255106604, -3.6222385665167605, 15.306172346608763, 0.7333174266104923, 0.7412631034249341, 1.5663066864745918, -1.2208321279236698
1936, 19.354184688581316, 1.563530786751437, -1.2257735093500257, -0.42512235321809594, -0.4094956020445726, -3.6222385665167605, 15.306172346608763, 0.7269089085058725, 0.8205019778575751, 1.563972612974856, -1.2252263394865266
1937, 19.364186851211073, 1.5590984512909303, -1.229103156753141, -0.4613447388832636, -0.256433878578485, -3.6222385665167605, 15.306172346608763, 0.7219757870767752, 0.8991436329812466, 1.5571418404448396, -1.2287809569179617
1938, 19.37418901384083, 1.5543038919737717, -1.2309021869215955, -0.49756712454843116, -0.10337215511239717, -3.6222385665167605, 15.306172346608763, 0.7185520089128803, 0.9772135085154315, 1.5562349302957605, -1.2308559881307075
1939, 19.38419117647059, 1.5491471087999615, -1.231170599855389, -0.5337895102135989, 0.04968956835369087, -3.6222385665167605, 15.306172346608763, 0.716665513878481, 1.054733704249434, 1.5495046006978204, -1.2323345971954123
1940, 19.394193339100347, 1.5436281017694997, -1.2299083955545216, -0.5700118958787666, 0.20275129181977847, -3.6222385665167605, 15.306172346608763, 0.7163383296942422, 1.1317229489450407, 1.5442155879797617, -1.2311882303902824
1941, 19.404195501730104, 1.5377468708823863, -1.2271155740189934, -0.606234281543934, 0.35581301528586606, -3.6222385665167605, 15.306172346608763, 0.7175866168098186, 1.2081965876258716, 1.5373946215778473, -1.2281314806421273
1942, 19.41419766435986, 1.5315034161386212, -1.2227921352488043, -0.6424566672091018, 0.5088747387519541, -3.6222385665167605, 15.306172346608763, 0.7204206622834828, 1.284166586328146, 1.5314186478153105, -1.2222301297758693
1943, 19.42419982698962, 1.5248977375382042, -1.2169380792439544, -0.6786790528742694, 0.6619364622180419, -3.6222385665167605, 15.306172346608763, 0.7248448218425191, 1.359641553519434, 1.5263223536642008, -1.2169633368538426
1944, 19.43420198961938, 1.5179298350811357, -1.2095534060044435, -0.7149014385394371, 0.8149981856841295, -3.6222385665167605, 15.306172346608763, 0.7308574097538478, 1.4346267775210835, 1.5182420854117487, -1.2100145038441206
1945, 19.444204152249135, 1.5105997087674154, -1.2006381155302717, -0.7511238242046048, 0.9680599091502176, -3.6222385665167605, 15.306172346608763, 0.7384505366007303, 1.5091242793939081, 1.5085651492329604, -1.1984976868381136
1946, 19.454206314878896, 1.5029073585970436, -1.190192207821439, -0.7873462098697723, 1.1211216326163052, -3.6222385665167605, 15.306172346608763, 0.7476098955509659, 1.5831328808630096, 1.5033373985867653, -1.189582100304758
1947, 19.464208477508652, 1.49485278457002, -1.1782156828779455, -0.82356859553494, 1.2741833560823925, -3.6222385665167605, 15.306172346608763, 0.758314498227223, 1.6566482869640033, 1.4950134291340285, -1.1791976469279162
1948, 19.47421064013841, 1.4864359866863448, -1.1647085406997912, -0.8597909812001076, 1.4272450795484803, -3.6222385665167605, 15.306172346608763, 0.7705363618630932, 1.7296631831872467, 1.4859737499188612, -1.16407694479844
1949, 19.484212802768166, 1.4776569649460178, -1.149670781286976, -0.8960133668652753, 1.5803068030145684, -3.6222385665167605, 15.306172346608763, 0.7842401500608716, 1.802167346976836, 1.4773283887439548, -1.1509654090737904
1950, 19.494214965397926, 1.4685157193490392, -1.1331024046395, -0.9322357525304429, 1.7333685264806562, -3.6222385665167605, 15.306172346608763, 0.7993827701699965, 1.8741477735052423, 1.4693934450512465, -1.1341611006798542
1951, 19.504217128027683, 1.459012249895409, -1.1150034107573628, -0.9684581381956104, 1.886430249946744, -3.6222385665167605, 15.306172346608763, 0.8159129310888964, 1.9455888156905898, 1.4573494257131525, -1.115156212072344
1952, 19.51421929065744, 1.4491465565851271, -1.095373799640565, -1.004680523860778, 2.039491973412831, -3.6222385665167605, 15.306172346608763, 0.8337706661668011, 2.016472338450127, 1.4492189350756024, -1.094485041386588
1953, 19.524221453287197, 1.4389186394181934, -1.074213571289106, -1.0409029095259457, 2.192553696878919, -3.6222385665167605, 15.306172346608763, 0.8528868268538579, 2.086777887188811, 1.4378841831339908, -1.0735855249688446
1954, 19.534223615916957, 1.428328498394608, -1.0515227257029864, -1.0771252951911134, 2.3456154203450073, -3.6222385665167605, 15.306172346608763, 0.8731825538238829, 2.156482870504827, 1.4283307063602866, -1.0528327359354597
1955, 19.544225778546714, 1.417376133514371, -1.027301262882206, -1.113347680856281, 2.498677143811095, -3.6222385665167605, 15.306172346608763, 0.8945687334784768, 2.2255627570532033, 1.417744122188184, -1.0282030940981992
1956, 19.55422794117647, 1.4060615447774825, -1.0015491828267646, -1.1495700665214486, 2.6517388672771824, -3.6222385665167605, 15.306172346608763, 0.9169454490358744, 2.2939912864436076, 1.4056936449659438, -1.0007448045434144
1957, 19.564230103806228, 1.394384732183942, -0.9742664855366623, -1.1857924521866163, 2.804800590743271, -3.6222385665167605, 15.306172346608763, 0.9402014368117446, 2.3617406939584753, 1.3941870432783012, -0.9720708707064329
1958, 19.57423226643599, 1.38234569573375, -0.9454531710118991, -1.222014837851784, 2.957862314209358, -3.6222385665167605, 15.306172346608763, 0.9642135598077088, 2.428781948762731, 1.3833294799354716, -0.9444964998312589
1959, 19.584234429065745, 1.3699444354269064, -0.9151092392524751, -1.2582372235169517, 3.1109240376754457, -3.6222385665167605, 15.306172346608763, 0.9888463123283336, 2.495085005136857, 1.3720903027126068, -0.9148739275592441
1960, 19.594236591695502, 1.357180951263411, -0.8832346902583901, -1.2944596091821192, 3.263985761141534, -3.6222385665167605, 15.306172346608763, 1.0139513710358639, 2.560619066101883, 1.3571704684515147, -0.8822078747219391
1961, 19.604238754325262, 1.344055243243264, -0.8498295240296444, -1.3306819948472866, 3.4170474846076213, -3.6222385665167605, 15.306172346608763, 1.039367209606135, 2.6253528586194634, 1.341780754034169, -0.8504627610029301
1962, 19.61424091695502, 1.3307484232947915, -0.8156590491835694, -1.3306819948472857, 3.4170474846076164, 0.0, 0.0, 1.0405884246592283, 2.535579578448507, 1.3298783676186454, -0.8156990985089471
1963, 19.624243079584776, 1.3174416033463188, -0.7814885743374931, -1.3306819948472857, 3.4170474846076164, 0.0, 0.0, 1.0733603353611458, 2.5261668489789466, 1.317168041244784, -0.7808470493656667
1964, 19.634245242214533, 1.3041347833978458, -0.7473180994914169, -1.3306819948472857, 3.4170474846076164, 0.0, 0.0, 1.1055707869743971, 2.516416483320387, 1.305390648440882, -0.7462667462338428
1965, 19.644247404844293, 1.290827963449373, -0.7131476246453408, -1.3306819948472857, 3.4170474846076164, 0.0, 0.0, 1.1372180806876653, 2.50633208603121, 1.290899946573224, -0.7124888173482051
1966, 19.65424956747405, 1.2775211435009002, -0.6789771497992645, -1.3306819948472857, 3.4170474846076164, 0.0, 0.0, 1.1683007515020511, 2.4959173864886033, 1.2771962530923529, -0.6779457080545055
1967, 19.664251730103807, 1.2642143235524272, -0.6448066749531883, -1.3306819948472857, 3.4170474846076164, 0.0, 0.0, 1.1988175657355409, 2.485176238035943, 1.263592218973176, -0.6428291762304166
1968, 19.674253892733564, 1.2509075036039543, -0.6106362001071122, -1.3306819948472857, 3.4170474846076164, 0.0, 0.0, 1.2287675184007294, 2.4741126170993515, 1.2495309199918665, -0.6118928281877112
1969, 19.684256055363324, 1.2376006836554816, -0.5764657252610359, -1.3306819948472857, 3.4170474846076164, 0.0, 0.0, 1.2581498304586618, 2.4627306222728698, 1.236618715029327, -0.5767272272054867
1970, 19.69425821799308, 1.2242938637070087, -0.5422952504149597, -1.3306819948472857, 3.4170474846076164, 0.0, 0.0, 1.286963945951726, 2.4510344733717027, 1.223424111837808, -0.5430954813181061
1971, 19.704260380622838, 1.2109870437585357, -0.5081247755688836, -1.3306819948472857, 3.4170474846076164, 0.0, 0.0, 1.3152095290186112, 2.4390285104529634, 1.2127789553789496, -0.50765693223014
1972, 19.714262543252595, 1.197680223810063, -0.4739543007228073, -1.3306819948472857, 3.4170474846076164, 0.0, 0.0, 1.342886460794455, 2.4267171928033466, 1.1965634473963558, -0.4754240938597825
1973, 19.724264705882355, 1.18437340386159, -0.43978382587673126, -1.3306819948472857, 3.4170474846076164, 0.0, 0.0, 1.3699948361993748, 2.414105097893149, 1.1847546548105123, -0.4410624235654737
1974, 19.734266868512112, 1.1710665839131171, -0.405613351030655, -1.3306819948472857, 3.4170474846076164, 0.0, 0.0, 1.3965349606186188, 2.40119692029604, 1.1728497978720347, -0.40694386804018273
1975, 19.74426903114187, 1.1577597639646444, -0.3714428761845787, -1.3306819948472857, 3.4170474846076164, 0.0, 0.0, 1.4225073464777251, 2.3879974705739957, 1.158649539244986, -0.3722027200536591
1976, 19.75427119377163, 1.1444529440161715, -0.33727240133850267, -1.3306819948472857, 3.4170474846076164, 0.0, 0.0, 1.4479127097160727, 2.3745116741267958, 1.1431485576685023, -0.3374919046672499
1977, 19.764273356401386, 1.1311461240676985, -0.3031019264924264, -1.3306819948472857, 3.4170474846076164, 0.0, 0.0, 1.4727519661623076, 2.360744570005475, 1.1300749699775199, -0.30124743415361144
1978, 19.774275519031143, 1.1178393041192256, -0.26893145164635013, -1.3306819948472857, 3.4170474846076164, 0.0, 0.0, 1.497026227815216, 2.346701309689143, 1.1185968765697358, -0.26808551763310234
1979, 19.7842776816609, 1.1045324841707527, -0.23476097680027408, -1.3306819948472857, 3.4170474846076164, 0.0, 0.0, 1.520736799033621, 2.332387155824558, 1.1044568744270116, -0.23503024549558726
1980, 19.79427984429066, 1.09122566422228, -0.2005905019541978, -1.3306819948472857, 3.4170474846076164, 0.0, 0.0, 1.5438851726389826, 2.3178074809278595, 1.091829926363542, -0.19912306466916807
1981, 19.804282006920417, 1.0779188442738072, -0.16642002710812154, -1.3306819948472857, 3.4170474846076164, 0.0, 0.0, 1.5664730259344397, 2.302967766047879, 1.0798522979853695, -0.16612368917465117
1982, 19.814284169550174, 1.064612024325334, -0.1322495522620455, -1.3306819948472857, 3.4170474846076164, 0.0, 0.0, 1.5885022166440224, 2.2878735993904225, 1.0637460553712557, -0.1332436720993134
1983, 19.82428633217993, 1.0513052043768614, -0.09807907741596922, -1.3306819948472857, 3.4170474846076164, 0.0, 0.0, 1.6099747787758765, 2.272530674902951, 1.050695831891779, -0.09829128253351739
1984, 19.83428849480969, 1.0379983844283884, -0.06390860256989295, -1.3306819948472857, 3.4170474846076164, 0.0, 0.0, 1.6308929184133767, 2.2569447908191007, 1.0366019489536429, -0.06400392858312552
1985, 19.844290657439448, 1.0246915644799155, -0.0297381277238169, -1.3306819948472857, 3.4170474846076164, 0.0, 0.0, 1.6512590094379775, 2.241121848162459, 1.0239170652630425, -0.03012298687070999
1986, 19.854292820069205, 1.0113847445314428, 0.0044323471222593724, -1.3306819948472857, 3.4170474846076164, 0.0, 0.0, 1.6710755891877827, 2.2250678492090654, 1.0122548484746958, 0.00523357499578039
1987, 19.86429498269896, 0.9980779245829698, 0.03860282196833564, -1.3306819948472857, 3.4170474846076164, 0.0, 0.0, 1.690345354055772, 2.208788895908097, 0.9979979774232974, 0.03968175893305145
1988, 19.874297145328722, 0.984771104634497, 0.07277329681441169, -1.3306819948472857, 3.4170474846076164, 0.0, 0.0, 1.7090711550316833, 2.192291188260217, 0.9845936633932587, 0.07343165977818288
1989, 19.88429930795848, 0.9714642846860241, 0.10694377166048796, -1.3306819948472857, 3.4170474846076164, 0.0, 0.0, 1.7272559931915694, 2.175581022653091, 0.9716262412910653, 0.10708734627739071
1990, 19.894301470588236, 0.9581574647375513, 0.14111424650656423, -1.3306819948472857, 3.4170474846076164, 0.0, 0.0, 1.7449030151390623, 2.1586647901535794, 0.957197730816123, 0.1413248653659498
1991, 19.904303633217996, 0.9448506447890784, 0.17528472135264006, -1.3306819948472857, 3.4170474846076164, 0.0, 0.0, 1.7620155084023987, 2.1415489747561534, 0.9447905295136387, 0.17624109875990612
1992, 19.914305795847753, 0.9315438248406056, 0.20945519619871633, -1.3306819948472857, 3.4170474846076164, 0.0, 0.0, 1.7785968967912664, 2.124240151587082, 0.9314041786019159, 0.2093691896621414
1993, 19.92430795847751, 0.9182370048921328, 0.2436256710447926, -1.3306819948472857, 3.4170474846076164, 0.0, 0.0, 1.7946507357175543, 2.106744985063989, 0.9186622004780305, 0.2431246984555134
1994, 19.934310121107266, 0.9049301849436598, 0.27779614589086865, -1.3306819948472857, 3.4170474846076164, 0.0, 0.0, 1.8101807074840721, 2.0890702270103736, 0.9063192628002233, 0.2762951859988259
1995, 19.944312283737027, 0.891623364995187, 0.3119666207369449, -1.3306819948472857, 3.4170474846076164, 0.0, 0.0, 1.8251906165453171, 2.0712227147247333, 0.8902431731920982, 0.31164026781185183
1996, 19.954314446366784, 0.8783165450467141, 0.3461370955830212, -1.3306819948472857, 3.4170474846076164, 0.0, 0.0, 1.8396843847443796, 2.0532093690039646, 0.8771519032184646, 0.34363318927956704
1997, 19.96431660899654, 0.8650097250982413, 0.38030757042909724, -1.3306819948472857, 3.4170474846076164, 0.0, 0.0, 1.8536660465300265, 2.0350371921207167, 0.865875619446553, 0.381442952026688
1998, 19.974318771626297, 0.8517029051497684, 0.4144780452751735, -1.3306819948472857, 3.4170474846076164, 0.0, 0.0, 1.8671397441580426, 2.016713265754435, 0.8528735626582372, 0.413428480674654
1999, 19.984320934256058, 0.8383960852012955, 0.4486485201212498, -1.3306819948472857, 3.4170474846076164, 0.0, 0.0, 1.88010972288086, 1.9982447488758497, 0.8385460954194751, 0.44669350426033927
2000, 19.994323096885815, 0.8250892652528227, 0.48281899496732583, -1.3306819948472857, 3.4170474846076164, 0.0, 0.0, 1.8925803261294991, 1.979638875584699, 0.8247196970516282, 0.48437287990594813
2001, 20.00432525951557, 0.8117824453043497, 0.5169894698134021, -1.3306819948472857, 3.4170474846076164, 0.0, 0.0, 1.9045559906918266, 1.9609029529005169, 0.8108636897647388, 0.5169522781306362
2002, 20.01432742214533, 0.7984756253558769, 0.5511599446594784, -1.3306819948472857, 3.4170474846076164, 0.0, 0.0, 1.9160412418910981, 1.9420443585063483, 0.7999194431592113, 0.5497882366912441
2003, 20.02432958477509, 0.7851688054074041, 0.5853304195055546, -1.3306819948472857, 3.4170474846076164, 0.0, 0.0, 1.9270406887687406, 1.9230705384452969, 0.7848092815152453, 0.5852970027368755
2004, 20.034331747404845, 0.7718619854589311, 0.6195008943516305, -1.3306819948472857, 3.4170474846076164, 0.0, 0.0, 1.9375590192752812, 1.9039890047698462, 0.7722921001009033, 0.6193007797386845
2005, 20.044333910034602, 0.7585551655104583, 0.6536713691977067, -1.3306819948472857, 3.4170474846076164, 0.0, 0.0, 1.9476009954732882, 1.8848073331439354, 0.7587073661395738, 0.6550619647638812
2006, 20.054336072664363, 0.7452483455619855, 0.687841844043783, -1.3306819948472857, 3.4170474846076164, 0.0, 0.0, 1.9571714487561853, 1.8655331603978247, 0.7451283991561873, 0.6892756669244064
2007, 20.06433823529412, 0.7319415256135126, 0.7220123188898593, -1.3306819948472857, 3.4170474846076164, 0.0, 0.0, 1.9662752750867076, 1.846174182035808, 0.7344081033155279, 0.7224916795746728
2008, 20.074340397923876, 0.7186347056650397, 0.7561827937359356, -1.3306819948472857, 3.4170474846076164, 0.0, 0.0, 1.9749174302587456, 1.826738149696893, 0.7196608394489354, 0.7561474242866858
2009, 20.084342560553633, 0.7053278857165668, 0.7903532685820118, -1.3306819948472857, 3.4170474846076164, 0.0, 0.0, 1.9831029251862935, 1.807232868568609, 0.7058846249755202, 0.7910615217940505
2010, 20.094344723183394, 0.692021065768094, 0.8245237434280877, -1.3306819948472857, 3.4170474846076164, 0.0, 0.0, 1.9908368212231116, 1.7876661947541415, 0.6932461402625323, 0.82520850110477
2011, 20.10434688581315, 0.6787142458196211, 0.8586942182741639, -1.3306819948472857, 3.4170474846076164, 0.0, 0.0, 1.9981242255167162, 1.7680460325930563, 0.6784375935766578, 0.8589765538289333
2012, 20.114349048442907, 0.6654074258711482, 0.8928646931202402, -1.3306819948472857, 3.4170474846076164, 0.0, 0.0, 2.004970286400194, 1.7483803319359075, 0.6634350788356218, 0.891372626199566
2013, 20.124351211072664, 0.6521006059226754, 0.9270351679663165, -1.3306819948472857, 3.4170474846076164, 0.0, 0.0, 2.011380188825326, 1.7286770853730824, 0.6528640163837337, 0.9276752166130431
2014, 20.134353373702425, 0.6387937859742024, 0.9612056428123927, -1.3306819948472857, 3.4170474846076164, 0.0, 0.0, 2.017359149840403, 1.70894432541829, 0.6375087091393551, 0.9618633145204809
2015, 20.14435553633218, 0.6254869660257296, 0.995376117658469, -1.3306819948472857, 3.4170474846076164, 0.0, 0.0, 2.022912414116056, 1.6891901216471343, 0.6237537867047442, 0.9954404264685525
2016, 20.154357698961938, 0.6121801460772568, 1.0295465925045448, -1.3306819948472857, 3.4170474846076164, 0.0, 0.0, 2.028045249522372, 1.6694225777912934, 0.6122848013529769, 1.0308867381470372
2017, 20.164359861591695, 0.598873326128784, 1.063717067350621, -1.3306819948472857, 3.4170474846076164, 0.0, 0.0, 2.0327629427604554, 1.649649828788841, 0.6001336381153214, 1.0638412698050863
2018, 20.174362024221455, 0.585566506180311, 1.0978875421966974, -1.3306819948472857, 3.4170474846076164, 0.0, 0.0, 2.0370707950515525, 1.6298800377913385, 0.5857652123375768, 1.0976863462875868
2019, 20.184364186851212, 0.5722596862318381, 1.1320580170427736, -1.3306819948472857, 3.4170474846076164, 0.0, 0.0, 2.0409741178867638, 1.6101213931283473, 0.571406669189111, 1.131230950383226
2020, 20.19436634948097, 0.5589528662833654, 1.16622849188885, -1.3306819948472857, 3.4170474846076164, 0.0, 0.0, 2.044478228840271, 1.5903821052300842, 0.557626790295575, 1.1647819316251888
2021, 20.20436851211073, 0.5456460463348924, 1.2003989667349262, -1.3306819948472857, 3.4170474846076164, 0.0, 0.0, 2.047588447448954, 1.5706704035089907, 0.5449527718960772, 1.198326183090456
2022, 20.214370674740486, 0.5323392263864195, 1.234569441581002, -1.3306819948472857, 3.4170474846076164, 0.0, 0.0, 2.0503100911611583, 1.55099453320104, 0.5320270994715653, 1.2326820607158868
2023, 20.224372837370243, 0.5190324064379466, 1.2687399164270783, -1.3306819948472857, 3.4170474846076164, 0.0, 0.0, 2.0526484713572968, 1.5313627521676627, 0.5191542782809536, 1.267647415014541
2024, 20.234375, 0.5057255864894739, 1.3029103912731546, -1.3306819948472857, 3.4170474846076164, 0.0, 0.0, 2.0546088894448786, 1.5117833276592296, 0.5049689770437249, 1.3029227430223589
2025, 20.24437716262976, 0.4924187665410009, 1.3370808661192308, -1.3306819948472857, 3.4170474846076164, 0.0, 0.0, 2.0561966330304706, 1.4922645330410798, 0.4924753830806282, 1.3370241074946558
2026, 20.254379325259517, 0.479111946592528, 1.371251340965307, -1.3306819948472857, 3.4170474846076164, 0.0, 0.0, 2.057416972170974, 1.4728146444831378, 0.4773345080914396, 1.3703895548271687
2027, 20.264381487889274, 0.46580512664405527, 1.4054218158113834, -1.3306819948472857, 3.4170474846076164, 0.0, 0.0, 2.058275155706553, 1.4534419376142285, 0.4641300172733071, 1.4057378515458232
2028, 20.27438365051903, 0.45249830669558233, 1.4395922906574592, -1.3306819948472857, 3.4170474846076164, 0.0, 0.0, 2.0587764076774078, 1.4341546841422406, 0.4519732093825915, 1.4402341486947896
2029, 20.28438581314879, 0.4391914867471094, 1.4737627655035355, -1.3306819948472857, 3.4170474846076164, 0.0, 0.0, 2.0589259238265, 1.4149611484413478, 0.4416227061016464, 1.4752688095910276
2030, 20.294387975778548, 0.4258846667986367, 1.5079332403496117, -1.3306819948472857, 3.4170474846076164, 0.0, 0.0, 2.058728868190257, 1.395869584107566, 0.4258355250954452, 1.5081220505726485
2031, 20.304390138408305, 0.41257784685016374, 1.542103715195688, -1.3306819948472857, 3.4170474846076164, 0.0, 0.0, 2.0581903697791435, 1.3768882304839511, 0.41163403556680656, 1.5411555296680952
2032, 20.314392301038062, 0.3992710269016908, 1.5762741900417643, -1.3306819948472857, 3.4170474846076164, 0.0, 0.0, 2.0573155193499244, 1.358025309156826, 0.3988667812123558, 1.5763370221050332
2033, 20.324394463667822, 0.3859642069532181, 1.61044466488784, -1.3306819948472857, 3.4170474846076164, 0.0, 0.0, 2.056109366271299, 1.339289020424456, 0.3856399662139184, 1.6099840379635382
2034, 20.33439662629758, 0.37265738700474516, 1.6446151397339164, -1.3306819948472857, 3.4170474846076164, 0.0, 0.0, 2.0545769154845264, 1.3206875397396622, 0.37283141962705185, 1.646561751181064
2035, 20.344398788927336, 0.3593505670562722, 1.6787856145799926, -1.3306819948472857, 3.4170474846076164, 0.0, 0.0, 2.052723124560498, 1.3022290141279016, 0.3584540975287301, 1.6770366949016178
2036, 20.354400951557096, 0.3460437471077993, 1.712956089426069, -1.3306819948472857, 3.4170474846076164, 0.0, 0.0, 2.050552900854684, 1.2839215585824013, 0.34503094227512543, 1.713777656661273
2037, 20.364403114186853, 0.33273692715932657, 1.7471265642721452, -1.3306819948472857, 3.4170474846076164, 0.0, 0.0, 2.0480710987611808, 1.2657732524379872, 0.3318199658698884, 1.7479171867950456
2038, 20.37440527681661, 0.31943010721085363, 1.7812970391182215, -1.3306819948472857, 3.4170474846076164, 0.0, 0.0, 2.045282517067072, 1.2477921357252937, 0.31926428029330794, 1.7800529745338638
2039, 20.384407439446367, 0.3061232872623807, 1.8154675139642973, -1.3306819948472857, 3.4170474846076164, 0.0, 0.0, 2.04219189640812, 1.2299862055070885, 0.3079306520631268, 1.8150766489229873
2040, 20.394409602076127, 0.292816467313908, 1.8496379888103736, -1.3306819948472857, 3.4170474846076164, 0.0, 0.0, 2.0388039168267786, 1.2123634121985036, 0.2941594698231813, 1.8484199279344908
2041, 20.404411764705884, 0.27950964736543504, 1.8838084636564498, -1.3306819948472857, 3.4170474846076164, 0.0, 0.0, 2.0351231954333437, 1.1949316558730092, 0.2786246348233799, 1.884105262984785
2042, 20.41441392733564, 0.2662028274169621, 1.917978938502526, -1.3306819948472857, 3.4170474846076164, 0.0, 0.0, 2.0311542841709813, 1.1776987825559968, 0.26754015033550027, 1.9172624291722267
2043, 20.424416089965398, 0.2528960074684894, 1.9521494133486024, -1.3306819948472857, 3.4170474846076164, 0.0, 0.0, 2.0269016676852702, 1.1606725805079154, 0.25298175253544264, 1.9531648807706992
2044, 20.434418252595158, 0.23958918752001646, 1.9863198881946786, -1.3306819948472857, 3.4170474846076164, 0.0, 0.0, 2.0223697612987586, 1.1438607764989186, 0.23908832119972032, 1.9855493888350315
2045, 20.444420415224915, 0.22628236757154352, 2.0204903630407545, -1.3306819948472857, 3.4170474846076164, 0.0, 0.0, 2.017562909090967, 1.1272710320770392, 0.22567888904888278, 2.021847679872579
2046, 20.45442257785467, 0.2129755476230708, 2.0546608378868307, -1.3306819948472857, 3.4170474846076164, 0.0, 0.0, 2.0124853820841135, 1.1109109398319468, 0.21302300094306148, 2.054681876972229
2047, 20.46442474048443, 0.19966872767459787, 2.088831312732907, -1.3306819948472857, 3.4170474846076164, 0.0, 0.0, 2.007141376534794, 1.0947880196563855, 0.20069076681742926, 2.0887609241285516
2048, 20.47442690311419, 0.18636190772612493, 2.1230017875789833, -1.3306819948472857, 3.4170474846076164, 0.0, 0.0, 2.001535012331665, 1.0789097150074163, 0.1862098109144147, 2.1233156548769614
2049, 20.484429065743946, 0.173055087777652, 2.1571722624250596, -1.3306819948472857, 3.4170474846076164, 0.0, 0.0, 1.9956703314991513, 1.0632833891696465, 0.17455094576853128, 2.1553428436459674
2050, 20.494431228373703, 0.15974826782917928, 2.191342737271136, -1.3306819948472857, 3.4170474846076164, 0.0, 0.0, 1.98955129680704, 1.0479163215226461, 0.15836873426868378, 2.189955449586741
2051, 20.504433391003463, 0.14644144788070634, 2.2255132121172116, -1.3306819948472857, 3.4170474846076164, 0.0, 0.0, 1.9831817904857427, 1.0328157038147925, 0.14536204795848903, 2.2264687380375126
2052, 20.51443555363322, 0.1331346279322334, 2.259683686963288, -1.3306819948472857, 3.4170474846076164, 0.0, 0.0, 1.9765656130469065, 1.017988636445815, 0.13314430767927304, 2.259403558780671
2053, 20.524437716262977, 0.11982780798376069, 2.293854161809364, -1.3306819948472857, 3.4170474846076164, 0.0, 0.0, 1.9697064822089345, 1.0034421247603516, 0.12089481909983756, 2.2940363138987547
2054, 20.534439878892734, 0.10652098803528776, 2.3280246366554405, -1.3306819948472857, 3.4170474846076164, 0.0, 0.0, 1.9626080319269228, 0.989183075354835, 0.10538905363891339, 2.3278934118017736
2055, 20.544442041522494, 0.09321416808681482, 2.3621951115015167, -1.3306819948472857, 3.4170474846076164, 0.0, 0.0, 1.9552738115263462, 0.9752182924000806, 0.09305731652450773, 2.3627280408612474
2056, 20.55444420415225, 0.0794037165029084, 2.3960315370137737, -1.3990616749206086, 3.2671749257500595, -3.603303305992132, -23.293525095125904, 1.8789150352632809, 0.6467488126253969, 0.07909878833373538, 2.3954759595258306
2057, 20.564446366782008, 0.06523293458840262, 2.427538610016518, -1.4350947079805303, 3.0342396747988003, -3.603303305992132, -23.293525095125904, 1.8811136589289483, 0.5218306405472323, 0.06611047860476452, 2.427920685374654
2058, 20.574448529411764, 0.050701822343297676, 2.4567163305097495, -1.4711277410404515, 2.8013044238475415, -3.603303305992132, -23.293525095125904, 1.880369209248658, 0.39853289008448045, 0.0506699142158796, 2.4566768856519934
2059, 20.584450692041525, 0.0358103797675936, 2.4835646984934687, -1.5071607741003727, 2.568369172896282, -3.603303305992132, -23.293525095125904, 1.8768774125787449, 0.2767854023763274, 0.035578889250157626, 2.4827164752149056
2060, 20.59445285467128, 0.020558606861290213, 2.5080837139676753, -1.5431938071602942, 2.3354339219450226, -3.603303305992132, -23.293525095125904, 1.8708319840510532, 0.1565338687283817, 0.020288603203732485, 2.508121309406159
2061, 20.60445501730104, 0.004946503624387644, 2.530273376932369, -1.5792268402202154, 2.102498670993763, -3.603303305992132, -23.293525095125904, 1.8624193397650588, 0.0377404362613476, 0.007288213011544072, 2.531466390268484
2062, 20.614457179930795, -0.011025929943114104, 2.5501336873875506, -1.6152598732801369, 1.8695634200425042, -3.603303305992132, -23.293525095125904, 1.8518140970172117, -0.07961586298295731, -0.010792679700265009, 2.5497817830901783
2063, 20.624459342560556, -0.027358693841215115, 2.5676646453332195, -1.6512929063400583, 1.636628169091245, -3.603303305992132, -23.293525095125904, 1.8391752782844584, -0.19553884676433797, -0.02806777108653273, 2.566569278562512
2064, 20.634461505190313, -0.044051788069915304, 2.5828662507693756, -1.6873259393999795, 1.4036929181399853, -3.603303305992132, -23.293525095125904, 1.8246431340102558, -0.31001507286293006, -0.04468633812483734, 2.583353783814881
2065, 20.64446366782007, -0.0611052126292147, 2.595738503696019, -1.7233589724599008, 1.1707576671887265, -3.603303305992132, -23.293525095125904, 1.8083365012650614, -0.4230138809815973, -0.060565810742641515, 2.59583705322188
2066, 20.65446583044983, -0.07851896751911336, 2.60628140411315, -1.7593920055198224, 0.9378224162374669, -3.603303305992132, -23.293525095125904, 1.7903506196133827, -0.5344875871043424, -0.07877803265295653, 2.605979797623293
2067, 20.664467993079587, -0.0962930527396112, 2.6144949520207685, -1.7954250385797437, 0.7048871652862079, -3.603303305992132, -23.293525095125904, 1.770755331621122, -0.644371835660528, -0.09644057910971063, 2.6143844574391113
2068, 20.674470155709344, -0.11442746829070825, 2.6203791474188742, -1.831458071639665, 0.47195191433494865, -3.603303305992132, -23.293525095125904, 1.749593603045623, -0.7525861193444046, -0.11411622044032346, 2.6206317151761205
2069, 20.6844723183391, -0.13292221417240452, 2.6239339903074677, -1.8674911046995863, 0.2390166633836892, -3.603303305992132, -23.293525095125904, 1.7268803065895386, -0.8590344807878559, -0.1332025912533301, 2.62404520290544
2070, 20.69447448096886, -0.1517772903847, 2.6251594806865484, -1.9035241377595078, 0.006081412432429989, -3.603303305992132, -23.293525095125904, 1.7026012229440206, -0.963606414402146, -0.15066960150839945, 2.624546461018684
2071, 20.704476643598618, -0.17099269692759472, 2.624055618556116, -1.939557170819429, -0.22685383851882923, -3.603303305992132, -23.293525095125904, 1.6767122235191982, -1.0661779905031121, -0.1704179902252496, 2.624729468675314
2072, 20.714478806228374, -0.19056843380108862, 2.6206224039161716, -1.9755902038793505, -0.45978908947008845, -3.603303305992132, -23.293525095125904, 1.6491386106218187, -1.1666132272132421, -0.1912451577982892, 2.6216387892106003
2073, 20.72448096885813, -0.21050450100518175, 2.614859836766714, -2.011623236939272, -0.6927243404213475, -3.603303305992132, -23.293525095125904, 1.6197746027836302, -1.2647657384782782, -0.21093553215696134, 2.615330300162358
2074, 20.73448313148789, -0.23080089853987407, 2.6067679171077445, -2.047656269999193, -0.9256595913726067, -3.603303305992132, -23.293525095125904, 1.588482965383162, -1.3604806887136758, -0.23079882127095566, 2.6055631902940104
2075, 20.74448529411765, -0.25145762640516567, 2.596346644939262, -2.0836893030591144, -1.158594842323866, -3.603303305992132, -23.293525095125904, 1.555094799563581, -1.4535970859574414, -0.2526903604142408, 2.5958077208934274
2076, 20.754487456747405, -0.2724746846010564, 2.5835960202612673, -2.119722336119036, -1.391530093275125, -3.603303305992132, -23.293525095125904, 1.5194095156563807, -1.5439504457817699, -0.27146142426476616, 2.584336374319918
2077, 20.764489619377162, -0.29385207312754646, 2.5685160430737595, -2.1557553691789573, -1.6244653442263841, -3.603303305992132, -23.293525095125904, 1.4811950307912094, -1.6313758574186608, -0.2950869901697503, 2.5680584715525336
2078, 20.774491782006923, -0.3155897919846356, 2.5511067133767393, -2.1917884022388785, -1.8574005951776438, -3.603303305992132, -23.293525095125904, 1.4401882440004217, -1.7157114813791003, -0.314410512640102, 2.550570926742622
2079, 20.78449394463668, -0.33768784117232403, 2.5313680311702065, -2.2278214352988, -2.090335846128903, -3.603303305992132, -23.293525095125904, 1.3960958557734773, -1.7968025040709468, -0.3367432197003527, 2.5308180284951107
2080, 20.794496107266436, -0.36014622069061164, 2.5092999964541614, -2.263854468358721, -2.3232710970801618, -3.603303305992132, -23.293525095125904, 1.34859561249545, -1.8745055693162114, -0.36014315600633845, 2.509731534709097
2081, 20.804498269896197, -0.3829649305394984, 2.4849026092286035, -2.2998875014186426, -2.5562063480314214, -3.603303305992132, -23.293525095125904, 1.2973380692707623, -1.9486936989976313, -0.3839317205739708, 2.4838259608184767
2082, 20.814500432525953, -0.40614397071898456, 2.458175869493533, -2.335920534478564, -2.78914159898268, -3.603303305992132, -23.293525095125904, 1.2419489769721606, -2.019261705094178, -0.4070080114310052, 2.457809146273839
2083, 20.82450259515571, -0.42968334122906976, 2.4291197772489497, -2.371953567538485, -3.0220768499339403, -3.603303305992132, -23.293525095125904, 1.1820324105662054, -2.086132082875561, -0.4291678739454617, 2.429498630969097
2084, 20.834504757785467, -0.45358304206975425, 2.397734332494854, -2.4079866005984063, -3.2550121008851987, -3.603303305992132, -23.293525095125904, 1.1171747653565676, -2.149261359823144, -0.4537609511722762, 2.39658529706056
2085, 20.844506920415228, -0.477843073241038, 2.364019535231246, -2.444019633658328, -3.4879473518364583, -3.603303305992132, -23.293525095125904, 1.0469497551565519, -2.2086468567768627, -0.47836101923571606, 2.3630242173552767
2086, 20.854509083044984, -0.5024634347429209, 2.327975385458125, -2.480052666718249, -3.720882602787717, -3.603303305992132, -23.293525095125904, 0.9709245508426823, -2.2643337967821884, -0.5011761013444435, 2.3260244345265644
2087, 20.86451124567474, -0.5274441265754031, 2.289601883175491, -2.516085699778171, -3.9538178537389768, -3.603303305992132, -23.293525095125904, 0.8886671984250096, -2.316422673115981, -0.528475956668056, 2.2896139299383025
2088, 20.874513408304498, -0.5527851487384843, 2.248899028383345, -2.552118732838092, -4.186753104690236, -3.603303305992132, -23.293525095125904, 0.7997554517540013, -2.365076761096912, -0.553856584498387, 2.246196218151179
2089, 20.88451557093426, -0.5784865012321648, 2.2058668210816865, -2.5881517658980138, -4.419688355641496, -3.603303305992132, -23.293525095125904, 0.7037871452134432, -2.4105296287560116, -0.5785627344994384, 2.2063773372301982
2090, 20.894517733564015, -0.6045481840564446, 2.160505261270515, -2.6241847989579346, -4.652623606592755, -3.603303305992132, -23.293525095125904, 0.6003922150695677, -2.453092469632796, -0.604841069528475, 2.160100756611477
2091, 20.904519896193772, -0.6309701972113237, 2.1128143489498314, -2.660217832017856, -4.885558857544014, -3.603303305992132, -23.293525095125904, 0.4892464533249634, -2.4931610474330514, -0.6339656533035888, 2.113389429095057
2092, 20.91452205882353, -0.6577525406968019, 2.062794084119635, -2.696250865077777, -5.118494108495273, -3.603303305992132, -23.293525095125904, 0.370087043680283, -2.5312220078073473, -0.6579208538826066, 2.0631416906109137
2093, 20.92452422145329, -0.6848952145128792, 2.0104444667799255, -2.7322838981376987, -5.351429359446532, -3.603303305992132, -23.293525095125904, 0.24272988424975517, -2.567858278092182, -0.6836625030947479, 2.0128660960446383
2094, 20.934526384083046, -0.7123982186595558, 1.9557654969307043, -2.76831693119762, -5.584364610397792, -3.603303305992132, -23.293525095125904, 0.10708864477169189, -2.6037532427633807, -0.7126934709349455, 1.9547741738773194
2095, 20.944528546712803, -0.7402615531368316, 1.8987571745719698, -2.804349964257541, -5.81729986134905, -3.603303305992132, -23.293525095125904, -0.03680456391146136, -2.639693352121491, -0.7399017225526786, 1.8989472495188644
2096, 20.954530709342563, -0.7683050527794062, 1.8405841759584813, -2.8043499642575402, -5.817299861349043, 0.0, 0.0, 0.251580759629654, -2.288490585938252, -0.768469275424596, 1.840291974274529
2097, 20.96453287197232, -0.7963485524219815, 1.7824111773449909, -2.8043499642575402, -5.817299861349043, 0.0, 0.0, 0.23772027246276317, -2.2139331690393655, -0.7983018449371648, 1.7830316825812393
2098, 20.974535034602077, -0.824392052064557, 1.7242381787315004, -2.8043499642575402, -5.817299861349043, 0.0, 0.0, 0.22235217025455745, -2.1439144629238225, -0.8230878375295962, 1.7246074365183182
2099, 20.984537197231834, -0.8524355517071325, 1.66606518011801, -2.8043499642575402, -5.817299861349043, 0.0, 0.0, 0.20507093000557552, -2.0789478961317336, -0.8525745304231706, 1.665496533400109
2100, 20.994539359861594, -0.8804790513497078, 1.6078921815045195, -2.8043499642575402, -5.817299861349043, 0.0, 0.0, 0.1854910564050234, -2.0195114939154206, -0.8819753832584416, 1.6073517922693055
2101, 21.00454152249135, -0.9085225509922833, 1.5497191828910288, -2.8043499642575402, -5.817299861349043, 0.0, 0.0, 0.16325045040759711, -1.9660443426730634, -0.9099969372767394, 1.549230097789854
2102, 21.014543685121108, -0.9365660506348588, 1.4915461842775384, -2.8043499642575402, -5.817299861349043, 0.0, 0.0, 0.13801355200388943, -1.918943336396695, -0.9364057360767875, 1.4904984623913455
2103, 21.024545847750865, -0.9646095502774341, 1.433373185664048, -2.8043499642575402, -5.817299861349043, 0.0, 0.0, 0.10947423329989792, -1.8785602292761177, -0.9636390722751111, 1.4325261616375407
2104, 21.034548010380625, -0.9926530499200096, 1.3752001870505575, -2.8043499642575402, -5.817299861349043, 0.0, 0.0, 0.07735842007704963, -1.8451990163506198, -0.993943137032655, 1.3745651185663337
2105, 21.044550173010382, -1.020696549562585, 1.317027188437067, -2.8043499642575402, -5.817299861349043, 0.0, 0.0, 0.04142642222259396, -1.8191136616880386, -1.0203123395930376, 1.3166531273496187
2106, 21.05455233564014, -1.0487400492051604, 1.2588541898235766, -2.8043499642575402, -5.817299861349043, 0.0, 0.0, 0.001474955783942411, -1.8005061910136004, -1.0498885055121936, 1.258880978441012
2107, 21.064554498269896, -1.076783548847736, 1.200681191210086, -2.8043499642575402, -5.817299861349043, 0.0, 0.0, -0.042661158108644015, -1.789525163028007, -1.0771968785114876, 1.2005799487589652
2108, 21.074556660899656, -1.1048270484903113, 1.1425081925965956, -2.8043499642575402, -5.817299861349043, 0.0, 0.0, -0.09110762960798557, -1.7862645308652354, -1.1050185644023405, 1.1442624140020528
2109, 21.084558823529413, -1.1328705481328867, 1.0843351939831052, -2.8043499642575402, -5.817299861349043, 0.0, 0.0, -0.14394968127492214, -1.7907629022661513, -1.13412786690121, 1.08542537396653
2110, 21.09456098615917, -1.1604593903929854, 1.0261730170434622, -2.684714524062688, -5.755592471619435, 14.833940389433726, 12.125044468972021, 1.46206947923692, -1.333064108271539, -1.1608414902205029, 1.02687438559328
2111, 21.10456314878893, -1.1865648386141405, 0.969223344550716, -2.5363751201683504, -5.634342026929715, 14.833940389433726, 12.125044468972021, 1.5800423017296437, -1.2896985365718412, -1.185769934147122, 0.9686854326668364
2112, 21.114565311418687, -1.2111868927963523, 0.9134861765048675, -2.3880357162740133, -5.513091582239995, 14.833940389433726, 12.125044468972021, 1.6897569929981764, -1.2515463142909655, -1.2131306733365979, 0.9132088817516227
2113, 21.124567474048444, -1.2343255529396207, 0.8589615129059162, -2.2396963123796763, -5.391841137550275, 14.833940389433726, 12.125044468972021, 1.7916239052882243, -1.2178448612610744, -1.2317611589280706, 0.8589471181630922
2114, 21.1345696366782, -1.2559808190439459, 0.805649353753862, -2.0913569084853387, -5.270590692860554, 14.833940389433726, 12.125044468972021, 1.8861393687216652, -1.187862830134257, -1.2568915478762757, 0.8065474818578516
2115, 21.14457179930796, -1.2761526911093275, 0.7535496990487051, -1.9430175045910012, -5.149340248170834, 14.833940389433726, 12.125044468972021, 1.9738689631282775, -1.1609076800561668, -1.275799058863895, 0.7533478571385878
2116, 21.154573961937718, -1.294841169135766, 0.7026625487904452, -1.7946781006966637, -5.028089803481113, 14.833940389433726, 12.125044468972021, 2.055432354799955, -1.1363313528288095, -1.293488571749846, 0.7012776184106987
2117, 21.164576124567475, -1.3120462531232608, 0.6529879029790827, -1.6463386968023266, -4.906839358791393, 14.833940389433726, 12.125044468972021, 2.1314897078527926, -1.1135342187166581, -1.3126700662074005, 0.6534345850929411
2118, 21.17457828719723, -1.3277679430718123, 0.6045257616146174, -1.4979992929079888, -4.785588914101673, 14.833940389433726, 12.125044468972021, 2.2027296416174043, -1.091967473980348, -1.3287302004517207, 0.6058516139860115
2119, 21.184580449826992, -1.3420062389814207, 0.557276124697049, -1.3496598890136515, -4.664338469411952, 14.833940389433726, 12.125044468972021, 2.269858675604233, -1.0711341795026443, -1.3429292344029682, 0.557375804970414
2120, 21.19458261245675, -1.3547611408520854, 0.5112389922263781, -1.201320485119314, -4.543088024722232, 14.833940389433726, 12.125044468972021, 2.3335920811369535, -1.050589130756957, -1.353700743327082, 0.5108337838035265
2121, 21.204584775086506, -1.366032648683807, 0.46641436420260457, -1.052981081224977, -4.421837580032512, 14.833940389433726, 12.125044468972021, 2.3946460427243004, -1.0299377450686054, -1.3658348557695612, 0.4661577695954312
2122, 21.214586937716263, -1.375820762476585, 0.42280224062572797, -0.9046416773306394, -4.300587135342792, 14.833940389433726, 12.125044468972021, 2.453731021680005, -1.0088341437650956, -1.3743376189031267, 0.42160667909422034
2123, 21.224589100346023, -1.3841254822304196, 0.3804026214957486, -0.7563022734363021, -4.179336690653071, 14.833940389433726, 12.125044468972021, 2.5115462084822293, -0.9869785954357737, -1.3839078508493567, 0.3796620962954626
2124, 21.23459126297578, -1.3909468079453111, 0.3392155068126664, -0.6079628695419645, -4.05808624596335, 14.833940389433726, 12.125044468972021, 2.5687749480371163, -0.9641144730421183, -1.3906608090456125, 0.3401880286861886
2125, 21.244593425605537, -1.396284739621259, 0.2992408965764815, -0.45962346564762724, -3.9368358012736304, 14.833940389433726, 12.125044468972021, 2.626081022606856, -0.9400248628362586, -1.3978312253431022, 0.29897713346907173
2126, 21.254595588235297, -1.4001392772582637, 0.2604787907871937, -0.31128406175329015, -3.8155853565839104, 14.833940389433726, 12.125044468972021, 2.6841056800003233, -0.9145289476351535, -1.4004817801140501, 0.25985057044638826
2127, 21.264597750865054, -1.4025104208563248, 0.22292918944480322, -0.16294465785895285, -3.6943349118941904, 14.833940389433726, 12.125044468972021, 2.7434652991142885, -0.887478271521784, -1.4007224720095177, 0.22501730957170793
2128, 21.27459991349481, -1.4033981704154428, 0.18659209254930986, -0.014605253964615317, -3.5730844672044695, 14.833940389433726, 12.125044468972021, 2.8047495905545716, -0.8587529779530377, -1.4048000070711502, 0.1874195008780005
2129, 21.284602076124568, -1.4028025259356172, 0.15146750010071375, 0.1337341499297222, -3.451834022514749, 14.833940389433726, 12.125044468972021, 2.868520236443803, -0.8282580988953245, -1.403693053644899, 0.1528395808867609
2130, 21.294604238754328, -1.4007234874168484, 0.11755541209901481, 0.2820735538240595, -3.3305835778250295, 14.833940389433726, 12.125044468972021, 2.9353098802987256, -0.7959199592410062, -1.4014226349546446, 0.1182284634627671
2131, 21.304606401384085, -1.397161054859136, 0.08485582854421307, 0.43041295771839705, -3.209333133135309, 14.833940389433726, 12.125044468972021, 3.0056213847702855, -0.7616827485589762, -1.3977359028870677, 0.08291887176600996
2132, 21.31460856401384, -1.3921152282624805, 0.05336874943630858, 0.5787523616127346, -3.0880826884455885, 14.833940389433726, 12.125044468972021, 3.0799272818828305, -0.7255053013098178, -1.393250916464985, 0.05229095175395725
2133, 21.3246107266436, -1.3855860076268813, 0.023094174775301277, 0.7270917655070721, -2.966832243755868, 14.833940389433726, 12.125044468972021, 3.158669347039716, -0.6873581170603212, -1.3864006739529111, 0.022559095208012272
2134, 21.33461288927336, -1.377573392952339, -0.0059678954388088234, 0.8754311694014092, -2.8455817990661476, 14.833940389433726, 12.125044468972021, 3.2422582343845843, -0.6472206439663015, -1.3768692234747197, -0.0033116682150914536
2135, 21.344615051903116, -1.3680773842388532, -0.03381746120602175, 1.0237705732957467, -2.7243313543764276, 14.833940389433726, 12.125044468972021, 3.3310731170652486, -0.6050788418202853, -1.3667293075270974, -0.034760553133313554
2136, 21.354617214532873, -1.357097981486424, -0.06045452252633743, 1.172109977190084, -2.603080909686707, 14.833940389433726, 12.125044468972021, 3.42546128151927, -0.560923035214956, -1.3563030695675242, -0.060728840980552395
2137, 21.36461937716263, -1.3446351846950515, -0.08587907939975593, 1.3204493810844213, -2.481830464996987, 14.833940389433726, 12.125044468972021, 3.5257376300948096, -0.5147460627641042, -1.3447127493666051, -0.0847202238397664
2138, 21.37462153979239, -1.3306889938647355, -0.11009113182627724, 1.4687887849787589, -2.3605800203072667, 14.833940389433726, 12.125044468972021, 3.632184051168136, -0.4665417247426945, -1.3307646306989662, -0.10905636139210978
2139, 21.384623702422147, -1.3152594089954763, -0.1330906798059013, 1.617128188873096, -2.239329575617546, 14.833940389433726, 12.125044468972021, 3.7450486204703997, -0.41630352883680055, -1.314186248056928, -0.13357210628852417
2140, 21.394625865051903, -1.2983464300872736, -0.1548777233386282, 1.7654675927674335, -2.1180791309278257, 14.833940389433726, 12.125044468972021, 3.8645446016567506, -0.3640237318043471, -1.296734189934518, -0.15601432190266262
2141, 21.404628027681664, -1.2799500571401274, -0.17545226242445788, 1.9138069966617706, -1.9968286862381057, 14.833940389433726, 12.125044468972021, 3.990849218317776, -0.30969267360564146, -1.2814780364746092, -0.17456683940817347
2142, 21.41463019031142, -1.2600702901540382, -0.19481429706339035, 2.0621464005561085, -1.8755782415483853, 14.833940389433726, 12.125044468972021, 4.1241021737345935, -0.2532983998322901, -1.2622646225174476, -0.19479752337345269
2143, 21.424632352941178, -1.2387071291290053, -0.21296382725542562, 2.2104858044504456, -1.754327796858665, 14.833940389433726, 12.125044468972021, 4.264403898809314, -0.19482656790698327, -1.2396736459883888, -0.21327792680323443
2144, 21.434634515570934, -1.215860574065029, -0.22990085300056368, 2.358825208344783, -1.6330773521689448, 14.833940389433726, 12.125044468972021, 4.41181351286326, -0.13426063240730457, -1.2175930370536898, -0.2296026944356079
2145, 21.444636678200695, -1.1915306249621096, -0.24562537429880454, 2.5071646122391202, -1.5118269074792243, 14.833940389433726, 12.125044468972021, 4.566346486491387, -0.07158230484752015, -1.1923287809186778, -0.2458472507867017
2146, 21.45463884083045, -1.1657172818202466, -0.26013739115014817, 2.6555040161334578, -1.390576462789504, 14.833940389433726, 12.125044468972021, 4.727972000501079, -0.006772283197636564, -1.1637615483841517, -0.2591617493140569
2147, 21.46464100346021, -1.1384205446394406, -0.2734369035545946, 2.8038434200277953, -1.2693260180997838, 14.833940389433726, 12.125044468972021, 4.896610000256603, 0.060188753805016426, -1.1388299755535483, -0.2736375195330758
2148, 21.474643166089965, -1.1096404134196907, -0.2855239115121439, 2.952182823922133, -1.1480755734100634, 14.833940389433726, 12.125044468972021, 5.07212795060682, 0.12931889302185995, -1.1106121040671877, -0.28370475212866736
2149, 21.484645328719726, -1.0793768881609977, -0.2963984150227959, 3.10052222781647, -1.0268251287203431, 14.833940389433726, 12.125044468972021, 5.254337303100858, 0.20063348038318862, -1.0781495054743346, -0.29699375420030477
2150, 21.494647491349482, -1.0483716658828341, -0.30666666630999906, 3.100522227816465, -1.0268251287203471, 0.0, 0.0, 3.4395002691839918, -0.36164778008839116, -1.0480040550188436, -0.30600583878813076
2151, 21.50464965397924, -1.0173664436046694, -0.31693491759720255, 3.100522227816465, -1.0268251287203471, 0.0, 0.0, 3.5495912972745467, -0.3437222863071696, -1.0173429784776122, -0.31525935541416533
2152, 21.514651816608996, -0.9863612213265047, -0.32720316888440604, 3.100522227816465, -1.0268251287203471, 0.0, 0.0, 3.6578541124777613, -0.3258892088489266, -0.9854567398216038, -0.3277134987016008
2153, 21.524653979238757, -0.95535599904834, -0.33747142017160947, 3.100522227816465, -1.0268251287203471, 0.0, 0.0, 3.764194230248303, -0.308156823878721, -0.9551912700491487, -0.3358906278015962
2154, 21.534656141868513, -0.9243507767701753, -0.34773967145881296, 3.100522227816465, -1.0268251287203471, 0.0, 0.0, 3.8685189603561576, -0.2905333621485333, -0.9244005168716086, -0.348227970298226
2155, 21.54465830449827, -0.8933455544920107, -0.35800792274601645, 3.100522227816465, -1.0268251287203471, 0.0, 0.0, 3.970737491600848, -0.2730270053941247, -0.8926807503218949, -0.35529955596101953
2156, 21.55466046712803, -0.862340332213846, -0.36827617403321994, 3.100522227816465, -1.0268251287203471, 0.0, 0.0, 4.070760974745525, -0.25564588275320266, -0.8621427772826092, -0.3701593071812315
2157, 21.564662629757787, -0.8313351099356813, -0.3785444253204234, 3.100522227816465, -1.0268251287203471, 0.0, 0.0, 4.168502603593102, -0.23839806720644202, -0.8322739852584509, -0.37940969318810075
2158, 21.574664792387544, -0.8003298876575167, -0.38881267660762686, 3.100522227816465, -1.0268251287203471, 0.0, 0.0, 4.263877694128411, -0.2212915720428939, -0.8018759954850231, -0.3877979432662554
2159, 21.5846669550173, -0.769324665379352, -0.39908092789483035, 3.100522227816465, -1.0268251287203471, 0.0, 0.0, 4.356803761652172, -0.2043343473513159, -0.769253188905301, -0.39726062170388565
2160, 21.59466911764706, -0.7383194431011872, -0.40934917918203384, 3.100522227816465, -1.0268251287203471, 0.0, 0.0, 4.447200595834486, -0.18753427653893268, -0.7382840329444392, -0.40946212577310603
2161, 21.60467128027682, -0.7073142208230226, -0.41961743046923733, 3.100522227816465, -1.0268251287203471, 0.0, 0.0, 4.534990333617591, -0.1708991728791341, -0.7091641090359924, -0.41896922322481195
2162, 21.614673442906575, -0.6763089985448578, -0.4298856817564408, 3.100522227816465, -1.0268251287203471, 0.0, 0.0, 4.620097529899591, -0.15443677608959955, -0.6767651305198742, -0.42938294425262497
2163, 21.624675605536332, -0.6453037762666933, -0.4401539330436443, 3.100522227816465, -1.0268251287203471, 0.0, 0.0, 4.702449225933078, -0.13815474894233054, -0.6457038999105363, -0.43935103371070966
2164, 21.634677768166092, -0.6142985539885286, -0.45042218433084774, 3.100522227816465, -1.0268251287203471, 0.0, 0.0, 4.781975015374672, -0.12206067390704944, -0.6133047986631007, -0.45064853370485597
2165, 21.64467993079585, -0.5832933317103639, -0.46069043561805123, 3.100522227816465, -1.0268251287203471, 0.0, 0.0, 4.858607107923781, -0.10616204982942207, -0.5819651184603619, -0.46114698856823144
2166, 21.654682093425606, -0.5522881094321992, -0.4709586869052547, 3.100522227816465, -1.0268251287203471, 0.0, 0.0, 4.932280390491181, -0.09046628864553086, -0.5517941003236377, -0.47150696162370703
2167, 21.664684256055363, -0.5212828871540345, -0.4812269381924582, 3.100522227816465, -1.0268251287203471, 0.0, 0.0, 5.002932485840358, -0.07498071213402363, -0.5205790976945536, -0.48010294844738916
2168, 21.674686418685123, -0.49027766487586977, -0.4914951894796617, 3.100522227816465, -1.0268251287203471, 0.0, 0.0, 5.070503808646968, -0.059712548707339, -0.49054229546245043, -0.491871220201191
2169, 21.68468858131488, -0.4592724425977053, -0.5017634407668652, 3.100522227816465, -1.0268251287203471, 0.0, 0.0, 5.134937618924238, -0.044668930243394744, -0.45959519964959444, -0.5010711567448465
2170, 21.694690743944637, -0.42826722031954056, -0.5120316920540687, 3.100522227816465, -1.0268251287203471, 0.0, 0.0, 5.196180072764639, -0.029856888959106986, -0.42757313849238204, -0.5128314781408018
2171, 21.704692906574397, -0.39726199804137585, -0.5222999433412722, 3.100522227816465, -1.0268251287203471, 0.0, 0.0, 5.2541802703507114, -0.015283354327091936, -0.3977610770607295, -0.5226351744931227
2172, 21.714695069204154, -0.36625677576321114, -0.5325681946284756, 3.100522227816465, -1.0268251287203471, 0.0, 0.0, 5.308890301190537, -0.0009551500368826238, -0.3695724517647237, -0.5315798218562691
2173, 21.72469723183391, -0.3352515534850464, -0.5428364459156791, 3.100522227816465, -1.0268251287203471, 0.0, 0.0, 5.360265286535981, 0.01312100899802704, -0.335042783515146, -0.5440794125685048
2174, 21.734699394463668, -0.3042463312068817, -0.5531046972028826, 3.100522227816465, -1.0268251287203471, 0.0, 0.0, 5.408263418944548, 0.026938519586019893, -0.30441709540352635, -0.5549229749738864
2175, 21.74470155709343, -0.2732411089287172, -0.5633729484900861, 3.100522227816465, -1.0268251287203471, 0.0, 0.0, 5.452845998948341, 0.04049089315479537, -0.27458946400818623, -0.5643979570486437
2176, 21.754703719723185, -0.2422358866505525, -0.5736411997772896, 3.100522227816465, -1.0268251287203471, 0.0, 0.0, 5.493977468796476, 0.05377175859916994, -0.24071032316739005, -0.5750270693220324
2177, 21.764705882352942, -0.2112306643723878, -0.583909451064493, 3.100522227816465, -1.0268251287203471, 0.0, 0.0, 5.531625443239973, 0.0667748650779949, -0.2120972573248772, -0.5835481086588186
2178, 21.7747080449827, -0.1802254420942231, -0.5941777023516965, 3.100522227816465, -1.0268251287203471, 0.0, 0.0, 5.565760737331058, 0.07949408475899467, -0.1817966137207763, -0.5940141567280125
2179, 21.78471020761246, -0.1492202198160586, -0.6044459536389, 3.100522227816465, -1.0268251287203471, 0.0, 0.0, 5.596357391211599, 0.09192341551033134, -0.14919490711724687, -0.6033418626443009
2180, 21.794712370242216, -0.11821499753789388, -0.6147142049261034, 3.100522227816465, -1.0268251287203471, 0.0, 0.0, 5.623392691868288, 0.10405698353773485, -0.11760294914116634, -0.6150109004117643
2181, 21.804714532871973, -0.08720977525972917, -0.624982456213307, 3.100522227816465, -1.0268251287203471, 0.0, 0.0, 5.6468471918350325, 0.11588904596606053, -0.08771445091690169, -0.6268242923515983
2182, 21.81471669550173, -0.05620455298156446, -0.6352507075005104, 3.100522227816465, -1.0268251287203471, 0.0, 0.0, 5.6667047248259905, 0.12741399336415415, -0.05570623511212265, -0.6332193053721753
2183, 21.82471885813149, -0.02519933070339997, -0.6455189587877139, 3.100522227816465, -1.0268251287203471, 0.0, 0.0, 5.682952418285527, 0.13862635221193564, -0.025914385056169564, -0.646525888795305
2184, 21.834721020761247, 0.005805891574764743, -0.6557872100749174, 3.100522227816465, -1.0268251287203471, 0.0, 0.0, 5.69558070284438, 0.14952078730863627, 0.004834493406971006, -0.65534087364516
2185, 21.844723183391004, 0.036811113852929456, -0.6660554613621209, 3.100522227816465, -1.0268251287203471, 0.0, 0.0, 5.704583318674173, 0.1600921041211426, 0.03803599171224084, -0.6640552061526467
2186, 21.854725346020764, 0.06781633613109417, -0.6763237126493243, 3.100522227816465, -1.0268251287203471, 0.0, 0.0, 5.709957318735473, 0.1703352510714381, 0.06790970468614253, -0.6765521794621505
2187, 21.86472750865052, 0.09882155840925888, -0.6865919639365278, 3.100522227816465, -1.0268251287203471, 0.0, 0.0, 5.711703068917444, 0.1802453217621477, 0.09826652439885668, -0.6861793721007501
2188, 21.874729671280278, 0.1298267806874236, -0.6968602152237313, 3.100522227816465, -1.0268251287203471, 0.0, 0.0, 5.7098242450701715, 0.18981755713922777, 0.12897896690799582, -0.6959876667065711
2189, 21.884731833910035, 0.1608320029655883, -0.7071284665109348, 3.100522227816465, -1.0268251287203471, 0.0, 0.0, 5.704327826933639, 0.1990473475908604, 0.16150685089097422, -0.7068452217456933
2190, 21.894733996539795, 0.1918372252437528, -0.7173967177981383, 3.100522227816465, -1.0268251287203471, 0.0, 0.0, 5.695224088970326, 0.2079302349816481, 0.19326769705013402, -0.7173091036637625
2191, 21.904736159169552, 0.2228424475219175, -0.7276649690853417, 3.100522227816465, -1.0268251287203471, 0.0, 0.0, 5.682526588111319, 0.21646191462122888, 0.22171496785371517, -0.7278639613548591
2192, 21.91473832179931, 0.2538476698000822, -0.7379332203725453, 3.100522227816465, -1.0268251287203471, 0.0, 0.0, 5.666252148428747, 0.22463823716645503, 0.2547260191790051, -0.7397400764549237
2193, 21.924740484429066, 0.28485289207824693, -0.7482014716597487, 3.100522227816465, -1.0268251287203471, 0.0, 0.0, 5.646420842750308, 0.23245521045631867, 0.2845834395992337, -0.7494094310465487
2194, 21.934742647058826, 0.3158581143564114, -0.7584697229469521, 3.100522227816465, -1.0268251287203471, 0.0, 0.0, 5.623055971234509, 0.23990900127882364, 0.31579048669065957, -0.7580078462695298
2195, 21.944744809688583, 0.34686333663457614, -0.7687379742341557, 3.100522227816465, -1.0268251287203471, 0.0, 0.0, 5.596184036928189, 0.246995937069045, 0.3471890047368285, -0.7665613497801816
2196, 21.95474697231834, 0.37786855891274085, -0.7790062255213591, 3.100522227816465, -1.0268251287203471, 0.0, 0.0, 5.565834718330684, 0.2537125075376342, 0.37881751663094543, -0.7792692776927426
2197, 21.964749134948097, 0.40887378119090556, -0.7892744768085627, 3.100522227816465, -1.0268251287203471, 0.0, 0.0, 5.5320408389919, 0.26005536622906833, 0.40971775998596355, -0.7890335439860314
2198, 21.974751297577857, 0.4398790034690703, -0.7995427280957661, 3.100522227816465, -1.0268251287203471, 0.0, 0.0, 5.494838334174336, 0.26602133200896905, 0.4410052817599884, -0.801900016976947
2199, 21.984753460207614, 0.470884225747235, -0.8098109793829695, 3.100522227816465, -1.0268251287203471, 0.0, 0.0, 5.454266214611897, 0.27160739047984284, 0.47042439773374084, -0.809069715575719
2200, 21.99475562283737, 0.5018894480253997, -0.8200792306701731, 3.100522227816465, -1.0268251287203471, 0.0, 0.0, 5.410366527401086, 0.27681069532463154, 0.5020254488646767, -0.819960393689505
2201, 22.00475778546713, 0.5328946703035644, -0.8303474819573765, 3.100522227816465, -1.0268251287203471, 0.0, 0.0, 5.363184314062881, 0.28162856957749083, 0.5319440471819198, -0.8299243640245044
2202, 22.014759948096888, 0.5638998925817291, -0.84061573324458, 3.100522227816465, -1.0268251287203471, 0.0, 0.0, 5.312767565816291, 0.2860585068212431, 0.5627504622680526, -0.8397315737240365
2203, 22.024762110726645, 0.5949051148598938, -0.8508839845317835, 3.100522227816465, -1.0268251287203471, 0.0, 0.0, 5.259167176107205, 0.2900981723109858, 0.5969860836264727, -0.8502861612313228
2204, 22.0347642733564, 0.6259103371380585, -0.861152235818987, 3.100522227816465, -1.0268251287203471, 0.0, 0.0, 5.202436890438797, 0.29374540402336813, 0.6256445969409427, -0.8608408492864789
2205, 22.044766435986162, 0.6569155594162233, -0.8714204871061905, 3.100522227816465, -1.0268251287203471, 0.0, 0.0, 5.142633253552237, 0.29699821363108003, 0.6568054450249072, -0.8724379906708822
2206, 22.05476859861592, 0.6879207816943875, -0.8816887383933939, 3.100522227816465, -1.0268251287203471, 0.0, 0.0, 5.079815554009004, 0.2998547874021277, 0.6905400880336736, -0.8811178859051393
2207, 22.064770761245676, 0.7189260039725522, -0.8919569896805974, 3.100522227816465, -1.0268251287203471, 0.0, 0.0, 5.014045766228567, 0.30231348702350647, 0.7178902570569676, -0.8918794312031059
2208, 22.074772923875432, 0.749931226250717, -0.9022252409678009, 3.100522227816465, -1.0268251287203471, 0.0, 0.0, 4.945388490037588, 0.30437285034891237, 0.7508187900428971, -0.9008408965175596
2209, 22.084775086505193, 0.7809364485288817, -0.9124934922550044, 3.100522227816465, -1.0268251287203471, 0.0, 0.0, 4.873910887789119, 0.3060315920701633, 0.7806784292426224, -0.912147488254875
2210, 22.09477724913495, 0.8119416708070464, -0.9227617435422079, 3.100522227816465, -1.0268251287203471, 0.0, 0.0, 4.799682619112639, 0.30728860431204064, 0.8120961853591424, -0.9221555887310545
2211, 22.104779411764707, 0.8429468930852111, -0.9330299948294114, 3.100522227816465, -1.0268251287203471, 0.0, 0.0, 4.722775773357946, 0.30814295715028883, 0.8422351216773036, -0.9352528642119646
2212, 22.114781574394463, 0.8739521153633758, -0.9432982461166148, 3.100522227816465, -1.0268251287203471, 0.0, 0.0, 4.643264799798111, 0.30859389905254553, 0.8747038850588801, -0.9433465000019456
2213, 22.124783737024224, 0.9049573376415405, -0.9535664974038183, 3.100522227816465, -1.0268251287203471, 0.0, 0.0, 4.561226435658842, 0.3086408572420086, 0.9042386585589003, -0.9550103990571999
2214, 22.13478589965398, 0.9359625599197052, -0.9638347486910218, 3.100522227816465, -1.0268251287203471, 0.0, 0.0, 4.47673963204362, 0.30828343798368085, 0.9358344068384573, -0.9633866452217369
2215, 22.144788062283737, 0.9672801762632294, -0.9743107459915183, 3.0974276183416376, -1.0466578484448503, -6.8668032021563485, 0.18837632096000062, 3.776015865192135, 0.1472910757514554, 0.9665509455755584, -0.9756064257482705
2216, 22.154790224913498, 0.997911112286538, -0.9847679056599189, 3.028759586320074, -1.0447740852352505, -6.8668032021563485, 0.18837632096000062, 3.658461250416125, 0.15525605413878207, 0.9984103310710511, -0.9844323316498157
2217, 22.164792387543255, 1.027855367989631, -0.9952062276962234, 2.9600915542985105, -1.0428903220256502, -6.8668032021563485, 0.18837632096000062, 3.5408512287791494, 0.16280756116974804, 1.028866079389151, -0.9946600735266702
2218, 22.17479455017301, 1.0571129433725082, -1.005625712100432, 2.8914235222769467, -1.0410065588160504, -6.8668032021563485, 0.18837632096000062, 3.4234129875521586, 0.16997815225873703, 1.055886877980089, -1.006081604454625
2219, 22.18479671280277, 1.08568383843517, -1.0160263588725444, 2.8227554902553833, -1.0391227956064504, -6.8668032021563485, 0.18837632096000062, 3.3063607528100922, 0.17679926733459495, 1.0866241595562243, -1.0155702182392703
2220, 22.19479887543253, 1.113568053177616, -1.026408168012561, 2.75408745823382, -1.0372390323968503, -6.8668032021563485, 0.18837632096000062, 3.1898960022546263, 0.18330119301102576, 1.1121338045753095, -1.025110939240961
2221, 22.204801038062286, 1.1407655875998464, -1.0367711395204815, 2.685419426212256, -1.0353552691872503, -6.8668032021563485, 0.18837632096000062, 3.074207720524435, 0.18951303122933494, 1.1409624096883888, -1.0364654114818657
2222, 22.214803200692042, 1.167276441701861, -1.0471152733963058, 2.616751394190693, -1.0334715059776503, -6.8668032021563485, 0.18837632096000062, 2.9594726918755576, 0.19546267382921412, 1.167020674620373, -1.0459560204840437
2223, 22.2248053633218, 1.1931006154836603, -1.0574405696400344, 2.5480833621691295, -1.0315877427680502, -6.8668032021563485, 0.18837632096000062, 2.8458558253639987, 0.20117678251701587, 1.1929488189993893, -1.0568261370038217
2224, 22.23480752595156, 1.2182381089452439, -1.067747028251667, 2.4794153301475657, -1.0297039795584504, -6.8668032021563485, 0.18837632096000062, 2.733510507918651, 0.20668077371644378, 1.2188453213202846, -1.0666255743153243
2225, 22.244809688581316, 1.2426889220866117, -1.0780346492312034, 2.4107472981260023, -1.0278202163488501, -6.8668032021563485, 0.18837632096000062, 2.622578980952264, 0.21199880780355096, 1.243477074388902, -1.0787778043190646
2226, 22.254811851211073, 1.266453054907764, -1.088303432578644, 2.3420792661044385, -1.0259364531392503, -6.8668032021563485, 0.18837632096000062, 2.513192736419203, 0.2171537822461046, 1.266987857796245, -1.088639033233305
2227, 22.26481401384083, 1.2895305074087005, -1.0985533782939885, 2.273411234082875, -1.0240526899296505, -6.8668032021563485, 0.18837632096000062, 2.4054729284891003, 0.22216732818659624, 1.287621743040432, -1.0998150263489015
2228, 22.27481617647059, 1.3119212795894213, -1.108784486377237, 2.2047432020613114, -1.0221689267200502, -6.8668032021563485, 0.18837632096000062, 2.2995307972632375, 0.22705981002818076, 1.3116159036627735, -1.109149884620284
2229, 22.284818339100347, 1.3336253714499267, -1.1189967568283894, 2.1360751700397476, -1.0202851635104504, -6.8668032021563485, 0.18837632096000062, 2.1954681012140815, 0.23185032760349333, 1.3346217079093246, -1.1186700893689117
2230, 22.294820501730104, 1.3546427829902163, -1.129190189647446, 2.067407138018184, -1.0184014003008501, -6.8668032021563485, 0.18837632096000062, 2.0933775552763563, 0.23655672052744015, 1.3518403289035938, -1.1294628309589083
2231, 22.304822664359865, 1.3749735142102903, -1.1393647848344066, 1.9987391059966209, -1.0165176370912503, -6.8668032021563485, 0.18837632096000062, 1.993343271759199, 0.24119557435653616, 1.3750745723946132, -1.1401743864326976
2232, 22.31482482698962, 1.394617565110149, -1.1495205423892711, 1.930071073975057, -1.0146338738816503, -6.8668032021563485, 0.18837632096000062, 1.8954412014822684, 0.24578222819909212, 1.3947764994205714, -1.150241271695691
2233, 22.32482698961938, 1.4135749356897915, -1.1596574623120395, 1.8614030419534937, -1.0127501106720502, -6.8668032021563485, 0.18837632096000062, 1.7997395727633316, 0.25033078344236726, 1.4126959301671087, -1.1602506645188713
2234, 22.334829152249135, 1.4318456259492187, -1.169775544602712, 1.7927350099319304, -1.0108663474624502, -6.8668032021563485, 0.18837632096000062, 1.7062993261001358, 0.2548541132846741, 1.431806577943752, -1.171430969656805
2235, 22.344831314878896, 1.4494296358884302, -1.1798747892612886, 1.7240669779103666, -1.0089825842528501, -6.8668032021563485, 0.18837632096000062, 1.615174542594807, 0.25936387278223694, 1.4500023221446166, -1.1794962248708254
2236, 22.354833477508652, 1.466326965507426, -1.189955196287769, 1.6553989458888032, -1.0070988210432503, -6.8668032021563485, 0.18837632096000062, 1.5264128643641386, 0.26387050914231636, 1.4666383387475006, -1.1879678319158666
2237, 22.36483564013841, 1.4825376148062064, -1.2000167656821537, 1.5867309138672394, -1.00521505783365, -6.8668032021563485, 0.18837632096000062, 1.4400559053637354, 0.2683832720156789, 1.4829470060683692, -1.1998107629178323
2238, 22.374837802768166, 1.4980615837847708, -1.210059497444442, 1.518062881845676, -1.0033312946240502, -6.8668032021563485, 0.18837632096000062, 1.3561396512278858, 0.27291022356286165, 1.498913318483301, -1.2087075241156071
2239, 22.384839965397926, 1.5128988724431198, -1.2200833915746345, 1.4493948498241123, -1.0014475314144502, -6.8668032021563485, 0.18837632096000062, 1.2746948468901766, 0.27745824808986064, 1.5125704545165293, -1.2196567028996286
2240, 22.394842128027683, 1.5270494807812531, -1.2300884480727312, 1.380726817802549, -0.9995637682048502, -6.8668032021563485, 0.18837632096000062, 1.1957473709023516, 0.2820330610698025, 1.526161862091736, -1.2311003160982963
2241, 22.40484429065744, 1.540513408799171, -1.2400746669387317, 1.3120587857809853, -0.9976800049952501, -6.8668032021563485, 0.18837632096000062, 1.1193185955107428, 0.28663921738788944, 1.5405199292623772, -1.2418702501296857
2242, 22.414846453287197, 1.553290656496873, -1.2500420481726362, 1.2433907537594218, -0.9957962417856501, -6.8668032021563485, 0.18837632096000062, 1.0454257316811604, 0.29128011866740444, 1.5532138096736348, -1.2499405011208833
2243, 22.424848615916957, 1.5653812238743594, -1.2599905917744447, 1.1747227217378582, -0.99391247857605, -6.8668032021563485, 0.18837632096000062, 0.9740821583843982, 0.2959580195548238, 1.5649495635900181, -1.2600882843289976
2244, 22.434850778546714, 1.5767851109316302, -1.2699202977441573, 1.1060546897162946, -0.9920287153664501, -6.8668032021563485, 0.18837632096000062, 0.9052977355661576, 0.30067403286220645, 1.5767658658938029, -1.2714671045277268
2245, 22.44485294117647, 1.5875023176686853, -1.2798311660817736, 1.037386657694731, -0.9901449521568502, -6.8668032021563485, 0.18837632096000062, 0.8390791003271805, 0.3054281334849108, 1.5879760583561757, -1.2804796212922063
2246, 22.45485510380623, 1.5975328440855248, -1.2897231967872942, 0.9687186256731676, -0.9882611889472501, -6.8668032021563485, 0.18837632096000062, 0.7754299459324744, 0.3102191610324828, 1.5983440596351335, -1.2894271379439843
2247, 22.46485726643599, 1.6068766901821485, -1.2995963898607186, 0.9000505936516041, -0.9863774257376501, -6.8668032021563485, 0.18837632096000062, 0.7143512833528536, 0.31504482113019905, 1.606770120117838, -1.2987531004695758
2248, 22.474859429065745, 1.6155338559585568, -1.3094507453020472, 0.8313825616300405, -0.9844936625280502, -6.8668032021563485, 0.18837632096000062, 0.6558416851182771, 0.3199016853683401, 1.614299942030969, -1.3097846196788732
2249, 22.484861591695502, 1.6235043414147494, -1.3192862631112798, 0.762714529608477, -0.9826098993184501, -6.8668032021563485, 0.18837632096000062, 0.5998975113309453, 0.32478518989578103, 1.6241940522969998, -1.3194442421861718
2250, 22.494863754325262, 1.6307881465507263, -1.3291029432884163, 0.6940464975869134, -0.9807261361088501, -6.8668032021563485, 0.18837632096000062, 0.5465131177474694, 0.3296896326740281, 1.6326119921015934, -1.3280574095116326
2251, 22.50486591695502, 1.6373852713664878, -1.3389007858334567, 0.6253784655653498, -0.9788423728992501, -6.8668032021563485, 0.18837632096000062, 0.4956810458940393, 0.3346081694273675, 1.6365634078714284, -1.338340125146139
2252, 22.514868079584776, 1.6432957158620334, -1.3486797907464012, 0.5567104335437864, -0.9769586096896501, -6.8668032021563485, 0.18837632096000062, 0.44739219522699425, 0.3395328083444168, 1.6426370816951368, -1.3483876682199558
2253, 22.524870242214533, 1.6485194800373635, -1.3584399580272497, 0.4880424015222228, -0.97507484648005, -6.8668032021563485, 0.18837632096000062, 0.4016359773939716, 0.34445440360608626, 1.6473890300662022, -1.3593267125619333
2254, 22.534872404844293, 1.653056563892478, -1.3681812876760022, 0.4193743695006593, -0.9731910832704501, -6.8668032021563485, 0.18837632096000062, 0.35840045268854626, 0.3493626478348017, 1.6537008204447916, -1.3688105536953652
2255, 22.54487456747405, 1.6572503075874843, -1.3779131985087065, 0.41937436950066154, -0.9731910832704501, 0.0, 0.0, 0.8581011814687665, 0.4519658432050337, 1.6574278680166719, -1.379901359427347
2256, 22.554876730103807, 1.661444051282491, -1.387645109341411, 0.41937436950066154, -0.9731910832704501, 0.0, 0.0, 0.8452597522538561, 0.4534414265871389, 1.6623562035738708, -1.3872762768205822
2257, 22.564878892733564, 1.6656377949774976, -1.3973770201741154, 0.41937436950066154, -0.9731910832704501, 0.0, 0.0, 0.8323946020302402, 0.45488839937801656, 1.6641644772768944, -1.3985856633288978
2258, 22.574881055363324, 1.6698315386725042, -1.40710893100682, 0.41937436950066154, -0.9731910832704501, 0.0, 0.0, 0.8195059377036734, 0.45630671758601066, 1.6707520068627884, -1.406909316177017
2259, 22.58488321799308, 1.6740252823675108, -1.4168408418395244, 0.41937436950066154, -0.9731910832704501, 0.0, 0.0, 0.8065939669914929, 0.4576963380773215, 1.6734054832944505, -1.415980838044969
2260, 22.594885380622838, 1.6782190260625174, -1.426572752672229, 0.41937436950066154, -0.9731910832704501, 0.0, 0.0, 0.7936588984195687, 0.4590572185772949, 1.6774735650143084, -1.428563253019058
2261, 22.604887543252598, 1.682412769757524, -1.4363046635049335, 0.41937436950066154, -0.9731910832704501, 0.0, 0.0, 0.7807009413192244, 0.46038931767168606, 1.6817062773578781, -1.4366589216478318
2262, 22.614889705882355, 1.6866065134525308, -1.446036574337638, 0.41937436950066154, -0.9731910832704501, 0.0, 0.0, 0.7677203058241321, 0.461692594807899, 1.688001296002038, -1.4462337265377283
2263, 22.624891868512112, 1.6908002571475373, -1.4557684851703425, 0.41937436950066154, -0.9731910832704501, 0.0, 0.0, 0.7547172028671799, 0.46296701029620074, 1.6905981635314706, -1.4553157870871334
2264, 22.63489403114187, 1.694994000842544, -1.465500396003047, 0.41937436950066154, -0.9731910832704501, 0.0, 0.0, 0.7416918441773079, 0.46421252531091234, 1.6958793978666644, -1.4657165544469115
2265, 22.64489619377163, 1.6991877445375505, -1.4752323068357516, 0.41937436950066154, -0.9731910832704501, 0.0, 0.0, 0.7286444422763232, 0.46542910189157544, 1.6978693604547967, -1.475120910375936
2266, 22.654898356401386, 1.703381488232557, -1.484964217668456, 0.41937436950066154, -0.9731910832704501, 0.0, 0.0, 0.7155752104756808, 0.4666167029440926, 1.7036969352797862, -1.4843792454805822
2267, 22.664900519031143, 1.7075752319275637, -1.4946961285011606, 0.41937436950066154, -0.9731910832704501, 0.0, 0.0, 0.7024843628732435, 0.46777529224184505, 1.7081046907777273, -1.4947879439325453
2268, 22.6749026816609, 1.7117689756225705, -1.5044280393338652, 0.41937436950066154, -0.9731910832704501, 0.0, 0.0, 0.689372114350008, 0.46890483442678493, 1.708837732536668, -1.5058551661786737
2269, 22.68490484429066, 1.715962719317577, -1.5141599501665697, 0.41937436950066154, -0.9731910832704501, 0.0, 0.0, 0.6762386805668097, 0.4700052950105022, 1.714855593067316, -1.5147256267647489
2270, 22.694907006920417, 1.7201564630125836, -1.523891860999274, 0.41937436950066154, -0.9731910832704501, 0.0, 0.0, 0.6630842779609952, 0.4710766403752688, 1.7188356085703496, -1.5241418517889407
2271, 22.704909169550174, 1.7243502067075902, -1.5336237718319787, 0.41937436950066154, -0.9731910832704501, 0.0, 0.0, 0.6499091237430694, 0.472118837775056, 1.7242054263292392, -1.5335275003112547
2272, 22.71491133217993, 1.7285439504025968, -1.543355682664683, 0.41937436950066154, -0.9731910832704501, 0.0, 0.0, 0.6367134358933175, 0.47313185533652863, 1.7298441680896968, -1.544018246002765
2273, 22.72491349480969, 1.7327376940976036, -1.5530875934973876, 0.41937436950066154, -0.9731910832704501, 0.0, 0.0, 0.6234974331583949, 0.4741156620600135, 1.7321222963662393, -1.5526587009718942
2274, 22.734915657439448, 1.7369314377926102, -1.562819504330092, 0.41937436950066154, -0.9731910832704501, 0.0, 0.0, 0.6102613350478987, 0.47507022782044445, 1.736376315894625, -1.5625233401422807
2275, 22.744917820069205, 1.7411251814876167, -1.5725514151627966, 0.41937436950066154, -0.9731910832704501, 0.0, 0.0, 0.5970053618308993, 0.4759955233682806, 1.7403321374278464, -1.5734811188601348
2276, 22.754919982698965, 1.7453189251826233, -1.5822833259955011, 0.41937436950066154, -0.9731910832704501, 0.0, 0.0, 0.5837297345324552, 0.4768915203304001, 1.7445640217959921, -1.5828486842276603
2277, 22.764922145328722, 1.74951266887763, -1.5920152368282057, 0.41937436950066154, -0.9731910832704501, 0.0, 0.0, 0.5704346749301001, 0.4777581912109728, 1.7503877886405135, -1.5926280911227533
2278, 22.77492430795848, 1.7537064125726367, -1.6017471476609102, 0.41937436950066154, -0.9731910832704501, 0.0, 0.0, 0.5571204055502956, 0.47859550939230106, 1.7538998597590356, -1.6011647237335638
2279, 22.784926470588236, 1.7579001562676433, -1.6114790584936147, 0.41937436950066154, -0.9731910832704501, 0.0, 0.0, 0.5437871496648674, 0.479403449135642, 1.7586013387952997, -1.6111809924117428
2280, 22.794928633217996, 1.7620938999626499, -1.6212109693263193, 0.41937436950066154, -0.9731910832704501, 0.0, 0.0, 0.5304351312874047, 0.48018198558200226, 1.7608774226850878, -1.6213486769132552
2281, 22.804930795847753, 1.7662876436576564, -1.6309428801590238, 0.41937436950066154, -0.9731910832704501, 0.0, 0.0, 0.5170645751696408, 0.480931094752907, 1.7677140251157277, -1.630989040960725
2282, 22.81493295847751, 1.770481387352663, -1.6406747909917283, 0.41937436950066154, -0.9731910832704501, 0.0, 0.0, 0.5036757067978006, 0.4816507535511448, 1.7687652299244807, -1.6403437873084263
2283, 22.824935121107266, 1.7746751310476696, -1.6504067018244326, 0.41937436950066154, -0.9731910832704501, 0.0, 0.0, 0.4902687523889275, 0.48234093976148845, 1.7743000866666017, -1.6520938596245835
2284, 22.834937283737027, 1.7788688747426762, -1.6601386126571371, 0.41937436950066154, -0.9731910832704501, 0.0, 0.0, 0.47684393888717913, 0.4830016320513895, 1.778528334318698, -1.6596403990236854
2285, 22.844939446366784, 1.783062618437683, -1.6698705234898417, 0.41937436950066154, -0.9731910832704501, 0.0, 0.0, 0.4634014939600962, 0.483632809971647, 1.7831428086734962, -1.6690660453531747
2286, 22.85494160899654, 1.7872563621326896, -1.6796024343225462, 0.41937436950066154, -0.9731910832704501, 0.0, 0.0, 0.44994164599485187, 0.4842344539570535, 1.7868834509141422, -1.6781812248501575
2287, 22.864943771626297, 1.7914501058276961, -1.6893343451552507, 0.41937436950066154, -0.9731910832704501, 0.0, 0.0, 0.43646462409446407, 0.4848065453270149, 1.7916347783996496, -1.6886418403768582
2288, 22.874945934256058, 1.7956438495227027, -1.6990662559879552, 0.41937436950066154, -0.9731910832704501, 0.0, 0.0, 0.4229706580739889, 0.4853490662861429, 1.7945439180314289, -1.6979558473470868
2289, 22.884948096885815, 1.7998375932177093, -1.7087981668206598, 0.41937436950066154, -0.9731910832704501, 0.0, 0.0, 0.4094599784566868, 0.48586199992482687, 1.801066592461797, -1.7092527308514263
2290, 22.89495025951557, 1.804031336912716, -1.7185300776533643, 0.41937436950066154, -0.9731910832704501, 0.0, 0.0, 0.395932816470159, 0.4863453302197765, 1.8052687243073229, -1.7197258195225864
2291, 22.904952422145332, 1.8082250806077227, -1.7282619884860688, 0.41937436950066154, -0.9731910832704501, 0.0, 0.0, 0.3823894040424638, 0.48679904203454155, 1.8081953748373378, -1.7275018375185005
2292, 22.91495458477509, 1.8124188243027293, -1.7379938993187731, 0.41937436950066154, -0.9731910832704501, 0.0, 0.0, 0.36882997379819904, 0.4872231211200047, 1.8124889816414975, -1.7383043224056078
2293, 22.924956747404845, 1.8166125679977358, -1.7477258101514779, 0.41937436950066154, -0.9731910832704501, 0.0, 0.0, 0.35525475905456383, 0.487617554114851, 1.8167031040150994, -1.7478993257634732
2294, 22.934958910034602, 1.8208063116927424, -1.7574577209841822, 0.41937436950066154, -0.9731910832704501, 0.0, 0.0, 0.34166399381739526, 0.4879823285460119, 1.8219088978452243, -1.7558011267791158
2295, 22.944961072664363, 1.825000055387749, -1.767189631816887, 0.41937436950066154, -0.9731910832704501, 0.0, 0.0, 0.3280579127771736, 0.4883174328290813, 1.8235966190435144, -1.7672329241427716
2296, 22.95496323529412, 1.8291937990827556, -1.7769215426495912, 0.41937436950066154, -0.9731910832704501, 0.0, 0.0, 0.31443675130500637, 0.48862285626870977, 1.8274523758931045, -1.7768906380935394
2297, 22.964965397923876, 1.8333875427777624, -1.7866534534822958, 0.41937436950066154, -0.9731910832704501, 0.0, 0.0, 0.30080074544858587, 0.4888985890589726, 1.8348886412863468, -1.787079663178969
2298, 22.974967560553633, 1.837581286472769, -1.7963853643150003, 0.41937436950066154, -0.9731910832704501, 0.0, 0.0, 0.2871501319281204, 0.48914462228371075, 1.8383599213470947, -1.7978027682316957
2299, 22.984969723183394, 1.8417750301677756, -1.8061172751477048, 0.41937436950066154, -0.9731910832704501, 0.0, 0.0, 0.27348514813223845, 0.489360947916849, 1.839927703587565, -1.805312108066385
2300, 22.99497188581315, 1.8459687738627821, -1.8158491859804093, 0.41937436950066154, -0.9731910832704501, 0.0, 0.0, 0.2598060321138683, 0.4895475588226858, 1.8473017506515095, -1.8149200665785334
2301, 23.004974048442907, 1.8501625175577887, -1.8255810968131139, 0.41937436950066154, -0.9731910832704501, 0.0, 0.0, 0.24611302258609513, 0.48970444875616254, 1.8501866588420437, -1.8259381835676878
2302, 23.014976211072664, 1.8543562612527955, -1.8353130076458184, 0.41937436950066154, -0.9731910832704501, 0.0, 0.0, 0.23240635891798672, 0.4898316123631012, 1.8541059636573984, -1.8358260082500255
2303, 23.024978373702425, 1.858550004947802, -1.845044918478523, 0.41937436950066154, -0.9731910832704501, 0.0, 0.0, 0.21868628113040128, 0.4899290451804225, 1.8585028196286861, -1.844912055608582
2304, 23.03498053633218, 1.8627437486428087, -1.8547768293112274, 0.41937436950066154, -0.9731910832704501, 0.0, 0.0, 0.20495302989176062, 0.48999674363633366, 1.8635861259016167, -1.8545109665967663
2305, 23.044982698961938, 1.8669374923378153, -1.8645087401439318, 0.41937436950066154, -0.9731910832704501, 0.0, 0.0, 0.19120684651380743, 0.49003470505049623, 1.8669040749942254, -1.865695500202668
2306, 23.0549848615917, 1.8711312360328218, -1.8742406509766365, 0.41937436950066154, -0.9731910832704501, 0.0, 0.0, 0.17744797294733183, 0.4900429276341624, 1.8706343847692608, -1.8749231899553123
2307, 23.064987024221455, 1.8753249797278286, -1.8839725618093408, 0.41937436950066154, -0.9731910832704501, 0.0, 0.0, 0.16367665177787344, 0.4900214104902915, 1.8759352873186588, -1.8833365835788833
2308, 23.074989186851212, 1.8795187234228352, -1.8937044726420456, 0.41937436950066154, -0.9731910832704501, 0.0, 0.0, 0.14989312622140288, 0.48997015361363677, 1.879749793290906, -1.89350072977768
2309, 23.08499134948097, 1.8837124671178418, -1.9034363834747499, 0.41937436950066154, -0.9731910832704501, 0.0, 0.0, 0.13609764011997072, 0.48988915789080917, 1.8837074090954096, -1.904425711404922
2310, 23.09499351211073, 1.8879062108128484, -1.9131682943074544, 0.41937436950066154, -0.9731910832704501, 0.0, 0.0, 0.1222904379373384, 0.4897784251003163, 1.888049219346379, -1.9140086457410301
2311, 23.104995674740486, 1.892099954507855, -1.922900205140159, 0.41937436950066154, -0.9731910832704501, 0.0, 0.0, 0.10847176475458165, 0.4896379579125724, 1.8945468274710977, -1.922087322419078
2312, 23.114997837370243, 1.8962936982028615, -1.9326321159728634, 0.41937436950066154, -0.9731910832704501, 0.0, 0.0, 0.09464186626566862, 0.48946775988988694, 1.8959721723055083, -1.9327145485837363
2313, 23.125, 1.9004874418978681, -1.942364026805568, 0.41937436950066154, -0.9731910832704501, 0.0, 0.0, 0.08080098877301545, 0.4892678354864252, 1.8985219270908362, -1.9446846795649637
2314, 23.13500216262976, 1.904681185592875, -1.9520959376382725, 0.41937436950066154, -0.9731910832704501, 0.0, 0.0, 0.06694937918301508, 0.4890381900481446, 1.906114032571561, -1.9525292761900264
2315, 23.145004325259517, 1.9088749292878815, -1.961827848470977, 0.41937436950066154, -0.9731910832704501, 0.0, 0.0, 0.053087285001546136, 0.48877882981270554, 1.9078750791768238, -1.9613828456403288
2316, 23.155006487889274, 1.913068672982888, -1.9715597593036815, 0.41937436950066154, -0.9731910832704501, 0.0, 0.0, 0.0392149543294501, 0.48848976190935506, 1.9102622823530446, -1.9709833019401906
2317, 23.16500865051903, 1.9172624166778947, -1.981291670136386, 0.41937436950066154, -0.9731910832704501, 0.0, 0.0, 0.025332635857989894, 0.48817099435878747, 1.9168958003245935, -1.9806063807725391
2318, 23.17501081314879, 1.9214561603729012, -1.9910235809690904, 0.41937436950066154, -0.9731910832704501, 0.0, 0.0, 0.011440578864285733, 0.4878225360729786, 1.9200881867970931, -1.9929085952035377
2319, 23.185012975778548, 1.925649904067908, -2.000755491801795, 0.41937436950066154, -0.9731910832704501, 0.0, 0.0, -0.0024609667932813384, 0.48744439685499313, 1.926309640878779, -1.9999911756170443
2320, 23.195015138408305, 1.9298436477629146, -2.0104874026344994, 0.41937436950066154, -0.9731910832704501, 0.0, 0.0, -0.016371750679676444, 0.48703658739876937, 1.9295206134912581, -2.010280143794951
2321, 23.205017301038065, 1.9340373914579212, -2.020219313467204, 0.41937436950066154, -0.9731910832704501, 0.0, 0.0, -0.03029152178785699, 0.4865991192888756, 1.9338897517953346, -2.0201330956846335
2322, 23.215019463667822, 1.9382311351529278, -2.0299512242999085, 0.41937436950066154, -0.9731910832704501, 0.0, 0.0, -0.044220028543431544, 0.4861320050002426, 1.9378630470217606, -2.0307285606947194
2323, 23.22502162629758, 1.9424248788479344, -2.0396831351326132, 0.41937436950066154, -0.9731910832704501, 0.0, 0.0, -0.05815701880934532, 0.48563525789787026, 1.9427100840682263, -2.0421739534465715
2324, 23.235023788927336, 1.9466186225429412, -2.0494150459653175, 0.41937436950066154, -0.9731910832704501, 0.0, 0.0, -0.07210223989059295, 0.48510889223650916, 1.947695330285997, -2.047721481176683
2325, 23.245025951557096, 1.9508123662379477, -2.0591469567980223, 0.41937436950066154, -0.9731910832704501, 0.0, 0.0, -0.08605543853894526, 0.484552923160316, 1.9509540027857613, -2.0595695294438827
2326, 23.255028114186853, 1.9550061099329543, -2.0688788676307266, 0.41937436950066154, -0.9731910832704501, 0.0, 0.0, -0.10001636095771382, 0.48396736670248325, 1.9553968690607804, -2.0705159795971935
2327, 23.26503027681661, 1.959199853627961, -2.078610778463431, 0.41937436950066154, -0.9731910832704501, 0.0, 0.0, -0.11398475280652298, 0.48335223978484515, 1.9597052796303558, -2.0783797105256236
2328, 23.275032439446367, 1.9633935973229675, -2.0883426892961356, 0.41937436950066154, -0.9731910832704501, 0.0, 0.0, -0.12796035920611837, 0.4827075602174558, 1.9634294194383126, -2.089883445991885
2329, 23.285034602076127, 1.967587341017974, -2.0980746001288404, 0.41937436950066154, -0.9731910832704501, 0.0, 0.0, -0.14194292474318926, 0.48203334669814385, 1.9669857613193111, -2.098713793387233
2330, 23.295036764705884, 1.9717810847129806, -2.1078065109615447, 0.41937436950066154, -0.9731910832704501, 0.0, 0.0, -0.1559321934752178, 0.4813296188120402, 1.9719921024902596, -2.108949155402661
2331, 23.30503892733564, 1.975684093254353, -2.117389016963129, 0.35937210449824303, -0.9390049005485488, -6.185749927798884, 3.8491399219781317, -0.4812432917340109, 0.5370698300426275, 1.9749051690446264, -2.1188643345994054
2332, 23.315041089965398, 1.9789685268029455, -2.1265866089725156, 0.29751460522025414, -0.9005135013287674, -6.185749927798884, 3.8491399219781317, -0.5208794249832135, 0.5571523006371646, 1.9772828671711502, -2.1256421746995664
2333, 23.325043252595158, 1.9816343853587581, -2.1353992869897045, 0.2356571059422653, -0.862022102108986, -6.185749927798884, 3.8491399219781317, -0.5588110237073156, 0.5769828289794493, 1.97997132192866, -2.135418153221629
2334, 23.335045415224915, 1.9836816689217909, -2.1438270510146955, 0.1737996066642764, -0.8235307028892046, -6.185749927798884, 3.8491399219781317, -0.5950456871175084, 0.5965602817235596, 1.983766777560932, -2.1445429406465175
2335, 23.34504757785467, 1.9851103774920436, -2.1518699010474887, 0.11194210738628751, -0.7850393036694234, -6.185749927798884, 3.8491399219781317, -0.62958974761433, 0.6158832551846561, 1.9875798212971572, -2.1504660012127483
2336, 23.355049740484432, 1.9859205110695166, -2.159527837088084, 0.05008460810829857, -0.746547904449642, -6.185749927798884, 3.8491399219781317, -0.662448248932222, 0.634950060408404, 1.9878231752953708, -2.1602352221760057
2337, 23.36505190311419, 1.9861120696542096, -2.1668008591364813, -0.011772891169690325, -0.7080565052298606, -6.185749927798884, 3.8491399219781317, -0.6936249342805763, 0.6537587095506026, 1.9861141544856167, -2.1666076862375316
2338, 23.375054065743946, 1.9856850532461228, -2.173688967192681, -0.07363039044767922, -0.6695651060100792, -6.185749927798884, 3.8491399219781317, -0.7231222444510642, 0.672306903546859, 1.986561697071831, -2.173013216743389
2339, 23.385056228373703, 1.984639461845256, -2.180192161256683, -0.1354878897256681, -0.631073706790298, -6.185749927798884, 3.8491399219781317, -0.7509413258813922, 0.6905920210527456, 1.9845612930380045, -2.1831843818356576
2340, 23.395058391003463, 1.9829752954516093, -2.1863104413284873, -0.19734538900365706, -0.5925823075705166, -6.185749927798884, 3.8491399219781317, -0.7770820486861485, 0.7086111086357622, 1.9820937660958131, -2.1852549811820423
2341, 23.40506055363322, 1.980692554065183, -2.1920438074080932, -0.25920288828164595, -0.5540909083507352, -6.185749927798884, 3.8491399219781317, -0.801543034685784, 0.7263608722015129, 1.9792060848830304, -2.1919832569351145
2342, 23.415062716262977, 1.9777912376859765, -2.1973922594955018, -0.32106038755963484, -0.5155995091309538, -6.185749927798884, 3.8491399219781317, -0.8243216954847352, 0.7438376696378171, 1.9779974002388152, -2.1964941057206198
2343, 23.425064878892734, 1.9742713463139903, -2.2023557975907124, -0.38291788683762373, -0.47710810991117264, -6.185749927798884, 3.8491399219781317, -0.8454142806690783, 0.761037504661954, 1.9743060280670721, -2.2026903565887745
2344, 23.435067041522494, 1.970132879949224, -2.2069344216937252, -0.4447753861156127, -0.4386167106913913, -6.185749927798884, 3.8491399219781317, -0.864815936212529, 0.7779560218579169, 1.9691945385627225, -2.205503065410888
2345, 23.44506920415225, 1.965375838591678, -2.21112813180454, -0.5066328853936015, -0.4001253114716099, -6.185749927798884, 3.8491399219781317, -0.8825207731969438, 0.7945885028923471, 1.9666501405672692, -2.2121867873030157
2346, 23.455071366782008, 1.960000222241352, -2.2149369279231577, -0.5684903846715904, -0.3616339122518285, -6.185749927798884, 3.8491399219781317, -0.8985219469693546, 0.810929863899791, 1.9597757910618017, -2.214442023699672
2347, 23.465073529411764, 1.954006030898246, -2.218360810049577, -0.6303478839495793, -0.3231425130320471, -6.185749927798884, 3.8491399219781317, -0.9128117468718312, 0.8269746540299632, 1.9530060776381544, -2.218175047571814
2348, 23.475075692041525, 1.9473932645623604, -2.2213997781837986, -0.6922053832275683, -0.2846511138122659, -6.185749927798884, 3.8491399219781317, -0.9253816966927287, 0.8427170551518894, 1.9462430876784114, -2.221966617517395
2349, 23.48507785467128, 1.9401619232336946, -2.224053832325822, -0.7540628825055571, -0.24615971459248442, -6.185749927798884, 3.8491399219781317, -0.9362226659979783, 0.8581508827120445, 1.9409002038423013, -2.224058494513648
2350, 23.49508001730104, 1.9323120069122492, -2.226322972475648, -0.8159203817835461, -0.20766831537270314, -6.185749927798884, 3.8491399219781317, -0.9453249925086634, 0.8732695877459273, 1.932470147853634, -2.226109738066312
2351, 23.5050821799308, 1.9238435155980238, -2.2282071986332763, -0.877777881061535, -0.16917691615292174, -6.185749927798884, 3.8491399219781317, -0.952678615695923, 0.8880662600448928, 1.9222480150931016, -2.2280570511128595
2352, 23.515084342560556, 1.9147564492910185, -2.2297065107987066, -0.9396353803395239, -0.13068551693314046, -6.185749927798884, 3.8491399219781317, -0.9582732217660042, 0.9025336324824771, 1.9151005872376305, -2.2289758468706036
2353, 23.525086505190313, 1.9050508079912334, -2.230820908971939, -1.0014928796175127, -0.09219411771335911, -6.185749927798884, 3.8491399219781317, -0.9620984002066297, 0.9166640865068917, 1.903763874784635, -2.23209202205743
2354, 23.53508866782007, 1.8947265916986682, -2.2315503931529737, -1.0633503788955017, -0.05370271849357772, -6.185749927798884, 3.8491399219781317, -0.9641438120606107, 0.9304496588088133, 1.8952513603245025, -2.230858922938932
2355, 23.54509083044983, 1.8837838004133232, -2.231894963341811, -1.1252078781734904, -0.015211319273796431, -6.185749927798884, 3.8491399219781317, -0.964399370083374, 0.9438820491760358, 1.8833250231126868, -2.2330425465833192
2356, 23.555092993079587, 1.8722224341351983, -2.2318546195384497, -1.1870653774514794, 0.02328007994598502, -6.185749927798884, 3.8491399219781317, -0.9628554309275488, 0.9569526295489799, 1.8718615404325398, -2.231888704120322
2357, 23.565095155709344, 1.8600424928642936, -2.231429361742891, -1.2489228767294684, 0.06177147916576636, -6.185749927798884, 3.8491399219781317, -0.959502999479654, 0.9696524542934327, 1.8601279070559724, -2.2300237529284948
2358, 23.5750973183391, 1.847243976600609, -2.230619189955134, -1.3107803760074572, 0.10026287838554765, -6.185749927798884, 3.8491399219781317, -0.9543339454509006, 0.9819722717092413, 1.8484672894323104, -2.231123790709091
2359, 23.58509948096886, 1.8338268853441444, -2.22942410417518, -1.3726378752854462, 0.13875427760532905, -6.185749927798884, 3.8491399219781317, -0.9473412322958649, 0.9939025367959394, 1.8329631765656096, -2.226969158277023
2360, 23.595101643598618, 1.8197912190949, -2.2278441044030277, -1.434495374563435, 0.1772456768251104, -6.185749927798884, 3.8491399219781317, -0.9385191584990003, 1.0054334252984944, 1.8215580156157674, -2.2276617407722306
2361, 23.605103806228374, 1.8051369778528756, -2.2258791906386777, -1.496352873841424, 0.21573707604489167, -6.185749927798884, 3.8491399219781317, -0.927863611229278, 1.0165548490584462, 1.8061423054126238, -2.2255140668064453
2362, 23.61510596885813, 1.7898641616180715, -2.2235293628821298, -1.5582103731194128, 0.25422847526467307, -6.185749927798884, 3.8491399219781317, -0.9153723323174318, 1.027256472697704, 1.7896652634649033, -2.223781997319645
2363, 23.62510813148789, 1.7739727703904875, -2.2207946211333844, -1.6200678723974018, 0.2927198744844544, -6.185749927798884, 3.8491399219781317, -0.9010451964579509, 1.0375277316641212, 1.7724015695667146, -2.2200078207441947
2364, 23.63511029411765, 1.7574628041701235, -2.217674965392441, -1.6819253716753906, 0.33121127370423575, -6.185749927798884, 3.8491399219781317, -0.8848845014788803, 1.0473578516696882, 1.757108442079818, -2.2171133678467823
2365, 23.645112456747405, 1.7403342629569796, -2.2141703956592997, -1.7437828709533796, 0.36970267292401715, -6.185749927798884, 3.8491399219781317, -0.866895270456354, 1.0567358695537425, 1.7387642138586203, -2.214167586075335
2366, 23.655114619377166, 1.7225871467510558, -2.2102809119339604, -1.8056403702313684, 0.4081940721437984, -6.185749927798884, 3.8491399219781317, -0.8470855653772915, 1.065650655604974, 1.7226580171996706, -2.2114500132438977
2367, 23.665116782006923, 1.7042214555523523, -2.2060065142164236, -1.8674978695093574, 0.4466854713635799, -6.185749927798884, 3.8491399219781317, -0.8254668119726895, 1.0740909373771972, 1.7043292001568946, -2.206288915859074
2368, 23.67511894463668, 1.6852371893608686, -2.201347202506689, -1.9293553687873461, 0.48517687058336123, -6.185749927798884, 3.8491399219781317, -0.8020541352550783, 1.0820453250348356, 1.6851149825939697, -2.202321609412891
2369, 23.685121107266436, 1.6656343481766052, -2.1963029768047564, -1.9912128680653352, 0.5236682698031425, -6.185749927798884, 3.8491399219781317, -0.7768667051969473, 1.089502338264821, 1.6650085376644677, -2.196481976959207
2370, 23.695123269896197, 1.6454129319995618, -2.190873837110626, -2.053070367343324, 0.5621596690229238, -6.185749927798884, 3.8491399219781317, -0.7499280918819657, 1.0964504347921027, 1.6460463114225405, -2.1902098713157354
2371, 23.705125432525953, 1.6248822283261295, -2.185252240420397, -2.053070367343322, 0.5621596690229226, 0.0, 0.0, -0.41439943846015603, 1.0423151172206602, 1.624580010895705, -2.185478672955051
2372, 23.71512759515571, 1.6043515246526963, -2.179630643730168, -2.053070367343322, 0.5621596690229226, 0.0, 0.0, -0.35203425544936207, 1.0341853183941356, 1.6036461404213782, -2.1793465428918255
2373, 23.725129757785467, 1.583820820979263, -2.1740090470399385, -2.053070367343322, 0.5621596690229226, 0.0, 0.0, -0.28980230660966777, 1.025874935293992, 1.583377484613314, -2.1739121170936575
2374, 23.735131920415228, 1.5632901173058298, -2.168387450349709, -2.053070367343322, 0.5621596690229226, 0.0, 0.0, -0.22773147393933724, 1.0173857636590897, 1.564833855319217, -2.1689879822802207
2375, 23.745134083044984, 1.5427594136323965, -2.1627658536594803, -2.053070367343322, 0.5621596690229226, 0.0, 0.0, -0.16584960717757002, 1.0087196393872637, 1.5398854196996854, -2.163088764969999
2376, 23.75513624567474, 1.5222287099589633, -2.157144256969251, -2.053070367343322, 0.5621596690229226, 0.0, 0.0, -0.10418451170035503, 0.9998784381288619, 1.5216308264529734, -2.157998990389957
2377, 23.765138408304498, 1.50169800628553, -2.1515226602790216, -2.053070367343322, 0.5621596690229226, 0.0, 0.0, -0.04276393642711107, 0.9908640748714266, 1.5016355226974658, -2.1523944086800135
2378, 23.77514057093426, 1.4811673026120968, -2.1459010635887923, -2.053070367343322, 0.5621596690229226, 0.0, 0.0, 0.018384438256721758, 0.9816785035156248, 1.481690039255958, -2.145098850974802
2379, 23.785142733564015, 1.4606365989386636, -2.140279466898563, -2.053070367343322, 0.5621596690229226, 0.0, 0.0, 0.07923301255595261, 0.9723237164425145, 1.4597290642190095, -2.1397832613998693
2380, 23.795144896193772, 1.4401058952652304, -2.134657870208334, -2.053070367343322, 0.5621596690229226, 0.0, 0.0, 0.13975427929561102, 0.9628017440722418, 1.441306816901779, -2.134364543924618
2381, 23.805147058823533, 1.4195751915917971, -2.1290362735181048, -2.053070367343322, 0.5621596690229226, 0.0, 0.0, 0.19992083591945864, 0.9531146544142732, 1.4201400867854452, -2.12865860044789
2382, 23.81514922145329, 1.3990444879183639, -2.1234146768278754, -2.053070367343322, 0.5621596690229226, 0.0, 0.0, 0.2597053964518905, 0.9432645526092542, 1.3974884123065048, -2.123249204165314
2383, 23.825151384083046, 1.3785137842449307, -2.117793080137646, -2.053070367343322, 0.5621596690229226, 0.0, 0.0, 0.3190808034181014, 0.9332535804626061, 1.3786219570935443, -2.1156252361567165
2384, 23.835153546712803, 1.3579830805714974, -2.112171483447417, -2.053070367343322, 0.5621596690229226, 0.0, 0.0, 0.37802003971739184, 0.9230839159699549, 1.357855728459643, -2.1127755089676845
2385, 23.845155709342563, 1.3374523768980642, -2.106549886757188, -2.053070367343322, 0.5621596690229226, 0.0, 0.0, 0.4364962404445203, 0.9127577728345062, 1.3384574692376532, -2.1072487979614176
2386, 23.85515787197232, 1.316921673224631, -2.1009282900669586, -2.053070367343322, 0.5621596690229226, 0.0, 0.0, 0.49448270465401656, 0.9022773999764668, 1.3170406782011514, -2.100103518790748
2387, 23.865160034602077, 1.2963909695511977, -2.0953066933767293, -2.053070367343322, 0.5621596690229226, 0.0, 0.0, 0.5519529070624096, 0.8916450810346246, 1.2959653496553734, -2.095533615165928
2388, 23.875162197231834, 1.2758602658777645, -2.0896850966865, -2.053070367343322, 0.5621596690229226, 0.0, 0.0, 0.608880509683325, 0.8808631338602002, 1.2764435769549787, -2.089816948543181
2389, 23.885164359861594, 1.2553295622043312, -2.0840634999962706, -2.053070367343322, 0.5621596690229226, 0.0, 0.0, 0.6652393733904616, 0.8699339100030756, 1.2554771949037953, -2.0834347451927915
2390, 23.89516652249135, 1.234798858530898, -2.0784419033060417, -2.053070367343322, 0.5621596690229226, 0.0, 0.0, 0.72100356940346, 0.8588597941905227, 1.234236662533533, -2.078789184191765
2391, 23.905168685121108, 1.2142681548574648, -2.0728203066158124, -2.053070367343322, 0.5621596690229226, 0.0, 0.0, 0.7761473906917233, 0.8476432037985426, 1.2142833793279437, -2.0722785252488904
2392, 23.915170847750865, 1.1937374511840315, -2.067198709925583, -2.053070367343322, 0.5621596690229226, 0.0, 0.0, 0.8306453632912758, 0.8362865883159296, 1.19308020193645, -2.0676211522312973
2393, 23.925173010380625, 1.1732067475105983, -2.0615771132353538, -2.053070367343322, 0.5621596690229226, 0.0, 0.0, 0.884472257529783, 0.8247924288011896, 1.1732392226558648, -2.0616765175122036
2394, 23.935175173010382, 1.152676043837165, -2.055955516545125, -2.053070367343322, 0.5621596690229226, 0.0, 0.0, 0.9376030991548983, 0.8131632373324227, 1.1542632254307512, -2.0570315736737497
2395, 23.94517733564014, 1.1321453401637318, -2.0503339198548955, -2.053070367343322, 0.5621596690229226, 0.0, 0.0, 0.990013180361129, 0.8014015564502985, 1.1328289571942307, -2.050800487566003
2396, 23.9551794982699, 1.1116146364902986, -2.0447123231646662, -2.053070367343322, 0.5621596690229226, 0.0, 0.0, 1.0416780707104634, 0.7895099585942456, 1.113708036130181, -2.0443483809788927
2397, 23.965181660899656, 1.0910839328168653, -2.039090726474437, -2.053070367343322, 0.5621596690229226, 0.0, 0.0, 1.0925736279420537, 0.777491045531981, 1.0909058422468376, -2.0394959230835368
2398, 23.975183823529413, 1.070553229143432, -2.0334691297842076, -2.053070367343322, 0.5621596690229226, 0.0, 0.0, 1.1426760086662702, 0.7653474477825066, 1.0710898242307128, -2.032560671862531
2399, 23.98518598615917, 1.0500225254699986, -2.0278475330939782, -2.053070367343322, 0.5621596690229226, 0.0, 0.0, 1.1919616789385183, 0.7530818240327011, 1.0489062404719445, -2.029880372281994
2400, 23.99518814878893, 1.0294918217965656, -2.0222259364037494, -2.053070367343322, 0.5621596690229226, 0.0, 0.0, 1.2404074247082275, 0.7406968605476346, 1.0285694816982878, -2.023707162904588
2401, 24.005190311418687, 1.0089611181231324, -2.01660433971352, -2.053070367343322, 0.5621596690229226, 0.0, 0.0, 1.287990362138522, 0.7281952705747421, 1.0090789794183601, -2.017494369024251
2402, 24.015192474048444, 0.9884304144496991, -2.0109827430232907, -2.053070367343322, 0.5621596690229226, 0.0, 0.0, 1.3346879477920606, 0.7155797937419804, 0.9895961792007031, -2.0102627445722185
2403, 24.0251946366782, 0.9678997107762659, -2.005361146333062, -2.053070367343322, 0.5621596690229226, 0.0, 0.0, 1.3804779886786704, 0.7028531954501116, 0.9670810259181574, -2.004493616672033
2404, 24.03519679930796, 0.9473690071028327, -1.9997395496428325, -2.053070367343322, 0.5621596690229226, 0.0, 0.0, 1.4253386521604066, 0.6900182662592407, 0.9499385132150677, -1.9984347065289507
2405, 24.045198961937718, 0.9268383034293994, -1.9941179529526032, -2.053070367343322, 0.5621596690229226, 0.0, 0.0, 1.4692484757097284, 0.6770778212697464, 0.9246307202793277, -1.9947835214569052
2406, 24.055201124567475, 0.9063075997559662, -1.9884963562623739, -2.053070367343322, 0.5621596690229226, 0.0, 0.0, 1.5121863765165728, 0.6640346994977432, 0.9054535382954731, -1.989046181143375
2407, 24.06520328719723, 0.885776896082533, -1.9828747595721448, -2.053070367343322, 0.5621596690229226, 0.0, 0.0, 1.5541316609401439, 0.6508917632452129, 0.8858094901269723, -1.9836015260154423
2408, 24.075205449826992, 0.8652461924090997, -1.9772531628819154, -2.053070367343322, 0.5621596690229226, 0.0, 0.0, 1.5950640338013078, 0.6376518974649454, 0.8656779009840143, -1.977155504418823
2409, 24.08520761245675, 0.8447154887356665, -1.9716315661916863, -2.053070367343322, 0.5621596690229226, 0.0, 0.0, 1.6349636075115503, 0.6243180091204302, 0.8448799117472944, -1.9706750492159903
2410, 24.095209775086506, 0.8241847850622332, -1.966009969501457, -2.053070367343322, 0.5621596690229226, 0.0, 0.0, 1.6738109110345296, 0.6108930265408411, 0.8227718808724335, -1.966031826114214
2411, 24.105211937716266, 0.8036540813888, -1.9603883728112277, -2.053070367343322, 0.5621596690229226, 0.0, 0.0, 1.7115868986763028, 0.597379898771255, 0.8039779124443639, -1.958825288436484
2412, 24.115214100346023, 0.7831233777153668, -1.9547667761209986, -2.053070367343322, 0.5621596690229226, 0.0, 0.0, 1.7482729587004076, 0.5837815949182548, 0.7848871938814419, -1.9544370485931013
2413, 24.12521626297578, 0.7625926740419335, -1.9491451794307693, -2.053070367343322, 0.5621596690229226, 0.0, 0.0, 1.7838509217640302, 0.5701011034910548, 0.7637087769747256, -1.948395915170855
2414, 24.135218425605537, 0.7420619703685003, -1.9435235827405402, -2.053070367343322, 0.5621596690229226, 0.0, 0.0, 1.8183030691715683, 0.5563414317383009, 0.7411236791124283, -1.94094559824884
2415, 24.145220588235297, 0.7215312666950671, -1.9379019860503108, -2.053070367343322, 0.5621596690229226, 0.0, 0.0, 1.8516121409419912, 0.5425056049806891, 0.7209538067788118, -1.9365218720859299
2416, 24.155222750865054, 0.7010005630216338, -1.9322803893600815, -2.053070367343322, 0.5621596690229226, 0.0, 0.0, 1.883761343686443, 0.5285966659395531, 0.7003642869592965, -1.9314134833580339
2417, 24.16522491349481, 0.6804698593482006, -1.9266587926698524, -2.053070367343322, 0.5621596690229226, 0.0, 0.0, 1.9147343582926624, 0.5146176740615673, 0.680315342614266, -1.9286810258533091
2418, 24.175227076124568, 0.6599391556747674, -1.921037195979623, -2.053070367343322, 0.5621596690229226, 0.0, 0.0, 1.9445153474128176, 0.5005717048397214, 0.6608218087568034, -1.9204296686947147
2419, 24.185229238754328, 0.6394084520013341, -1.915415599289394, -2.053070367343322, 0.5621596690229226, 0.0, 0.0, 1.9730889627514863, 0.48646184913070634, 0.6400581120443193, -1.9163826767441556
2420, 24.195231401384085, 0.6188777483279009, -1.9097940025991647, -2.053070367343322, 0.5621596690229226, 0.0, 0.0, 2.00044035215056, 0.4722912124688788, 0.6196214272276834, -1.9106105738189936
2421, 24.20523356401384, 0.5983470446544676, -1.9041724059089353, -2.053070367343322, 0.5621596690229226, 0.0, 0.0, 2.0265551664679515, 0.4580629143769396, 0.599336485699162, -1.9045893364000082
2422, 24.2152357266436, 0.5778163409810344, -1.8985508092187062, -2.053070367343322, 0.5621596690229226, 0.0, 0.0, 2.0514195662470827, 0.4437800876734937, 0.576801539845622, -1.8980088735429896
2423, 24.22523788927336, 0.5572856373076012, -1.8929292125284771, -2.053070367343322, 0.5621596690229226, 0.0, 0.0, 2.0750202281741794, 0.42944587777763754, 0.5593779058461931, -1.8929341377709266
2424, 24.235240051903116, 0.5367549336341679, -1.8873076158382478, -2.053070367343322, 0.5621596690229226, 0.0, 0.0, 2.097344351320533, 0.4150634420107304, 0.5368759197525735, -1.887046278227624
2425, 24.245242214532873, 0.5162242299607347, -1.8816860191480185, -2.053070367343322, 0.5621596690229226, 0.0, 0.0, 2.1183796631669525, 0.400635948895504, 0.516747461932465, -1.880482055127537
2426, 24.255244377162633, 0.49569352628730146, -1.8760644224577894, -2.053070367343322, 0.5621596690229226, 0.0, 0.0, 2.1381144254077213, 0.38616657745266936, 0.496056678405277, -1.8768814950860926
2427, 24.26524653979239, 0.4751628226138682, -1.87044282576756, -2.053070367343322, 0.5621596690229226, 0.0, 0.0, 2.156537439531485, 0.3716585164951734, 0.4743736948431135, -1.8695495506538444
2428, 24.275248702422147, 0.454632118940435, -1.864821229077331, -2.053070367343322, 0.5621596690229226, 0.0, 0.0, 2.1736380521765697, 0.35711496392026365, 0.45441363354921677, -1.8635420924126416
2429, 24.285250865051903, 0.43410141526700174, -1.8591996323871016, -2.053070367343322, 0.5621596690229226, 0.0, 0.0, 2.1894061602583257, 0.342539125999519, 0.4338972984616378, -1.8587709912833577
2430, 24.295253027681664, 0.4135707115935685, -1.8535780356968723, -2.053070367343322, 0.5621596690229226, 0.0, 0.0, 2.203832215866213, 0.32793421666700356, 0.41390767258501504, -1.852762412420317
2431, 24.30525519031142, 0.39304000792013527, -1.8479564390066432, -2.053070367343322, 0.5621596690229226, 0.0, 0.0, 2.2169072309284017, 0.3133034568057008, 0.39359115177272797, -1.8489671169798945
2432, 24.315257352941178, 0.37250930424670203, -1.8423348423164139, -2.053070367343322, 0.5621596690229226, 0.0, 0.0, 2.2286227816417954, 0.2986500735323907, 0.3721749570743281, -1.8430026083629996
2433, 24.325259515570934, 0.3519786005732688, -1.8367132456261848, -2.053070367343322, 0.5621596690229226, 0.0, 0.0, 2.238971012665461, 0.28397729948112144, 0.3498401459337525, -1.83586821488656
2434, 24.335261678200695, 0.33144789689983556, -1.8310916489359554, -2.053070367343322, 0.5621596690229226, 0.0, 0.0, 2.247944641075546, 0.2692883720854439, 0.33116381273060497, -1.831724955860442
2435, 24.34526384083045, 0.3109171932264023, -1.8254700522457261, -2.053070367343322, 0.5621596690229226, 0.0, 0.0, 2.255536960079893, 0.25458653285956023, 0.309906354043537, -1.8241165091784917
2436, 24.35526600346021, 0.2903864895529691, -1.819848455555497, -2.053070367343322, 0.5621596690229226, 0.0, 0.0, 2.2617418424906295, 0.2398750266785517, 0.292769972932504, -1.8183471886814082
2437, 24.365268166089965, 0.26985578587953585, -1.8142268588652677, -2.053070367343322, 0.5621596690229226, 0.0, 0.0, 2.2665537439531223, 0.22515710105784473, 0.2700768622296614, -1.8135841350572015
2438, 24.375270328719726, 0.2493250822061026, -1.8086052621750386, -2.053070367343322, 0.5621596690229226, 0.0, 0.0, 2.269967705929804, 0.21043600543207125, 0.24974289222626878, -1.808782951406639
2439, 24.385272491349482, 0.22879437853266937, -1.8029836654848093, -2.053070367343322, 0.5621596690229226, 0.0, 0.0, 2.2719793584374615, 0.19571499043349155, 0.2293820003857902, -1.8021896650061555
2440, 24.39527465397924, 0.20826367485923614, -1.79736206879458, -2.053070367343322, 0.5621596690229226, 0.0, 0.0, 2.272584922536692, 0.1809973071701309, 0.20893203894063034, -1.7960020914395054
2441, 24.405276816609, 0.1877329711858029, -1.7917404721043508, -2.053070367343322, 0.5621596690229226, 0.0, 0.0, 2.2717812125723333, 0.16628620650379736, 0.18570197557649745, -1.789678373026088
2442, 24.415278979238757, 0.16720226751236966, -1.7861188754141217, -2.053070367343322, 0.5621596690229226, 0.0, 0.0, 2.2695656381637774, 0.15158493832813885, 0.16621318978345329, -1.786007101495416
2443, 24.425281141868513, 0.14667156383893643, -1.7804972787238924, -2.053070367343322, 0.5621596690229226, 0.0, 0.0, 2.2659362059441936, 0.1368967508468985, 0.14707667499758528, -1.7806844697088609
2444, 24.43528330449827, 0.1261408601655032, -1.774875682033663, -2.053070367343322, 0.5621596690229226, 0.0, 0.0, 2.2608915210477702, 0.12222488985253002, 0.1252806167361313, -1.77592485378952
2445, 24.44528546712803, 0.10561015649206995, -1.7692540853434338, -2.053070367343322, 0.5621596690229226, 0.0, 0.0, 2.254430788344216, 0.10757259800533447, 0.10668816717554777, -1.7697302071839094
2446, 24.455287629757787, 0.08507945281863671, -1.7636324886532047, -2.053070367343322, 0.5621596690229226, 0.0, 0.0, 2.2465538134198546, 0.09294311411327655, 0.08462918763648528, -1.7633973984182858
2447, 24.465289792387544, 0.06454874914520348, -1.7580108919629756, -2.053070367343322, 0.5621596690229226, 0.0, 0.0, 2.2372610033047495, 0.0783396724126425, 0.06572397572352003, -1.7567593571502942
2448, 24.4752919550173, 0.04401804547177024, -1.7523892952727462, -2.053070367343322, 0.5621596690229226, 0.0, 0.0, 2.226553366945417, 0.06376550184969737, 0.04216768508275308, -1.7529824956677342
2449, 24.48529411764706, 0.023487341798337003, -1.746767698582517, -2.053070367343322, 0.5621596690229226, 0.0, 0.0, 2.2144325154227857, 0.04922382536350203, 0.02262140142263234, -1.7447030216201764
2450, 24.49529628027682, 0.0029566381249037654, -1.7411461018922878, -2.053070367343322, 0.5621596690229226, 0.0, 0.0, 2.200900661915149, 0.034717859170051324, 0.003113279434315131, -1.7430635134404737
2451, 24.505298442906575, -0.01757406554852947, -1.7355245052020585, -2.053070367343322, 0.5621596690229226, 0.0, 0.0, 2.1859606214060197, 0.0202508120478902, -0.018500971067814346, -1.7347620077904498
2452, 24.515300605536332, -0.03810476922196271, -1.7299029085118294, -2.053070367343322, 0.5621596690229226, 0.0, 0.0, 2.1696158101368264, 0.0058258846253656515, -0.03880414580130933, -1.7281761944624858
2453, 24.525302768166092, -0.058635472895395946, -1.7242813118216, -2.053070367343322, 0.5621596690229226, 0.0, 0.0, 2.1518702448045772, -0.008553731330322722, -0.058049298450215975, -1.7235916674018732
2454, 24.53530493079585, -0.07916617656882918, -1.7186597151313707, -2.053070367343322, 0.5621596690229226, 0.0, 0.0, 2.1327285415046546, -0.02288485362212128, -0.0795828397703024, -1.7184716671229028
2455, 24.545307093425606, -0.09969688024226242, -1.7130381184411416, -2.053070367343322, 0.5621596690229226, 0.0, 0.0, 2.1121959144190763, -0.037164310330007666, -0.09941528463987655, -1.7108180849005798
2456, 24.555309256055367, -0.12022758391569566, -1.7074165217509125, -2.053070367343322, 0.5621596690229226, 0.0, 0.0, 2.090278174250607, -0.05138894051560772, -0.1200938845833694, -1.7094146443933977
2457, 24.565311418685123, -0.1407582875891289, -1.7017949250606832, -2.053070367343322, 0.5621596690229226, 0.0, 0.0, 2.0669817264032613, -0.06555559492438778, -0.14081709665221195, -1.7011655711883156
2458, 24.57531358131488, -0.16128899126256213, -1.6961733283704539, -2.053070367343322, 0.5621596690229226, 0.0, 0.0, 2.042313568909815, -0.07966113668526686, -0.16152776458792856, -1.6970206294776196
2459, 24.585315743944637, -0.18181969493599537, -1.6905517316802245, -2.053070367343322, 0.5621596690229226, 0.0, 0.0, 2.016281290107055, -0.09370244200748978, -0.1828615946738627, -1.6896769318586449
2460, 24.595317906574397, -0.2023503986094286, -1.6849301349899954, -2.053070367343322, 0.5621596690229226, 0.0, 0.0, 1.9888930660596245, -0.10767640087461094, -0.20360862443623834, -1.684250189092803
2461, 24.605320069204154, -0.22288110228286184, -1.6793085382997663, -2.053070367343322, 0.5621596690229226, 0.0, 0.0, 1.9601576577333932, -0.12157991773543031, -0.2223573238926218, -1.6792055831531378
2462, 24.61532223183391, -0.24341180595629508, -1.673686941609537, -2.053070367343322, 0.5621596690229226, 0.0, 0.0, 1.9300844079194155, -0.13540991219173237, -0.2439055397796279, -1.6748789869420573
2463, 24.625324394463668, -0.2639425096297283, -1.6680653449193077, -2.053070367343322, 0.5621596690229226, 0.0, 0.0, 1.898683237909637, -0.149163319682671, -0.26514165691802305, -1.6682096850156127
2464, 24.63532655709343, -0.2836234729827667, -1.662794017318018, -1.88842971449962, 0.4935590954057151, 15.93332416084174, -6.714732944649908, 2.904420074395586, -0.11162636306622581, -0.2832394297956198, -1.6635517677646892
2465, 24.645328719723185, -0.3017111039197208, -1.6581941630111934, -1.7290964728912028, 0.4264117659592159, 15.93332416084174, -6.714732944649908, 2.962744945561189, -0.14454903233757066, -0.3008633179432932, -1.6577032886175096
2466, 24.655330882352942, -0.3182054024405907, -1.6542657819988338, -1.569763231282785, 0.3592644365127168, 15.93332416084174, -6.714732944649908, 3.021609324685783, -0.17778410325977984, -0.31827167768084785, -1.6543922771390596
2467, 24.6653330449827, -0.3331063685453765, -1.651008874280939, -1.4104299896743675, 0.29211710706621774, 15.93332416084174, -6.714732944649908, 3.0812616589884883, -0.21134687696405136, -0.3334398746372046, -1.6508887655556899
2468, 24.67533520761246, -0.3464140022340781, -1.6484234398575093, -1.25109674806595, 0.22496977761971854, 15.93332416084174, -6.714732944649908, 3.1419240448763897, -0.24525158894386415, -0.34610941075053697, -1.6471100984076978
2469, 24.685337370242216, -0.3581283035066955, -1.6465094787285446, -1.0917635064575324, 0.15782244817321933, 15.93332416084174, -6.714732944649908, 3.2037927233522048, -0.27951140709445743, -0.35778089235252825, -1.6464967459680202
2470, 24.695339532871973, -0.36824927236322874, -1.645266990894045, -0.932430264849115, 0.09067511872672018, 15.93332416084174, -6.714732944649908, 3.2670385863080984, -0.3141384201739559, -0.3691763456226095, -1.645895277416149
2471, 24.705341695501733, -0.37677690880367787, -1.6446959763540103, -0.7730970232406974, 0.02352778928022109, 15.93332416084174, -6.714732944649908, 3.331807675032149, -0.34914361636853397, -0.37674275884225894, -1.645100406635186
2472, 24.71534385813149, -0.3837112128280427, -1.6447964351084405, -0.6137637816322797, -0.04361954016627806, 15.93332416084174, -6.714732944649908, 3.3982216546918576, -0.3845368516618499, -0.3840434079730066, -1.6447534219986648
2473, 24.725346020761247, -0.38905218443632344, -1.6455683671573358, -0.4544305400238622, -0.11076686961277721, 15.93332416084174, -6.714732944649908, 3.4663782509368253, -0.4203268077293755, -0.38876332193625046, -1.6443622623291603
2474, 24.735348183391004, -0.39279982362852, -1.647011772500696, -0.29509729841544474, -0.17791419905927636, 15.93332416084174, -6.714732944649908, 3.5363516370796675, -0.456520939101546, -0.39428409939378645, -1.6458441268393864
2475, 24.745350346020764, -0.39495413040463234, -1.6491266511385214, -0.13576405680702708, -0.2450615285057755, 15.93332416084174, -6.714732944649908, 3.608192762573628, -0.4931254093662273, -0.39475946545914287, -1.649291370266486
2476, 24.75535250865052, -0.3955151047646605, -1.6519130030708116, 0.023569184801390586, -0.3122088579522747, 15.93332416084174, -6.714732944649908, 3.681929615713143, -0.5301450162112206, -0.3950299488691544, -1.6523101936504527
2477, 24.765354671280278, -0.3944827467086045, -1.6553708282975668, 0.18290242640980825, -0.37935618739877386, 15.93332416084174, -6.714732944649908, 3.757567415648248, -0.5675831051418055, -0.3961943580170957, -1.6574848841499172
2478, 24.775356833910035, -0.39185705623646433, -1.659500126818787, 0.3422356680182257, -0.44650351684527295, 15.93332416084174, -6.714732944649908, 3.835088730935567, -0.6054414717470595, -0.39213793690675414, -1.658798123908246
2479, 24.785358996539795, -0.38763803334824004, -1.6643008986344723, 0.5015689096266431, -0.5136508462917719, 15.93332416084174, -6.714732944649908, 3.9144535239591507, -0.6437202524323464, -0.3864718360313393, -1.6625548663150886
2480, 24.795361159169552, -0.3818256780439315, -1.6697731437446226, 0.6609021512350608, -0.5807981757382712, 15.93332416084174, -6.714732944649908, 3.995599122655918, -0.6824178035843369, -0.38309918493823486, -1.6713637002529116
2481, 24.80536332179931, -0.3744199903235388, -1.6759168621492377, 0.8202353928434782, -0.6479455051847705, 15.93332416084174, -6.714732944649908, 4.078440123085368, -0.721530569189693, -0.37391591573100635, -1.6759477120109596
2482, 24.815365484429066, -0.36542097018706193, -1.682732053848318, 0.9795686344518959, -0.7150928346312695, 15.93332416084174, -6.714732944649908, 4.162868228503671, -0.7610529369895361, -0.36459267800345435, -1.6815323764332266
2483, 24.825367647058826, -0.35482861763450085, -1.6902187188418631, 1.1389018760603133, -0.7822401640777686, 15.93332416084174, -6.714732944649908, 4.248752032749382, -0.8009770833194888, -0.35554605194510175, -1.6904099198532687
2484, 24.835369809688583, -0.3426429326658556, -1.6983768571298734, 1.2982351176687308, -0.8493874935242679, 15.93332416084174, -6.714732944649908, 4.335936757931652, -0.8412928068598695, -0.34337552258481097, -1.6990779002189653
2485, 24.84537197231834, -0.3288639152811262, -1.7072064687123485, 1.4575683592771485, -0.9165348229707669, 15.93332416084174, -6.714732944649908, 4.424243958639601, -0.8819873516029504, -0.32839586110325114, -1.7073375863485565
2486, 24.8553741349481, -0.3134915654803126, -1.7167075535892886, 1.616901600885566, -0.9836821524172661, 15.93332416084174, -6.714732944649908, 4.513471207168955, -0.9230452194344758, -0.3150116028448517, -1.7178339049953
2487, 24.865376297577857, -0.2965258832634149, -1.7268801117606938, 1.7762348424939833, -1.0508294818637651, 15.93332416084174, -6.714732944649908, 4.603391776590656, -0.9644479728252531, -0.29762655795689524, -1.7258844824443056
2488, 24.875378460207614, -0.2779668686304329, -1.737724143226564, 1.9355680841024008, -1.1179768113102642, 15.93332416084174, -6.714732944649908, 4.693754340864788, -1.0061740282359448, -0.27921132399770615, -1.73783925215395
2489, 24.88538062283737, -0.25781452158136686, -1.7492396479868992, 2.094901325710819, -1.1851241407567636, 15.93332416084174, -6.714732944649908, 4.784282713625333, -1.048198440954474, -0.25730692137615585, -1.7486809605538853
2490, 24.89538278546713, -0.23606884211621654, -1.7614266260416993, 2.2542345673192363, -1.2522714702032627, 15.93332416084174, -6.714732944649908, 4.8746756497160195, -1.0904926822109964, -0.23605960207098045, -1.7611205497902946
2491, 24.905384948096888, -0.21272983023498204, -1.7742850773909644, 2.4135678089276538, -1.319418799649762, 15.93332416084174, -6.714732944649908, 4.964606736028079, -1.1330244095503856, -0.21280567373380474, -1.7736472072824208
2492, 24.915387110726645, -0.18779748593766343, -1.7878150020346946, 2.572901050536071, -1.386566129096261, 15.93332416084174, -6.714732944649908, 5.053724400654046, -1.175757231586678, -0.18753479927809952, -1.7877794010794674
2493, 24.9253892733564, -0.16127180922426054, -1.8020163999728898, 2.732234292144489, -1.4537134585427602, 15.93332416084174, -6.714732944649908, 5.141652071797768, -1.2186504684181023, -0.15901719360315147, -1.8005742373586944
2494, 24.935391435986162, -0.1331528000947736, -1.8168892712055498, 2.8915675337529065, -1.5208607879892593, 15.93332416084174, -6.714732944649908, 5.227988520232086, -1.2616589091449457, -0.13270900450453707, -1.8177875888969608
2495, 24.94539359861592, -0.10344045854920247, -1.832433615732675, 3.050900775361324, -1.5880081174357583, 15.93332416084174, -6.714732944649908, 5.3123084213265095, -1.304732568105598, -0.10307216469227891, -1.8323400308913074
2496, 24.955395761245676, -0.07213478458754707, -1.848649433554265, 3.210234016969742, -1.6551554468822576, 15.93332416084174, -6.714732944649908, 5.394163174723358, -1.3478164416282084, -0.07162593469257073, -1.8475770955066166
2497, 24.965397923875432, -0.039235778209807504, -1.86553672467032, 3.369567258578159, -1.7223027763287566, 15.93332416084174, -6.714732944649908, 5.47308202155892, -1.3908502672862477, -0.037938947787021976, -1.866926018223772
2498, 24.975400086505193, -0.004743439415983652, -1.8830954890808402, 3.5289005001865763, -1.789450105775256, 15.93332416084174, -6.714732944649908, 5.548573500633631, -1.4337682878451337, -0.004119647365318811, -1.8826855633030994
2499, 24.98540224913495, 0.03134223179392426, -1.9013257267858252, 3.688233741794994, -1.856597435221755, 15.93332416084174, -6.714732944649908, 5.620127286049507, -1.4764990222933942, 0.03130210061937946, -1.9021563209719394
2500, 24.995404411764707, 0.06902123541991612, -1.9202274377852753, 3.847566983403412, -1.9237447646682542, 15.93332416084174, -6.714732944649908, 5.687216449462658, -1.5189650465645954, 0.06876136942451642, -1.9218346021867379
2501, 25.005406574394467, 0.10829357146199226, -1.9398006220791904, 4.0069002250118295, -1.990892094114753, 15.93332416084174, -6.714732944649908, 5.749300190142273, -1.5610827867743624, 0.1083794090588442, -1.940178160583578
2502, 25.015408737024224, 0.1491592399201528, -1.9600452796675705, 4.1662334666202465, -2.0580394235612527, 15.93332416084174, -6.714732944649908, 5.805827075375328, -1.6027623280190493, 0.14818356737281937, -1.9609574003235375
2503, 25.02541089965398, 0.19161824079439738, -1.9809614105504154, 4.325566708228664, -2.1251867530077515, 15.93332416084174, -6.714732944649908, 5.856238832290289, -1.643907242007323, 0.18961546824442152, -1.9818288567530677
2504, 25.035413062283737, 0.2348739078766826, -2.002213278080492, 4.325566708228659, -2.1251867530077493, 0.0, 0.0, 5.0552715260565915, -1.593891065436234, 0.23525117735891904, -2.000005385805676
2505, 25.045415224913498, 0.2781295749589692, -2.0234651456105697, 4.325566708228659, -2.1251867530077493, 0.0, 0.0, 5.041348871133015, -1.569295891861028, 0.27783287626323, -2.0221600648682747
2506, 25.055417387543255, 0.32138524204125585, -2.044717013140647, 4.325566708228659, -2.1251867530077493, 0.0, 0.0, 5.021451142301782, -1.5444663440552548, 0.32157306467095903, -2.0432890818540073
2507, 25.06541955017301, 0.3646409091235425, -2.0659688806707246, 4.325566708228659, -2.1251867530077493, 0.0, 0.0, 4.995648802917007, -1.5194143276015022, 0.3638716155656087, -2.067530246002506
2508, 25.07542171280277, 0.4078965762058291, -2.087220748200802, 4.325566708228659, -2.1251867530077493, 0.0, 0.0, 4.964023620594614, -1.4941518508993774, 0.40941263267266687, -2.086529770695872
2509, 25.08542387543253, 0.45115224328811565, -2.10847261573088, 4.325566708228659, -2.1251867530077493, 0.0, 0.0, 4.926668498153626, -1.4686910194060796, 0.45158620011629935, -2.1087864620548014
2510, 25.095426038062286, 0.49440791037040244, -2.1297244832609574, 4.325566708228659, -2.1251867530077493, 0.0, 0.0, 4.883687283614018, -1.4430440298321623, 0.49291558103577415, -2.1301456648894503
2511, 25.105428200692042, 0.537663577452689, -2.150976350791035, 4.325566708228659, -2.1251867530077493, 0.0, 0.0, 4.835194559614415, -1.4172231642952808, 0.5369270336141935, -2.152832577566464
2512, 25.1154303633218, 0.5809192445349756, -2.1722282183211123, 4.325566708228659, -2.1251867530077493, 0.0, 0.0, 4.781315412651397, -1.391240784434715, 0.5815689578356527, -2.1707603537655316
2513, 25.12543252595156, 0.6241749116172624, -2.19348008585119, 4.325566708228659, -2.1251867530077493, 0.0, 0.0, 4.722185182579985, -1.3651093254895013, 0.6246866708744526, -2.1960375734690047
2514, 25.135434688581316, 0.6674305786995489, -2.2147319533812673, 4.325566708228659, -2.1251867530077493, 0.0, 0.0, 4.6579491928518575, -1.3388412903430063, 0.6683395545464903, -2.2142948349183915
2515, 25.145436851211073, 0.7106862457818355, -2.2359838209113447, 4.325566708228659, -2.1251867530077493, 0.0, 0.0, 4.588762462003906, -1.3124492435367956, 0.7104819800543765, -2.2358980528603905
2516, 25.155439013840834, 0.753941912864122, -2.2572356884414226, 4.325566708228659, -2.1251867530077493, 0.0, 0.0, 4.514789396944874, -1.2859458052566715, 0.7532663641383472, -2.2573498774008267
2517, 25.16544117647059, 0.7970116155440818, -2.278074474423951, 4.256793130257532, -2.02705458522617, -10.035427547689848, 11.364802605336015, 3.9791480120610743, -1.0561461690426885, 0.7975057341867696, -2.277017822117988
2518, 25.175443339100347, 0.8390777754692729, -2.297776780145946, 4.1564388547806335, -1.9134065591728096, -10.035427547689848, 11.364802605336015, 3.8649773981053794, -0.9572274866536621, 0.8382843833538416, -2.296653841522243
2519, 25.185445501730104, 0.8801403926396946, -2.3163426056074075, 4.056084579303734, -1.7997585331194497, -10.035427547689848, 11.364802605336015, 3.7484223652513995, -0.8593452894158913, 0.8787562294266578, -2.318825609171171
2520, 25.195447664359865, 0.9201994670553474, -2.333771950808335, 3.955730303826836, -1.6861105070660893, -10.035427547689848, 11.364802605336015, 3.6299635539143003, -0.7624813160688622, 0.9202771200152594, -2.3342324351336443
2521, 25.20544982698962, 0.9592549987162313, -2.350064815748729, 3.8553760283499376, -1.572462481012729, -10.035427547689848, 11.364802605336015, 3.510057374333819, -0.6666145419620914, 0.9595645585153433, -2.3499921969153434
2522, 25.21545198961938, 0.9973069876223464, -2.3652212004285897, 3.755021752873039, -1.4588144549593687, -10.035427547689848, 11.364802605336015, 3.3891353408720954, -0.5717218190905797, 0.9971067791964291, -2.3656379365090685
2523, 25.225454152249135, 1.0343554337736922, -2.3792411048479165, 3.6546674773961407, -1.3451664289060088, -10.035427547689848, 11.364802605336015, 3.2676036538121496, -0.47777846734972274, 1.0346174849143894, -2.381110916946217
2524, 25.235456314878896, 1.0704003371702693, -2.39212452900671, 3.554313201919242, -1.2315184028526485, -10.035427547689848, 11.364802605336015, 3.1458430054334703, -0.384758818503842, 1.0691382618383933, -2.392459428843811
2525, 25.245458477508652, 1.1054416978120771, -2.4038714729049695, 3.4539589264423434, -1.1178703767992881, -10.035427547689848, 11.364802605336015, 3.024208587672978, -0.29263671463559887, 1.1040965567905199, -2.4053699033069367
2526, 25.25546064013841, 1.1394795156991162, -2.4144819365426957, 3.353604650965445, -1.0042223507459278, -10.035427547689848, 11.364802605336015, 2.9030302793863902, -0.2013859630509312, 1.139151283772889, -2.414686989885267
2527, 25.265462802768166, 1.172513790831386, -2.423955919919888, 3.253250375488546, -0.8905743246925677, -10.035427547689848, 11.364802605336015, 2.782612992076746, -0.11098074976185957, 1.1721126897872611, -2.4225592309824013
2528, 25.275464965397926, 1.2045445232088872, -2.432293423036547, 3.152896100011647, -0.7769262986392074, -10.035427547689848, 11.364802605336015, 2.6632371539253654, -0.021396013763287702, 1.205593214111274, -2.431788654957479
2529, 25.285467128027683, 1.235571712831619, -2.4394944458926724, 3.052541824534749, -0.663278272585847, -10.035427547689848, 11.364802605336015, 2.545159313020682, 0.06739221563468895, 1.2358577895232978, -2.439028591899735
2530, 25.29546929065744, 1.2655953596995821, -2.445558988488264, 2.9521875490578506, -0.5496302465324868, -10.035427547689848, 11.364802605336015, 2.4286128418090036, 0.15540651615528478, 1.2643750635219302, -2.4464598768707724
2531, 25.3054714532872, 1.294615463812776, -2.450487050823322, 2.8518332735809517, -0.4359822204791266, -10.035427547689848, 11.364802605336015, 2.3138087259678533, 0.24266780235681729, 1.2953828561502374, -2.450184150391767
2532, 25.315473615916957, 1.3226320251712012, -2.4542786328978465, 2.7514789981040533, -0.3223341944257663, -10.035427547689848, 11.364802605336015, 2.2009364221087337, 0.3291950857302823, 1.3217997907819052, -2.454735863627081
2533, 25.325475778546714, 1.3496450437748573, -2.4569337347118374, 2.6511247226271544, -0.20868616837240594, -10.035427547689848, 11.364802605336015, 2.090164769935905, 0.4150052630348231, 1.3487818688452506, -2.4580618096070808
2534, 25.33547794117647, 1.3756545196237444, -2.4584523562652945, 2.5507704471502564, -0.09503814231904562, -10.035427547689848, 11.364802605336015, 1.9816429457070872, 0.5001129309386179, 1.3765980495158883, -2.459616534340075
2535, 25.34548010380623, 1.4006604527178625, -2.458834497558218, 2.4504161716733575, 0.018609883734314492, -10.035427547689848, 11.364802605336015, 1.8755014450488807, 0.584530225180351, 1.4012487897779573, -2.4579949663284704
2536, 25.35548226643599, 1.4246628430572115, -2.4580801585906085, 2.350061896196459, 0.1322579097876746, -10.035427547689848, 11.364802605336015, 1.771853084363911, 0.6682666826330482, 1.4240690873336292, -2.4566133175546465
2537, 25.365484429065745, 1.4476616906417916, -2.456189339362465, 2.2497076207195605, 0.24590593584103515, -10.035427547689848, 11.364802605336015, 1.6707940112198085, 0.7513291248346554, 1.447528922011524, -2.4570545942342816
2538, 25.375486591695502, 1.4696569954716028, -2.4531620398737877, 2.149353345242662, 0.35955396189439515, -10.035427547689848, 11.364802605336015, 1.57240471522509, 0.8337215617455718, 1.4698597442894539, -2.4512441696411136
2539, 25.385488754325262, 1.490648757546645, -2.448998260124577, 2.048999069765763, 0.4732019879477556, -10.035427547689848, 11.364802605336015, 1.4767510319682213, 0.9154451146998684, 1.491840341754191, -2.448626192196438
2540, 25.39549091695502, 1.5106369768669181, -2.4436980001148325, 1.9486447942888647, 0.5868500140011157, -10.035427547689848, 11.364802605336015, 1.383885133619213, 0.9964979577316944, 1.5108022937549195, -2.443665080997225
2541, 25.405493079584776, 1.5296216534324223, -2.4372612598445547, 1.848290518811966, 0.7004980400544759, -10.035427547689848, 11.364802605336015, 1.2938465007646485, 1.0768752766791896, 1.52812096222334, -2.4389126396801997
2542, 25.415495242214533, 1.5476027872431575, -2.429688039313743, 1.7479362433350676, 0.8141460661078362, -10.035427547689848, 11.364802605336015, 1.2066628709647373, 1.1565692456928596, 1.5476722702539458, -2.430560326044173
2543, 25.425497404844293, 1.5645803782991237, -2.420978338522398, 1.647581967858169, 0.9277940921611965, -10.035427547689848, 11.364802605336015, 1.122351160383026, 1.2355690210016952, 1.5640908291786586, -2.4197617114832366
2544, 25.43549956747405, 1.5805544266003209, -2.411132157470519, 1.5472276923812704, 1.0414421182145566, -10.035427547689848, 11.364802605336015, 1.0409183556448864, 1.3138607520162089, 1.5810833522570942, -2.410749535488772
2545, 25.445501730103807, 1.595524932146749, -2.4001494961581065, 1.446873416904372, 1.1550901442679171, -10.035427547689848, 11.364802605336015, 0.9623623738292081, 1.3914276100708214, 1.5964640604830052, -2.4008125276072305
2546, 25.455503892733567, 1.6094918949384083, -2.388030354585161, 1.346519141427473, 1.2687381703212772, -10.035427547689848, 11.364802605336015, 0.8866728891887523, 1.4682498353264228, 1.6088128350805824, -2.3877727345750395
2547, 25.465506055363324, 1.6224553149752987, -2.374774732751681, 1.2461648659505749, 1.3823861963746376, -10.035427547689848, 11.364802605336015, 0.8138321258284716, 1.5443048025650805, 1.6210928665434134, -2.3752464732293497
2548, 25.47550821799308, 1.63441519225742, -2.360382630657668, 1.1458105904736762, 1.4960342224279977, -10.035427547689848, 11.364802605336015, 0.7438156161479552, 1.6195671068102007, 1.6338470536843286, -2.35987126157043
2549, 25.485510380622838, 1.6453715267847722, -2.3448540483031213, 1.0454563149967777, 1.6096822484813578, -10.035427547689848, 11.364802605336015, 0.676592925374479, 1.6940086698943346, 1.6439593276338516, -2.3443665868184054
2550, 25.495512543252598, 1.6553243185573554, -2.328188985688041, 0.945102039519879, 1.7233302745347183, -10.035427547689848, 11.364802605336015, 0.6121283429770397, 1.767598869270217, 1.6541634576005881, -2.328253428416781
2551, 25.505514705882355, 1.6642735675751696, -2.3103874428124267, 0.8447477640429804, 1.8369783005880782, -10.035427547689848, 11.364802605336015, 0.5503815421595346, 1.8403046905154117, 1.663600785450523, -2.309340282110695
2552, 25.515516868512112, 1.6722192738382151, -2.291449419676279, 0.7443934885660819, 1.9506263266414388, -10.035427547689848, 11.364802605336015, 0.4913082089828308, 1.912090905113633, 1.6727655736249318, -2.290615042725503
2553, 25.52551903114187, 1.6791614373464914, -2.2713749162795978, 0.6440392130891833, 2.064274352694799, -10.035427547689848, 11.364802605336015, 0.4348606429606625, 1.9829202752026525, 1.67798042985291, -2.2719270836735275
2554, 25.53552119377163, 1.6851000580999986, -2.250163932622383, 0.5436849376122848, 2.177922378748159, -10.035427547689848, 11.364802605336015, 0.38098833121253983, 2.0527537870556873, 1.6850510171363395, -2.2493552829063224
2555, 25.545523356401386, 1.6900351360987371, -2.227816468704635, 0.4433306621353862, 2.2915704048015195, -10.035427547689848, 11.364802605336015, 0.3296384984373715, 2.121550915105894, 1.692696353194713, -2.2284806150943255
2556, 25.555525519031143, 1.6939666713427064, -2.2043325245263525, 0.3429763866584876, 2.4052184308548794, -10.035427547689848, 11.364802605336015, 0.2807566350931012, 2.189269918327517, 1.6940116066927142, -2.2036634344780137
2557, 25.5655276816609, 1.6973964352092912, -2.180280340217805, 0.34297638665849095, 2.405218430854876, 0.0, 0.0, 0.7282798231197355, 2.068626489047947, 1.698215437210844, -2.17995810136931
2558, 25.57552984429066, 1.7008261990758762, -2.1562281559092558, 0.34297638665849095, 2.405218430854876, 0.0, 0.0, 0.7308006611567972, 2.0807709633662914, 1.7003027978742324, -2.158071586561128
2559, 25.585532006920417, 1.7042559629424612, -2.132175971600707, 0.34297638665849095, 2.405218430854876, 0.0, 0.0, 0.7325903587367103, 2.0922518946554933, 1.7047963366504928, -2.1352177227285116
2560, 25.595534169550174, 1.707685726809046, -2.1081237872921585, 0.34297638665849095, 2.405218430854876, 0.0, 0.0, 0.7336392369770154, 2.1030606069769684, 1.707140976796684, -2.108442992682863
2561, 25.60553633217993, 1.711115490675631, -2.0840716029836095, 0.34297638665849095, 2.405218430854876, 0.0, 0.0, 0.7339381675918472, 2.1131889322621875, 1.711411551424689, -2.0836521534007493
2562, 25.61553849480969, 1.7145452545422157, -2.060019418675061, 0.34297638665849095, 2.405218430854876, 0.0, 0.0, 0.7334785796967448, 2.122629216484305, 1.715100044274669, -2.058979309154762
2563, 25.625540657439448, 1.7179750184088007, -2.0359672343665123, 0.34297638665849095, 2.405218430854876, 0.0, 0.0, 0.7322524661999994, 2.1313743254414566, 1.7166428037586727, -2.0356283101081107
2564, 25.635542820069205, 1.7214047822753857, -2.0119150500579632, 0.34297638665849095, 2.405218430854876, 0.0, 0.0, 0.7302523897758424, 2.139417650147359, 1.7213801098729686, -2.01447896592567
2565, 25.645544982698965, 1.7248345461419705, -1.9878628657494146, 0.34297638665849095, 2.405218430854876, 0.0, 0.0, 0.7274714884150477, 2.1467531118251393, 1.722016145584051, -1.9885678187508926
2566, 25.655547145328722, 1.7282643100085555, -1.9638106814408656, 0.34297638665849095, 2.405218430854876, 0.0, 0.0, 0.7239034805488551, 2.153375166500621, 1.7289906590705826, -1.965309175580605
2567, 25.66554930795848, 1.7316940738751403, -1.939758497132317, 0.34297638665849095, 2.405218430854876, 0.0, 0.0, 0.7195426697424446, 2.1592788091915938, 1.730726497775828, -1.9394848404390042
2568, 25.675551470588236, 1.7351238377417253, -1.9157063128237681, 0.34297638665849095, 2.405218430854876, 0.0, 0.0, 0.7143839489544929, 2.1644595776899074, 1.7350561535240117, -1.9163416553202706
2569, 25.685553633217996, 1.7385536016083103, -1.8916541285152193, 0.34297638665849095, 2.405218430854876, 0.0, 0.0, 0.708422804359686, 2.168913555933525, 1.7387220732304884, -1.8924086214378595
2570, 25.695555795847753, 1.741983365474895, -1.8676019442066707, 0.34297638665849095, 2.405218430854876, 0.0, 0.0, 0.7016553187313727, 2.1726373769659935, 1.7405819838949321, -1.8678046078936053
2571, 25.70555795847751, 1.74541312934148, -1.8435497598981216, 0.34297638665849095, 2.405218430854876, 0.0, 0.0, 0.6940781743818777, 2.1756282254810944, 1.7453060645580725, -1.8438782638279216
2572, 25.715560121107266, 1.748842893208065, -1.819497575589573, 0.34297638665849095, 2.405218430854876, 0.0, 0.0, 0.68568865565833, 2.177883839950748, 1.7504635202255234, -1.8185604015781818
2573, 25.725562283737027, 1.7522726570746499, -1.7954453912810242, 0.34297638665849095, 2.405218430854876, 0.0, 0.0, 0.6764846509921715, 2.1794025143345683, 1.7504427837327345, -1.794649510758592
2574, 25.735564446366784, 1.7557024209412349, -1.7713932069724754, 0.34297638665849095, 2.405218430854876, 0.0, 0.0, 0.6664646545008623, 2.1801830993697706, 1.7551036762037333, -1.773669279842116
2575, 25.74556660899654, 1.7591321848078196, -1.7473410226639268, 0.34297638665849095, 2.405218430854876, 0.0, 0.0, 0.655627767140637, 2.1802250034404658, 1.759940163026779, -1.745386316496228
2576, 25.755568771626297, 1.7625619486744046, -1.723288838355378, 0.34297638665849095, 2.405218430854876, 0.0, 0.0, 0.6439736974094642, 2.1795281930256727, 1.761989434319882, -1.7237994243871082
2577, 25.765570934256058, 1.7659917125409894, -1.699236654046829, 0.34297638665849095, 2.405218430854876, 0.0, 0.0, 0.6315027615997544, 2.1780931927257194, 1.7664561715359381, -1.6994661438575094
2578, 25.775573096885815, 1.7694214764075744, -1.6751844697382803, 0.34297638665849095, 2.405218430854876, 0.0, 0.0, 0.6182158836006306, 2.175921084867007, 1.7668139056406618, -1.676787316810698
2579, 25.78557525951557, 1.7728512402741594, -1.6511322854297314, 0.34297638665849095, 2.405218430854876, 0.0, 0.0, 0.6041145942499748, 2.1730135086854347, 1.7716681771506073, -1.6512930248992208
2580, 25.795577422145332, 1.7762810041407442, -1.6270801011211828, 0.34297638665849095, 2.405218430854876, 0.0, 0.0, 0.589201030236745, 2.169372659089107, 1.7771866574801896, -1.6277020090545438
2581, 25.80557958477509, 1.7797107680073292, -1.603027916812634, 0.34297638665849095, 2.405218430854876, 0.0, 0.0, 0.5734779325544253, 2.1650012850012477, 1.7817682170466087, -1.6021884211968975
2582, 25.815581747404845, 1.7831405318739142, -1.5789757325040852, 0.34297638665849095, 2.405218430854876, 0.0, 0.0, 0.5569486445067989, 2.1599026872845837, 1.7842310493835165, -1.577772612905916
2583, 25.825583910034602, 1.786570295740499, -1.5549235481955364, 0.34297638665849095, 2.405218430854876, 0.0, 0.0, 0.5396171092675555, 2.1540807162487545, 1.7861357671972755, -1.554644176255737
2584, 25.835586072664363, 1.790000059607084, -1.5308713638869877, 0.34297638665849095, 2.405218430854876, 0.0, 0.0, 0.5214878669955825, 2.147539768742637, 1.791975522406235, -1.5295720252592144
2585, 25.84558823529412, 1.7934298234736687, -1.506819179578439, 0.34297638665849095, 2.405218430854876, 0.0, 0.0, 0.5025660515081392, 2.1402847848337814, 1.7927904008585807, -1.5060915131307206
2586, 25.855590397923876, 1.7968595873402537, -1.4827669952698903, 0.34297638665849095, 2.405218430854876, 0.0, 0.0, 0.48285738651439586, 2.132321244077458, 1.7951717476090159, -1.4830550908950773
2587, 25.865592560553633, 1.8002893512068385, -1.4587148109613415, 0.34297638665849095, 2.405218430854876, 0.0, 0.0, 0.46236818141220637, 2.1236551613781462, 1.800470638420597, -1.458845665472442
2588, 25.875594723183394, 1.8037191150734235, -1.4346626266527926, 0.34297638665849095, 2.405218430854876, 0.0, 0.0, 0.4411053266512488, 2.1142930824465767, 1.8051863986360703, -1.4359274181110462
2589, 25.88559688581315, 1.8071488789400085, -1.4106104423442438, 0.34297638665849095, 2.405218430854876, 0.0, 0.0, 0.41907628866603963, 2.1042420788557696, 1.80571516853808, -1.4096110296198807
2590, 25.895599048442907, 1.8105786428065933, -1.386558258035695, 0.34297638665849095, 2.405218430854876, 0.0, 0.0, 0.3962891043826128, 2.0935097426997946, 1.8111298329751901, -1.3866097474674337
2591, 25.905601211072664, 1.8140084066731783, -1.3625060737271464, 0.34297638665849095, 2.405218430854876, 0.0, 0.0, 0.3727523753029866, 2.0821041808592926, 1.812624752311804, -1.3604758491273417
2592, 25.915603373702425, 1.8174381705397633, -1.3384538894185976, 0.34297638665849095, 2.405218430854876, 0.0, 0.0, 0.34847526117186545, 2.070034008878088, 1.816749604598213, -1.3372582358735536
2593, 25.92560553633218, 1.820867934406348, -1.3144017051100487, 0.34297638665849095, 2.405218430854876, 0.0, 0.0, 0.32346747323030445, 2.0573083444555174, 1.8206329957237153, -1.3152432072102995
2594, 25.935607698961938, 1.824297698272933, -1.2903495208015, 0.34297638665849095, 2.405218430854876, 0.0, 0.0, 0.29773926706139725, 2.0439368005593836, 1.8232057392364893, -1.2899640044149776
2595, 25.9456098615917, 1.8277274621395179, -1.2662973364929513, 0.34297638665849095, 2.405218430854876, 0.0, 0.0, 0.2713014350333527, 2.0299294781647528, 1.8256985238280732, -1.2657999085832903
2596, 25.955612024221455, 1.8311572260061029, -1.2422451521844025, 0.34297638665849095, 2.405218430854876, 0.0, 0.0, 0.24416529834558937, 2.0152969586240594, 1.832145592078497, -1.2425525712290777
2597, 25.965614186851212, 1.8345869898726876, -1.2181929678758536, 0.34297638665849095, 2.405218430854876, 0.0, 0.0, 0.21634269868383266, 2.0000502956742983, 1.833316962462086, -1.220584634760699
2598, 25.97561634948097, 1.8380167537392726, -1.1941407835673048, 0.34297638665849095, 2.405218430854876, 0.0, 0.0, 0.18784598949041864, 1.9842010070873302, 1.8378952387174015, -1.1938319509831368
2599, 25.98561851211073, 1.8414465176058576, -1.1700885992587562, 0.34297638665849095, 2.405218430854876, 0.0, 0.0, 0.1586880268563577, 1.9677610659696145, 1.8398626774373934, -1.1695379396491874
2600, 25.995620674740486, 1.8448762814724424, -1.1460364149502074, 0.34297638665849095, 2.405218430854876, 0.0, 0.0, 0.12888216004194913, 1.9507428917179368, 1.8461062046002819, -1.1448505920729939
2601, 26.005622837370243, 1.8483060453390274, -1.1219842306416585, 0.34297638665849095, 2.405218430854876, 0.0, 0.0, 0.09844222163303407, 1.9331593406379648, 1.847766564454947, -1.1217489095844362
2602, 26.015625, 1.8517358092056124, -1.0979320463331097, 0.34297638665849095, 2.405218430854876, 0.0, 0.0, 0.06738251734024336, 1.9150236962327178, 1.8506454652880568, -1.0982325152510002
2603, 26.02562716262976, 1.8551655730721972, -1.0738798620245609, 0.34297638665849095, 2.405218430854876, 0.0, 0.0, 0.03571781544885022, 1.896349659168287, 1.8534751056927858, -1.072527530450305
2604, 26.035629325259517, 1.8585953369387822, -1.0498276777160123, 0.34297638665849095, 2.405218430854876, 0.0, 0.0, 0.0034633359271077357, 1.8771513369243822, 1.8581056578258022, -1.0493995171627648
2605, 26.045631487889274, 1.862025100805367, -1.0257754934074634, 0.34297638665849095, 2.405218430854876, 0.0, 0.0, -0.029365260798793258, 1.857443233137527, 1.8638090878116147, -1.024565557826715
2606, 26.05563365051903, 1.865454864671952, -1.0017233090989146, 0.34297638665849095, 2.405218430854876, 0.0, 0.0, -0.0627518853947795, 1.8372402366449494, 1.8637970439729168, -1.0008316452046406
2607, 26.06563581314879, 1.8688846285385368, -0.9776711247903658, 0.34297638665849095, 2.405218430854876, 0.0, 0.0, -0.09668003148532955, 1.8165576102374457, 1.8700096523811485, -0.9771409426890805
2608, 26.075637975778548, 1.8723143924051218, -0.9536189404818172, 0.34297638665849095, 2.405218430854876, 0.0, 0.0, -0.1311327878274532, 1.7954109791297088, 1.8701844387233169, -0.9540634597934886
2609, 26.085640138408305, 1.8757441562717068, -0.9295667561732683, 0.34297638665849095, 2.405218430854876, 0.0, 0.0, -0.16609285078311808, 1.7738163191568361, 1.8766960428490382, -0.9305440024263931
2610, 26.095642301038065, 1.8791739201382915, -0.9055145718647195, 0.34297638665849095, 2.405218430854876, 0.0, 0.0, -0.20154253708083147, 1.7517899447059293, 1.8805943044543363, -0.9054824085660358
2611, 26.105644463667822, 1.8826036840048765, -0.8814623875561707, 0.34297638665849095, 2.405218430854876, 0.0, 0.0, -0.23746379685685876, 1.7293484963919017, 1.882142713336051, -0.8800974334712475
2612, 26.11564662629758, 1.8860334478714615, -0.8574102032476218, 0.34297638665849095, 2.405218430854876, 0.0, 0.0, -0.27383822696635013, 1.7065089284868056, 1.8855945162949135, -0.8568295235956601
2613, 26.125648788927336, 1.8894632117380463, -0.8333580189390732, 0.34297638665849095, 2.405218430854876, 0.0, 0.0, -0.310647084554462, 1.6832884961121706, 1.8913137523734127, -0.8328249873593561
2614, 26.135650951557096, 1.8928929756046313, -0.8093058346305244, 0.34297638665849095, 2.405218430854876, 0.0, 0.0, -0.34787130087735385, 1.6597047422040325, 1.8926441800470302, -0.8097406403495533
2615, 26.145653114186853, 1.896322739471216, -0.7852536503219756, 0.34297638665849095, 2.405218430854876, 0.0, 0.0, -0.3854914953627492, 1.6357754842604961, 1.8979858535575564, -0.7868513061907993
2616, 26.15565527681661, 1.899752503337801, -0.7612014660134268, 0.34297638665849095, 2.405218430854876, 0.0, 0.0, -0.42348798989961056, 1.6115188008818402, 1.8997747749496643, -0.7615362634165691
2617, 26.165657439446367, 1.9031822672043859, -0.7371492817048781, 0.34297638665849095, 2.405218430854876, 0.0, 0.0, -0.4618408233462473, 1.5869530181133402, 1.9029732537294848, -0.7357817944856496
2618, 26.175659602076127, 1.9066120310709709, -0.7130970973963293, 0.34297638665849095, 2.405218430854876, 0.0, 0.0, -0.5005297662460796, 1.5620966956011135, 1.9069637017655747, -0.712482079154431
2619, 26.185661764705884, 1.9100417949375559, -0.6890449130877805, 0.34297638665849095, 2.405218430854876, 0.0, 0.0, -0.539534335740076, 1.536968612571457, 1.9096123748147729, -0.6891008109623715
2620, 26.19566392733564, 1.9134715588041407, -0.6649927287792319, 0.34297638665849095, 2.405218430854876, 0.0, 0.0, -0.5788338106647718, 1.5115877536442577, 1.9132275472080669, -0.6668142509196542
2621, 26.205666089965398, 1.916879995298422, -0.6411768834751941, 0.3317848159874863, 2.3093794311564086, -1.8117666881276147, -14.441019849474438, -1.2002500392473188, 1.2305659232013422, 1.913926923597371, -0.6392364820052333
2622, 26.215668252595158, 1.9201072551238905, -0.6188051401561037, 0.31366714910621013, 2.1649692326616643, -1.8117666881276147, -14.441019849474438, -1.2605711189112487, 1.1339653185961893, 1.9193862967822088, -0.6173137632719484
2623, 26.225670415224915, 1.9231533382805461, -0.5978774988219607, 0.29554948222493393, 2.02055903416692, -1.8117666881276147, -14.441019849474438, -1.3172066930212791, 1.0387658439227183, 1.924392947825823, -0.5971031900111283
2624, 26.23567257785467, 1.9260182447683891, -0.5783939594727653, 0.2774318153436578, 1.8761488356721756, -1.8117666881276147, -14.441019849474438, -1.3702312827850036, 0.9450084927229518, 1.9258484052363845, -0.5788719927344436
2625, 26.245674740484432, 1.9287019745874192, -0.5603545221085172, 0.25931414846238166, 1.7317386371774308, -1.8117666881276147, -14.441019849474438, -1.4197230162135224, 0.8527275535415235, 1.9286940292118127, -0.5592024085189321
2626, 26.25567690311419, 1.9312045277376366, -0.5437591867292166, 0.24119648158110546, 1.5873284386826862, -1.8117666881276147, -14.441019849474438, -1.4657616355450132, 0.7619514077695764, 1.9301644745274054, -0.5440319147966518
2627, 26.265679065743946, 1.9335259042190414, -0.5286079533348634, 0.22307881469982932, 1.4429182401879421, -1.8117666881276147, -14.441019849474438, -1.5084266979635008, 0.6727032829971415, 1.933955219085877, -0.5297752890850885
2628, 26.275681228373703, 1.9356661040316332, -0.5149008219254577, 0.20496114781855318, 1.2985080416931973, -1.8117666881276147, -14.441019849474438, -1.5477959616570298, 0.5850019575807056, 1.9354244023441978, -0.5152441590141126
2629, 26.285683391003463, 1.9376251271754124, -0.5026377925009995, 0.18684348093727698, 1.1540978431984525, -1.8117666881276147, -14.441019849474438, -1.5839439486887166, 0.4988624129411439, 1.937142996744313, -0.5030651251599867
2630, 26.29568555363322, 1.9394029736503788, -0.49181886506148864, 0.1687258140560008, 1.0096876447037082, -1.8117666881276147, -14.441019849474438, -1.6169406759089113, 0.4142964308052814, 1.9406018811174386, -0.4905225656766119
2631, 26.305687716262977, 1.9409996434565324, -0.4824440396069253, 0.1506081471747247, 0.8652774462089636, -1.8117666881276147, -14.441019849474438, -1.6468505451787148, 0.33131313319874295, 1.9424766218227025, -0.4807879837052852
2632, 26.315689878892734, 1.9424151365938733, -0.4745133161373094, 0.13249048029344845, 0.720867247714219, -1.8117666881276147, -14.441019849474438, -1.6737313844681907, 0.2499194634961553, 1.9411181057529288, -0.4744238886600956
2633, 26.325692041522494, 1.9436494530624016, -0.4680266946526409, 0.11437281341217236, 0.5764570492194747, -1.8117666881276147, -14.441019849474438, -1.6976336319028735, 0.17012060724561526, 1.9426640458381634, -0.4689464090076519
2634, 26.33569420415225, 1.9447025928621169, -0.4629841751529199, 0.0962551465308962, 0.43204685072473015, -1.8117666881276147, -14.441019849474438, -1.7185996555280592, 0.09192035181669313, 1.943714453633607, -0.46310320985029413
2635, 26.345696366782008, 1.9455745559930193, -0.45938575763814626, 0.07813747964962003, 0.2876366522299856, -1.8117666881276147, -14.441019849474438, -1.736663202412366, 0.015321384184604325, 1.9455852474147834, -0.4579177685857682
2636, 26.355698529411764, 1.9462653424551093, -0.4572314421083201, 0.060019812768343866, 0.14322645373524123, -1.8117666881276147, -14.441019849474438, -1.7518489716927712, -0.05967447363263084, 1.9464010834874832, -0.45754145548183417
2637, 26.365700692041525, 1.9467749522483861, -0.45652122856344146, 0.04190214588706767, -0.0011837447595033357, -1.8117666881276147, -14.441019849474438, -1.764172307247321, -0.13306609181215026, 1.9477084978536234, -0.4573750710046019
2638, 26.37570285467128, 1.9471033853728505, -0.4572551170035102, 0.023784479005791503, -0.1455939432542479, -1.8117666881276147, -14.441019849474438, -1.773639006844888, -0.20485292285128637, 1.9494419464708748, -0.4569162733086406
2639, 26.38570501730104, 1.947250641828502, -0.4594331074285264, 0.005666812124515391, -0.29000414174899225, -1.8117666881276147, -14.441019849474438, -1.7802452458409823, -0.2750349547040475, 1.947897353605551, -0.4592693775724158
2640, 26.3957071799308, 1.9472167216153409, -0.4630551998384901, -0.012450854756760804, -0.43441434024373704, -1.8117666881276147, -14.441019849474438, -1.783977614743106, -0.343612726984052, 1.9476774767984992, -0.4637019256002333
2641, 26.405709342560556, 1.9470016247333668, -0.46812139423340116, -0.030568521638036944, -0.5788245387384816, -1.8117666881276147, -14.441019849474438, -1.78481327123693, -0.41058741022732315, 1.9471147961385586, -0.4690745681868609
2642, 26.415711505190313, 1.94660535118258, -0.4746316906132597, -0.04868618851931314, -0.7232347372332262, -1.8117666881276147, -14.441019849474438, -1.7827202085250358, -0.4759609481441289, 1.9468029203192307, -0.4736267116674407
2643, 26.42571366782007, 1.9460279009629806, -0.48258608897806565, -0.06680385540058928, -0.8676449357279705, -1.8117666881276147, -14.441019849474438, -1.7776576430614914, -0.5397362627117042, 1.9478458075187328, -0.4826883423795098
2644, 26.43571583044983, 1.9452692740745683, -0.4919845893278192, -0.08492152228186547, -1.0120551342227153, -1.8117666881276147, -14.441019849474438, -1.769576525946741, -0.6019175218588831, 1.943858361882504, -0.4904643664648731
2645, 26.445717993079587, 1.9443294705173433, -0.50282719166252, -0.10303918916314164, -1.1564653327174597, -1.8117666881276147, -14.441019849474438, -1.7584201833551523, -0.6625104693589738, 1.9432043752354244, -0.5005279821962079
2646, 26.455720155709344, 1.9432084902913056, -0.5151138959821684, -0.12115685604441778, -1.3008755312122045, -1.8117666881276147, -14.441019849474438, -1.7441250923783889, -0.7215228163683898, 1.9424368258784108, -0.5151462998275942
2647, 26.4657223183391, 1.941906333396455, -0.5288447022867642, -0.13927452292569395, -1.4452857297069488, -1.8117666881276147, -14.441019849474438, -1.7266217995559054, -0.7789646938154222, 1.9425184306120418, -0.5288194195678548
2648, 26.47572448096886, 1.9404229998327915, -0.5440196105763073, -0.15739218980697012, -1.5896959282016931, -1.8117666881276147, -14.441019849474438, -1.7058359901019076, -0.8348491645461653, 1.941858326234729, -0.5455933072211019
2649, 26.485726643598618, 1.9387584896003156, -0.5606386208507981, -0.17550985668824626, -1.734106126696438, -1.8117666881276147, -14.441019849474438, -1.6816897163966984, -0.8891927937632599, 1.9380562923575428, -0.5608126788978578
2650, 26.495728806228374, 1.9369128026990268, -0.5787017331102361, -0.1936275235695224, -1.8785163251911823, -1.8117666881276147, -14.441019849474438, -1.6541027946576552, -0.9420162758385378, 1.937863326545988, -0.5785516601470718
2651, 26.50573096885813, 1.934885939128925, -0.5982089473546217, -0.2117451904507986, -2.0229265236859266, -1.8117666881276147, -14.441019849474438, -1.6229943788071775, -0.9933451150339802, 1.93416785906265, -0.5989670429297935
2652, 26.51573313148789, 1.9326778988900106, -0.6191602635839547, -0.22986285733207473, -2.1673367221806714, -1.8117666881276147, -14.441019849474438, -1.5882847203753871, -1.043210357018579, 1.9322692467963765, -0.619531757893399
2653, 26.52573529411765, 1.9302886819822835, -0.6415556817982352, -0.24798052421335096, -2.3117469206754153, -1.8117666881276147, -14.441019849474438, -1.549897122775603, -1.0916493673144183, 1.9308915570346934, -0.6404526038626903
2654, 26.535737456747405, 1.9277182884057438, -0.6653952019974632, -0.26609819109462707, -2.45615711917016, -1.8117666881276147, -14.441019849474438, -1.5077600974299863, -1.13870665193752, 1.92816933589, -0.6647546936255148
2655, 26.545739619377166, 1.924966718160391, -0.6906788241816384, -0.28421585797590326, -2.6005673176649045, -1.8117666881276147, -14.441019849474438, -1.4618097279590314, -1.184434714512866, 1.9232951174767456, -0.6908441326272244
2656, 26.555741782006923, 1.9220339712462255, -0.7174065483507612, -0.30233352485717946, -2.7449775161596492, -1.8117666881276147, -14.441019849474438, -1.41199224693829, -1.2288949430356215, 1.922913779139937, -0.7189165142467926
2657, 26.56574394463668, 1.9189200476632475, -0.7455783745048314, -0.3204511917384556, -2.8893877146543936, -1.8117666881276147, -14.441019849474438, -1.3582668275250027, -1.2721585182207762, 1.9186429162996983, -0.745281186698192
2658, 26.575746107266436, 1.9156249474114566, -0.7751943026438491, -0.33856885861973174, -3.033797913149138, -1.8117666881276147, -14.441019849474438, -1.3006085895226132, -1.3143073340327482, 1.9158367726411822, -0.7750021099300637
2659, 26.585748269896197, 1.9121486704908528, -0.8062543327678142, -0.3566865255010079, -3.178208111643883, -1.8117666881276147, -14.441019849474438, -1.2390118161405463, -1.355434919519213, 1.914423102942804, -0.8063322950619427
2660, 26.595750432525953, 1.9084912169014363, -0.8387584648767269, -0.3748041923822841, -3.322618310138628, -1.8117666881276147, -14.441019849474438, -1.1734933737806303, -1.3956473494970887, 1.9088318529797332, -0.8394142139637145
2661, 26.60575259515571, 1.9047431749776136, -0.871984647978112, -0.37480419238228346, -3.3226183101386226, 0.0, 0.0, -0.602284983077713, -1.1612572105110321, 1.906380143754947, -0.8727377120466004
2662, 26.615754757785467, 1.9009951330537909, -0.9052108310794983, -0.37480419238228346, -3.3226183101386226, 0.0, 0.0, -0.5536977498738047, -1.1305510482873555, 1.9003785327428442, -0.9058846846311663
2663, 26.625756920415228, 1.897247091129968, -0.9384370141808845, -0.37480419238228346, -3.3226183101386226, 0.0, 0.0, -0.5060583872008517, -1.1005709805947563, 1.8962997766903291, -0.937571694980385
2664, 26.635759083044984, 1.8934990492061452, -0.9716631972822708, -0.37480419238228346, -3.3226183101386226, 0.0, 0.0, -0.45941412226590406, -1.0713580031550918, 1.8924953432285399, -0.9723377351262424
2665, 26.64576124567474, 1.8897510072823223, -1.0048893803836572, -0.37480419238228346, -3.3226183101386226, 0.0, 0.0, -0.41381086452122035, -1.0429520624676258, 1.8886526281744298, -1.006062780097752
2666, 26.655763408304498, 1.8860029653584993, -1.0381155634850434, -0.37480419238228346, -3.3226183101386226, 0.0, 0.0, -0.3692931446484156, -1.0153920011890043, 1.8845418696463176, -1.0374033915291376
2667, 26.66576557093426, 1.8822549234346766, -1.0713417465864297, -0.37480419238228346, -3.3226183101386226, 0.0, 0.0, -0.32590405535595296, -0.9887155050228541, 1.880808459556914, -1.0695590441909504
2668, 26.675767733564015, 1.8785068815108537, -1.104567929687816, -0.37480419238228346, -3.3226183101386226, 0.0, 0.0, -0.28368519406932036, -0.962959051191628, 1.8786051726207902, -1.104578616442092
2669, 26.685769896193772, 1.874758839587031, -1.1377941127892022, -0.37480419238228346, -3.3226183101386226, 0.0, 0.0, -0.24267660759072934, -0.9381578585611419, 1.8755634261803293, -1.1375156589867619
2670, 26.695772058823533, 1.871010797663208, -1.1710202958905884, -0.37480419238228346, -3.3226183101386226, 0.0, 0.0, -0.20291673880254413, -0.9143458394859983, 1.8720145452378536, -1.1711947885481224
2671, 26.70577422145329, 1.8672627557393853, -1.2042464789919747, -0.37480419238228346, -3.3226183101386226, 0.0, 0.0, -0.1644423754859713, -0.8915555534417337, 1.8681121541574792, -1.2055191868489885
2672, 26.715776384083046, 1.8635147138155623, -1.237472662093361, -0.37480419238228346, -3.3226183101386226, 0.0, 0.0, -0.12728860132369174, -0.8698181625070834, 1.8632115823014834, -1.2353444178571997
2673, 26.725778546712803, 1.8597666718917396, -1.2706988451947472, -0.37480419238228346, -3.3226183101386226, 0.0, 0.0, -0.09148874915227106, -0.8491633887572329, 1.8599831036127805, -1.2702031260611442
2674, 26.735780709342563, 1.8560186299679167, -1.3039250282961334, -0.37480419238228346, -3.3226183101386226, 0.0, 0.0, -0.05707435652713694, -0.8296194736263005, 1.856702246711831, -1.3045523829092758
2675, 26.74578287197232, 1.852270588044094, -1.3371512113975197, -0.37480419238228346, -3.3226183101386226, 0.0, 0.0, -0.02407512365990694, -0.8112131392946217, 1.8520237546016396, -1.338140984339007
2676, 26.755785034602077, 1.848522546120271, -1.370377394498906, -0.37480419238228346, -3.3226183101386226, 0.0, 0.0, 0.007481126215376388, -0.7939695521536098, 1.8483018912112694, -1.37209905373
2677, 26.765787197231834, 1.8447745041964483, -1.4036035776002922, -0.37480419238228346, -3.3226183101386226, 0.0, 0.0, 0.03756848399369467, -0.7779122883981614, 1.844843865103505, -1.4031608515369882
2678, 26.775789359861594, 1.8410264622726253, -1.4368297607016784, -0.37480419238228346, -3.3226183101386226, 0.0, 0.0, 0.06616298931815529, -0.7630633017936302, 1.8410598837131364, -1.4369031661922071
2679, 26.78579152249135, 1.8372784203488026, -1.4700559438030647, -0.37480419238228346, -3.3226183101386226, 0.0, 0.0, 0.09324266262002467, -0.7494428936614459, 1.8370957365148721, -1.4715837180328475
2680, 26.795793685121108, 1.8335303784249797, -1.503282126904451, -0.37480419238228346, -3.3226183101386226, 0.0, 0.0, 0.11878753453643803, -0.73706968512441, 1.8328511196763115, -1.503853280559019
2681, 26.805795847750865, 1.829782336501157, -1.5365083100058372, -0.37480419238228346, -3.3226183101386226, 0.0, 0.0, 0.14277967266600144, -0.7259605916496079, 1.8291144466917109, -1.5342212614247517
2682, 26.815798010380625, 1.826034294577334, -1.5697344931072235, -0.37480419238228346, -3.3226183101386226, 0.0, 0.0, 0.16520320562606455, -0.7161307999237454, 1.826047644890265, -1.5712397779081198
2683, 26.825800173010382, 1.822286252653511, -1.6029606762086097, -0.37480419238228346, -3.3226183101386226, 0.0, 0.0, 0.18604434437900869, -0.7075937470925152, 1.8210125406833786, -1.60407856137183
2684, 26.83580233564014, 1.8185382107296884, -1.636186859309996, -0.37480419238228346, -3.3226183101386226, 0.0, 0.0, 0.2052914007985645, -0.7003611023923794, 1.8198257273420197, -1.6367409787612262
2685, 26.8458044982699, 1.8147901688058654, -1.6694130424113822, -0.37480419238228346, -3.3226183101386226, 0.0, 0.0, 0.22293480345082822, -0.6944427511998729, 1.8153141031646856, -1.669678710991085
2686, 26.855806660899656, 1.8110421268820427, -1.7026392255127685, -0.37480419238228346, -3.3226183101386226, 0.0, 0.0, 0.23896711056835424, -0.6898467815202319, 1.810485508669129, -1.7017152247417737
2687, 26.865808823529413, 1.8072940849582197, -1.7358654086141547, -0.37480419238228346, -3.3226183101386226, 0.0, 0.0, 0.25338302019947284, -0.686579472933817, 1.8097219870699808, -1.7356196970025277
2688, 26.87581098615917, 1.803546043034397, -1.769091591715541, -0.37480419238228346, -3.3226183101386226, 0.0, 0.0, 0.26617937751870135, -0.6846452880154348, 1.8029794983042957, -1.7683940883772018
2689, 26.88581314878893, 1.799798001110574, -1.8023177748169272, -0.37480419238228346, -3.3226183101386226, 0.0, 0.0, 0.27735517928795395, -0.6840468662382859, 1.799326492679365, -1.801568330572426
2690, 26.895815311418687, 1.7960499591867514, -1.8355439579183133, -0.37480419238228346, -3.3226183101386226, 0.0, 0.0, 0.286911575462005, -0.6847850203708681, 1.7948806078343893, -1.8365900612552624
2691, 26.905817474048444, 1.7923019172629284, -1.8687701410196995, -0.37480419238228346, -3.3226183101386226, 0.0, 0.0, 0.29485186793551404, -0.6868587353717523, 1.792033377720624, -1.867698335814952
2692, 26.9158196366782, 1.7885538753391057, -1.9019963241210858, -0.37480419238228346, -3.3226183101386226, 0.0, 0.0, 0.3011815064326952, -0.6902651697837396, 1.788175480029422, -1.902177389322355
2693, 26.92582179930796, 1.7848058334152828, -1.935222507222472, -0.37480419238228346, -3.3226183101386226, 0.0, 0.0, 0.30590808154456633, -0.6949996596254809, 1.784476452370172, -1.9358848973508698
2694, 26.935823961937718, 1.78105779149146, -1.9684486903238583, -0.37480419238228346, -3.3226183101386226, 0.0, 0.0, 0.30904131492247505, -0.7010557247752365, 1.7811384202149705, -1.9693899545627331
2695, 26.945826124567475, 1.777309749567637, -2.0016748734252445, -0.37480419238228346, -3.3226183101386226, 0.0, 0.0, 0.31059304664044174, -0.7084250778380369, 1.7771167351900912, -2.0014858278940477
2696, 26.95582828719723, 1.7735617076438144, -2.0349010565266306, -0.37480419238228346, -3.3226183101386226, 0.0, 0.0, 0.31057721974259056, -0.7170976354841151, 1.7724264090847772, -2.035591921887881
2697, 26.965830449826992, 1.7698136657199914, -2.068127239628017, -0.37480419238228346, -3.3226183101386226, 0.0, 0.0, 0.309009861995753, -0.7270615322430994, 1.7676382063652023, -2.0696787333947424
2698, 26.97583261245675, 1.7660656237961687, -2.101353422729403, -0.37480419238228346, -3.3226183101386226, 0.0, 0.0, 0.30590906487099406, -0.7383031367351007, 1.7649318587896494, -2.101171005214413
2699, 26.985834775086506, 1.7623175818723458, -2.1345796058307895, -0.37480419238228346, -3.3226183101386226, 0.0, 0.0, 0.30129495978158377, -0.750807070316492, 1.7643931155296446, -2.1338844203013463
2700, 26.995836937716266, 1.758569539948523, -2.1678057889321756, -0.37480419238228346, -3.3226183101386226, 0.0, 0.0, 0.29518969160853986, -0.7645562281148791, 1.756865150872467, -2.167820764440608
2701, 27.005839100346023, 1.7548214980247, -2.201031972033562, -0.37480419238228346, -3.3226183101386226, 0.0, 0.0, 0.28761738954853144, -0.7795318024244992, 1.7556517785098165, -2.2024745797548606
2702, 27.01584126297578, 1.7508141654364608, -2.233275417284842, -0.4317884528947094, -3.1715135763152795, -6.211038814157548, 10.566189762543043, -0.03716226160875302, -0.5962467264959678, 1.7511138271610507, -2.2328024708467114
2703, 27.025843425605537, 1.746185728966806, -2.2644622435598674, -0.4938988410362849, -3.065851678689849, -6.211038814157548, 10.566189762543043, -0.07921677848593708, -0.558047869495194, 1.7462621182285676, -2.2639848593774694
2704, 27.035845588235297, 1.740936188615735, -2.294592450858639, -0.5560092291778606, -2.9601897810644187, -6.211038814157548, 10.566189762543043, -0.11985995984576028, -0.5209622829195096, 1.7414377528456784, -2.2942396009979324
2705, 27.045847750865054, 1.7350655443832488, -2.3236660391811563, -0.6181196173194361, -2.8545278834389873, -6.211038814157548, 10.566189762543043, -0.15899713254428235, -0.48491516222101316, 1.73551013958638, -2.325988248508717
2706, 27.05584991349481, 1.7285737962693464, -2.3516830085274187, -0.6802300054610116, -2.7488659858135573, -6.211038814157548, 10.566189762543043, -0.1965381141647459, -0.449832747001385, 1.7270975265978032, -2.3515463785329067
2707, 27.065852076124568, 1.7214609442740285, -2.378643358897427, -0.7423403936025871, -2.643204088188127, -6.211038814157548, 10.566189762543043, -0.2323973045644345, -0.41564260488796045, 1.7225650003677888, -2.37880651850855
2708, 27.075854238754328, 1.7137269883972948, -2.4045470902911816, -0.8044507817441626, -2.5375421905626965, -6.211038814157548, 10.566189762543043, -0.26649377110356776, -0.38227388862162603, 1.7143576905801647, -2.4061585693209477
2709, 27.085856401384085, 1.705371928639145, -2.4293942027086812, -0.8665611698857381, -2.4318802929372656, -6.211038814157548, 10.566189762543043, -0.2987513302868501, -0.3496575673850133, 1.7054209378728786, -2.4296074150279603
2710, 27.09585856401384, 1.69639576499958, -2.453184696149927, -0.9286715580273137, -2.326218395311835, -6.211038814157548, 10.566189762543043, -0.32909862832879133, -0.3177266334984963, 1.6954780535518732, -2.4533213044447173
2711, 27.1058607266436, 1.6867984974785988, -2.475918570614918, -0.9907819461688893, -2.2205564976864047, -6.211038814157548, 10.566189762543043, -0.35746922293228767, -0.2864162856851227, 1.6883124783987316, -2.4751950207174893
2712, 27.11586288927336, 1.676580126076202, -2.497595826103655, -1.0528923343104648, -2.1148946000609743, -6.211038814157548, 10.566189762543043, -0.38380166834774576, -0.25566409015611613, 1.6784436704061174, -2.497560365705831
2713, 27.125865051903116, 1.6657406507923895, -2.5182164626161376, -1.1150027224520402, -2.009232702435544, -6.211038814157548, 10.566189762543043, -0.4080396055583554, -0.22541012079807798, 1.6641455598949724, -2.517954674911634
2714, 27.135867214532873, 1.6542800716271613, -2.5377804801523656, -1.177113110593616, -1.9035708048101134, -6.211038814157548, 10.566189762543043, -0.4301318592170925, -0.1955970797536155, 1.65499309988272, -2.536174778367863
2715, 27.145869377162633, 1.6421983885805171, -2.55628787871234, -1.2392234987351913, -1.7979089071846825, -6.211038814157548, 10.566189762543043, -0.45003254274308935, -0.16617039968080205, 1.6415550105625536, -2.557923045718
2716, 27.15587153979239, 1.6294956016524575, -2.5737386582960595, -1.301333886876767, -1.6922470095592526, -6.211038814157548, 10.566189762543043, -0.4677011727697026, -0.13707832895551608, 1.628548394120629, -2.572659000416653
2717, 27.165873702422147, 1.6161717108429818, -2.590132818903525, -1.3634442750183422, -1.5865851119338217, -6.211038814157548, 10.566189762543043, -0.48310279392404587, -0.10827200104609536, 1.6172970993739904, -2.590548970159725
2718, 27.175875865051903, 1.6022267161520907, -2.605470360534736, -1.4255546631599179, -1.4809232143083912, -6.211038814157548, 10.566189762543043, -0.4962081147079493, -0.07970548924347143, 1.6035330256121498, -2.6071568279690727
2719, 27.185878027681664, 1.5876606175797834, -2.619751283189693, -1.4876650513014935, -1.3752613166829608, -6.211038814157548, 10.566189762543043, -0.5069936550430645, -0.051335847873607676, 1.5877256530615727, -2.618356057163575
2720, 27.19588019031142, 1.5724734151260606, -2.6329755868683953, -1.549775439443069, -1.2695994190575302, -6.211038814157548, 10.566189762543043, -0.5154419058379758, -0.023123141053929208, 1.5714618958047188, -2.6320963485252973
2721, 27.205882352941178, 1.556665108790922, -2.645143271570843, -1.6118858275846446, -1.1639375214320995, -6.211038814157548, 10.566189762543043, -0.5215415007321461, 0.0049695400170971515, 1.55731326132504, -2.645224179566764
2722, 27.215884515570934, 1.5402356985743677, -2.656254337297037, -1.67399621572622, -1.058275623806669, -6.211038814157548, 10.566189762543043, -0.5252873999700189, 0.032976070327024876, 1.5418924356807857, -2.655601656521893
2723, 27.225886678200695, 1.5231851844763977, -2.6663087840469766, -1.7361066038677957, -0.9526137261812385, -6.211038814157548, 10.566189762543043, -0.5266810861580016, 0.060927294047100344, 1.5218133539447072, -2.6670171124769757
2724, 27.23588884083045, 1.5055135664970118, -2.675306611820662, -1.7982169920093711, -0.8469518285558082, -6.211038814157548, 10.566189762543043, -0.5257307714568972, 0.08885103652313109, 1.5054981569004142, -2.673850238081704
2725, 27.24589100346021, 1.4872208446362103, -2.6832478206180927, -1.8603273801509466, -0.7412899309303776, -6.211038814157548, 10.566189762543043, -0.5224516155620267, 0.11677212461429282, 1.4880878790671583, -2.682603697501982
2726, 27.255893166089965, 1.4683070188939928, -2.6901324104392694, -1.9224377682925224, -0.635628033304947, -6.211038814157548, 10.566189762543043, -0.5168659536223523, 0.14471241482959252, 1.4699318480401269, -2.6903646784312696
2727, 27.265895328719726, 1.4487720892703597, -2.695960381284192, -1.9845481564340977, -0.5299661356795164, -6.211038814157548, 10.566189762543043, -0.5090035330478452, 0.172690828808866, 1.4475638914794764, -2.6955217362732777
2728, 27.275897491349482, 1.428616055765311, -2.70073173315286, -2.0466585445756733, -0.424304238054086, -6.211038814157548, 10.566189762543043, -0.4989017579507379, 0.2007233957938715, 1.4281948186196973, -2.7011451296248654
2729, 27.28589965397924, 1.4078389183788462, -2.704446466045274, -2.1087689327172487, -0.31864234042865547, -6.211038814157548, 10.566189762543043, -0.4866059397608393, 0.22882330183474642, 1.4074955153370923, -2.7044559421461827
2730, 27.295901816609, 1.3864406771109659, -2.707104579961433, -2.170879320858824, -0.21298044280322515, -6.211038814157548, 10.566189762543043, -0.47216955234752256, 0.25700094557731173, 1.3864258127353681, -2.707221116334279
2731, 27.305903979238757, 1.3644213319616698, -2.7087060749013383, -2.2329897090004, -0.1073185451777946, -6.211038814157548, 10.566189762543043, -0.45565448977124323, 0.285264000576859, 1.3645621856521513, -2.7094227440182688
2732, 27.315906141868513, 1.3417808829309579, -2.709250950864989, -2.295100097141975, -0.0016566475523641655, -6.211038814157548, 10.566189762543043, -0.43713132457544424, 0.31361748418380103, 1.342487418615398, -2.7075714650184555
2733, 27.32590830449827, 1.3185193300188303, -2.7087392078523855, -2.3572104852835505, 0.10400525007306649, -6.211038814157548, 10.566189762543043, -0.4166795643157982, 0.342063833145261, 1.3189312805706432, -2.709684661065999
2734, 27.33591046712803, 1.2946366732252867, -2.7071708458635277, -2.419320873425127, 0.20966714769849704, -6.211038814157548, 10.566189762543043, -0.3943879038080139, 0.3706029861639558, 1.2935201141321035, -2.7073682918746846
2735, 27.345912629757787, 1.2701329125503276, -2.7045458648984155, -2.481431261566702, 0.3153290453239275, -6.211038814157548, 10.566189762543043, -0.37035447035874036, 0.39923247375095167, 1.2705401986638347, -2.7047723003660447
2736, 27.355914792387544, 1.2450080479939527, -2.700864264957049, -2.5435416497082777, 0.420990942949358, -6.211038814157548, 10.566189762543043, -0.34468705902685914, 0.4279475158015278, 1.2455352985673673, -2.700331748557818
2737, 27.3659169550173, 1.219262079556162, -2.6961260460394283, -2.6056520378498527, 0.5266528405747886, -6.211038814157548, 10.566189762543043, -0.31750335474584435, 0.45674112741279627, 1.2175139436900624, -2.6947430454001347
2738, 27.37591911764706, 1.1928950072369555, -2.6903312081455533, -2.6677624259914285, 0.632314738200219, -6.211038814157548, 10.566189762543043, -0.28893113792293934, 0.4856042335472217, 1.1945834364553047, -2.691276614460597
2739, 27.38592128027682, 1.1659068310363332, -2.683479751275424, -2.729872814133004, 0.7379766358256495, -6.211038814157548, 10.566189762543043, -0.25910846991909287, 0.5145257932269163, 1.1641079759430029, -2.6837240777618834
2740, 27.395923442906575, 1.1382975509542954, -2.6755716754290404, -2.79198320227458, 0.8436385334510801, -6.211038814157548, 10.566189762543043, -0.2281838546066446, 0.5434929340187642, 1.138271073915535, -2.6776645135968287
2741, 27.405925605536332, 1.1100671669908417, -2.666606980606402, -2.8540935904161553, 0.9493004310765107, -6.211038814157548, 10.566189762543043, -0.19631637200145313, 0.5724910976389542, 1.1091211063133424, -2.6669295515667697
2742, 27.415927768166092, 1.0815262310866811, -2.6571139762956375, -2.854093590416153, 0.9493004310765071, 0.0, 0.0, 0.1382137108563688, 0.3940765219105561, 1.0802155080669715, -2.6564118676889907
2743, 27.42592993079585, 1.0529852951825196, -2.6476209719848725, -2.854093590416153, 0.9493004310765071, 0.0, 0.0, 0.20453351864041536, 0.37404659423785713, 1.053069581680554, -2.6482184788480096
2744, 27.435932093425606, 1.024444359278358, -2.6381279676741074, -2.854093590416153, 0.9493004310765071, 0.0, 0.0, 0.26948277077916494, 0.35403210288723297, 1.0251801523820194, -2.6378057222649103
2745, 27.445934256055367, 0.9959034233741965, -2.6286349633633423, -2.854093590416153, 0.9493004310765071, 0.0, 0.0, 0.3329995911506125, 0.33403993899790013, 0.9953518090056701, -2.62820579414846
2746, 27.455936418685123, 0.967362487470035, -2.6191419590525773, -2.854093590416153, 0.9493004310765071, 0.0, 0.0, 0.395023280122794, 0.3140769875399737, 0.9661961547037771, -2.619899849395459
2747, 27.46593858131488, 0.9388215515658733, -2.6096489547418122, -2.854093590416153, 0.9493004310765071, 0.0, 0.0, 0.45549436709941693, 0.2941501248497144, 0.9395436223945466, -2.6103346087739316
2748, 27.475940743944637, 0.9102806156617118, -2.600155950431047, -2.854093590416153, 0.9493004310765071, 0.0, 0.0, 0.5143546620605348, 0.27426621616773283, 0.9106813336893601, -2.60020758219061
2749, 27.485942906574397, 0.8817396797575502, -2.590662946120282, -2.854093590416153, 0.9493004310765071, 0.0, 0.0, 0.5715473060551779, 0.2544321131810376, 0.8833187137897375, -2.591871258093546
2750, 27.495945069204154, 0.8531987438533887, -2.581169941809517, -2.854093590416153, 0.9493004310765071, 0.0, 0.0, 0.6270168206036968, 0.23465465156981852, 0.8526534168001287, -2.581248843346112
2751, 27.50594723183391, 0.8246578079492272, -2.5716769374987516, -2.854093590416153, 0.9493004310765071, 0.0, 0.0, 0.6807091559684744, 0.2149406485598524, 0.8242574289630474, -2.572110292552309
2752, 27.515949394463668, 0.7961168720450655, -2.5621839331879865, -2.854093590416153, 0.9493004310765071, 0.0, 0.0, 0.7325717382525885, 0.19529690048141285, 0.7957082888884498, -2.5642731368898817
2753, 27.52595155709343, 0.767575936140904, -2.5526909288772215, -2.854093590416153, 0.9493004310765071, 0.0, 0.0, 0.7825535152869483, 0.1757301803355727, 0.7693092339446919, -2.5526110785405853
2754, 27.535953719723185, 0.7390350002367424, -2.5431979245664564, -2.854093590416153, 0.9493004310765071, 0.0, 0.0, 0.8306050012674389, 0.15624723536877383, 0.7403692346158011, -2.5447681509624958
2755, 27.545955882352942, 0.7104940643325809, -2.5337049202556914, -2.854093590416153, 0.9493004310765071, 0.0, 0.0, 0.876678320104618, 0.13685478465654338, 0.7100621513988247, -2.534408251793674
2756, 27.5559580449827, 0.6819531284284194, -2.5242119159449263, -2.854093590416153, 0.9493004310765071, 0.0, 0.0, 0.9207272474495616, 0.11755951669723202, 0.6817245198640435, -2.525360805235069
2757, 27.56596020761246, 0.6534121925242578, -2.5147189116341613, -2.854093590416153, 0.9493004310765071, 0.0, 0.0, 0.9627072513605448, 0.09836808701664057, 0.6524203569604212, -2.514508615603556
2758, 27.575962370242216, 0.6248712566200962, -2.5052259073233962, -2.854093590416153, 0.9493004310765071, 0.0, 0.0, 1.0025755315763463, 0.07928711578440589, 0.6251751809593495, -2.5052191824025685
2759, 27.585964532871973, 0.5963303207159347, -2.495732903012631, -2.854093590416153, 0.9493004310765071, 0.0, 0.0, 1.040291057363123, 0.060323185443003025, 0.5958802969372755, -2.4958927948226504
2760, 27.595966695501733, 0.5677893848117732, -2.486239898701866, -2.854093590416153, 0.9493004310765071, 0.0, 0.0, 1.0758146039029381, 0.04148283835022598, 0.5661259039114702, -2.485360248298362
2761, 27.60596885813149, 0.5392484489076115, -2.476746894391101, -2.854093590416153, 0.9493004310765071, 0.0, 0.0, 1.1091087871932594, 0.022772574435994397, 0.5380946902553583, -2.4767837780255313
2762, 27.615971020761247, 0.51070751300345, -2.467253890080336, -2.854093590416153, 0.9493004310765071, 0.0, 0.0, 1.1401380974279252, 0.004198848874340799, 0.511741518069637, -2.4665542839367482
2763, 27.625973183391004, 0.48216657709928845, -2.457760885769571, -2.854093590416153, 0.9493004310765071, 0.0, 0.0, 1.1688689308313496, -0.01423193022858854, 0.4841073760959377, -2.4574974631159496
2764, 27.635975346020764, 0.45362564119512694, -2.448267881458806, -2.854093590416153, 0.9493004310765071, 0.0, 0.0, 1.1952696199189883, -0.03251340412967646, 0.4543535875849796, -2.4459902074515814
2765, 27.64597750865052, 0.4250847052909654, -2.438774877148041, -2.854093590416153, 0.9493004310765071, 0.0, 0.0, 1.2193104621583752, -0.050639265726292015, 0.42607297929534044, -2.437626762972862
2766, 27.655979671280278, 0.3965437693868037, -2.429281872837276, -2.854093590416153, 0.9493004310765071, 0.0, 0.0, 1.2409637470063757, -0.06860326181524373, 0.39757505354329375, -2.4297467533674713
2767, 27.665981833910035, 0.3680028334826422, -2.4197888685265108, -2.854093590416153, 0.9493004310765071, 0.0, 0.0, 1.2602037812995812, -0.0863991953324032, 0.36634185879454806, -2.420382026958355
2768, 27.675983996539795, 0.33946189757848066, -2.4102958642157457, -2.854093590416153, 0.9493004310765071, 0.0, 0.0, 1.2770069129761885, -0.10402092757219777, 0.34141223813372873, -2.410982832300045
2769, 27.685986159169552, 0.31092096167431915, -2.40080285990498, -2.854093590416153, 0.9493004310765071, 0.0, 0.0, 1.2913515531090147, -0.12146238038616392, 0.3136938951191789, -2.401659276648924
2770, 27.69598832179931, 0.28238002577015764, -2.391309855594215, -2.854093590416153, 0.9493004310765071, 0.0, 0.0, 1.303218196230714, -0.13871753835976847, 0.28310388059008307, -2.3897964614965566
2771, 27.705990484429066, 0.2538390898659961, -2.38181685128345, -2.854093590416153, 0.9493004310765071, 0.0, 0.0, 1.312589438933673, -0.15578045096671017, 0.25415426358992216, -2.3847970468218316
2772, 27.715992647058826, 0.2252981539618346, -2.372323846972685, -2.854093590416153, 0.9493004310765071, 0.0, 0.0, 1.3194499967284332, -0.1726452346999225, 0.22460194475526407, -2.370783791336207
2773, 27.725994809688583, 0.1967572180576731, -2.36283084266192, -2.854093590416153, 0.9493004310765071, 0.0, 0.0, 1.3237867191459776, -0.18930607517850712, 0.19742299259146587, -2.3627946536807944
2774, 27.73599697231834, 0.1682162821535116, -2.353337838351155, -2.854093590416153, 0.9493004310765071, 0.0, 0.0, 1.3255886030706012, -0.2057572292298357, 0.1687279973250951, -2.352990380904719
2775, 27.7459991349481, 0.13967534624934985, -2.34384483404039, -2.854093590416153, 0.9493004310765071, 0.0, 0.0, 1.3248468042915884, -0.22199302694606798, 0.13886941169495254, -2.3434737876504648
2776, 27.756001297577857, 0.11113441034518834, -2.334351829729625, -2.854093590416153, 0.9493004310765071, 0.0, 0.0, 1.3215546472633486, -0.23800787371434046, 0.10979112638150447, -2.334713229279146
2777, 27.766003460207614, 0.08259347444102683, -2.32485882541886, -2.854093590416153, 0.9493004310765071, 0.0, 0.0, 1.3157076330651365, -0.25379625221989527, 0.0818727713514415, -2.324189438981982
2778, 27.77600562283737, 0.05405253853686531, -2.3153658211080947, -2.854093590416153, 0.9493004310765071, 0.0, 0.0, 1.3073034455529844, -0.26935272442142105, 0.054126166091734186, -2.3137155035038566
2779, 27.78600778546713, 0.0255116026327038, -2.3058728167973297, -2.854093590416153, 0.9493004310765071, 0.0, 0.0, 1.296341955697939, -0.28467193349789227, 0.02521682472352626, -2.3055154815550885
2780, 27.796009948096888, -0.0030293332714579346, -2.2963798124865646, -2.854093590416153, 0.9493004310765071, 0.0, 0.0, 1.2828252241061744, -0.2997486057662057, -0.002405551143180393, -2.2961295815445695
2781, 27.806012110726645, -0.03157026917561945, -2.2868868081757996, -2.854093590416153, 0.9493004310765071, 0.0, 0.0, 1.2667575017180948, -0.31457755256891745, -0.032644122516738795, -2.286446272568682
2782, 27.8160142733564, -0.06011120507978096, -2.2773938038650345, -2.854093590416153, 0.9493004310765071, 0.0, 0.0, 1.2481452286849706, -0.3291536721313996, -0.057840484387825596, -2.2773123116087626
2783, 27.826016435986162, -0.08865214098394247, -2.2679007995542695, -2.854093590416153, 0.9493004310765071, 0.0, 0.0, 1.2269970314232066, -0.3434719513877446, -0.08821166152580232, -2.2699173279753095
2784, 27.83601859861592, -0.11719307688810399, -2.258407795243504, -2.854093590416153, 0.9493004310765071, 0.0, 0.0, 1.2033237178478093, -0.3575274677747567, -0.11916651308399148, -2.2595380467699595
2785, 27.846020761245676, -0.14573401279226572, -2.248914790932739, -2.854093590416153, 0.9493004310765071, 0.0, 0.0, 1.1771382707881348, -0.371315390993384, -0.14546115654723324, -2.2493939524978535
2786, 27.856022923875432, -0.17427494869642723, -2.239421786621974, -2.854093590416153, 0.9493004310765071, 0.0, 0.0, 1.1484558395904614, -0.3848309847369487, -0.17464700316309306, -2.2386728290918927
2787, 27.866025086505193, -0.20281588460058875, -2.229928782311209, -2.854093590416153, 0.9493004310765071, 0.0, 0.0, 1.1172937299134822, -0.3980696083855592, -0.20391098847639616, -2.229330994694553
2788, 27.87602724913495, -0.23135682050475026, -2.220435778000444, -2.854093590416153, 0.9493004310765071, 0.0, 0.0, 1.0836713917242284, -0.41102671866608403, -0.23045688112078863, -2.2209196055507334
2789, 27.886029411764707, -0.2598977564089118, -2.2109427736896787, -2.854093590416153, 0.9493004310765071, 0.0, 0.0, 1.0476104055034825, -0.4236978712770901, -0.2600746177521605, -2.2104644235114295
2790, 27.896031574394467, -0.2884386923130735, -2.2014497693789137, -2.854093590416153, 0.9493004310765071, 0.0, 0.0, 1.009134466671156, -0.4360787224781592, -0.2884009581798364, -2.202735892323293
2791, 27.906033737024224, -0.316979628217235, -2.1919567650681486, -2.854093590416153, 0.9493004310765071, 0.0, 0.0, 0.9682693682436279, -0.44816503064300656, -0.3166535405287026, -2.192709927917403
2792, 27.91603589965398, -0.34552056412139653, -2.1824637607573836, -2.854093590416153, 0.9493004310765071, 0.0, 0.0, 0.9250429817364441, -0.45995265777584, -0.3449060956342787, -2.1828770193062526
2793, 27.926038062283737, -0.37406150002555827, -2.1729707564466185, -2.854093590416153, 0.9493004310765071, 0.0, 0.0, 0.8794852363272629, -0.47143757099041234, -0.3751141107674586, -2.1737000487470115
2794, 27.936040224913498, -0.40260243592971956, -2.1634777521358535, -2.854093590416153, 0.9493004310765071, 0.0, 0.0, 0.8316280962953497, -0.48261584395123264, -0.4027992234229005, -2.164031874102455
2795, 27.946042387543255, -0.4311433718338813, -2.1539847478250884, -2.854093590416153, 0.9493004310765071, 0.0, 0.0, 0.7815055367553394, -0.49348365827641366, -0.43106627451107005, -2.1533908508895556
2796, 27.95604455017301, -0.4596843077380426, -2.1444917435143234, -2.854093590416153, 0.9493004310765071, 0.0, 0.0, 0.7291535177044102, -0.5040373049016504, -0.4601123262633285, -2.1441826961633925
2797, 27.96604671280277, -0.4882252436422043, -2.1349987392035583, -2.854093590416153, 0.9493004310765071, 0.0, 0.0, 0.6746099564033763, -0.514273185404837, -0.48615682163934965, -2.1357747456475114
2798, 27.97604887543253, -0.5167661795463661, -2.1255057348927933, -2.854093590416153, 0.9493004310765071, 0.0, 0.0, 0.6179146981136205, -0.5241878132908406, -0.5168076407313285, -2.124769950088358
2799, 27.986051038062286, -0.5453071154505273, -2.116012730582028, -2.854093590416153, 0.9493004310765071, 0.0, 0.0, 0.5591094852130953, -0.53377781523597, -0.545092960053921, -2.1161976107193525
2800, 27.996053200692042, -0.5738480513546891, -2.106519726271263, -2.854093590416153, 0.9493004310765071, 0.0, 0.0, 0.49823792471600914, -0.5430399322916915, -0.5742280347934167, -2.1065028528285765
2801, 28.0060553633218, -0.6023889872588504, -2.097026721960498, -2.854093590416153, 0.9493004310765071, 0.0, 0.0, 0.43534545422210424, -0.5519710210471509, -0.6025487080321986, -2.0969787633778343
2802, 28.01605752595156, -0.6309299231630121, -2.087533717649733, -2.854093590416153, 0.9493004310765071, 0.0, 0.0, 0.37047930632271986, -0.5605680547500895, -0.6308676325873146, -2.0860144571552452
2803, 28.026059688581316, -0.6594708590671738, -2.078040713338968, -2.854093590416153, 0.9493004310765071, 0.0, 0.0, 0.3036884714921628, -0.5688281243857405, -0.6612291302432874, -2.0776395489980675
2804, 28.036061851211073, -0.6880117949713351, -2.0685477090282025, -2.854093590416153, 0.9493004310765071, 0.0, 0.0, 0.23502365949408777, -0.5767484397133253, -0.6861226769112084, -2.0689250573414752
2805, 28.046064013840834, -0.7165527308754969, -2.0590547047174375, -2.854093590416153, 0.9493004310765071, 0.0, 0.0, 0.16453725933387053, -0.5843263302597688, -0.7157999375098621, -2.0574325767145956
2806, 28.05606617647059, -0.7450936667796582, -2.0495617004066724, -2.854093590416153, 0.9493004310765071, 0.0, 0.0, 0.09228329778915745, -0.5915592462702748, -0.7456006673888581, -2.049163140154011
2807, 28.066068339100347, -0.7736346026838199, -2.0400686960959074, -2.854093590416153, 0.9493004310765071, 0.0, 0.0, 0.018317396551914777, -0.5984447596154243, -0.7733511868786545, -2.0410271078174835
2808, 28.076070501730104, -0.8021755385879816, -2.0305756917851423, -2.854093590416153, 0.9493004310765071, 0.0, 0.0, -0.05730327198349805, -0.604980564654461, -0.799220746667612, -2.0326785712133515
2809, 28.086072664359865, -0.8307164744921429, -2.0210826874743772, -2.854093590416153, 0.9493004310765071, 0.0, 0.0, -0.1345200302506262, -0.6111644790544617, -0.831188870243777, -2.0193498099117537
2810, 28.09607482698962, -0.8595292347678865, -2.0116369024669014, -2.8404072818109882, 0.9172220578365791, 8.173749152673448, -5.471288582200865, 0.1901051047826352, -0.671731894534699, -0.8576466495592031, -2.011679147512446
2811, 28.10607698961938, -0.8875246201283628, -2.0027382463176457, -2.758669790284254, 0.8625091720145704, 8.173749152673448, -5.471288582200865, 0.16040053856189873, -0.6948914618595343, -0.8873178305228667, -2.003516566200989
2812, 28.116079152249135, -0.9147026305735716, -1.99438671902661, -2.6769322987575195, 0.8077962861925616, 8.173749152673448, -5.471288582200865, 0.13138502183187617, -0.7178523459846756, -0.9148740104233919, -1.9946756952506017
2813, 28.126081314878896, -0.9410632661035131, -1.9865823205937945, -2.5951948072307838, 0.753083400370553, 8.173749152673448, -5.471288582200865, 0.10323076695512179, -0.7406408505782445, -0.9404705362768749, -1.9872138421031085
2814, 28.136083477508652, -0.9666065267181874, -1.9793250510191989, -2.5134573157040494, 0.6983705145485444, 8.173749152673448, -5.471288582200865, 0.07609818827064929, -0.7632822468180518, -0.9677167518135275, -1.9796570703619718
2815, 28.14608564013841, -0.9913324124175942, -1.9726149103028234, -2.431719824177315, 0.6436576287265356, 8.173749152673448, -5.471288582200865, 0.050136246507688664, -0.7858008180804025, -0.9928114505280322, -1.973209827918153
2816, 28.156087802768166, -1.0152409232017336, -1.9664518984446682, -2.3499823326505807, 0.5889447429045269, 8.173749152673448, -5.471288582200865, 0.025482827632589578, -0.8082199033661528, -1.0155888680916838, -1.9682712615394
2817, 28.166089965397926, -1.0383320590706058, -1.960836015444733, -2.2682448411238463, 0.5342318570825182, 8.173749152673448, -5.471288582200865, 0.0022651505258124427, -0.8305619392444082, -1.039473530696386, -1.9608961047599434
2818, 28.176092128027683, -1.0606058200242106, -1.955767261303018, -2.186507349597112, 0.4795189712605095, 8.173749152673448, -5.471288582200865, -0.019399801756111, -0.8528485001134585, -1.060487751514893, -1.9575967341935492
2819, 28.18609429065744, -1.082062206062548, -1.9512456360195227, -2.104769858070377, 0.42480608543850085, 8.173749152673448, -5.471288582200865, -0.03940483202288081, -0.8751003365963652, -1.0816779243043042, -1.9491579384825324
2820, 28.1960964532872, -1.102701217185618, -1.9472711395942477, -2.0230323665436423, 0.37009319961649206, 8.173749152673448, -5.471288582200865, -0.057652064835399974, -0.8973374119050412, -1.1012054644035731, -1.9478488234328224
2821, 28.206098615916957, -1.1225228533934208, -1.9438437720271928, -1.9412948750169081, 0.31538031379448345, 8.173749152673448, -5.471288582200865, -0.07405247242867308, -0.9195789360218622, -1.1224647023938517, -1.9442893824655403
2822, 28.216100778546714, -1.1415271146859565, -1.9409635333183581, -1.8595573834901733, 0.2606674279724748, 8.173749152673448, -5.471288582200865, -0.08852539453448005, -0.9418433975617834, -1.1419473530973765, -1.9432836445237822
2823, 28.22610294117647, -1.1597140010632245, -1.9386304234677434, -1.777819891963439, 0.205954542150466, 8.173749152673448, -5.471288582200865, -0.1009980556440524, -0.9641485931907978, -1.1602564540197597, -1.9391407188621808
2824, 28.23610510380623, -1.1770835125252253, -1.9368444424753488, -1.6960824004367043, 0.15124165632845732, 8.173749152673448, -5.471288582200865, -0.111405082942444, -0.9865116544883762, -1.1763606733492624, -1.9364231681326132
2825, 28.24610726643599, -1.1936356490719586, -1.9356055903411742, -1.61434490890997, 0.09652877050644859, 8.173749152673448, -5.471288582200865, -0.11968802785218813, -1.0089490721523906, -1.1914996476209054, -1.9329392351850085
2826, 28.256109429065745, -1.2093704107034247, -1.9349138670652197, -1.5326074173832351, 0.041815884684439975, 8.173749152673448, -5.471288582200865, -0.12579489384508746, -1.031476717455057, -1.2110203092800944, -1.9340640546855294
2827, 28.266111591695502, -1.2242877974196233, -1.9347692726474854, -1.4508699258565008, -0.012897001137568642, 8.173749152673448, -5.471288582200865, -0.1296796729181937, -1.0541098608677015, -1.2233872827630974, -1.9358430388356922
2828, 28.276113754325262, -1.2383878092205547, -1.935171807087971, -1.3691324343297662, -0.06760988695957748, 8.173749152673448, -5.471288582200865, -0.13130189288377003, -1.0768631877807733, -1.2370668647183352, -1.9352788550250957
2829, 28.28611591695502, -1.2516704461062187, -1.936121470386677, -1.2873949428030316, -0.12232277278158604, 8.173749152673448, -5.471288582200865, -0.13062617739344362, -1.099750811253631, -1.2498036352621744, -1.9362321145776646
2830, 28.296118079584776, -1.2641357080766153, -1.937618262543603, -1.2056574512762968, -0.17703565860359477, 8.173749152673448, -5.471288582200865, -0.1276218204039573, -1.1227862817362475, -1.2653080446230636, -1.936595862737756
2831, 28.306120242214533, -1.2757835951317447, -1.9396621835587489, -1.1239199597495624, -0.23174854442560344, 8.173749152673448, -5.471288582200865, -0.12226237659582018, -1.145982593712311, -1.2755559030325616, -1.9402102870411049
2832, 28.316122404844293, -1.2866141072716066, -1.942253233432115, -1.042182468222828, -0.2864614302476122, 8.173749152673448, -5.471288582200865, -0.11452526907644978, -1.169352189220275, -1.2858147558296509, -1.9427482533502338
2833, 28.32612456747405, -1.2966272444962013, -1.9453914121637013, -0.9604449766960932, -0.3411743160696209, 8.173749152673448, -5.471288582200865, -0.10439141553577802, -1.1929069582158738, -1.297944492456251, -1.9461011228397411
2834, 28.336126730103807, -1.3058230068055285, -1.9490767197535075, -0.8787074851693588, -0.39588720189162957, 8.173749152673448, -5.471288582200865, -0.09184487387419271, -1.216658235746592, -1.306075584749533, -1.9504174216728947
2835, 28.346128892733567, -1.3142013941995885, -1.9533091562015337, -0.7969699936426244, -0.45060008771363835, 8.173749152673448, -5.471288582200865, -0.07687250818960534, -1.240616795915618, -1.3125544604401498, -1.9526603582574973
2836, 28.356131055363324, -1.321762406678381, -1.9580887215077802, -0.7152325021158897, -0.505312973535647, 8.173749152673448, -5.471288582200865, -0.059463675891616496, -1.2647928426200927, -1.3216947920953874, -1.9571937347584705
2837, 28.36613321799308, -1.328506044241906, -1.9634154156722468, -0.6334950105891551, -0.5600258593576557, 8.173749152673448, -5.471288582200865, -0.039609936605522034, -1.2891959970560383, -1.32939876191408, -1.962794640740676
2838, 28.376135380622838, -1.334432306890164, -1.9692892386949334, -0.5517575190624207, -0.6147387451796644, 8.173749152673448, -5.471288582200865, -0.01730478343640135, -1.3138352819903631, -1.335377420556829, -1.9692630951211745
2839, 28.386137543252598, -1.3395411946231546, -1.97571019057584, -0.47002002753568595, -0.6694516310016732, 8.173749152673448, -5.471288582200865, 0.007456602917083499, -1.3387191028088739, -1.3404747714349172, -1.974118255411
2840, 28.396139705882355, -1.3438327074408778, -1.9826782713149669, -0.3882825360089514, -0.7241645168236818, 8.173749152673448, -5.471288582200865, 0.03467757677915553, -1.3638552253584024, -1.3438225070733278, -1.982279624683035
2841, 28.406141868512112, -1.3473068453433337, -1.9901934809123136, -0.306545044482217, -0.7788774026456906, 8.173749152673448, -5.471288582200865, 0.06436022648324169, -1.3892507506110612, -1.347114698229534, -1.9901385191603158
2842, 28.41614403114187, -1.3499636083305222, -1.9982558193678805, -0.22480755295548233, -0.8335902884676992, 8.173749152673448, -5.471288582200865, 0.09650554941824527, -1.4149120861893927, -1.3505257719367187, -1.9994627261285414
2843, 28.42614619377163, -1.3518029964024434, -2.0068652866816676, -0.14307006142874779, -0.8883031742897078, 8.173749152673448, -5.471288582200865, 0.1311136028673447, -1.4408449148028688, -1.3517639458763047, -2.007713277608357
2844, 28.436148356401386, -1.3528250095590972, -2.016021882853675, -0.061332569902013245, -0.9430160601117165, 8.173749152673448, -5.471288582200865, 0.16818363040732812, -1.467054159658907, -1.3514498620730089, -2.015646996833077
2845, 28.446150519031143, -1.3530296478004835, -2.025725607883902, 0.020404921624721295, -0.9977289459337251, 8.173749152673448, -5.471288582200865, 0.20771416366592726, -1.493543946925418, -1.3521270680526982, -2.0266760210168155
2846, 28.4561526816609, -1.3524169111266027, -2.0359764617723495, 0.10214241315145586, -1.052441831755734, 8.173749152673448, -5.471288582200865, 0.24970309925913314, -1.5203175653369352, -1.3523690540406887, -2.035454131269623
2847, 28.46615484429066, -1.3509867995374545, -2.046774444519017, 0.1838799046781904, -1.1071547175777425, 8.173749152673448, -5.471288582200865, 0.294147750751158, -1.5473774230527293, -1.3497517035923745, -2.0460480430114396
2848, 28.476157006920417, -1.348739313033039, -2.0581195561239043, 0.265617396204925, -1.1618676033997513, 8.173749152673448, -5.471288582200865, 0.3410448754975993, -1.5747250018929937, -1.3484954437705006, -2.0579944888296873
2849, 28.486159169550174, -1.3456744516133559, -2.070011796587012, 0.3473548877316595, -1.21658048922176, 8.173749152673448, -5.471288582200865, 0.39039067624861756, -1.602360809098315, -1.3456475445387859, -2.0692206452794437
2850, 28.496161332179934, -1.3422009027360395, -2.082177601479229, 0.3473548877316568, -1.2165804892217582, 0.0, 0.0, 0.020946060915593312, -1.5514708304014078, -1.3407179476156375, -2.0827795596370944
2851, 28.50616349480969, -1.338727353858723, -2.0943434063714466, 0.3473548877316568, -1.2165804892217582, 0.0, 0.0, 0.034881691371956125, -1.5490438779033364, -1.3376340370027227, -2.091935275685365
2852, 28.516165657439448, -1.3352538049814064, -2.1065092112636643, 0.3473548877316568, -1.2165804892217582, 0.0, 0.0, 0.048877096649212415, -1.5465456955042627, -1.334725925037815, -2.1076544257162113
2853, 28.526167820069205, -1.3317802561040897, -2.1186750161558816, 0.3473548877316568, -1.2165804892217582, 0.0, 0.0, 0.06293196082861235, -1.5439764730285135, -1.3307143389935414, -2.117397378706903
2854, 28.536169982698965, -1.3283067072267731, -2.1308408210480994, 0.3473548877316568, -1.2165804892217582, 0.0, 0.0, 0.0770459630029049, -1.541336405690086, -1.3278498965376555, -2.1306678322589123
2855, 28.546172145328722, -1.3248331583494566, -2.143006625940317, 0.3473548877316568, -1.2165804892217582, 0.0, 0.0, 0.09121877729085759, -1.5386256940777403, -1.32453902318544, -2.1445014665166946
2856, 28.55617430795848, -1.32135960947214, -2.1551724308325344, 0.3473548877316568, -1.2165804892217582, 0.0, 0.0, 0.10545007285214442, -1.5358445441396742, -1.321692909839908, -2.1555077803213343
2857, 28.566176470588236, -1.3178860605948235, -2.167338235724752, 0.3473548877316568, -1.2165804892217582, 0.0, 0.0, 0.1197395139025969, -1.5329931671677959, -1.3146064878436148, -2.167443275112506
2858, 28.576178633217996, -1.314412511717507, -2.17950404061697, 0.3473548877316568, -1.2165804892217582, 0.0, 0.0, 0.13408675972982176, -1.5300717797815895, -1.314472387182591, -2.176087251281146
2859, 28.586180795847753, -1.3109389628401904, -2.191669845509187, 0.3473548877316568, -1.2165804892217582, 0.0, 0.0, 0.14849146470918012, -1.527080603911569, -1.3108767948643862, -2.190430725632913
2860, 28.59618295847751, -1.3074654139628739, -2.203835650401405, 0.3473548877316568, -1.2165804892217582, 0.0, 0.0, 0.16295327832012885, -1.5240198667823353, -1.306905552545359, -2.203507387253712
2861, 28.606185121107266, -1.3039918650855573, -2.2160014552936227, 0.3473548877316568, -1.2165804892217582, 0.0, 0.0, 0.1774718451629269, -1.5208898008952245, -1.303233433717089, -2.2149612771167906
2862, 28.616187283737027, -1.3005183162082408, -2.22816726018584, 0.3473548877316568, -1.2165804892217582, 0.0, 0.0, 0.19204680497569748, -1.5176906440105595, -1.301123130177445, -2.2282226245055843
2863, 28.626189446366784, -1.297044767330924, -2.2403330650780577, 0.3473548877316568, -1.2165804892217582, 0.0, 0.0, 0.206677792651852, -1.514422639129495, -1.2959963473468215, -2.240462696933473
2864, 28.63619160899654, -1.2935712184536075, -2.2524988699702755, 0.3473548877316568, -1.2165804892217582, 0.0, 0.0, 0.2213644382578706, -1.5110860344754686, -1.2931193692210896, -2.254033296347441
2865, 28.6461937716263, -1.290097669576291, -2.264664674862493, 0.3473548877316568, -1.2165804892217582, 0.0, 0.0, 0.2361063670514441, -1.5076810834752525, -1.2892712277010037, -2.266420483569645
2866, 28.656195934256058, -1.2866241206989744, -2.2768304797547105, 0.3473548877316568, -1.2165804892217582, 0.0, 0.0, 0.25090319949996653, -1.5042080447396078, -1.2881615519010814, -2.277561157716214
2867, 28.666198096885815, -1.2831505718216578, -2.288996284646928, 0.3473548877316568, -1.2165804892217582, 0.0, 0.0, 0.26575455129938674, -1.500667182043547, -1.2808098647474415, -2.2891126469956697
2868, 28.67620025951557, -1.2796770229443413, -2.3011620895391456, 0.3473548877316568, -1.2165804892217582, 0.0, 0.0, 0.2806600333934107, -1.4970587643062006, -1.2787134012581403, -2.3008712930078588
2869, 28.686202422145332, -1.2762034740670247, -2.3133278944313633, 0.3473548877316568, -1.2165804892217582, 0.0, 0.0, 0.29561925199305983, -1.4933830655702933, -1.275504633863109, -2.3148530550467172
2870, 28.69620458477509, -1.2727299251897082, -2.3254936993235806, 0.3473548877316568, -1.2165804892217582, 0.0, 0.0, 0.31063180859657635, -1.4896403649812309, -1.2719065607729783, -2.3265654661238853
2871, 28.706206747404845, -1.2692563763123914, -2.3376595042157984, 0.3473548877316568, -1.2165804892217582, 0.0, 0.0, 0.325697300009685, -1.4858309467657969, -1.2704073722419629, -2.335887084122738
2872, 28.716208910034602, -1.2657828274350749, -2.349825309108016, 0.3473548877316568, -1.2165804892217582, 0.0, 0.0, 0.3408153183661949, -1.481955100210465, -1.2658678708690396, -2.3500798548644135
2873, 28.726211072664363, -1.2623092785577583, -2.3619911140002334, 0.3473548877316568, -1.2165804892217582, 0.0, 0.0, 0.3559854511489591, -1.4780131196393236, -1.2612873700411402, -2.3614142468801083
2874, 28.73621323529412, -1.2588357296804418, -2.374156918892451, 0.3473548877316568, -1.2165804892217582, 0.0, 0.0, 0.37120728121117197, -1.4740053043916197, -1.2577542345711374, -2.372458453735225
2875, 28.746215397923876, -1.254585809845219, -2.386247763076021, 0.49914632939136705, -1.1893903167373683, 14.830869173815948, 3.9388203239237054, 1.0066671758263253, -1.467979766802594, -1.253216033758962, -2.3850522608984956
2876, 28.756217560553633, -1.2488528030926145, -2.3979447252271986, 0.6474550211295266, -1.1500021134981313, 14.830869173815948, 3.9388203239237054, 1.0915789434856, -1.450095602405137, -1.2478372142064376, -2.3978262449510748
2877, 28.766219723183394, -1.2416367094226284, -2.409247805345984, 0.7957637128676862, -1.1106139102588943, 14.830869173815948, 3.9388203239237054, 1.1811335549616762, -1.4335036834846262, -1.2426384859764024, -2.4082616595262327
2878, 28.77622188581315, -1.2329375288352606, -2.4201570034323763, 0.9440724046058457, -1.071225707019657, 14.830869173815948, 3.9388203239237054, 1.275250876090635, -1.4182070884550422, -1.232794302079269, -2.420731301001798
2879, 28.786224048442907, -1.2227552613305115, -2.430672319486377, 1.0923810963440053, -1.0318375037804202, 14.830869173815948, 3.9388203239237054, 1.3738512002471124, -1.4042010383200991, -1.2225579128054194, -2.4308029153332535
2880, 28.796226211072668, -1.2110899069083805, -2.4407937535079847, 1.240689788082165, -0.992449300541183, 14.830869173815948, 3.9388203239237054, 1.4768543560373593, -1.391473017087038, -1.2115437367577524, -2.4421415576772674
2881, 28.806228373702425, -1.197941465568868, -2.4505213054972006, 1.3889984798203245, -0.9530610973019459, 14.830869173815948, 3.9388203239237054, 1.5841787092017157, -1.3800028393260324, -1.1990619461360446, -2.4514344298527164
2882, 28.81623053633218, -1.183309937311974, -2.4598549754540238, 1.5373071715584843, -0.9136728940627088, 14.830869173815948, 3.9388203239237054, 1.6957400639737, -1.3697626649424335, -1.182382950248624, -2.4600542553784623
2883, 28.826232698961938, -1.1671953221376983, -2.4687947633784546, 1.6856158632966438, -0.8742846908234716, 14.830869173815948, 3.9388203239237054, 1.811450469145361, -1.360716962339784, -1.168197909842773, -2.468242191320386
2884, 28.8362348615917, -1.1495976200460412, -2.477340669270493, 1.8339245550348033, -0.8348964875842346, 14.830869173815948, 3.9388203239237054, 1.93121693424384, -1.3528224222693424, -1.1512689106217322, -2.476635523342864
2885, 28.846237024221455, -1.1305168310370024, -2.4854926931301393, 1.982233246772963, -0.7955082843449974, 14.830869173815948, 3.9388203239237054, 2.054940061538903, -1.3460278257969032, -1.130795130394127, -2.486598646645313
2886, 28.856239186851212, -1.1099529551105818, -2.493250834957393, 2.1305419385111226, -0.7561200811057603, 14.830869173815948, 3.9388203239237054, 2.182512600080937, -1.3402738709794848, -1.1119350189462363, -2.4911085071601526
2887, 28.86624134948097, -1.0879059922667798, -2.5006150947522547, 2.2788506302492824, -0.7167318778665234, 14.830869173815948, 3.9388203239237054, 2.313817928618115, -1.3354929640413102, -1.0878201793471098, -2.5008107156710375
2888, 28.87624351211073, -1.064375942505596, -2.5075854725147235, 2.4271593219874417, -0.6773436746272862, 14.830869173815948, 3.9388203239237054, 2.448728475063237, -1.3316089820771972, -1.0640564156956926, -2.5068361615255124
2889, 28.886245674740486, -1.039362805827031, -2.5141619682448004, 2.5754680137256014, -0.6379554713880492, 14.830869173815948, 3.9388203239237054, 2.587104081177219, -1.3285370155968144, -1.0413789804475937, -2.514524586517477
2890, 28.896247837370243, -1.012866582231084, -2.5203445819424846, 2.723776705463761, -0.598567268148812, 14.830869173815948, 3.9388203239237054, 2.7287903223079963, -1.3261831005576374, -1.0131363065345305, -2.5202928067817796
2891, 28.90625, -0.9848872717177557, -2.526133313607777, 2.87208539720192, -0.5591790649095749, 14.830869173815948, 3.9388203239237054, 2.8736167933698002, -1.324443950917288, -0.9854672978941741, -2.525996405371164
2892, 28.91625216262976, -0.9554248742870456, -2.5315281632406763, 3.0203940889400798, -0.5197908616703378, 14.830869173815948, 3.9388203239237054, 3.021395373765743, -1.3232067041633113, -0.9552120684120718, -2.5326577432827477
2893, 28.926254325259517, -0.9244793899389541, -2.5365291308411835, 3.1687027806782395, -0.48040265843110075, 14.830869173815948, 3.9388203239237054, 3.1719184856418665, -1.3223486937424775, -0.9240819582297723, -2.5374184925082997
2894, 28.936256487889274, -0.8920508186734808, -2.5411362164092983, 3.3170114724163993, -0.4410144551918636, 14.830869173815948, 3.9388203239237054, 3.3249573617064456, -1.3217372638000506, -0.8954470845389668, -2.541215580844249
2895, 28.946258650519034, -0.8581391604906259, -2.545349419945021, 3.4653201641545586, -0.4016262519526266, 14.830869173815948, 3.9388203239237054, 3.48026034084492, -1.321229643134816, -0.8582763682799563, -2.546129657527785
2896, 28.95626081314879, -0.8227444153903896, -2.5491687414483506, 3.6136288558927188, -0.3622380487133895, 14.830869173815948, 3.9388203239237054, 3.637551211896386, -1.3206728967552208, -0.8228447014164129, -2.5511553142197707
2897, 28.966262975778548, -0.7858665833727716, -2.5525941809192885, 3.761937547630878, -0.3228498454741523, 14.830869173815948, 3.9388203239237054, 3.7965276282163334, -1.3199039748568444, -0.7876980705144733, -2.5526112936037246
2898, 28.976265138408305, -0.7475056644377719, -2.555625738357834, 3.910246239369038, -0.2834616422349153, 14.830869173815948, 3.9388203239237054, 3.956859618013608, -1.3187498803963262, -0.7471127022408787, -2.5556847271826193
2899, 28.986267301038065, -0.7076616585853907, -2.558263413763987, 4.058554931107197, -0.24407343899567815, 14.830869173815948, 3.9388203239237054, 4.118188217894049, -1.3170279776695097, -0.7074373147196741, -2.558428437563256
2900, 28.996269463667822, -0.666334565815628, -2.5605072071377473, 4.206863622845357, -0.2046852357564411, 14.830869173815948, 3.9388203239237054, 4.280124259541838, -1.314546465362544, -0.666167552978529, -2.559191460701684
2901, 29.00627162629758, -0.6235243861284835, -2.5623571184791154, 4.355172314583516, -0.16529703251720404, 14.830869173815948, 3.9388203239237054, 4.442247341989793, -1.3111050383770644, -0.6235260934429275, -2.5613984112718406
2902, 29.016273788927336, -0.5792311195239574, -2.5638131477880917, 4.503481006321676, -0.12590882927796695, 14.830869173815948, 3.9388203239237054, 4.604105024434491, -1.306495763270023, -0.5785717320138005, -2.5656009641881297
2903, 29.026275951557096, -0.5334547660020499, -2.564875295064675, 4.651789698059836, -0.08652062603872979, 14.830869173815948, 3.9388203239237054, 4.765212276997919, -1.3005041923235667, -0.5345509835706975, -2.5653407791815153
2904, 29.036278114186853, -0.4861953255627607, -2.565543560308866, 4.800098389797996, -0.0471324227994927, 14.830869173815948, 3.9388203239237054, 4.925051229175344, -1.2929107409918812, -0.4862807755673133, -2.566324609513732
2905, 29.04628027681661, -0.43745279820608995, -2.5658179435206647, 4.948407081536154, -0.007744219560255672, 14.830869173815948, 3.9388203239237054, 5.083071257883578, -1.2834923526752198, -0.4373355530304382, -2.565397731456366
2906, 29.056282439446367, -0.38722718393203737, -2.5656984447000712, 5.0967157732743145, 0.03164398367898144, 14.830869173815948, 3.9388203239237054, 5.238689458972305, -1.2720244733561923, -0.3882611905266634, -2.5648577847270593
2907, 29.066284602076127, -0.3355184827406035, -2.565185063847085, 5.245024465012474, 0.07103218691821853, 14.830869173815948, 3.9388203239237054, 5.391291547714054, -1.258283356505653, -0.33589728049865286, -2.565479525201621
2908, 29.076286764705884, -0.28232669463178794, -2.564277800961707, 5.393333156750633, 0.11042039015745561, 14.830869173815948, 3.9388203239237054, 5.540233235068458, -1.2420487157290374, -0.2813839764722766, -2.5653141198005573
2909, 29.08628892733564, -0.22765181960559067, -2.562976656043936, 5.541641848488793, 0.14980859339669272, 14.830869173815948, 3.9388203239237054, 5.684842127338783, -1.223106738782815, -0.22652492185030101, -2.562865649054497
2910, 29.0962910899654, -0.17149385766201197, -2.5612816290937728, 5.689950540226953, 0.18919679663592984, 14.830869173815948, 3.9388203239237054, 5.82442019711047, -1.2012534717519976, -0.1726238421329264, -2.5620294161921966
2911, 29.106293252595158, -0.11385280880105175, -2.5591927201112177, 5.838259231965112, 0.2285849998751669, 14.830869173815948, 3.9388203239237054, 5.958246872981733, -1.1762985762571196, -0.11330198182424482, -2.5603868061712927
2912, 29.116295415224915, -0.05472867302270967, -2.55670992909627, 5.986567923703271, 0.267973203114404, 14.830869173815948, 3.9388203239237054, 6.085582794456464, -1.1480694554769777, -0.0542467683938369, -2.555746326418967
2913, 29.12629757785467, 0.005878549673014044, -2.553833256048929, 6.134876615441431, 0.3073614063536411, 14.830869173815948, 3.9388203239237054, 6.2056742763533475, -1.116415736471189, 0.0051094745121241705, -2.5547601974976932
2914, 29.136299740484432, 0.06796885928611918, -2.5505627009691967, 6.283185307179592, 0.34674960959287815, 14.830869173815948, 3.9388203239237054, 6.317758524068626, -1.0812140867241111, 0.06805609940036642, -2.5526285712683237
2915, 29.14630190311419, 0.1308007123579129, -2.5470952048732682, 6.283185307179586, 0.3467496095928769, 0.0, 0.0, 5.859114812320406, -1.0021921389675623, 0.13052598302386337, -2.5460920513833654
2916, 29.156304065743946, 0.19363256542970886, -2.5436277087773393, 6.283185307179586, 0.3467496095928769, 0.0, 0.0, 5.869250972839231, -0.9597773673494449, 0.19384931199831135, -2.5424444692724792
2917, 29.166306228373703, 0.2564644185015048, -2.5401602126814105, 6.283185307179586, 0.3467496095928769, 0.0, 0.0, 5.869128808555836, -0.9143313036147463, 0.257857376172858, -2.5411542601940584
2918, 29.176308391003463, 0.31929627157330076, -2.536692716585482, 6.283185307179586, 0.3467496095928769, 0.0, 0.0, 5.858728464013153, -0.8660635411305692, 0.31886072172740226, -2.5373269037527284
2919, 29.18631055363322, 0.3821281246450967, -2.533225220489553, 6.283185307179586, 0.3467496095928769, 0.0, 0.0, 5.838069384471351, -0.8151960482527548, 0.38056457759692564, -2.5334989738667404
2920, 29.196312716262977, 0.44495997771689244, -2.5297577243936242, 6.283185307179586, 0.3467496095928769, 0.0, 0.0, 5.8072103384862155, -0.7619621928795083, 0.4459162296727543, -2.530505290642248
2921, 29.206314878892734, 0.5077918307886884, -2.5262902282976953, 6.283185307179586, 0.3467496095928769, 0.0, 0.0, 5.766249290397158, -0.7066057169157808, 0.5078963930803717, -2.525282065228882
2922, 29.216317041522494, 0.5706236838604843, -2.522822732201767, 6.283185307179586, 0.3467496095928769, 0.0, 0.0, 5.715323122769241, -0.6493796651546258, 0.5695334848643604, -2.522653022816326
2923, 29.22631920415225, 0.6334555369322803, -2.519355236105838, 6.283185307179586, 0.3467496095928769, 0.0, 0.0, 5.654607209405329, -0.590545273282002, 0.6350457672808152, -2.519411693593277
2924, 29.236321366782008, 0.6962873900040762, -2.515887740009909, 6.283185307179586, 0.3467496095928769, 0.0, 0.0, 5.584314840115919, -0.5303708198911362, 0.6971557332484163, -2.516459999625827
2925, 29.246323529411768, 0.7591192430758722, -2.5124202439139802, 6.283185307179586, 0.3467496095928769, 0.0, 0.0, 5.504696499003185, -0.46913044755068367, 0.7595351751028381, -2.5112608089207087
2926, 29.256325692041525, 0.8219510961476679, -2.5089527478180518, 6.283185307179586, 0.3467496095928769, 0.0, 0.0, 5.4160389985799595, -0.4071029581069089, 0.822277999034308, -2.508686352204592
2927, 29.26632785467128, 0.8847829492194639, -2.505485251722123, 6.283185307179586, 0.3467496095928769, 0.0, 0.0, 5.318664472601897, -0.34457058751332126, 0.8851732700730082, -2.505252474662049
2928, 29.27633001730104, 0.9476148022912598, -2.502017755626194, 6.283185307179586, 0.3467496095928769, 0.0, 0.0, 5.212929231039407, -0.28181776557116056, 0.9481157856981977, -2.5017530209174135
2929, 29.2863321799308, 1.0104466553630558, -2.498550259530265, 6.283185307179586, 0.3467496095928769, 0.0, 0.0, 5.099222481153319, -0.21912986603042425, 1.0114669143582466, -2.4974804078625072
2930, 29.296334342560556, 1.0732785084348517, -2.4950827634343367, 6.283185307179586, 0.3467496095928769, 0.0, 0.0, 4.977964919162354, -0.15679195254348607, 1.0733102218468635, -2.4948541229347025
2931, 29.306336505190313, 1.1361103615066477, -2.4916152673384078, 6.283185307179586, 0.3467496095928769, 0.0, 0.0, 4.849607197499301, -0.09508752598158007, 1.1366500831112993, -2.492036384172884
2932, 29.31633866782007, 1.1989422145784436, -2.488147771242479, 6.283185307179586, 0.3467496095928769, 0.0, 0.0, 4.714628273144436, -0.0342972786184379, 1.1994816578481375, -2.487750339877555
2933, 29.32634083044983, 1.2617740676502396, -2.4846802751465504, 6.283185307179586, 0.3467496095928769, 0.0, 0.0, 4.573533642997119, 0.025302139344816094, 1.261665999116959, -2.4848875632049534
2934, 29.336342993079587, 1.3246059207220355, -2.4812127790506215, 6.283185307179586, 0.3467496095928769, 0.0, 0.0, 4.426853472697823, 0.083439335493623, 1.3224796461032653, -2.482695595616538
2935, 29.346345155709344, 1.3874377737938315, -2.4777452829546927, 6.283185307179586, 0.3467496095928769, 0.0, 0.0, 4.275140625741312, 0.1398493678109612, 1.38604652000877, -2.4770151937834215
2936, 29.3563473183391, 1.4502696268656274, -2.4742777868587638, 6.283185307179586, 0.3467496095928769, 0.0, 0.0, 4.118968600125525, 0.19427490894500782, 1.4505723597506686, -2.4747463923043465
2937, 29.36634948096886, 1.513101479937423, -2.4708102907628353, 6.283185307179586, 0.3467496095928769, 0.0, 0.0, 3.9589293801583176, 0.24646737701769933, 1.511370631330613, -2.470816030239481
2938, 29.376351643598618, 1.575933333009219, -2.4673427946669064, 6.283185307179586, 0.3467496095928769, 0.0, 0.0, 3.795631211394004, 0.2961880280054291, 1.5764177668733148, -2.468426565254879
2939, 29.386353806228374, 1.6387651860810148, -2.4638752985709775, 6.283185307179586, 0.3467496095928769, 0.0, 0.0, 3.62969630699225, 0.34320900489195943, 1.6383893415892257, -2.4642366250979664
2940, 29.396355968858135, 1.7015970391528108, -2.4604078024750486, 6.283185307179586, 0.3467496095928769, 0.0, 0.0, 3.4617584940817996, 0.38731433898358336, 1.7024573750259682, -2.4607685171200844
2941, 29.40635813148789, 1.7644288922246067, -2.45694030637912, 6.283185307179586, 0.3467496095928769, 0.0, 0.0, 3.2924608089697363, 0.4283008989867573, 1.7624363773750717, -2.4567514009183586
2942, 29.41636029411765, 1.8272607452964027, -2.4534728102831913, 6.283185307179586, 0.3467496095928769, 0.0, 0.0, 3.12245305026222, 0.46597928367796204, 1.828719080179941, -2.4532042179693283
2943, 29.426362456747405, 1.8893946210412302, -2.4494902699778653, 6.094315550684446, 0.44703915538810024, -23.814404759663905, 9.75702497109763, 1.9700304167016844, 0.7918138127506777, 1.8889456806354823, -2.448214063769752
2944, 29.436364619377166, 1.9491470563100917, -2.444532027175429, 5.856171503087808, 0.5446094050990766, -23.814404759663905, 9.75702497109763, 1.701492269339519, 0.9047274157077202, 1.9494457531303375, -2.4449521912214136
2945, 29.446366782006923, 2.0065180511029865, -2.4385980818758837, 5.618027455491168, 0.642179654810053, -23.814404759663905, 9.75702497109763, 1.4395136425204396, 1.0116552287591207, 2.0065228519612495, -2.438172309372169
2946, 29.45636894463668, 2.061507605419915, -2.4316884340792284, 5.379883407894528, 0.7397499045210294, -23.814404759663905, 9.75702497109763, 1.1842667898450576, 1.1128085983896683, 2.0613051377442484, -2.432084246668531
2947, 29.466371107266436, 2.1141157192608775, -2.423803083785463, 5.14173936029789, 0.8373201542320058, -23.814404759663905, 9.75702497109763, 0.9358067113642863, 1.2084087666118593, 2.115976403279547, -2.423689127737321
2948, 29.476373269896197, 2.164342392625873, -2.414942030994588, 4.903595312701251, 0.9348904039429822, -23.814404759663905, 9.75702497109763, 0.694086688285223, 1.298683352394594, 2.163159142885228, -2.41455879906049
2949, 29.486375432525953, 2.2121876255149022, -2.4051052757066036, 4.665451265104611, 1.0324606536539584, -23.814404759663905, 9.75702497109763, 0.4589731795222809, 1.383863056152247, 2.2108820283348214, -2.403907479499745
2950, 29.49637759515571, 2.257651417927965, -2.394292817921509, 4.427307217507972, 1.130030903364935, -23.814404759663905, 9.75702497109763, 0.23025993752280027, 1.4641786080486687, 2.2571033923772044, -2.3941381050499073
2951, 29.506379757785467, 2.300733769865062, -2.3825046576393047, 4.189163169911333, 1.2276011530759114, -23.814404759663905, 9.75702497109763, 0.007681245234727019, 1.5398579764983822, 2.3003407469022252, -2.383936138891567
2952, 29.516381920415228, 2.3414346813261924, -2.3697407948599905, 3.9510191223146935, 1.3251714027868877, -23.814404759663905, 9.75702497109763, -0.20907578525970494, 1.6111238493268873, 2.3398701443644896, -2.3718254479137273
2953, 29.526384083044984, 2.3797541523113557, -2.356001229583567, 3.7128750747180543, 1.422741652497864, -23.814404759663905, 9.75702497109763, -0.42035987893681526, 1.6781913965852284, 2.3806872376432517, -2.3561282051607377
2954, 29.53638624567474, 2.4156921828205533, -2.3412859618100335, 3.4747310271214147, 1.5203119022088405, -23.814404759663905, 9.75702497109763, -0.6265452277998569, 1.7412663209919255, 2.4170869998529443, -2.3412740285246896
2955, 29.5463884083045, 2.4492487728537844, -2.32559499153939, 3.236586979524776, 1.617882151919817, -23.814404759663905, 9.75702497109763, -0.8280220611454236, 1.8005431993802818, 2.4502011393455803, -2.326776290411023
2956, 29.55639057093426, 2.480423922411049, -2.308928318771637, 2.9984429319281354, 1.7154524016307933, -23.814404759663905, 9.75702497109763, -1.0251881149568836, 1.856204116335465, 2.4815845590067593, -2.308366662538256
2957, 29.566392733564015, 2.509217631492347, -2.2912859435067743, 2.7602988843314975, 1.8130226513417698, -23.814404759663905, 9.75702497109763, -1.2184409458731045, 1.9084175893821436, 2.5088822926647967, -2.2908560893404983
2958, 29.576394896193772, 2.5356299000976787, -2.2726678657448014, 2.522154836734858, 1.910592901052746, -23.814404759663905, 9.75702497109763, -1.4081710256771043, 1.9573377835933174, 2.535536975912035, -2.274098700118118
2959, 29.586397058823533, 2.559660728227044, -2.253074085485719, 2.284010789138218, 2.0081631507637225, -23.814404759663905, 9.75702497109763, -1.594755546187569, 2.0031040122940316, 2.55956780514243, -2.252426750546601
2960, 29.59639922145329, 2.5813101158804432, -2.232504602729527, 2.0458667415415785, 2.1057334004746986, -23.814404759663905, 9.75702497109763, -1.7785528613955282, 2.045840519586772, 2.5802294079539814, -2.233781836457772
2961, 29.606401384083046, 2.600578063057876, -2.210959417476225, 1.8077226939449396, 2.2033036501856755, -23.814404759663905, 9.75702497109763, -1.9598974932708386, 2.085656539683649, 2.6011373782628655, -2.2110170136060563
2962, 29.616403546712803, 2.617464569759342, -2.1884385297258135, 1.5695786463483008, 2.3008738998966516, -23.814404759663905, 9.75702497109763, -2.1390956295007113, 2.1226466274477716, 2.6173745912047415, -2.1885126737312337
2963, 29.626405709342563, 2.631969635984842, -2.1649419394782923, 1.331434598751661, 2.398444149607628, -23.814404759663905, 9.75702497109763, -2.3164210451817295, 2.1568912540761813, 2.6313522991388836, -2.163624901564428
2964, 29.63640787197232, 2.6440932617343753, -2.140469646733661, 1.0932905511550217, 2.496014399318604, -23.814404759663905, 9.75702497109763, -2.4921113858697033, 2.188457661453075, 2.6451408302004973, -2.1414325562924432
2965, 29.646410034602077, 2.653835447007942, -2.11502165149192, 0.8551465035583825, 2.5935846490295806, -23.814404759663905, 9.75702497109763, -2.6663647561371135, 2.217400968319372, 2.653583409569278, -2.1171097216345895
2966, 29.656412197231834, 2.661196191805543, -2.0885979537530694, 0.6170024559617433, 2.6911548987405576, -23.814404759663905, 9.75702497109763, -2.8393365656688596, 2.2437655209987923, 2.6592739665277243, -2.0866627309838592
2967, 29.666414359861594, 2.666175496127177, -2.0611985535171087, 0.3788584083651041, 2.788725148451533, -23.814404759663905, 9.75702497109763, -3.0111365937493026, 2.2675864809490855, 2.668708776900486, -2.0614499341793837
2968, 29.67641652249135, 2.668773359972845, -2.0328234507840386, 0.14071436076846489, 2.88629539816251, -23.814404759663905, 9.75702497109763, -3.1818262425912436, 2.2888916408294193, 2.6675583550375173, -2.03414484515114
2969, 29.686418685121108, 2.668989783342546, -2.0034726455538587, -0.09742968682817432, 2.983865647873486, -23.814404759663905, 9.75702497109763, -3.3514159601890743, 2.3077034600533772, 2.669107527184495, -2.0035908062985754
2970, 29.69642084775087, 2.6668247662362816, -1.9731461378265687, -0.33557373442481353, 3.0814358975844627, -23.814404759663905, 9.75702497109763, -3.5198628241214984, 2.3240413098965247, 2.667095628827735, -1.9730939613939948
2971, 29.706423010380625, 2.66227830865405, -1.9418439276021693, -0.573717782021453, 3.179006147295439, -23.814404759663905, 9.75702497109763, -3.6870682888758766, 2.337923917116156, 2.6613470230053307, -1.940706520107013
2972, 29.716425173010382, 2.6553504105958523, -1.90956601488066, -0.8118618296180922, 3.2765763970064157, -23.814404759663905, 9.75702497109763, -3.8528761107161573, 2.3493719936905686, 2.655055050198102, -1.9104667232358916
2973, 29.72642733564014, 2.6460410720616885, -1.8763123996620408, -1.0500058772147318, 3.3741466467173917, -23.814404759663905, 9.75702497109763, -4.017070475771637, 2.3584110386718393, 2.647302113497182, -1.8743829861463157
2974, 29.7364294982699, 2.6343502930515577, -1.842083081946312, -1.2881499248113706, 3.4717168964283682, -23.814404759663905, 9.75702497109763, -4.179374368783054, 2.3650742962497744, 2.634919884668196, -1.8429395294201871
2975, 29.746431660899656, 2.6202780735654607, -1.8068780617334734, -1.5262939724080107, 3.5692871461393443, -23.814404759663905, 9.75702497109763, -4.339448231693939, 2.3694058519308734, 2.6201096421085737, -1.8060190569287282
2976, 29.756433823529413, 2.6038244136033977, -1.770697339023525, -1.7644380200046499, 3.666857395850321, -23.814404759663905, 9.75702497109763, -4.496888972891544, 2.3714638462352813, 2.6038475595719963, -1.7702193683964609
2977, 29.76643598615917, 2.5849893131653676, -1.733540913816467, -2.0025820676012893, 3.7644276455612977, -23.814404759663905, 9.75702497109763, -4.651229399233884, 2.3713237825034135, 2.5845609996151184, -1.7349304633002585
2978, 29.77643814878893, 2.5637727722513715, -1.6954087861122988, -2.2407261151979285, 3.8619978952722738, -23.814404759663905, 9.75702497109763, -4.801938153870948, 2.369081902285483, 2.563346543927842, -1.693806455395824
2979, 29.786440311418687, 2.540174790861409, -1.6563009559110213, -2.4788701627945677, 3.9595681449832507, -23.814404759663905, 9.75702497109763, -4.948420253070143, 2.3648585983716974, 2.5383262482274787, -1.6564830901978669
2980, 29.796442474048444, 2.5141953689954804, -1.616217423212634, -2.717014210391207, 4.057138394694227, -23.814404759663905, 9.75702497109763, -5.090018324542881, 2.358801831826561, 2.514671093894826, -1.6147422083319984
2981, 29.8064446366782, 2.485834506653585, -1.5751581880171368, -2.955158257987846, 4.154708644405203, -23.814404759663905, 9.75702497109763, -5.226014657853829, 2.351090515444115, 2.484702868730463, -1.576672218845661
2982, 29.81644679930796, 2.4550922038357235, -1.5331232503245298, -3.1933023055844854, 4.25227889411618, -23.814404759663905, 9.75702497109763, -5.355634184046969, 2.341937821877556, 2.4548289743299736, -1.532921337894434
2983, 29.826448961937718, 2.4231591807798796, -1.4906004613833694, -3.1933023055844774, 4.252278894116176, 0.0, 0.0, -3.7759509285305617, 2.5067166112703334, 2.4233826555521247, -1.4900296403438829
2984, 29.836451124567475, 2.391226157724035, -1.4480776724422078, -3.1933023055844774, 4.252278894116176, 0.0, 0.0, -3.7101391414806786, 2.4992272810122076, 2.3907423539125054, -1.4469946932879654
2985, 29.846453287197235, 2.35929313466819, -1.4055548835010458, -3.1933023055844774, 4.252278894116176, 0.0, 0.0, -3.6415081087295134, 2.4920393530476623, 2.35727783825751, -1.4067198793521951
2986, 29.856455449826992, 2.3273601116123452, -1.363032094559884, -3.1933023055844774, 4.252278894116176, 0.0, 0.0, -3.5701363336582896, 2.485151523518238, 2.3272703857311785, -1.3632373863665417
2987, 29.86645761245675, 2.2954270885565005, -1.3205093056187223, -3.1933023055844774, 4.252278894116176, 0.0, 0.0, -3.496105427066345, 2.4785618381755214, 2.296013326389323, -1.3203455857881274
2988, 29.876459775086506, 2.2634940655006557, -1.2779865166775604, -3.1933023055844774, 4.252278894116176, 0.0, 0.0, -3.419500021054094, 2.472267697529871, 2.263012730454189, -1.2765587841935795
2989, 29.886461937716266, 2.231561042444811, -1.2354637277363987, -3.1933023055844774, 4.252278894116176, 0.0, 0.0, -3.3404076793613813, 2.466265863177607, 2.2331940239381822, -1.2363417654619155
2990, 29.896464100346023, 2.199628019388966, -1.1929409387952368, -3.1933023055844774, 4.252278894116176, 0.0, 0.0, -3.2589188042572586, 2.460552465295022, 2.2005578514890156, -1.1917445834501588
2991, 29.90646626297578, 2.1676949963331213, -1.150418149854075, -3.1933023055844774, 4.252278894116176, 0.0, 0.0, -3.175126540081548, 2.455123011285499, 2.16664134160521, -1.1499483246028839
2992, 29.916468425605537, 2.135761973277276, -1.1078953609129132, -3.1933023055844774, 4.252278894116176, 0.0, 0.0, -3.0891266735427916, 2.4499723955639077, 2.1367252834665904, -1.1082586137879817
2993, 29.926470588235297, 2.1038289502214313, -1.0653725719717515, -3.1933023055844774, 4.252278894116176, 0.0, 0.0, -3.0010175308813025, 2.445094910460405, 2.1032436330826147, -1.0661041922901053
2994, 29.936472750865054, 2.0718959271655866, -1.0228497830305896, -3.1933023055844774, 4.252278894116176, 0.0, 0.0, -2.910899872009961, 2.4404842582237403, 2.0722112828144787, -1.0237127898120286
2995, 29.94647491349481, 2.039962904109742, -0.9803269940894279, -3.1933023055844774, 4.252278894116176, 0.0, 0.0, -2.8188767817493403, 2.436133564102179, 2.0388334897500524, -0.9812487844028854
2996, 29.956477076124568, 2.008029881053897, -0.937804205148266, -3.1933023055844774, 4.252278894116176, 0.0, 0.0, -2.725053558277394, 2.4320353904781964, 2.00891573721522, -0.9386824707099201
2997, 29.966479238754328, 1.9760968579980525, -0.8952814162071043, -3.1933023055844774, 4.252278894116176, 0.0, 0.0, -2.6295375989175467, 2.4281817520312026, 1.9764304935989867, -0.8953071600353335
2998, 29.976481401384085, 1.9441638349422077, -0.8527586272659424, -3.1933023055844774, 4.252278894116176, 0.0, 0.0, -2.5324382833924624, 2.424564131900695, 1.944018188012313, -0.8504133389955546
2999, 29.98648356401384, 1.9122308118863627, -0.8102358383247807, -3.1933023055844774, 4.252278894116176, 0.0, 0.0, -2.433866854674063, 2.421173498820417, 1.9122506937490595, -0.8098574079988771
3000, 29.996485726643602, 1.880297788830518, -0.7677130493836188, -3.1933023055844774, 4.252278894116176, 0.0, 0.0, -2.3339362975634783, 2.4180003251923514, 1.8800074308841417, -0.767302419156882
3001, 30.00648788927336, 1.8483647657746731, -0.7251902604424572, -3.1933023055844774, 4.252278894116176, 0.0, 0.0, -2.2327612151376, 2.415034606067688, 1.8475639152625456, -0.72433190311419
3002, 30.016490051903116, 1.8164317427188283, -0.6826674715012953, -3.1933023055844774, 4.252278894116176, 0.0, 0.0, -2.1304577032017304, 2.412265879000232, 1.816458201630552, -0.6813520363903611
3003, 30.026492214532873, 1.7844987196629836, -0.6401446825601333, -3.1933023055844774, 4.252278894116176, 0.0, 0.0, -2.0271432228904485, 2.4096832447361844, 1.7847692817387597, -0.6397391204990927
3004, 30.036494377162633, 1.7525656966071388, -0.5976218936189717, -3.1933023055844774, 4.252278894116176, 0.0, 0.0, -1.9229364715612975, 2.4072753887026703, 1.7513950584805478, -0.5975974587597024
3005, 30.04649653979239, 1.720632673551294, -0.5550991046778098, -3.1933023055844774, 4.252278894116176, 0.0, 0.0, -1.8179572521282066, 2.405030603255981, 1.7200732769617058, -0.5558093228091436
3006, 30.056498702422147, 1.6886996504954492, -0.5125763157366481, -3.1933023055844774, 4.252278894116176, 0.0, 0.0, -1.7123263409836695, 2.4029368106490945, 1.6900769495427341, -0.5110546145622588
3007, 30.066500865051903, 1.6567666274396045, -0.4700535267954862, -3.1933023055844774, 4.252278894116176, 0.0, 0.0, -1.6061653546606631, 2.400981586676759, 1.6555697908252895, -0.47072951367985827
3008, 30.076503027681664, 1.6248336043837595, -0.4275307378543245, -3.1933023055844774, 4.252278894116176, 0.0, 0.0, -1.4995966153870426, 2.3991521849551773, 1.625465597821087, -0.4273297277862084
3009, 30.08650519031142, 1.5929005813279147, -0.3850079489131626, -3.1933023055844774, 4.252278894116176, 0.0, 0.0, -1.3927430156867253, 2.397435561792206, 1.5947566282952708, -0.3842105140228169
3010, 30.096507352941178, 1.56096755827207, -0.3424851599720009, -3.1933023055844774, 4.252278894116176, 0.0, 0.0, -1.2857278821833582, 2.395818401602885, 1.5613635337385365, -0.3422898215388913
3011, 30.106509515570934, 1.5290345352162251, -0.2999623710308392, -3.1933023055844774, 4.252278894116176, 0.0, 0.0, -1.1786748387633739, 2.394287142824162, 1.5273950161452288, -0.2996674965995133
3012, 30.116511678200695, 1.4971015121603806, -0.25743958208967754, -3.1933023055844774, 4.252278894116176, 0.0, 0.0, -1.0717076692563343, 2.392828004281734, 1.496600107408036, -0.25868419635394047
3013, 30.12651384083045, 1.4651684891045358, -0.21491679314851586, -3.1933023055844774, 4.252278894116176, 0.0, 0.0, -0.9649501797912621, 2.3914270119611443, 1.4658036311676783, -0.2143999717823401
3014, 30.13651600346021, 1.433235466048691, -0.17239400420735373, -3.1933023055844774, 4.252278894116176, 0.0, 0.0, -0.8585260609883045, 2.390070026134523, 1.4339101064373803, -0.17441879807210053
3015, 30.14651816608997, 1.401302442992846, -0.12987121526619205, -3.1933023055844774, 4.252278894116176, 0.0, 0.0, -0.7525587501454551, 2.3887427687937124, 1.4000411579671317, -0.12880669877300022
3016, 30.156520328719726, 1.3693694199370012, -0.08734842632503037, -3.1933023055844774, 4.252278894116176, 0.0, 0.0, -0.647171293580314, 2.3874308513399805, 1.370156753983765, -0.08644136372757748
3017, 30.166522491349482, 1.3374363968811565, -0.04482563738386869, -3.1933023055844774, 4.252278894116176, 0.0, 0.0, -0.5424862092868521, 2.3861198024800485, 1.3359160606833078, -0.04414378456406904
3018, 30.17652465397924, 1.3055033738253117, -0.002302848442706562, -3.1933023055844774, 4.252278894116176, 0.0, 0.0, -0.4386253500670205, 2.3847950962777813, 1.3044180798302363, -0.002523613562308646
3019, 30.186526816609, 1.273570350769467, 0.04021994049845512, -3.1933023055844774, 4.252278894116176, 0.0, 0.0, -0.3357097672966136, 2.383442180310627, 1.2740020553998772, 0.03929237458678201
3020, 30.196528979238757, 1.2416373277136221, 0.0827427294396168, -3.1933023055844774, 4.252278894116176, 0.0, 0.0, -0.23385957548427094, 2.382046503879672, 1.2413455613932347, 0.0807439556858166
3021, 30.206531141868513, 1.2097043046577773, 0.12526551838077893, -3.1933023055844774, 4.252278894116176, 0.0, 0.0, -0.1331938177817007, 2.380593546222113, 1.2096445884951104, 0.1254249129665973
3022, 30.21653330449827, 1.1777712816019326, 0.1677883073219406, -3.1933023055844774, 4.252278894116176, 0.0, 0.0, -0.03383033260225132, 2.3790688446749173, 1.176561967929815, 0.16700142037153864
3023, 30.22653546712803, 1.1458382585460878, 0.2103110962631023, -3.1933023055844774, 4.252278894116176, 0.0, 0.0, 0.06411437849619639, 2.377458022738538, 1.1453011191301976, 0.21132084213776328
3024, 30.236537629757787, 1.113905235490243, 0.252833885204264, -3.1933023055844774, 4.252278894116176, 0.0, 0.0, 0.16052528150942247, 2.3757468179897416, 1.1135709854664024, 0.25485961180555977
3025, 30.246539792387544, 1.081972212434398, 0.2953566741454261, -3.1933023055844774, 4.252278894116176, 0.0, 0.0, 0.25528893911309436, 2.3739211097928603, 1.081280572255567, 0.29633698192479513
3026, 30.2565419550173, 1.0500391893785532, 0.3378794630865878, -3.1933023055844774, 4.252278894116176, 0.0, 0.0, 0.3482936380657078, 2.371966946759154, 1.046946225907706, 0.3388314208513957
3027, 30.26654411764706, 1.0181061663227085, 0.38040225202774947, -3.1933023055844774, 4.252278894116176, 0.0, 0.0, 0.4394295147388838, 2.3698705739044286, 1.016161061097853, 0.38203319381679574
3028, 30.27654628027682, 0.9861731432668637, 0.42292504096891115, -3.1933023055844774, 4.252278894116176, 0.0, 0.0, 0.5285886786277525, 2.3676184594555822, 0.9869276047707622, 0.42312742644469686
3029, 30.286548442906575, 0.9542401202110189, 0.4654478299100733, -3.1933023055844774, 4.252278894116176, 0.0, 0.0, 0.6156653336964857, 2.365197321257413, 0.9522115970302563, 0.4650358387078465
3030, 30.296550605536336, 0.9223070971551741, 0.507970618851235, -3.1933023055844774, 4.252278894116176, 0.0, 0.0, 0.7005558974165098, 2.3625941527317176, 0.9229738321948623, 0.5071558905475767
3031, 30.306552768166092, 0.8903740740993293, 0.5504934077923966, -3.1933023055844774, 4.252278894116176, 0.0, 0.0, 0.7831591173576082, 2.359796248341536, 0.8919015206395536, 0.5505319624623614
3032, 30.31655493079585, 0.8584410510434846, 0.5930161967335583, -3.1933023055844774, 4.252278894116176, 0.0, 0.0, 0.8633761851949633, 2.3567912285142825, 0.8576247671130527, 0.5929860353400833
3033, 30.326557093425606, 0.8265080279876398, 0.6355389856747204, -3.1933023055844774, 4.252278894116176, 0.0, 0.0, 0.9411108479981867, 2.353567063978492, 0.8258581928061774, 0.6357680291569178
3034, 30.336559256055367, 0.794575004931795, 0.6780617746158821, -3.1933023055844774, 4.252278894116176, 0.0, 0.0, 1.0162695166716003, 2.350112099469959, 0.7937565489819107, 0.6770143408780425
3035, 30.346561418685123, 0.7626419818759502, 0.7205845635570438, -3.1933023055844774, 4.252278894116176, 0.0, 0.0, 1.0887613714183406, 2.3464150767641865, 0.76216993899337, 0.719710221621321
3036, 30.35656358131488, 0.7307089588201054, 0.7631073524982055, -3.1933023055844774, 4.252278894116176, 0.0, 0.0, 1.1584984641043936, 2.3424651569932946, 0.7301360210518479, 0.7644204266009234
3037, 30.366565743944637, 0.6987759357642607, 0.8056301414393676, -3.1933023055844774, 4.252278894116176, 0.0, 0.0, 1.2253958174023192, 2.338251942206813, 0.6986523827740935, 0.8055621557045757
3038, 30.376567906574397, 0.6668429127084159, 0.8481529303805293, -3.1933023055844774, 4.252278894116176, 0.0, 0.0, 1.2893715205982412, 2.3337654961371634, 0.6683336572127072, 0.8483457630418482
3039, 30.386570069204154, 0.6349098896525707, 0.890675719321691, -3.1933023055844774, 4.252278894116176, 0.0, 0.0, 1.3503468219496277, 2.3289963641320606, 0.6343353843110976, 0.8893351517359825
3040, 30.39657223183391, 0.6029768665967259, 0.9331985082628531, -3.1933023055844774, 4.252278894116176, 0.0, 0.0, 1.4082462174854997, 2.323935592217583, 0.6038185999872268, 0.9334680852880959
3041, 30.406574394463668, 0.5710438435408811, 0.9757212972040148, -3.1933023055844774, 4.252278894116176, 0.0, 0.0, 1.462997536144963, 2.318574745257228, 0.5704477073744992, 0.974752396307292
3042, 30.41657655709343, 0.5391108204850363, 1.0182440861451765, -3.1933023055844774, 4.252278894116176, 0.0, 0.0, 1.5145320211542634, 2.312905924173892, 0.5394036515724195, 1.017690062944183
3043, 30.426578719723185, 0.5071777974291916, 1.0607668750863382, -3.1933023055844774, 4.252278894116176, 0.0, 0.0, 1.5627844075471302, 2.3069217822034287, 0.5082425107611771, 1.0619157789820426
3044, 30.436580882352942, 0.4752447743733468, 1.1032896640275003, -3.1933023055844774, 4.252278894116176, 0.0, 0.0, 1.6076929957377335, 2.30061554015017, 0.47491080488143633, 1.1035179592754725
3045, 30.446583044982702, 0.4438936097457261, 1.1446512647630902, -3.1053390159118544, 4.057870562928732, 5.9554893700401434, -15.65790212605025, 1.882418795493584, 2.1296658749848376, 0.44513574982524123, 1.1436580787221398
3046, 30.45658520761246, 0.41313799405510965, 1.184447075286075, -3.0457841222114523, 3.9012915416682294, 5.9554893700401434, -15.65790212605025, 1.9491214513350765, 2.0344113948487967, 0.4147588855726049, 1.1842277931510958
3047, 30.466587370242216, 0.38297792730149705, 1.2226770955964548, -2.9862292285110508, 3.7447125204077274, 5.9554893700401434, -15.65790212605025, 2.0123020480365423, 1.9397601612309543, 0.38311402679501305, 1.2220463363606626
3048, 30.476589532871973, 0.35341340948488853, 1.2593413256942296, -2.9266743348106496, 3.588133499147225, 5.9554893700401434, -15.65790212605025, 2.072124094265428, 1.8458000890459645, 0.35360218735827603, 1.2604923100798158
3049, 30.486591695501733, 0.324444440605284, 1.2944397655793995, -2.867119441110248, 3.431554477886722, 5.9554893700401434, -15.65790212605025, 2.1287552283912685, 1.7526113049357435, 0.3217583131134281, 1.2945603516245896
3050, 30.49659385813149, 0.29607102066268354, 1.3279724152519639, -2.807564547409847, 3.2749754566262195, 5.9554893700401434, -15.65790212605025, 2.1823660773604, 1.6602664067225077, 0.2972761727767974, 1.3278495880006527
3051, 30.506596020761247, 0.26829314965708695, 1.3599392747119237, -2.748009653709445, 3.118396435365717, 5.9554893700401434, -15.65790212605025, 2.233129194928763, 1.5688307777606525, 0.27046670093099173, 1.3586071043607644
3052, 30.516598183391004, 0.24111082758849453, 1.3903403439592785, -2.6884547600090434, 2.961817414105214, 5.9554893700401434, -15.65790212605025, 2.2812180794338586, 1.4783629435529342, 0.24097390443746322, 1.3908341052780377
3053, 30.526600346020764, 0.21452405445690612, 1.419175622994028, -2.6288998663086423, 2.8052383928447115, 5.9554893700401434, -15.65790212605025, 2.32680627035956, 1.3889149591156715, 0.2149812795202892, 1.4201622176887516
3054, 30.53660250865052, 0.18853283026232168, 1.4464451118161727, -2.5693449726082402, 2.648659371584209, 5.9554893700401434, -15.65790212605025, 2.370066522173589, 1.3005328166978483, 0.18723723703943632, 1.4467919224275678
3055, 30.546604671280278, 0.1631371550047412, 1.4721488104257123, -2.509790078907839, 2.492080350323706, 5.9554893700401434, -15.65790212605025, 2.411170053288366, 1.2132568645594874, 0.16288987137813835, 1.47249429592657
3056, 30.556606833910035, 0.13833702868416484, 1.4962867188226467, -2.4502351852074375, 2.3355013290632036, 5.9554893700401434, -15.65790212605025, 2.4502858675013757, 1.1271222285788978, 0.13901241462199806, 1.4958939525350945
3057, 30.566608996539795, 0.11413245130059244, 1.5188588370069764, -2.390680291507036, 2.178922307802701, 5.9554893700401434, -15.65790212605025, 2.4875801449004507, 1.0421592294734667, 0.11450641244676991, 1.5178964955901775
3058, 30.576611159169552, 0.09052342285402407, 1.539865164978701, -2.3311253978066344, 2.022343286542198, 5.9554893700401434, -15.65790212605025, 2.5232156989613985, 0.9583937893748375, 0.08997762617095585, 1.5391482455361505
3059, 30.58661332179931, 0.06750994334445973, 1.5593057027378205, -2.2715705041062333, 1.8657642652816957, 5.9554893700401434, -15.65790212605025, 2.5573514964084714, 0.8758478223897266, 0.06705800261046643, 1.559913901422865
3060, 30.59661548442907, 0.04509201277189939, 1.577180450284335, -2.2120156104058317, 1.7091852440211928, 5.9554893700401434, -15.65790212605025, 2.590142236341475, 0.7945396045979513, 0.04480741174300027, 1.576061663381357
3061, 30.606617647058826, 0.02326963113634306, 1.5934894076182444, -2.15246071670543, 1.5526062227606903, 5.9554893700401434, -15.65790212605025, 2.6217379851452494, 0.7144841196872402, 0.023605444939013124, 1.5931977070701309
3062, 30.616619809688583, 0.002042798437790705, 1.6082325747395487, -2.0929058230050286, 1.3960272015001878, 5.9554893700401434, -15.65790212605025, 2.652283863777431, 0.635693377099683, 0.002153179321694806, 1.6095435915826741
3063, 30.62662197231834, -0.018588485323757592, 1.621409951648248, -2.033350929304627, 1.2394481802396848, 5.9554893700401434, -15.65790212605025, 2.6819197841684037, 0.5581767001683796, -0.017544817133171582, 1.621025041605246
3064, 30.6366241349481, -0.03862422014830186, 1.6330215383443425, -1.9737960356042257, 1.0828691589791823, 5.9554893700401434, -15.65790212605025, 2.7107802316530916, 0.48194098225735044, -0.036969086043615526, 1.6316181893191253
3065, 30.646626297577857, -0.05806440603584212, 1.6430673348278317, -1.9142411419038243, 0.9262901377186799, 5.9554893700401434, -15.65790212605025, 2.7389940905787573, 0.40699090938641536, -0.05600371734364513, 1.6428089418546843
3066, 30.656628460207614, -0.07690904298637838, 1.651547341098716, -1.8546862482034228, 0.7697111164581771, 5.9554893700401434, -15.65790212605025, 2.7666845104869013, 0.33332914822976034, -0.07839064115900563, 1.652084818472115
3067, 30.66663062283737, -0.09515813099991058, 1.6584615571569952, -1.7951313545030212, 0.6131320951976744, 5.9554893700401434, -15.65790212605025, 2.793968810542568, 0.2609564987270075, -0.09619759911112696, 1.6582860328734697
3068, 30.67663278546713, -0.11281167007643883, 1.6638099830026696, -1.7355764608026196, 0.4565530739371719, 5.9554893700401434, -15.65790212605025, 2.820958420172615, 0.18987201084402938, -0.1139427767102545, 1.6624573148597428
3069, 30.686634948096888, -0.12986966021596302, 1.6675926186357388, -1.676021567102218, 0.2999740526766692, 5.9554893700401434, -15.65790212605025, 2.847758854168168, 0.12007306527303784, -0.12805410192078304, 1.6663523524174662
3070, 30.696637110726645, -0.14633210141848324, 1.669809464056203, -1.6164666734018165, 0.14339503141616672, 5.9554893700401434, -15.65790212605025, 2.874469720797964, 0.0515554180733358, -0.14520936497349315, 1.6697608941626056
3071, 30.7066392733564, -0.1621989936839994, 1.670460519264062, -1.5569117797014154, -0.013183989844335997, 5.9554893700401434, -15.65790212605025, 2.9011847617615736, -0.0156867905685857, -0.1615563249604022, 1.671653559599106
3072, 30.716641435986162, -0.17747033701251155, 1.6695457842593162, -1.4973568860010138, -0.1697630111048385, 5.9554893700401434, -15.65790212605025, 2.9279919230772036, -0.08166106313230864, -0.17657741169112637, 1.6700065678387508
3073, 30.72664359861592, -0.1921461314040197, 1.6670652590419652, -1.4378019923006122, -0.32634203236534143, 5.9554893700401434, -15.65790212605025, 2.954973456241059, -0.14637660665702512, -0.19261751610132355, 1.6648152667259954
3074, 30.736645761245676, -0.20622637685852382, 1.6630189436120095, -1.3782470986002107, -0.4829210536258439, 5.9554893700401434, -15.65790212605025, 2.9822060492069533, -0.20984442917343382, -0.20557992271656308, 1.6641471038373632
3075, 30.746647923875436, -0.21971107337602394, 1.6574068379694484, -1.3186922048998093, -0.6395000748863463, 5.9554893700401434, -15.65790212605025, 3.0097609869088546, -0.2720774700144926, -0.21923777155990795, 1.656555403952793
3076, 30.756650086505193, -0.23260022095652005, 1.6502289421142824, -1.259137311199408, -0.7960790961468492, 5.9554893700401434, -15.65790212605025, 3.0377043411782028, -0.3330907632534922, -0.23096347384710192, 1.64944231515971
3077, 30.76665224913495, -0.2448938196000121, 1.6414852560465114, -1.1995824174990064, -0.9526581174073517, 5.9554893700401434, -15.65790212605025, 3.066097189984734, -0.39290163342588397, -0.24454676440606557, 1.6433127020519758
3078, 30.776654411764707, -0.2565918693065002, 1.6311757797661355, -1.1400275237986048, -1.1092371386678543, 5.9554893700401434, -15.65790212605025, 3.094995865946773, -0.45152992259385294, -0.25737482470397377, 1.6323777375331205
3079, 30.786656574394467, -0.26769437007598423, 1.6193005132731542, -1.0804726300982033, -1.2658161599283573, 5.9554893700401434, -15.65790212605025, 3.124452234006895, -0.5089982477043822, -0.266244792208374, 1.6192947791765009
3080, 30.796658737024224, -0.27820132190846425, 1.6058594565675681, -1.0209177363978017, -1.4223951811888595, 5.9554893700401434, -15.65790212605025, 3.154513998043906, -0.5653322870673676, -0.2785745765670279, 1.6067014032850735
3081, 30.80666089965398, -0.2881127248039403, 1.5908526096493771, -0.9613628426974004, -1.578974202449362, 5.9554893700401434, -15.65790212605025, 3.185225035984555, -0.6205610946350715, -0.2863545530369492, 1.5902897042768371
3082, 30.816663062283737, -0.29742857876241224, 1.574279972518581, -0.9018079489969988, -1.735553223709865, 5.9554893700401434, -15.65790212605025, 3.216625762680798, -0.6747174405929529, -0.29842841861330954, 1.5754872377101925
3083, 30.826665224913498, -0.3061488837838803, 1.5561415451751799, -0.8422530552965973, -1.8921322449703675, 5.9554893700401434, -15.65790212605025, 3.2487535194235435, -0.7278381765698649, -0.3052821366571364, 1.555307696014115
3084, 30.836667387543255, -0.3142736398683442, 1.5364373276191736, -0.7826981615961958, -2.04871126623087, 5.9554893700401434, -15.65790212605025, 3.2816429884646428, -0.7799646235381943, -0.31228385943601394, 1.5368196898776638
3085, 30.84666955017301, -0.32210062148430596, 1.5159502149568655, -0.7826981615961979, -2.048711266230865, 0.0, 0.0, 3.0751137591426656, -0.6514001099327154, -0.3216524462462187, 1.5157730787245283
3086, 30.85667171280277, -0.329927603100268, 1.4954631022945568, -0.7826981615961979, -2.048711266230865, 0.0, 0.0, 3.092364662094565, -0.6257647502413719, -0.33066616465889426, 1.495473655961114
3087, 30.86667387543253, -0.33775458471623, 1.4749759896322483, -0.7826981615961979, -2.048711266230865, 0.0, 0.0, 3.109169017721052, -0.6004442484780483, -0.33904759663175005, 1.4751128690387902
3088, 30.876676038062286, -0.34558156633219195, 1.4544888769699396, -0.7826981615961979, -2.048711266230865, 0.0, 0.0, 3.125506941116835, -0.5754589106214583, -0.34620870845343105, 1.455454384821599
3089, 30.886678200692042, -0.3534085479481539, 1.4340017643076308, -0.7826981615961979, -2.048711266230865, 0.0, 0.0, 3.1413587981312996, -0.5508287759264145, -0.3527262138419478, 1.4355146843564515
3090, 30.896680363321803, -0.3612355295641159, 1.4135146516453223, -0.7826981615961979, -2.048711266230865, 0.0, 0.0, 3.156705221464423, -0.526573600855415, -0.36274447274003896, 1.412774277264982
3091, 30.90668252595156, -0.36906251118007793, 1.3930275389830136, -0.7826981615961979, -2.048711266230865, 0.0, 0.0, 3.1715271265478444, -0.502712843236103, -0.36992905226918193, 1.3925806281972368
3092, 30.916684688581316, -0.3768894927960399, 1.3725404263207048, -0.7826981615961979, -2.048711266230865, 0.0, 0.0, 3.1858057271983578, -0.4792656466573101, -0.37701731852313325, 1.3712688237246429
3093, 30.926686851211073, -0.38471647441200185, 1.3520533136583963, -0.7826981615961979, -2.048711266230865, 0.0, 0.0, 3.1995225510312792, -0.4562508251161881, -0.3853568361291876, 1.3530045568518332
3094, 30.936689013840834, -0.3925434560279638, 1.3315662009960876, -0.7826981615961979, -2.048711266230865, 0.0, 0.0, 3.212659454621355, -0.43368684792874024, -0.39344739230114134, 1.3325948030911197
3095, 30.94669117647059, -0.4003704376439258, 1.3110790883337788, -0.7826981615961979, -2.048711266230865, 0.0, 0.0, 3.225198638399059, -0.4115918249158558, -0.4009209705370416, 1.3123270389858268
3096, 30.956693339100347, -0.40819741925988784, 1.2905919756714703, -0.7826981615961979, -2.048711266230865, 0.0, 0.0, 3.2371226612703334, -0.3899834918767212, -0.4067133003408784, 1.2916989056628732
3097, 30.966695501730104, -0.4160244008758498, 1.2701048630091616, -0.7826981615961979, -2.048711266230865, 0.0, 0.0, 3.2484144549481186, -0.36887919636125843, -0.4163548930030598, 1.2704721699008086
3098, 30.976697664359865, -0.42385138249181176, 1.2496177503468529, -0.7826981615961979, -2.048711266230865, 0.0, 0.0, 3.2590573379841494, -0.34829588375300347, -0.42468834313891196, 1.2500360274025144
3099, 30.98669982698962, -0.4316783641077738, 1.2291306376845443, -0.7826981615961979, -2.048711266230865, 0.0, 0.0, 3.2690350294898396, -0.32825008367358033, -0.4323368858424447, 1.2279390693020038
3100, 30.99670198961938, -0.4395053457237358, 1.2086435250222356, -0.7826981615961979, -2.048711266230865, 0.0, 0.0, 3.2783316625352557, -0.30875789671967857, -0.44120372320022855, 1.2082492166179495
3101, 31.006704152249135, -0.44733232733969774, 1.1881564123599269, -0.7826981615961979, -2.048711266230865, 0.0, 0.0, 3.286931797215482, -0.28983498154316834, -0.44667249216683635, 1.187981847384196
3102, 31.016706314878896, -0.4551593089556597, 1.1676692996976183, -0.7826981615961979, -2.048711266230865, 0.0, 0.0, 3.294820433373948, -0.2714965422847183, -0.4549589247954114, 1.1662918830287616
3103, 31.026708477508652, -0.4629862905716218, 1.1471821870353096, -0.7826981615961979, -2.048711266230865, 0.0, 0.0, 3.3019830229725264, -0.25375731637099264, -0.4627092315773459, 1.1459132264315093
3104, 31.03671064013841, -0.47081327218758373, 1.1266950743730009, -0.7826981615961979, -2.048711266230865, 0.0, 0.0, 3.308405482098565, -0.23663156268522068, -0.47175639684163806, 1.1260110795681428
3105, 31.04671280276817, -0.4786402538035457, 1.1062079617106924, -0.7826981615961979, -2.048711266230865, 0.0, 0.0, 3.3140742025992544, -0.2201330501206208, -0.4779435250347645, 1.1068026949612348
3106, 31.056714965397926, -0.48646723541950765, 1.0857208490483836, -0.7826981615961979, -2.048711266230865, 0.0, 0.0, 3.3189760633340373, -0.20427504652586936, -0.48603070667279324, 1.0853483988146084
3107, 31.066717128027683, -0.4942942170354697, 1.0652337363860749, -0.7826981615961979, -2.048711266230865, 0.0, 0.0, 3.323098441036137, -0.18907030805147773, -0.496225448454851, 1.0648402018824357
3108, 31.07671929065744, -0.5021211986514317, 1.0447466237237664, -0.7826981615961979, -2.048711266230865, 0.0, 0.0, 3.3264292207745, -0.17453106890562897, -0.5016344515557537, 1.0433739220336884
3109, 31.0867214532872, -0.5099481802673936, 1.0242595110614576, -0.7826981615961979, -2.048711266230865, 0.0, 0.0, 3.328956806007872, -0.16066903152768863, -0.5095222270484769, 1.0249397080035334
3110, 31.096723615916957, -0.5177751618833556, 1.003772398399149, -0.7826981615961979, -2.048711266230865, 0.0, 0.0, 3.3306701282229674, -0.1474953571872839, -0.518545061248594, 1.0036579268555215
3111, 31.106725778546714, -0.5256021434993176, 0.9832852857368403, -0.7826981615961979, -2.048711266230865, 0.0, 0.0, 3.331558656149106, -0.13502065701648613, -0.5264431119544066, 0.9841641981288236
3112, 31.11672794117647, -0.5334291251152796, 0.9627981730745316, -0.7826981615961979, -2.048711266230865, 0.0, 0.0, 3.3316124045419864, -0.12325498348229891, -0.5322242092240308, 0.9622187888803808
3113, 31.12673010380623, -0.5412561067312416, 0.9423110604122229, -0.7826981615961979, -2.048711266230865, 0.0, 0.0, 3.330821942529608, -0.11220782230629678, -0.5410576443537521, 0.9430840249566775
3114, 31.13673226643599, -0.5490830883472035, 0.9218239477499144, -0.7826981615961979, -2.048711266230865, 0.0, 0.0, 3.329178401513754, -0.1018880848379009, -0.5495344049784474, 0.9212346967577898
3115, 31.146734429065745, -0.5569100699631655, 0.9013368350876056, -0.7826981615961979, -2.048711266230865, 0.0, 0.0, 3.326673482620763, -0.09230410088741259, -0.5571989460551976, 0.9002390880146919
3116, 31.156736591695502, -0.5647370515791275, 0.8808497224252971, -0.7826981615961979, -2.048711266230865, 0.0, 0.0, 3.323299463695692, -0.08346361202456487, -0.5646197615270944, 0.8802650703883131
3117, 31.166738754325262, -0.5725640331950895, 0.8603626097629884, -0.7826981615961979, -2.048711266230865, 0.0, 0.0, 3.319049205834365, -0.07537376534796736, -0.5731156621124518, 0.8599811129560836
3118, 31.17674091695502, -0.5803910148110515, 0.8398754971006797, -0.7826981615961979, -2.048711266230865, 0.0, 0.0, 3.3139161594481363, -0.0680411077304568, -0.5796919949094121, 0.8396203209113895
3119, 31.186743079584776, -0.5882179964270134, 0.8193883844383711, -0.7826981615961979, -2.048711266230865, 0.0, 0.0, 3.3078943698566112, -0.06147158054497093, -0.5877303042436162, 0.8198663103182441
3120, 31.196745242214536, -0.5960449780429754, 0.7989012717760624, -0.7826981615961979, -2.048711266230865, 0.0, 0.0, 3.3009784824039183, -0.055670514875188815, -0.5944811929285674, 0.7994183884105137
3121, 31.206747404844293, -0.6038719596589375, 0.7784141591137537, -0.7826981615961979, -2.048711266230865, 0.0, 0.0, 3.2931637470945443, -0.05064262721478474, -0.6053611178149466, 0.7783105706375714
3122, 31.21674956747405, -0.6116989412748994, 0.7579270464514449, -0.7826981615961979, -2.048711266230865, 0.0, 0.0, 3.2844460227450893, -0.046392015658756613, -0.6122027017974518, 0.7573213406656522
3123, 31.226751730103807, -0.6195259228908614, 0.7374399337891364, -0.7826981615961979, -2.048711266230865, 0.0, 0.0, 3.2748217806487308, -0.04292215658989551, -0.6194738009856873, 0.7392641862944966
3124, 31.236753892733567, -0.6273529045068234, 0.7169528211268277, -0.7826981615961979, -2.048711266230865, 0.0, 0.0, 3.26428810774956, -0.0402359018630577, -0.6295155351535568, 0.7179396420578978
3125, 31.246756055363324, -0.6351798861227853, 0.6964657084645189, -0.7826981615961979, -2.048711266230865, 0.0, 0.0, 3.252842709324332, -0.03833547648951774, -0.6349026370551414, 0.6956022332578528
3126, 31.25675821799308, -0.6430068677387474, 0.6759785958022104, -0.7826981615961979, -2.048711266230865, 0.0, 0.0, 3.2404839111696138, -0.03722247682326385, -0.643558721200829, 0.677335065558345
3127, 31.266760380622838, -0.6508338493547093, 0.6554914831399017, -0.7826981615961979, -2.048711266230865, 0.0, 0.0, 3.2272106612926583, -0.03689786925070637, -0.650594825016873, 0.6552986853715187
3128, 31.276762543252598, -0.6586608309706713, 0.635004370477593, -0.7826981615961979, -2.048711266230865, 0.0, 0.0, 3.213022531104787, -0.03736198938486057, -0.6578417960962223, 0.635373295018185
3129, 31.286764705882355, -0.6664878125866333, 0.6145172578152844, -0.7826981615961979, -2.048711266230865, 0.0, 0.0, 3.1979197161164117, -0.03861454176466195, -0.6657132333862137, 0.6145194761386288
3130, 31.296766868512112, -0.6743147942025952, 0.5940301451529757, -0.7826981615961979, -2.048711266230865, 0.0, 0.0, 3.181903036133275, -0.04065460005967292, -0.6741555247652444, 0.5932953893195405
3131, 31.30676903114187, -0.6821417758185573, 0.573543032490667, -0.7826981615961979, -2.048711266230865, 0.0, 0.0, 3.1649739349538564, -0.04348060778002416, -0.6827831749723472, 0.5756967542908145
3132, 31.31677119377163, -0.6899687574345192, 0.5530559198283584, -0.7826981615961979, -2.048711266230865, 0.0, 0.0, 3.1471344795683143, -0.04709037949103989, -0.6907494013260972, 0.5530480828235322
3133, 31.326773356401386, -0.6977957390504812, 0.5325688071660497, -0.7826981615961979, -2.048711266230865, 0.0, 0.0, 3.1283873588597233, -0.05148110253158422, -0.6969244074432097, 0.5318740318384353
3134, 31.336775519031143, -0.7056227206664432, 0.512081694503741, -0.7826981615961979, -2.048711266230865, 0.0, 0.0, 3.1087358818087694, -0.05664933923476834, -0.7063966501173748, 0.5139112286250958
3135, 31.346777681660903, -0.7134497022824052, 0.49159458184143245, -0.7826981615961979, -2.048711266230865, 0.0, 0.0, 3.0881839752034774, -0.06259102964924856, -0.7150836751473272, 0.4917177162614812
3136, 31.35677984429066, -0.7212766838983672, 0.4711074691791237, -0.7826981615961979, -2.048711266230865, 0.0, 0.0, 3.0667361808559233, -0.06930149475895253, -0.7209262518828062, 0.471625335389311
3137, 31.366782006920417, -0.7291036655143291, 0.450620356516815, -0.7826981615961979, -2.048711266230865, 0.0, 0.0, 3.044397652328293, -0.07677544019866289, -0.7282929217224973, 0.44874950071124625
3138, 31.376784169550174, -0.7369306471302911, 0.43013324385450646, -0.7826981615961979, -2.048711266230865, 0.0, 0.0, 3.0211741511710475, -0.08500696046250023, -0.7364807985168952, 0.42906040263465844
3139, 31.386786332179934, -0.7447576287462532, 0.4096461311921977, -0.7826981615961979, -2.048711266230865, 0.0, 0.0, 2.9970720426763386, -0.09398954360193901, -0.7453313740232502, 0.4101551865044027
3140, 31.39678849480969, -0.7525846103622151, 0.389159018529889, -0.7826981615961979, -2.048711266230865, 0.0, 0.0, 2.972098291150215, -0.10371607640961278, -0.7538450601861619, 0.38775826934426066
3141, 31.406790657439448, -0.7604115919781771, 0.3686719058675805, -0.7826981615961979, -2.048711266230865, 0.0, 0.0, 2.9462604547075344, -0.1141788500847647, -0.7610390126678179, 0.36966415827523613
3142, 31.416792820069205, -0.768238573594139, 0.34818479320527174, -0.7826981615961979, -2.048711266230865, 0.0, 0.0, 2.9195666795939066, -0.12536956637581764, -0.7669773718979889, 0.3505389888313044
3143, 31.426794982698965, -0.7760655552101011, 0.327697680542963, -0.7826981615961979, -2.048711266230865, 0.0, 0.0, 2.892025694039338, -0.13727934419515597, -0.7759828224395471, 0.32578285925459777
3144, 31.436797145328722, -0.7838925368260631, 0.30721056788065426, -0.7826981615961979, -2.048711266230865, 0.0, 0.0, 2.863646801648664, -0.14989872670083004, -0.7839083315633368, 0.3075206985113046
3145, 31.44679930795848, -0.791719518442025, 0.28672345521834575, -0.7826981615961979, -2.048711266230865, 0.0, 0.0, 2.834439874334182, -0.1632176888395268, -0.7902432103174399, 0.2876451955481867
3146, 31.456801470588236, -0.799546500057987, 0.266236342556037, -0.7826981615961979, -2.048711266230865, 0.0, 0.0, 2.804415344796316, -0.17722564534477103, -0.7993402758139504, 0.26530626370226434
3147, 31.466803633217996, -0.8073734816739491, 0.24574922989372827, -0.7826981615961979, -2.048711266230865, 0.0, 0.0, 2.7735841985584653, -0.1919114591839629, -0.8089575621711604, 0.24652435169900394
3148, 31.476805795847753, -0.815200463289911, 0.22526211723141976, -0.7826981615961979, -2.048711266230865, 0.0, 0.0, 2.7419579655625674, -0.20726345044749805, -0.8159969653045468, 0.2252920354455972
3149, 31.48680795847751, -0.823027444905873, 0.20477500456911102, -0.7826981615961979, -2.048711266230865, 0.0, 0.0, 2.7095487113322694, -0.22326940567286013, -0.8236046455601652, 0.2044687013910659
3150, 31.49681012110727, -0.8308544265218349, 0.18428789190680228, -0.7826981615961979, -2.048711266230865, 0.0, 0.0, 2.6763690277109067, -0.23991658759622636, -0.8293482858215196, 0.18433470715337658
3151, 31.506812283737027, -0.838681408137797, 0.16380077924449377, -0.7826981615961979, -2.048711266230865, 0.0, 0.0, 2.6424320231818936, -0.2571917453237855, -0.8382762018979979, 0.1634513403839149
3152, 31.516814446366784, -0.846508389753759, 0.14331366658218503, -0.7826981615961979, -2.048711266230865, 0.0, 0.0, 2.607751312779399, -0.27508112491463355, -0.84614831839013, 0.14510224429655663
3153, 31.52681660899654, -0.8543353713697209, 0.12282655391987629, -0.7826981615961979, -2.048711266230865, 0.0, 0.0, 2.572341007597563, -0.29357048036677613, -0.8538857798499833, 0.12218380293276772
3154, 31.5368187716263, -0.8621623529856829, 0.10233944125756778, -0.7826981615961979, -2.048711266230865, 0.0, 0.0, 2.5362157039067936, -0.31264508499745103, -0.8628110245129561, 0.10246212053407738
3155, 31.546820934256058, -0.869989334601645, 0.08185232859525904, -0.7826981615961979, -2.048711266230865, 0.0, 0.0, 2.4993904718860267, -0.3322897432086628, -0.8698241475825649, 0.082820844862616
3156, 31.556823096885815, -0.8778163162176069, 0.0613652159329503, -0.7826981615961979, -2.048711266230865, 0.0, 0.0, 2.4618808439801216, -0.3524888026285141, -0.878539662009391, 0.06078349224670537
3157, 31.56682525951557, -0.8856432978335689, 0.040878103270641786, -0.7826981615961979, -2.048711266230865, 0.0, 0.0, 2.423702802891869, -0.3732261666186205, -0.8848259979325652, 0.03868727228189188
3158, 31.576827422145332, -0.8934702794495308, 0.02039099060833305, -0.7826981615961979, -2.048711266230865, 0.0, 0.0, 2.3848727692183953, -0.3944853071375952, -0.8949516725125957, 0.020447902812306937
3159, 31.58682958477509, -0.9012972610654928, -9.612205397568907e-05, -0.7826981615961979, -2.048711266230865, 0.0, 0.0, 2.3454075887420056, -0.41624927795031086, -0.9004415681900101, -3.0181534071100063e-05
3160, 31.596831747404845, -0.9091242426814549, -0.020583234716284204, -0.7826981615961979, -2.048711266230865, 0.0, 0.0, 2.305324519385814, -0.4385007281723674, -0.9088722896059227, -0.019819379775156333
3161, 31.606833910034602, -0.9169512242974168, -0.04107034737859294, -0.7826981615961979, -2.048711266230865, 0.0, 0.0, 2.2646412178447504, -0.4612219161389238, -0.9170478605588498, -0.04035763196072006
3162, 31.616836072664363, -0.9247782059133788, -0.06155746004090146, -0.7826981615961979, -2.048711266230865, 0.0, 0.0, 2.223375725902821, -0.4843947235867906, -0.9252279139902649, -0.062400457896659385
3163, 31.62683823529412, -0.9326051875293407, -0.08204457270321042, -0.7826981615961979, -2.048711266230865, 0.0, 0.0, 2.1815464564477205, -0.5080006701384377, -0.9319204222583221, -0.08269787970465994
3164, 31.636840397923876, -0.9404321691453028, -0.10253168536551893, -0.7826981615961979, -2.048711266230865, 0.0, 0.0, 2.1391721791941745, -0.5320209280763133, -0.9400498474803242, -0.1039899515863863
3165, 31.646842560553637, -0.9482591507612648, -0.12301879802782745, -0.7826981615961979, -2.048711266230865, 0.0, 0.0, 2.0962720061275686, -0.5564363373956611, -0.9474921972056597, -0.12397075615293265
3166, 31.656844723183394, -0.9560861323772267, -0.1435059106901364, -0.7826981615961979, -2.048711266230865, 0.0, 0.0, 2.0528653766797134, -0.5812274211237706, -0.9559355311381372, -0.14288750564826708
3167, 31.66684688581315, -0.9639131139931887, -0.16399302335244492, -0.7826981615961979, -2.048711266230865, 0.0, 0.0, 2.0089720426487445, -0.6063744008934076, -0.9643439381765994, -0.1652359585128821
3168, 31.676849048442907, -0.9717400956091508, -0.18448013601475344, -0.7826981615961979, -2.048711266230865, 0.0, 0.0, 1.9646120528753985, -0.6318572127579558, -0.9695464034506486, -0.18276326105091056
3169, 31.686851211072668, -0.9795670772251127, -0.2049672486770624, -0.7826981615961979, -2.048711266230865, 0.0, 0.0, 1.919805737688101, -0.6576555232356021, -0.9795850367130761, -0.20533739776473708
3170, 31.696853373702425, -0.9873940588410747, -0.2254543613393709, -0.7826981615961979, -2.048711266230865, 0.0, 0.0, 1.8745736931294523, -0.6837487455697273, -0.9878712677044482, -0.22455525352598796
3171, 31.70685553633218, -0.9952210404570366, -0.24594147400167943, -0.7826981615961979, -2.048711266230865, 0.0, 0.0, 1.828936764976918, -0.7101160561924843, -0.9963139650411975, -0.24450218808747654
3172, 31.716857698961938, -1.0030480220729987, -0.2664285866639884, -0.7826981615961979, -2.048711266230865, 0.0, 0.0, 1.7829160325706588, -0.7367364113783768, -1.0033705650308107, -0.2670496880671856
3173, 31.7268598615917, -1.0108750036889607, -0.2869156993262969, -0.7826981615961979, -2.048711266230865, 0.0, 0.0, 1.7365327924616145, -0.7635885640745066, -1.0102352111692612, -0.28729021428545687
3174, 31.736862024221455, -1.0187019853049226, -0.3074028119886054, -0.7826981615961979, -2.048711266230865, 0.0, 0.0, 1.6898085418930622, -0.7906510808940231, -1.018207655332571, -0.305919904514805
3175, 31.746864186851212, -1.0265289669208846, -0.3278899246509144, -0.7826981615961979, -2.048711266230865, 0.0, 0.0, 1.6427649621290552, -0.8179023592591536, -1.0264269682478375, -0.3269164292919629
3176, 31.75686634948097, -1.0343559485368468, -0.3483770373132229, -0.7826981615961979, -2.048711266230865, 0.0, 0.0, 1.595423901643219, -0.845320644680099, -1.0349281060111057, -0.34905346248929386
3177, 31.76686851211073, -1.0421829301528087, -0.36886414997553185, -0.7826981615961979, -2.048711266230865, 0.0, 0.0, 1.5478073591815207, -0.8728840481559605, -1.0408154522278268, -0.3703201335279069
3178, 31.776870674740486, -1.0500099117687707, -0.38935126263784037, -0.7826981615961979, -2.048711266230865, 0.0, 0.0, 1.4999374667127197, -0.9005705636837529, -1.0495145005046236, -0.3894435507037445
3179, 31.786872837370243, -1.0578368933847326, -0.4098383753001489, -0.7826981615961979, -2.048711266230865, 0.0, 0.0, 1.4518364722802857, -0.9283580858615006, -1.0564206011659276, -0.4094295699119797
3180, 31.796875000000004, -1.0650613213916555, -0.43032563470462476, -0.6562169330356964, -2.0331128221774195, 13.245173531316649, 3.1226236540331795, 2.924177040822961, -0.5255200832410145, -1.0650100930443704, -0.4296739508339682
3181, 31.80687716262976, -1.0709612320454465, -0.4505006317436973, -0.5237651977225298, -2.001886585637087, 13.245173531316649, 3.1226236540331795, 2.9384842117996137, -0.5364844666918936, -1.0687685512268563, -0.4500825471934202
3182, 31.816879325259517, -1.075536625346106, -0.4703633664173666, -0.3913134624093632, -1.9706603490967556, 13.245173531316649, 3.1226236540331795, 2.957779726933215, -0.5461405602169223, -1.0752419672118951, -0.47187987934871156
3183, 31.826881487889274, -1.0787875012936339, -0.48991383872563243, -0.2588617270961967, -1.9394341125564238, 13.245173531316649, 3.1226236540331795, 2.982162775462951, -0.5545050495336694, -1.079374399363711, -0.48971201265466013
3184, 31.836883650519034, -1.08071385988803, -0.5091520486684951, -0.12640999178303003, -1.9082078760160919, 13.245173531316649, 3.1226236540331795, 3.0117167211158034, -0.5615983834701261, -1.0799888886341524, -0.5097588179250195
3185, 31.84688581314879, -1.0813157011292944, -0.5280779962459543, 0.006041743530136645, -1.8769816394757601, 13.245173531316649, 3.1226236540331795, 3.0465102087147904, -0.5674438954932897, -1.0803194568045762, -0.5295205661662737
3186, 31.856887975778548, -1.0805930250174272, -0.5466916814580103, 0.1384934788433032, -1.8457554029354282, 13.245173531316649, 3.1226236540331795, 3.086598114513741, -0.5720669894176408, -1.0798969249551251, -0.5470001241058312
3187, 31.866890138408305, -1.0785458315524283, -0.564993104304663, 0.2709452141564699, -1.8145291663950962, 13.245173531316649, 3.1226236540331795, 3.132022336570953, -0.5754943913918653, -1.0787158038434934, -0.5659799428252711
3188, 31.876892301038065, -1.0751741207342977, -0.5829822647859122, 0.40339694946963656, -1.7833029298547647, 13.245173531316649, 3.1226236540331795, 3.1828124227412316, -0.5777534695392794, -1.0753868807379021, -0.5840714267833828
3189, 31.886894463667822, -1.0704778925630356, -0.6006591629017582, 0.535848684782803, -1.7520766933144327, 13.245173531316649, 3.1226236540331795, 3.238986035000895, -0.578871622033252, -1.0694529699897275, -0.6003685431506918
3190, 31.89689662629758, -1.0644571470386417, -0.6180237986522009, 0.6683004200959697, -1.7208504567741012, 13.245173531316649, 3.1226236540331795, 3.3005492498445705, -0.5788757339137393, -1.0643680475838015, -0.618533992365839
3191, 31.906898788927336, -1.0571118841611162, -0.6350761720372403, 0.8007521554091365, -1.6896242202337692, 13.245173531316649, 3.1226236540331795, 3.3674966954276795, -0.5777917025845553, -1.0561729941034292, -0.635189500718745
3192, 31.916900951557096, -1.048442103930459, -0.6518162830568763, 0.9332038907223027, -1.6583979836934373, 13.245173531316649, 3.1226236540331795, 3.439811526996208, -0.5756440316625304, -1.0477909946747774, -0.6523773393849359
3193, 31.926903114186853, -1.0384478063466702, -0.6682441317111091, 1.0656556260354695, -1.6271717471531055, 13.245173531316649, 3.1226236540331795, 3.517465242967808, -0.5724554926682303, -1.0389529612659623, -0.6681482602504424
3194, 31.93690527681661, -1.0271289914097497, -0.6843597179999384, 1.1981073613486362, -1.5959455106127736, 13.245173531316649, 3.1226236540331795, 3.6004173448270214, -0.5682468539423916, -1.0270088570780243, -0.6846392060700625
3195, 31.94690743944637, -1.0144856591196973, -0.7001630419233645, 1.3305590966618026, -1.5647192740724418, 13.245173531316649, 3.1226236540331795, 3.688614844793964, -0.5630366761315256, -1.0146958041050484, -0.7005763622995647
3196, 31.956909602076127, -1.0005178094765135, -0.7156541034813874, 1.4630108319749695, -1.5334930375321099, 13.245173531316649, 3.1226236540331795, 3.7819916260407394, -0.55684117359912, -1.001987859800552, -0.7153521631631585
3197, 31.966911764705884, -0.985225442480198, -0.7308329026740068, 1.595462567288136, -1.5022668009917783, 13.245173531316649, 3.1226236540331795, 3.880467661083233, -0.5496741411745193, -0.9859057584618135, -0.7317471037833672
3198, 31.97691392733564, -0.9686085581307509, -0.745699439501223, 1.7279143026013026, -1.4710405644514464, 13.245173531316649, 3.1226236540331795, 3.983948094886676, -0.5415469457388632, -0.9696967892105334, -0.7467601886960095
3199, 31.9869160899654, -0.9506671564281719, -0.7602537139630358, 1.860366037914469, -1.4398143279111144, 13.245173531316649, 3.1226236540331795, 4.092322200209381, -0.532468582255525, -0.9502841456098342, -0.7615781767483659
3200, 31.996918252595158, -0.9314012373724614, -0.7744957260594453, 1.9928177732276355, -1.4085880913707827, 13.245173531316649, 3.1226236540331795, 4.20546221378691, -0.5224457939704065, -0.9286965635626343, -0.7739033896240406
3201, 32.00692041522492, -0.9108108009636191, -0.7884254757904514, 2.1252695085408027, -1.377361854830451, 13.245173531316649, 3.1226236540331795, 4.323222063143586, -0.51148325662445, -0.9104998076959212, -0.7883349110144032
3202, 32.01692257785467, -0.8888958472016453, -0.8020429631560543, 2.257721243853969, -1.346135618290119, 13.245173531316649, 3.1226236540331795, 4.445435995123063, -0.49958382662591405, -0.8867397392136628, -0.8008675695982639
3203, 32.02692474048443, -0.8656563760865398, -0.8153481881562539, 2.390172979167136, -1.3149093817497872, 13.245173531316649, 3.1226236540331795, 4.57191711866594, -0.4867488532125146, -0.8652965092035899, -0.8142376957650583
3204, 32.036926903114185, -0.8410923876183025, -0.8283411507910501, 2.5226247144803025, -1.2836831452094555, 13.245173531316649, 3.1226236540331795, 4.702455875939086, -0.47297855468257655, -0.8401144379648214, -0.8284011336288868
3205, 32.046929065743946, -0.8152038817969337, -0.841021851060443, 2.6550764497934685, -1.2524569086691235, 13.245173531316649, 3.1226236540331795, 4.8368184576451005, -0.4582724587788738, -0.8144717282722873, -0.8418855892126058
3206, 32.056931228373706, -0.7879908586224331, -0.8533902889644326, 2.7875281851066354, -1.2212306721287916, 13.245173531316649, 3.1226236540331795, 4.9747451802145575, -0.4426299072578864, -0.7893055965087996, -0.8535178015107177
3207, 32.06693339100346, -0.7594533180948009, -0.8654464645030189, 2.919979920419802, -1.1900044355884598, 13.245173531316649, 3.1226236540331795, 5.115948844608843, -0.42605062455971615, -0.7592795238738546, -0.8657372652403689
3208, 32.07693555363322, -0.729591260214037, -0.8771903776762018, 3.0524316557329687, -1.158778199048128, 13.245173531316649, 3.1226236540331795, 5.260113098634222, -0.40853535029880594, -0.7301455179037569, -0.8786150260676735
3209, 32.08693771626298, -0.6984046849801414, -0.8886220284839814, 3.184883391046135, -1.127551962507796, 13.245173531316649, 3.1226236540331795, 5.406890826980564, -0.39008653501195567, -0.6981641373761424, -0.8880665528953614
3210, 32.096939878892734, -0.6658935923931142, -0.8997414169263578, 3.317335126359302, -1.0963257259674644, 13.245173531316649, 3.1226236540331795, 5.555902595639301, -0.3707090982170282, -0.6669972796061874, -0.9007045849924863
3211, 32.106942041522494, -0.6320579824529554, -0.9105485430033308, 3.4497868616724685, -1.0650994894271326, 13.245173531316649, 3.1226236540331795, 5.706735179907413, -0.35041124734269125, -0.6329306556831759, -0.9112312457409225
3212, 32.116944204152254, -0.5968978551596649, -0.9210434067149004, 3.5822385969856354, -1.0338732528868007, 13.245173531316649, 3.1226236540331795, 5.858940207824936, -0.32920535547641283, -0.5966067571043195, -0.9210983672656483
3213, 32.12694636678201, -0.5604132105132427, -0.9312260080610667, 3.714690332298802, -1.002647016346469, 13.245173531316649, 3.1226236540331795, 6.012032953594291, -0.30710889513524425, -0.5608130361284749, -0.9326462909944522
3214, 32.13694852941177, -0.5226040485136887, -0.9410963470418298, 3.8471420676119688, -0.971420779806137, 13.245173531316649, 3.1226236540331795, 6.165491318255034, -0.2841454243831725, -0.5227622750893253, -0.9396704651457205
3215, 32.14695069204152, -0.48347036916100306, -0.9506544236571896, 3.979593802925135, -0.9401945432658053, 13.245173531316649, 3.1226236540331795, 6.31875503759532, -0.26034562059259914, -0.48305161046736206, -0.9500986716471032
3216, 32.15695285467128, -0.443012172455186, -0.959900237907146, 4.112045538238302, -0.9089683067254735, 13.245173531316649, 3.1226236540331795, 6.47122515992155, -0.23574835597003677, -0.44326470500905324, -0.9603078554488588
3217, 32.16695501730104, -0.401229458396237, -0.968833789791699, 4.2444972735514686, -0.8777420701851417, 13.245173531316649, 3.1226236540331795, 6.62226383882226, -0.21040180763349964, -0.40131261349364494, -0.9691873042557557
3218, 32.176957179930795, -0.3581222269841565, -0.9774550793108487, 4.376949008864635, -0.8465158336448099, 13.245173531316649, 3.1226236540331795, 6.771194488385106, -0.18436459353989068, -0.35714051837097227, -0.9791129174895882
3219, 32.186959342560556, -0.31369047821894425, -0.9857641064645952, 4.5094007441778015, -0.815289597104478, 13.245173531316649, 3.1226236540331795, 6.917302350381823, -0.15770692391633598, -0.31354688584554913, -0.984745699678123
3220, 32.196961505190316, -0.26859647077716775, -0.9939170024356397, 4.509400744177797, -0.815289597104479, 0.0, 0.0, 5.746952352953462, -0.45116849588621094, -0.26861197582398577, -0.9928841189201149
3221, 32.20696366782007, -0.2235024633353898, -1.0020698984066845, 4.509400744177797, -0.815289597104479, 0.0, 0.0, 5.818317174860699, -0.418680729436614, -0.22254359075297453, -1.0038099538391803
3222, 32.21696583044983, -0.17840845589361187, -1.0102227943777293, 4.509400744177797, -0.815289597104479, 0.0, 0.0, 5.88243680514123, -0.38662270425959183, -0.17775317915480587, -1.010394147975054
3223, 32.22696799307958, -0.13331444845183382, -1.0183756903487742, 4.509400744177797, -0.815289597104479, 0.0, 0.0, 5.939202354329467, -0.35504046631997493, -0.1319920012606974, -1.0185596945978024
3224, 32.23697015570934, -0.08822044101005577, -1.026528586319819, 4.509400744177797, -0.815289597104479, 0.0, 0.0, 5.988519566099027, -0.32397938265678294, -0.08910233061603808, -1.026318782999632
3225, 32.246972318339104, -0.04312643356827772, -1.0346814822908637, 4.509400744177797, -0.815289597104479, 0.0, 0.0, 6.030308978561132, -0.29348407932921794, -0.04412676817486235, -1.034296073303091
3226, 32.25697448096886, 0.001967573873500328, -1.0428343782619085, 4.509400744177797, -0.815289597104479, 0.0, 0.0, 6.064506055979523, -0.2635983803757065, 0.0012727524109172272, -1.041685456162366
3227, 32.26697664359862, 0.04706158131527838, -1.0509872742329534, 4.509400744177797, -0.815289597104479, 0.0, 0.0, 6.091061290674961, -0.23436524786928342, 0.046590250860596004, -1.0514010263541047
3228, 32.27697880622838, 0.0921555887570562, -1.0591401702039982, 4.509400744177797, -0.815289597104479, 0.0, 0.0, 6.109940274952157, -0.20582672315112677, 0.09190426136167497, -1.0586125734439398
3229, 32.28698096885813, 0.13724959619883426, -1.0672930661750428, 4.509400744177797, -0.815289597104479, 0.0, 0.0, 6.121123742942231, -0.17802386932243583, 0.13781331271384942, -1.0672604353475086
3230, 32.29698313148789, 0.1823436036406123, -1.0754459621460877, 4.509400744177797, -0.815289597104479, 0.0, 0.0, 6.124607582314056, -0.15099671507313533, 0.18125439066518648, -1.0755519051178495
3231, 32.30698529411765, 0.22743761108239036, -1.0835988581171325, 4.509400744177797, -0.815289597104479, 0.0, 0.0, 6.120402815868255, -0.12478419992405348, 0.224487872139869, -1.0853027222496434
3232, 32.316987456747405, 0.2725316185241684, -1.0917517540881774, 4.509400744177797, -0.815289597104479, 0.0, 0.0, 6.108535553087862, -0.09942412095730685, 0.2725568730053748, -1.0918935951068742
3233, 32.326989619377166, 0.31762562596594646, -1.099904650059222, 4.509400744177797, -0.815289597104479, 0.0, 0.0, 6.089046911779783, -0.0749530811075842, 0.316699986387991, -1.1001091690244262
3234, 32.33699178200692, 0.3627196334077243, -1.1080575460302668, 4.509400744177797, -0.815289597104479, 0.0, 0.0, 6.061992910000951, -0.051406439084892286, 0.36266801223440426, -1.1079046795127474
3235, 32.34699394463668, 0.40633614499353743, -1.1155064185386498, 4.268350285460295, -0.6843291103492217, -18.660174624199538, 12.111628097817544, 4.593387120860317, -0.16183878623294526, 0.40718351643128037, -1.1156353422771463
3236, 32.35699610726644, 0.44808663911693036, -1.1217441282372513, 4.0817485392182995, -0.5632128293710463, -18.660174624199538, 12.111628097817544, 4.485175216720302, -0.049916523245735894, 0.4482859272934771, -1.1217598315871806
3237, 32.36699826989619, 0.48797111577790353, -1.1267706751260709, 3.895146792976304, -0.44209654839287066, -18.660174624199538, 12.111628097817544, 4.371741815532708, 0.05933509657712219, 0.48817587520319244, -1.1267344200174523
3238, 32.37700043252595, 0.5259895749764565, -1.1305860592051087, 3.708545046734309, -0.3209802674146952, -18.660174624199538, 12.111628097817544, 4.253849192461637, 0.1658777729084746, 0.5261542191514977, -1.1296116683755264
3239, 32.387002595155714, 0.5621420167125896, -1.1331902804743648, 3.521943300492313, -0.1998639864365197, -18.660174624199538, 12.111628097817544, 4.132216972926811, 0.2696841829774262, 0.5620492631176258, -1.1330076714680763
3240, 32.39700475778547, 0.5964284409863029, -1.1345833389338391, 3.335341554250318, -0.07874770545834409, -18.660174624199538, 12.111628097817544, 4.007521335614882, 0.3707369250941385, 0.5972647601419235, -1.135791802153923
3241, 32.40700692041523, 0.628848847797596, -1.1347652345835317, 3.1487398080083224, 0.04236857551983164, -18.660174624199538, 12.111628097817544, 3.880394863812048, 0.4690275567911162, 0.6290298351999962, -1.1349725055343869
3242, 32.41700908304499, 0.6594032371464694, -1.1337359674234424, 2.9621380617663267, 0.16348485649800715, -18.660174624199538, 12.111628097817544, 3.7514269522307635, 0.564555731297771, 0.6603323519330526, -1.1349339776488079
3243, 32.42701124567474, 0.6880916090329227, -1.1314955374535716, 2.775536315524331, 0.28460113747618265, -18.660174624199538, 12.111628097817544, 3.6211646822448573, 0.6573284353237363, 0.688098627085058, -1.1319599447493411
3244, 32.4370134083045, 0.7149139634569561, -1.1280439446739188, 2.5889345692823356, 0.40571741845435805, -18.660174624199538, 12.111628097817544, 3.490114084568644, 0.7473593304538158, 0.7134970713041938, -1.129004912130429
3245, 32.447015570934255, 0.7398703004185694, -1.1233811890844843, 2.40233282304034, 0.5268336994325338, -18.660174624199538, 12.111628097817544, 3.3587417147238927, 0.8346681998403104, 0.7409723571143544, -1.1237846590965328
3246, 32.457017733564015, 0.7629606199177628, -1.1175072706852682, 2.215731076798344, 0.6479499804107094, -18.660174624199538, 12.111628097817544, 3.227476472971439, 0.9192805013031329, 0.7631385057015444, -1.1175207693362499
3247, 32.467019896193776, 0.7841849219545363, -1.1104221894762702, 2.0291293305563496, 0.7690662613888848, -18.660174624199538, 12.111628097817544, 3.096711606607775, 1.0012270274006814, 0.7848811252924207, -1.1113835613381513
3248, 32.47702205882353, 0.8035432065288899, -1.1021259454574905, 1.8425275843143536, 0.8901825423670605, -18.660174624199538, 12.111628097817544, 2.966806838533289, 1.080543672500899, 0.8019347232685203, -1.1020595898584482
3249, 32.48702422145329, 0.8210354736408234, -1.0926185386289289, 1.6559258380723578, 1.011298823345236, -18.660174624199538, 12.111628097817544, 2.8380905717038365, 1.1572713063481954, 0.823179077306482, -1.0921191411938609
3250, 32.49702638408305, 0.8366617232903371, -1.0818999689905857, 1.469324091830362, 1.1324151043234114, -18.660174624199538, 12.111628097817544, 2.7108621244183464, 1.231455753073993, 0.8375283905603571, -1.0835455154088265
3251, 32.5070285467128, 0.8504219554774307, -1.0699702365424606, 1.282722345588367, 1.2535313853015868, -18.660174624199538, 12.111628097817544, 2.585393956328944, 1.3031478740227485, 0.84971219668094, -1.071943735370045
3252, 32.51703070934256, 0.8623161702021045, -1.056829341284554, 1.0961205993463712, 1.3746476662797626, -18.660174624199538, 12.111628097817544, 2.4619338495598857, 1.3724037521479233, 0.8614475531028323, -1.058294654252101
3253, 32.52703287197232, 0.8723443674643582, -1.0424772832168654, 0.9095188531043754, 1.495763947257938, -18.660174624199538, 12.111628097817544, 2.3407070133762264, 1.4392849750604473, 0.8722707338277508, -1.0423778843159193
3254, 32.53703503460208, 0.880506547264192, -1.026914062339395, 0.7229171068623801, 1.6168802282361134, -18.660174624199538, 12.111628097817544, 2.2219180844537956, 1.5038590130733487, 0.8815135796094857, -1.029075203876613
3255, 32.54703719723184, 0.8868027096016058, -1.010139678652143, 0.5363153606203845, 1.7379965092142893, -18.660174624199538, 12.111628097817544, 2.105752997981814, 1.5661996877686104, 0.8871497926599717, -1.0079672464621932
3256, 32.55703935986159, 0.8912328544765996, -0.9921541321551093, 0.3497136143783892, 1.859112790192465, -18.660174624199538, 12.111628097817544, 1.9923807076007813, 1.6263877257053658, 0.8908471536661834, -0.992612559676544
3257, 32.56704152249135, 0.8937969818891736, -0.9729574228482938, 0.16311186813639322, 1.98022907117064, -18.660174624199538, 12.111628097817544, 1.8819547345722762, 1.684511390882603, 0.8942814301133369, -0.9750232765218755
3258, 32.57704368512111, 0.8944950918393275, -0.9525495507316964, -0.023489878105602324, 2.101345352148816, -18.660174624199538, 12.111628097817544, 1.7746145286324095, 1.7406671884565625, 0.8939295968435698, -0.9529386938585541
3259, 32.587045847750865, 0.8933271843270615, -0.9309305158053174, -0.21009162434759765, 2.2224616331269913, -18.660174624199538, 12.111628097817544, 1.6704866247413799, 1.794960630986545, 0.8918317285038572, -0.9310091987958456
3260, 32.597048010380625, 0.8902932593523756, -0.9081003180691567, -0.396693370589593, 2.343577914105167, -18.660174624199538, 12.111628097817544, 1.5696855814581263, 1.847507057138535, 0.8890250252144943, -0.9076430127974474
3261, 32.607050173010386, 0.8853933169152697, -0.8840589575232141, -0.5832951168315887, 2.4646941950833425, -18.660174624199538, 12.111628097817544, 1.472314687996081, 1.898432491311828, 0.8846287862152808, -0.882874571592828
3262, 32.61705233564014, 0.8786273570157438, -0.8588064341674897, -0.7698968630735843, 2.5858104760615186, -18.660174624199538, 12.111628097817544, 1.3784664282122423, 1.9478745310704597, 0.8790569678958594, -0.85906646088488
3263, 32.6270544982699, 0.869995379653798, -0.8323427480019836, -0.9564986093155798, 2.706926757039694, -18.660174624199538, 12.111628097817544, 1.288222690909547, 1.9959832475624788, 0.8704330495016379, -0.8347571986208219
3264, 32.63705666089965, 0.859497384829432, -0.8046678990266958, -1.1431003555575756, 2.828043038017869, -18.660174624199538, 12.111628097817544, 1.2016547169567158, 2.0429220823033933, 0.8587872316723995, -0.8049027935493258
3265, 32.64705882352941, 0.8471333725426464, -0.7757818872416262, -1.3297021017995707, 2.9491593189960446, -18.660174624199538, 12.111628097817544, 1.1188227749179627, 2.088868721796834, 0.8476331508220987, -0.7752072350570218
3266, 32.65706098615917, 0.8329033427934407, -0.7456847126467748, -1.5163038480415667, 3.07027559997422, -18.660174624199538, 12.111628097817544, 1.039775558206193, 2.1340159294814605, 0.8321759232576511, -0.7448176550110186
3267, 32.66706314878893, 0.8168072955818151, -0.7143763752421418, -1.7029055942835618, 3.191391880952396, -18.660174624199538, 12.111628097817544, 0.964549298297984, 2.1785723124492864, 0.8177423591075167, -0.7174084544736239
3268, 32.67706531141869, 0.7988452309077695, -0.6818568750277268, -1.8895073405255576, 3.312508161930571, -18.660174624199538, 12.111628097817544, 0.8931665903470685, 2.222762998302975, 0.7995905517959873, -0.6830487208929819
3269, 32.68706747404845, 0.7790171487713039, -0.6481262120035303, -2.076109086767553, 3.433624442908747, -18.660174624199538, 12.111628097817544, 0.8256349296755092, 2.266830195440531, 0.7789830386277308, -0.6500958101785519
3270, 32.6970696366782, 0.7573230491724183, -0.6131843861695518, -2.2627108330095487, 3.5547407238869226, -18.660174624199538, 12.111628097817544, 0.7619449601763459, 2.3110336080134237, 0.7574476548929748, -0.6132335330912257
3271, 32.70707179930796, 0.7337629321111129, -0.5770313975257917, -2.4493125792515436, 3.6758570048650983, -18.660174624199538, 12.111628097817544, 0.7020684386939093, 2.3556506748437114, 0.7342083450615662, -0.5769243365515079
3272, 32.71707396193772, 0.7083367975873874, -0.5396672460722499, -2.6359143254935398, 3.796973285843274, -18.660174624199538, 12.111628097817544, 0.6459559230191443, 2.400976599759189, 0.7090045211327394, -0.538312365240293
3273, 32.727076124567475, 0.681044645601242, -0.5010919318089262, -2.8225160717355355, 3.918089566821449, -18.660174624199538, 12.111628097817544, 0.5935341953022697, 2.4473241391723657, 0.6787605465460654, -0.5023483303974264
3274, 32.737078287197235, 0.6518864761526767, -0.46130545473582085, -3.009117817977531, 4.039205847799624, -18.660174624199538, 12.111628097817544, 0.5447034374906021, 2.49502311135584, 0.6511417474031601, -0.460361889075599
3275, 32.74708044982699, 0.6217952979729023, -0.42091339625782587, -3.0091178179775246, 4.039205847799621, 0.0, 0.0, 2.1784312550927205, 2.905901382966401, 0.6201772857246148, -0.4218584363060546
3276, 32.75708261245675, 0.5917041197931271, -0.38052133777982966, -3.0091178179775246, 4.039205847799621, 0.0, 0.0, 2.241161476851434, 2.910571111091322, 0.5925173704990411, -0.3800276417180554
3277, 32.76708477508651, 0.5616129416133518, -0.34012927930183345, -3.0091178179775246, 4.039205847799621, 0.0, 0.0, 2.3013092999886013, 2.9152488850238214, 0.5623222980168628, -0.3412954544915131
3278, 32.77708693771626, 0.5315217634335766, -0.29973722082383714, -3.0091178179775246, 4.039205847799621, 0.0, 0.0, 2.3588141478569624, 2.919923769070179, 0.5337953946964806, -0.2994617312078186
3279, 32.78708910034602, 0.5014305852538012, -0.25934516234584093, -3.0091178179775246, 4.039205847799621, 0.0, 0.0, 2.4136176925455852, 2.924584677528146, 0.5013642086515053, -0.2610407278520495
3280, 32.79709126297578, 0.471339407074026, -0.21895310386784472, -3.0091178179775246, 4.039205847799621, 0.0, 0.0, 2.465663915141178, 2.9292203931381047, 0.4707612251803761, -0.21980517670427258
3281, 32.80709342560554, 0.44124822889425075, -0.17856104538984852, -3.0091178179775246, 4.039205847799621, 0.0, 0.0, 2.5148991639985616, 2.933819585765205, 0.4420369030946959, -0.1780248514207393
3282, 32.8170955882353, 0.4111570507144755, -0.1381689869118523, -3.0091178179775246, 4.039205847799621, 0.0, 0.0, 2.5612722109555652, 2.938370831281979, 0.4123362274507627, -0.13886105345481933
3283, 32.82709775086505, 0.38106587253470026, -0.09777692843385588, -3.0091178179775246, 4.039205847799621, 0.0, 0.0, 2.6047343054292917, 2.94286263062058, 0.38024007377012253, -0.09742271362408088
3284, 32.83709991349481, 0.3509746943549249, -0.057384869955859674, -3.0091178179775246, 4.039205847799621, 0.0, 0.0, 2.645239226332517, 2.9472834289635172, 0.350704907010013, -0.05558941744063231
3285, 32.84710207612457, 0.32088351617514965, -0.016992811477863468, -3.0091178179775246, 4.039205847799621, 0.0, 0.0, 2.682743331750894, 2.951621635041546, 0.3200473639992168, -0.018151025145125708
3286, 32.857104238754324, 0.2907923379953744, 0.02339924700013274, -3.0091178179775246, 4.039205847799621, 0.0, 0.0, 2.7172056063235517, 2.9558656405071746, 0.2925035010650941, 0.021932092288267657
3287, 32.867106401384085, 0.26070115981559916, 0.06379130547812895, -3.0091178179775246, 4.039205847799621, 0.0, 0.0, 2.7485877062717514, 2.9600038393521455, 0.25957992729121276, 0.06466634988648562
3288, 32.877108564013845, 0.2306099816358238, 0.10418336395612515, -3.0091178179775246, 4.039205847799621, 0.0, 0.0, 2.7768540020223056, 2.964024647337146, 0.23072581292474162, 0.10471629416171996
3289, 32.8871107266436, 0.20051880345604856, 0.14457542243412158, -3.0091178179775246, 4.039205847799621, 0.0, 0.0, 2.8019716183747136, 2.967916521402025, 0.2015898233516035, 0.14396492670491248
3290, 32.89711288927336, 0.1704276252762733, 0.1849674809121178, -3.0091178179775246, 4.039205847799621, 0.0, 0.0, 2.823910472163114, 2.971667979024775, 0.169753459280059, 0.18567053239600662
3291, 32.90711505190312, 0.14033644709649806, 0.225359539390114, -3.0091178179775246, 4.039205847799621, 0.0, 0.0, 2.8426433073665147, 2.975267617497659, 0.14091324678075368, 0.22490530642075104
3292, 32.91711721453287, 0.11024526891672282, 0.2657515978681102, -3.0091178179775246, 4.039205847799621, 0.0, 0.0, 2.858145727623103, 2.978704133088965, 0.10994500706213879, 0.26665201961122004
3293, 32.92711937716263, 0.08015409073694757, 0.3061436563461064, -3.0091178179775246, 4.039205847799621, 0.0, 0.0, 2.870396226106863, 2.981966340059086, 0.08070788247032991, 0.3074814352355409
3294, 32.937121539792386, 0.0500629125571721, 0.3465357148241026, -3.0091178179775246, 4.039205847799621, 0.0, 0.0, 2.8793762127272022, 2.985043189499831, 0.050646716857718266, 0.3468234642676295
3295, 32.94712370242215, 0.019971734377396855, 0.38692777330209904, -3.0091178179775246, 4.039205847799621, 0.0, 0.0, 2.885070038614828, 2.987923787966176, 0.020904991727730513, 0.3851165441335722
3296, 32.95712586505191, -0.010119443802378392, 0.42731983178009525, -3.0091178179775246, 4.039205847799621, 0.0, 0.0, 2.8874650178597023, 2.990597415869998, -0.010121891513656618, 0.4267261370980284
3297, 32.96712802768166, -0.04021062198215364, 0.46771189025809146, -3.0091178179775246, 4.039205847799621, 0.0, 0.0, 2.8865514464695594, 2.9930535456057195, -0.04025940252330307, 0.4685610466604735
3298, 32.97713019031142, -0.07030180016192888, 0.5081039487360877, -3.0091178179775246, 4.039205847799621, 0.0, 0.0, 2.882322618520106, 2.9952818593782236, -0.06946518493005326, 0.5091905758187849
3299, 32.98713235294118, -0.10039297834170413, 0.5484960072140839, -3.0091178179775246, 4.039205847799621, 0.0, 0.0, 2.8747748394708394, 2.997272266703895, -0.10010851159569101, 0.5484015307024873
3300, 32.997134515570934, -0.13048415652147938, 0.5888880656920801, -3.0091178179775246, 4.039205847799621, 0.0, 0.0, 2.8639074366231037, 2.99901492155616, -0.13008772738444183, 0.5895010478984093
3301, 33.007136678200695, -0.16057533470125462, 0.6292801241700765, -3.0091178179775246, 4.039205847799621, 0.0, 0.0, 2.8497227666998772, 3.0005002391274846, -0.16005392865334692, 0.6297760189577277
3302, 33.017138840830455, -0.1906665128810301, 0.6696721826480727, -3.0091178179775246, 4.039205847799621, 0.0, 0.0, 2.8322262205296185, 3.0017189121804178, -0.18973278748851952, 0.6707523175343102
3303, 33.02714100346021, -0.22075769106080534, 0.7100642411260689, -3.0091178179775246, 4.039205847799621, 0.0, 0.0, 2.8114262248193786, 3.00266192696092, -0.22013087778180934, 0.709815406887292
3304, 33.03714316608997, -0.25084886924058036, 0.7504562996040649, -3.0091178179775246, 4.039205847799621, 0.0, 0.0, 2.7873342410052975, 3.003320578647955, -0.25068374462147336, 0.7509256300564813
3305, 33.04714532871972, -0.2809400474203556, 0.7908483580820613, -3.0091178179775246, 4.039205847799621, 0.0, 0.0, 2.7599647611715503, 3.0036864863140473, -0.2818041578565369, 0.7907657174115292
3306, 33.05714749134948, -0.31103122560013086, 0.8312404165600573, -3.0091178179775246, 4.039205847799621, 0.0, 0.0, 2.729335301031789, 3.0037516073723314, -0.3124189211629453, 0.8322107064338576
3307, 33.06714965397924, -0.3411224037799061, 0.8716324750380537, -3.0091178179775246, 4.039205847799621, 0.0, 0.0, 2.6954663899700866, 3.003508251486434, -0.3421995604982868, 0.8700147271081882
3308, 33.077151816608996, -0.37121358195968135, 0.9120245335160497, -3.0091178179775246, 4.039205847799621, 0.0, 0.0, 2.658381558141397, 3.0029490939204253, -0.37103035802464246, 0.912298607174932
3309, 33.08715397923876, -0.4013047601394568, 0.9524165919940462, -3.0091178179775246, 4.039205847799621, 0.0, 0.0, 2.6181073206346075, 3.0020671883069623, -0.3997864557180221, 0.9530347646338588
3310, 33.09715614186852, -0.43139593831923206, 0.9928086504720426, -3.0091178179775246, 4.039205847799621, 0.0, 0.0, 2.5746731587042233, 3.0008559788127234, -0.4315016736038889, 0.9925578077885375
3311, 33.10715830449827, -0.4614871164990073, 1.0332007089500386, -3.0091178179775246, 4.039205847799621, 0.0, 0.0, 2.5281114980798187, 2.9993093116811838, -0.4598795197867302, 1.032745380018167
3312, 33.11716046712803, -0.49157829467878256, 1.073592767428035, -3.0091178179775246, 4.039205847799621, 0.0, 0.0, 2.478457684365407, 2.9974214461338318, -0.4907446986393496, 1.072172123651376
3313, 33.127162629757784, -0.5216694728585578, 1.113984825906031, -3.0091178179775246, 4.039205847799621, 0.0, 0.0, 2.425749955543927, 2.995187064611932, -0.5215931510617233, 1.1144694527474297
3314, 33.137164792387544, -0.551760651038333, 1.1543768843840274, -3.0091178179775246, 4.039205847799621, 0.0, 0.0, 2.3700294116050915, 2.992601282342047, -0.5525975393290447, 1.1548780475060427
3315, 33.147166955017305, -0.5818518292181083, 1.1947689428620234, -3.0091178179775246, 4.039205847799621, 0.0, 0.0, 2.311339981317883, 2.9896596562096187, -0.5827875447828991, 1.1945282401496127
3316, 33.15716911764706, -0.6119430073978835, 1.2351610013400198, -3.0091178179775246, 4.039205847799621, 0.0, 0.0, 2.2497283861720025, 2.9863581929260254, -0.6117098210897595, 1.2348130868249665
3317, 33.16717128027682, -0.642034185577659, 1.2755530598180163, -3.0091178179775246, 4.039205847799621, 0.0, 0.0, 2.185244101515575, 2.9826933564757154, -0.642169687925003, 1.2779349927674655
3318, 33.17717344290658, -0.6721253637574343, 1.3159451182960122, -3.0091178179775246, 4.039205847799621, 0.0, 0.0, 2.1179393149194716, 2.9786620748311483, -0.6710992635009724, 1.3157799697614851
3319, 33.18717560553633, -0.7022165419372095, 1.3563371767740087, -3.0091178179775246, 4.039205847799621, 0.0, 0.0, 2.047868881801507, 2.9742617459245024, -0.7026848342766815, 1.3558717920347851
3320, 33.19717776816609, -0.7323077201169848, 1.3967292352520047, -3.0091178179775246, 4.039205847799621, 0.0, 0.0, 1.9750902783467916, 2.9694902428663035, -0.7305837657852657, 1.3966355890045619
3321, 33.20717993079585, -0.76239889829676, 1.437121293730001, -3.0091178179775246, 4.039205847799621, 0.0, 0.0, 1.8996635517634144, 2.964345918402349, -0.762739710209571, 1.4367643965297963
3322, 33.217182093425606, -0.7924900764765355, 1.477513352207997, -3.0091178179775246, 4.039205847799621, 0.0, 0.0, 1.8216512679155454, 2.9588276086015703, -0.7936690702466832, 1.4782992919614837
3323, 33.22718425605537, -0.8225812546563105, 1.5179054106859935, -3.0091178179775246, 4.039205847799621, 0.0, 0.0, 1.7411184563789033, 2.952934635768688, -0.8237954987928205, 1.5176918607722183
3324, 33.23718641868512, -0.852672432836086, 1.55829746916399, -3.0091178179775246, 4.039205847799621, 0.0, 0.0, 1.6581325529663666, 2.946666810576823, -0.8543550184326457, 1.559054611741101
3325, 33.24718858131488, -0.882763611015861, 1.598689527641986, -3.0091178179775246, 4.039205847799621, 0.0, 0.0, 1.5727633397743013, 2.940024433416461, -0.8828390475481301, 1.5991025906639744
3326, 33.25719074394464, -0.9128547891956365, 1.6390815861199823, -3.0091178179775246, 4.039205847799621, 0.0, 0.0, 1.4850828828029203, 2.9330082949584657, -0.9134670755770269, 1.6381015550000153
3327, 33.267192906574394, -0.9429459673754115, 1.6794736445979783, -3.0091178179775246, 4.039205847799621, 0.0, 0.0, 1.3951654672066773, 2.9256196759301067, -0.9441281117037131, 1.6784755950551444
3328, 33.277195069204154, -0.9730371455551869, 1.7198657030759747, -3.0091178179775246, 4.039205847799621, 0.0, 0.0, 1.3030875302333693, 2.917860346104361, -0.9735491840542896, 1.7201814832103546
3329, 33.287197231833915, -1.0031283237349624, 1.7602577615539712, -3.0091178179775246, 4.039205847799621, 0.0, 0.0, 1.2089275919131972, 2.909732562504014, -1.0029754463565324, 1.761812173918248
3330, 33.29719939446367, -1.0332195019147374, 1.8006498200319672, -3.0091178179775246, 4.039205847799621, 0.0, 0.0, 1.1127661835615839, 2.9012390668233827, -1.0333711137541781, 1.7999901010698702
3331, 33.30720155709343, -1.063310680094513, 1.8410418785099636, -3.0091178179775246, 4.039205847799621, 0.0, 0.0, 1.0146857741620203, 2.8923830820717393, -1.0627377504268256, 1.8420755508010884
3332, 33.31720371972319, -1.093401858274288, 1.8814339369879596, -3.0091178179775246, 4.039205847799621, 0.0, 0.0, 0.9147706946976508, 2.8831683084438025, -1.0935128147620494, 1.8814050857045428
3333, 33.32720588235294, -1.1234930364540634, 1.921825995465956, -3.0091178179775246, 4.039205847799621, 0.0, 0.0, 0.8131070605026074, 2.8735989184239097, -1.1226711192914038, 1.9224439710553811
3334, 33.3372080449827, -1.1535842146338384, 1.962218053943952, -3.0091178179775246, 4.039205847799621, 0.0, 0.0, 0.7097826917064629, 2.8636795511317303, -1.1545290335393248, 1.960678584130248
3335, 33.347210207612456, -1.183675392813614, 2.0026101124219484, -3.0091178179775246, 4.039205847799621, 0.0, 0.0, 0.6048870318472983, 2.8534153059186327, -1.1833470293869377, 2.003479354220246
3336, 33.357212370242216, -1.213766570993389, 2.043002170899945, -3.0091178179775246, 4.039205847799621, 0.0, 0.0, 0.4985110647311055, 2.8428117352250153, -1.2155824245313012, 2.0437819093440033
3337, 33.36721453287198, -1.2438577491731644, 2.083394229377941, -3.0091178179775246, 4.039205847799621, 0.0, 0.0, 0.390747229617207, 2.8318748367101407, -1.2434801365180321, 2.0831515292214147
3338, 33.37721669550173, -1.2739489273529399, 2.1237862878559373, -3.0091178179775246, 4.039205847799621, 0.0, 0.0, 0.2816893348114662, 2.8206110446671717, -1.2743269086583973, 2.123055952433861
3339, 33.38721885813149, -1.3040401055327149, 2.1641783463339332, -3.0091178179775246, 4.039205847799621, 0.0, 0.0, 0.17143246975086268, 2.8090272207373053, -1.302892175045327, 2.1642813405361663
3340, 33.39722102076125, -1.3341312837124903, 2.2045704048119297, -3.0091178179775246, 4.039205847799621, 0.0, 0.0, 0.06007291566486628, 2.797130643938, -1.3351016057585847, 2.204748192974887
3341, 33.407223183391004, -1.3642224618922654, 2.244962463289926, -3.0091178179775246, 4.039205847799621, 0.0, 0.0, -0.05229194509920321, 2.78492900002146, -1.3643888271584557, 2.2432120709944288
3342, 33.417225346020764, -1.3945263634672762, 2.285244423358517, -3.0122170810313467, 3.9642377057429283, 3.6346152939487784, -12.791660223235283, 0.010222731567248067, 2.587131803640448, -1.3938164445454455, 2.2845841628466594
3343, 33.42722750865052, -1.4244668035128925, 2.3242472174047846, -2.975870928091859, 3.8363211035105755, 3.6346152939487784, -12.791660223235283, -0.08171575803231068, 2.506222760324395, -1.4248494145741883, 2.324384731653165
3344, 33.43722967128028, -1.4540437820291134, 2.3619708454287287, -2.939524775152371, 3.7084045012782227, 3.6346152939487784, -12.791660223235283, -0.17259770982852074, 2.4263424287195328, -1.4531147971116798, 2.3617735333699876
3345, 33.44723183391004, -1.4832572990159398, 2.398415307430349, -2.9031786222128835, 3.58048789904587, 3.6346152939487784, -12.791660223235283, -0.2622541422533893, 2.3475224497771423, -1.4834251953868645, 2.397833407936393
3346, 33.45723399653979, -1.5121073544733712, 2.4335806034096463, -2.866832469273395, 3.4525712968135167, 3.6346152939487784, -12.791660223235283, -0.3505257735804599, 2.269788301227581, -1.5121611979735177, 2.4331503824656737
3347, 33.46723615916955, -1.5405939484014077, 2.46746673336662, -2.8304863163339076, 3.3246546945811644, 3.6346152939487784, -12.791660223235283, -0.43726324150896767, 2.193159741297423, -1.5390494847685323, 2.4678806876256174
3348, 33.47723832179931, -1.5687170808000495, 2.5000736973012696, -2.7941401633944194, 3.1967380923488107, 3.6346152939487784, -12.791660223235283, -0.5223272632311485, 2.1176512375875025, -1.5684332109127006, 2.500572507054682
3349, 33.487240484429066, -1.5964767516692961, 2.531401495213596, -2.757794010454932, 3.068821490116458, 3.6346152939487784, -12.791660223235283, -0.6055887410301838, 2.043272377717063, -1.59573228417829, 2.5329357723079147
3350, 33.497242647058826, -1.6238729610091482, 2.5614501271035985, -2.721447857515444, 2.940904887884105, 3.6346152939487784, -12.791660223235283, -0.6869288186304062, 1.970028258942268, -1.6257151537988133, 2.5610993581013735
3351, 33.507244809688586, -1.650905708819605, 2.590219592971278, -2.685101704575956, 2.8129882856517523, 3.6346152939487784, -12.791660223235283, -0.7662388936006449, 1.897919854512098, -1.6494991801334105, 2.5904360696482147
3352, 33.51724697231834, -1.6775749951006673, 2.617709892816634, -2.6487555516364685, 2.6850716834193995, 3.6346152939487784, -12.791660223235283, -0.8434205911065102, 1.8269443550311875, -1.6767866438717631, 2.6175280417804
3353, 33.5272491349481, -1.7038808198523345, 2.643921026639666, -2.6124093986969803, 2.5571550811870467, 3.6346152939487784, -12.791660223235283, -0.9183857042284593, 1.7570954835581414, -1.7052833360209032, 2.643986221674388
3354, 33.53725129757785, -1.729823183074607, 2.6688529944403747, -2.576063245757493, 2.429238478954693, 3.6346152939487784, -12.791660223235283, -0.9910561059193876, 1.6883637835809462, -1.7284901278571936, 2.670219321557998
3355, 33.547253460207614, -1.7554020847674845, 2.69250579621876, -2.5397170928180053, 2.3013218767223407, 3.6346152939487784, -12.791660223235283, -1.061363637477453, 1.6207368793800803, -1.7562556490412529, 2.6934695144385015
3356, 33.557255622837374, -1.780617524930967, 2.714879431974822, -2.503370939878517, 2.1734052744899874, 3.6346152939487784, -12.791660223235283, -1.1292499781653502, 1.5541997086174375, -1.781099569505087, 2.715073402743997
3357, 33.56725778546713, -1.805469503565055, 2.73597390170856, -2.4670247869390294, 2.045488672257635, 3.6346152939487784, -12.791660223235283, -1.194666500323929, 1.488734727277864, -1.8052442717299992, 2.736933736130728
3358, 33.57725994809689, -1.8299580206697477, 2.7557892054199744, -2.4306786339995416, 1.9175720700252814, 3.6346152939487784, -12.791660223235283, -1.257574114012873, 1.4243220873429472, -1.8316196618914, 2.7538450104343384
3359, 33.58726211072665, -1.8540830762450458, 2.7743253431090658, -2.394332481060054, 1.7896554677929288, 3.6346152939487784, -12.791660223235283, -1.3179431048701897, 1.3609397877969018, -1.8544978896986115, 2.7731552932514725
3360, 33.5972642733564, -1.8778446702909488, 2.791582314775833, -2.3579863281205657, 1.6617388655605758, 3.6346152939487784, -12.791660223235283, -1.3757529685208114, 1.298563799754957, -1.8787401749395825, 2.79320603420604
3361, 33.60726643598616, -1.901242802807457, 2.807560120420277, -2.321640175181078, 1.5338222633282228, 3.6346152939487784, -12.791660223235283, -1.430992244487319, 1.237168166668987, -1.9007931888083405, 2.8077320069719263
3362, 33.61726859861592, -1.9242774737945705, 2.8222587600423976, -2.2852940222415903, 1.40590566109587, 3.6346152939487784, -12.791660223235283, -1.4836583521663762, 1.1767250807061638, -1.924768494783429, 2.822017716877347
3363, 33.627270761245676, -1.9469486832522889, 2.8356782336421946, -2.2489478693021026, 1.277989058863517, 3.6346152939487784, -12.791660223235283, -1.5337574310362525, 1.117204936517314, -1.946605826330261, 2.8338547137379484
3364, 33.637272923875436, -1.9692564311806127, 2.847818541219668, -2.212601716362615, 1.1500724566311642, 3.6346152939487784, -12.791660223235283, -1.5813041868562179, 1.0585763637153185, -1.9684661223328586, 2.846298436777122
3365, 33.64727508650519, -1.9912007175795412, 2.858679682774818, -2.176255563423127, 1.0221558543988112, 3.6346152939487784, -12.791660223235283, -1.6263217452097143, 1.0008062394730162, -1.990607947106548, 2.8593612941201774
3366, 33.65727724913495, -2.012781542449075, 2.8682616583076443, -2.139909410483639, 0.8942392521664582, 3.6346152939487784, -12.791660223235283, -1.6688415133315684, 0.9438596827273185, -2.0118892564515694, 2.8696325735882584
3367, 33.66727941176471, -2.0339989057892143, 2.876564467818147, -2.103563257544151, 0.7663226499341054, 3.6346152939487784, -12.791660223235283, -1.7089030507461516, 0.8877000315438721, -2.033677439894647, 2.8769097185382466
3368, 33.67728157439446, -2.0548528075999584, 2.8835881113063264, -2.0672171046046635, 0.6384060477017522, 3.6346152939487784, -12.791660223235283, -1.7465539488291726, 0.8322888052569006, -2.0555456398468697, 2.882298548560425
3369, 33.687283737024224, -2.075343247881307, 2.889332588772182, -2.0308709516651757, 0.5104894454693992, 3.6346152939487784, -12.791660223235283, -1.7818497189911953, 0.7775856530536558, -2.0756648761506633, 2.889308379866567
3370, 33.697285899653984, -2.0954702266332617, 2.893797900215714, -1.9945247987256876, 0.38257284323704643, 3.6346152939487784, -12.791660223235283, -1.8148536887662292, 0.723548290723947, -2.0962103848650524, 2.8951832745733195
3371, 33.70728806228374, -2.1152337438558213, 2.896984045636923, -1.9581786457861998, 0.2546562410046934, 3.6346152939487784, -12.791660223235283, -1.8456369046742316, 0.6701324273439875, -2.115498243484489, 2.8962755152991786
3372, 33.7172902249135, -2.1346337995489857, 2.898891025035808, -1.921832492846712, 0.12673963877234073, 3.6346152939487784, -12.791660223235283, -1.8742780403121158, 0.6172916837114968, -2.1357036553876467, 2.8992831304128335
3373, 33.72729238754325, -2.1536703937127557, 2.89951883841237, -1.8854863399072244, -0.0011769634600122814, 3.6346152939487784, -12.791660223235283, -1.9008633077141717, 0.5649775043965981, -2.1531717012866194, 2.899965833815621
3374, 33.73729455017301, -2.1723435263471305, 2.898867485766608, -1.8491401869677362, -0.1290935656923653, 3.6346152939487784, -12.791660223235283, -1.9254863696099607, 0.5131390653213689, -2.1718772520415732, 2.8975796852845903
3375, 33.74729671280277, -2.1906531974521104, 2.8969369670985223, -1.8127940340282487, -0.2570101679247182, 3.6346152939487784, -12.791660223235283, -1.948248249796411, 0.46172317883037256, -2.1895710513191298, 2.896651262532656
3376, 33.757298875432525, -2.2085994070276955, 2.8937272824081135, -1.7764478810887607, -0.3849267701570711, 3.6346152939487784, -12.791660223235283, -1.9692572384316434, 0.4106741982654353, -2.205897786923234, 2.8942952099633197
3377, 33.767301038062286, -2.2261821550738854, 2.889238431695381, -1.740101728149273, -0.5128433723894241, 3.6346152939487784, -12.791660223235283, -1.9886287886523486, 0.3599339241103885, -2.2284609331671006, 2.8893565918828887
3378, 33.777303200692046, -2.243401441590681, 2.883470414960325, -1.7037555752097853, -0.640759974621777, 3.6346152939487784, -12.791660223235283, -2.0064854005158335, 0.30944151382521995, -2.2437500325550324, 2.883082098406164
3379, 33.7873053633218, -2.260257266578081, 2.8764232322029457, -1.667409422270297, -0.7686765768541299, 3.6346152939487784, -12.791660223235283, -2.022956487874186, 0.25913339754372433, -2.2602860267826275, 2.8774048595256847
3380, 33.79730752595156, -2.2767496300360865, 2.8680968834232425, -1.6310632693308096, -0.8965931790864827, 3.6346152939487784, -12.791660223235283, -2.0381782234042625, 0.20894320186360782, -2.2760482152492343, 2.8674429858132724
3381, 33.80730968858132, -2.2928785319646976, 2.8584913686212157, -1.5947171163913219, -1.0245097813188357, 3.6346152939487784, -12.791660223235283, -2.052293356646383, 0.15880168401224237, -2.292909992243842, 2.8586463222817575
3382, 33.81731185121107, -2.30882570312861, 2.848246270808028, -1.594717116391323, -1.0245097813188315, 0.0, 0.0, -2.2892909570431152, 0.3432986730037896, -2.3094338166332578, 2.8485676286735546
3383, 33.827314013840834, -2.3247728742925236, 2.8380011729948396, -1.594717116391323, -1.0245097813188315, 0.0, 0.0, -2.3174128496932154, 0.35669110856625386, -2.324587036051645, 2.836600701187775
3384, 33.83731617647059, -2.3407200454564365, 2.827756075181651, -1.594717116391323, -1.0245097813188315, 0.0, 0.0, -2.3455205874369662, 0.3694962856842827, -2.340122806775216, 2.8273440214499868
3385, 33.84731833910035, -2.35666721662035, 2.817510977368463, -1.594717116391323, -1.0245097813188315, 0.0, 0.0, -2.37361246168821, 0.38170570851802, -2.3573572028991463, 2.8165855667262814
3386, 33.85732050173011, -2.372614387784263, 2.8072658795552745, -1.594717116391323, -1.0245097813188315, 0.0, 0.0, -2.4016865110081116, 0.39331128895491974, -2.372819466531412, 2.807863884918287
3387, 33.86732266435986, -2.3885615589481763, 2.797020781742086, -1.594717116391323, -1.0245097813188315, 0.0, 0.0, -2.4297405181216813, 0.40430535212798135, -2.3897159053086994, 2.797297563563939
3388, 33.87732482698962, -2.4045087301120898, 2.786775683928898, -1.594717116391323, -1.0245097813188315, 0.0, 0.0, -2.4577720071776987, 0.41468064165060103, -2.4047084999332493, 2.786327383852071
3389, 33.88732698961938, -2.4204559012760027, 2.7765305861157095, -1.594717116391323, -1.0245097813188315, 0.0, 0.0, -2.485778241255031, 0.42443032456445884, -2.420740802566549, 2.776233082703444
3390, 33.897329152249135, -2.436403072439916, 2.7662854883025214, -1.594717116391323, -1.0245097813188315, 0.0, 0.0, -2.513756220118097, 0.4335479959970414, -2.4371821540518877, 2.766038161938755
3391, 33.907331314878896, -2.4523502436038296, 2.756040390489333, -1.594717116391323, -1.0245097813188315, 0.0, 0.0, -2.5417026782240466, 0.44202768352561583, -2.453611815209825, 2.7556879440028776
3392, 33.917333477508656, -2.4682974147677426, 2.745795292676145, -1.594717116391323, -1.0245097813188315, 0.0, 0.0, -2.5696140829840735, 0.4498638512446578, -2.4687501708786, 2.745928397727181
3393, 33.92733564013841, -2.484244585931656, 2.7355501948629564, -1.594717116391323, -1.0245097813188315, 0.0, 0.0, -2.5974866332810334, 0.4570514035339548, -2.4838256795337856, 2.7356014608996895
3394, 33.93733780276817, -2.500191757095569, 2.725305097049768, -1.594717116391323, -1.0245097813188315, 0.0, 0.0, -2.6253162582453813, 0.46358568852479276, -2.4995489976022225, 2.7249737869128583
3395, 33.94733996539792, -2.5161389282594824, 2.71505999923658, -1.594717116391323, -1.0245097813188315, 0.0, 0.0, -2.653098616291233, 0.46946250126185984, -2.5170478655637067, 2.7152062165734367
3396, 33.95734212802768, -2.5320860994233954, 2.7048149014233913, -1.594717116391323, -1.0245097813188315, 0.0, 0.0, -2.680829094414163, 0.47467808655869836, -2.5317482291400024, 2.706309599096897
3397, 33.967344290657444, -2.5480332705873088, 2.694569803610203, -1.594717116391323, -1.0245097813188315, 0.0, 0.0, -2.7085028077521374, 0.4792291415447463, -2.5493630062317925, 2.694299398711917
3398, 33.9773464532872, -2.563980441751222, 2.6843247057970148, -1.594717116391323, -1.0245097813188315, 0.0, 0.0, -2.7361145994108105, 0.4831128179022287, -2.5629418133206068, 2.682069789467103
3399, 33.98734861591696, -2.579927612915135, 2.6740796079838263, -1.594717116391323, -1.0245097813188315, 0.0, 0.0, -2.76365904055418, 0.48632672379136666, -2.580762075069783, 2.674281035839336
3400, 33.99735077854672, -2.5958747840790486, 2.663834510170638, -1.594717116391323, -1.0245097813188315, 0.0, 0.0, -2.791130430761406, 0.48886892546258, -2.5968888585046757, 2.663095211721515
3401, 34.00735294117647, -2.611821955242962, 2.6535894123574497, -1.594717116391323, -1.0245097813188315, 0.0, 0.0, -2.8185227986504167, 0.4907379485545933, -2.612125498793052, 2.6531181355467344
3402, 34.01735510380623, -2.627769126406875, 2.643344314544261, -1.594717116391323, -1.0245097813188315, 0.0, 0.0, -2.845829902768677, 0.49193277907754296, -2.628198450851052, 2.6436399903621552
3403, 34.027357266435985, -2.6437162975707884, 2.633099216731073, -1.594717116391323, -1.0245097813188315, 0.0, 0.0, -2.873045232751343, 0.49245286408042643, -2.645359017195257, 2.6327016812173603
3404, 34.037359429065745, -2.6596634687347014, 2.6228541189178847, -1.594717116391323, -1.0245097813188315, 0.0, 0.0, -2.9001620107467607, 0.4922981120024308, -2.6603069191415867, 2.6231746272500316
3405, 34.047361591695505, -2.6746748887850718, 2.6124749256784967, -1.4251571629497322, -1.0626295560257375, 15.196968417465603, -4.9420464173881005, -2.314897185902741, 0.31772232089046093, -2.6748284532896327, 2.6139529822035383
3406, 34.05736375432526, -2.688166611993696, 2.60160152779737, -1.2731874787750759, -1.1120500201996186, 15.196968417465603, -4.9420464173881005, -2.258274489862296, 0.28908488834130286, -2.688089244527916, 2.599691798302053
3407, 34.06736591695502, -2.7001386383605737, 2.590233925274504, -1.1212177946004198, -1.1614704843734998, 15.196968417465603, -4.9420464173881005, -2.1988840639053615, 0.26042727248542896, -2.6996013944220647, 2.59072284317963
3408, 34.07736807958478, -2.7105909678857043, 2.5783721181099, -0.9692481104257638, -1.2108909485473809, 15.196968417465603, -4.9420464173881005, -2.136795980936534, 0.23184373447442863, -2.7109554729081973, 2.5766201602999477
3409, 34.08737024221453, -2.719523600569089, 2.5660161063035565, -0.8172784262511076, -1.260311412721262, 15.196968417465603, -4.9420464173881005, -2.072062515023772, 0.20342771165732454, -2.7191445457262975, 2.5660217172440887
3410, 34.09737240484429, -2.7269365364107268, 2.5531658898554745, -0.6653087420764514, -1.309731876895143, 15.196968417465603, -4.9420464173881005, -2.0047177079071075, 0.17527166158172047, -2.7272437258477025, 2.5540041549800616
3411, 34.107374567474054, -2.7328297754106177, 2.5398214687656537, -0.5133390579017948, -1.359152341069024, 15.196968417465603, -4.9420464173881005, -1.9347770286758184, 0.14746691622362007, -2.7348964657303996, 2.5407667254051716
3412, 34.11737673010381, -2.7372033175687625, 2.525982843034094, -0.36136937372713873, -1.4085728052429052, 15.196968417465603, -4.9420464173881005, -1.8622371194179828, 0.12010354340565699, -2.7365670450673765, 2.5254750152728693
3413, 34.12737889273357, -2.7400571628851607, 2.5116500126607955, -0.20939968955248256, -1.457993269416786, 15.196968417465603, -4.9420464173881005, -1.7870756211500667, 0.09327021244889844, -2.739420935134296, 2.51209200370448
3414, 34.13738105536332, -2.7413913113598123, 2.4968229776457584, -0.0574300053778265, -1.507413733590667, 15.196968417465603, -4.9420464173881005, -1.7092510758854154, 0.06705406120083512, -2.7413038369325387, 2.4968582900369247
3415, 34.14738321799308, -2.7412057629927173, 2.481501737988982, 0.09453967879682978, -1.5568341977645481, 15.196968417465603, -4.9420464173881005, -1.6287029022866681, 0.04154056169025666, -2.742871748047539, 2.481413760558931
3416, 34.15738538062284, -2.739500517783876, 2.4656862936904673, 0.24650936297148585, -1.6062546619384293, 15.196968417465603, -4.9420464173881005, -1.5453514439567777, 0.01681338177718683, -2.7397105647082336, 2.4657729354477715
3417, 34.167387543252595, -2.7362755757332873, 2.4493766447502137, 0.3984790471461419, -1.6556751261123104, 15.196968417465603, -4.9420464173881005, -1.4590980910461457, -0.007045759707980159, -2.7358051507724785, 2.4495356861060946
3418, 34.177389705882355, -2.7315309368409526, 2.432572791168221, 0.5504487313207982, -1.705095590286191, 15.196968417465603, -4.9420464173881005, -1.369825477479485, -0.029957246708311902, -2.7317938649231084, 2.4324282623612397
3419, 34.187391868512115, -2.7252666011068714, 2.4152747329444897, 0.7024184154954543, -1.7545160544600722, 15.196968417465603, -4.9420464173881005, -1.2773977577255584, -0.051843730798408205, -2.725256515295219, 2.416443491275058
3420, 34.19739403114187, -2.7174825685310435, 2.39748247007902, 0.8543880996701103, -1.8039365186339533, 15.196968417465603, -4.9420464173881005, -1.1816609686361814, -0.07263030924020086, -2.715564921587226, 2.39792647854079
3421, 34.20739619377163, -2.708178839113469, 2.3791960025718106, 1.0063577838447668, -1.8533569828078345, 15.196968417465603, -4.9420464173881005, -1.0824434834569776, -0.09224471816545732, -2.7078876029987122, 2.3769324596157086
3422, 34.21739835640139, -2.697355412854148, 2.360415330422863, 1.1583274680194227, -1.9027774469817154, 15.196968417465603, -4.9420464173881005, -0.9795565666499289, -0.11061754265271473, -2.6976998125035987, 2.360200830051958
3423, 34.22740051903114, -2.6850122897530806, 2.3411404536321765, 1.310297152194079, -1.9521979111555963, 15.196968417465603, -4.9420464173881005, -0.8727950396537272, -0.12768244529819783, -2.68434489173157, 2.3411685645974125
3424, 34.2374026816609, -2.671149469810267, 2.321371372199751, 1.4622668363687348, -2.0016183753294774, 15.196968417465603, -4.9420464173881005, -0.7619380691275748, -0.14337641470492002, -2.67088867593622, 2.3211747397916005
3425, 34.24740484429066, -2.655766953025706, 2.301108086125587, 1.614236520543391, -2.0510388395033585, 15.196968417465603, -4.9420464173881005, -0.6467500905606607, -0.15764003513118185, -2.6552771161740503, 2.300052533951069
3426, 34.25740700692042, -2.638864739399399, 2.2803505954096837, 1.7662062047180478, -2.1004593036772397, 15.196968417465603, -4.9420464173881005, -0.5269818813637235, -0.1704177783486157, -2.6368307403892124, 2.2793703836724113
3427, 34.26740916955018, -2.620442828931345, 2.259098900052042, 1.9181758888927036, -2.149879767851121, 15.196968417465603, -4.9420464173881005, -0.4023717986691082, -0.1816583185601246, -2.62039092162413, 2.2585826349165874
3428, 34.27741133217993, -2.6005012216215446, 2.2373530000526616, 2.07014557306736, -2.1993002320250015, 15.196968417465603, -4.9420464173881005, -0.2726471980264691, -0.19131487101896005, -2.5999767582905875, 2.23705775250979
3429, 34.28741349480969, -2.5790399174699976, 2.2151128954115418, 2.222115257242016, -2.248720696198883, 15.196968417465603, -4.9420464173881005, -0.1375260499648212, -0.19934555477104254, -2.5782288515011995, 2.2154092852995366
3430, 34.29741565743945, -2.5560589164767045, 2.1923785861286835, 2.374084941416672, -2.298141160372764, 15.196968417465603, -4.9420464173881005, 0.003281228033595207, -0.20571377971274696, -2.5552347730567626, 2.1915141362750448
3431, 34.307417820069205, -2.5315582186416643, 2.1691500722040864, 2.5260546255913283, -2.347561624546645, 15.196968417465603, -4.9420464173881005, 0.15006970627099303, -0.2103886579150701, -2.5323746235281597, 2.168801931709423
3432, 34.317419982698965, -2.505537823964878, 2.145427353637751, 2.6780243097659846, -2.396982088720526, 15.196968417465603, -4.9420464173881005, 0.3031376263574308, -0.21334543891163238, -2.506388773150139, 2.144921837803648
3433, 34.32742214532872, -2.4779977324463447, 2.121210430429676, 2.829993993940641, -2.4464025528944067, 15.196968417465603, -4.9420464173881005, 0.46278381586875106, -0.2145659683816925, -2.478306935195338, 2.1205974063715036
3434, 34.33742430795848, -2.448937944086065, 2.0964993025798626, 2.9819636781152967, -2.495823017068288, 15.196968417465603, -4.9420464173881005, 0.6293048171312439, -0.21403916937970746, -2.4483682547928507, 2.0970104646593546
3435, 34.34742647058824, -2.4183584588840388, 2.0712939700883104, 3.1339333622899535, -2.5452434812421694, 15.196968417465603, -4.9420464173881005, 0.8029917141854472, -0.2117615449693282, -2.4190123054563086, 2.071108095272657
3436, 34.35742863321799, -2.3862592768402657, 2.045594432955019, 3.285903046464609, -2.59466394541605, 15.196968417465603, -4.9420464173881005, 0.9841266435087838, -0.20773770081177334, -2.3872367690599576, 2.0444060577748213
3437, 34.36743079584775, -2.3526403979547466, 2.0194006911799893, 3.437872730639265, -2.644084409589931, 15.196968417465603, -4.9420464173881005, 1.1729789761236824, -0.20198088593585561, -2.352872806171756, 2.0178264128845496
3438, 34.37743295847751, -2.3175018222274804, 1.9927127447632205, 3.589842414813922, -2.6935048737638123, 15.196968417465603, -4.9420464173881005, 1.3698011613377865, -0.194513549579457, -2.3172891092882497, 1.9944251241817632
3439, 34.387435121107266, -2.280843549658468, 1.9655305937047127, 3.7418120989885777, -2.742925337937693, 15.196968417465603, -4.9420464173881005, 1.5748242256094958, -0.18536791163993827, -2.2813133033472908, 1.9641225657846646
3440, 34.39743728373703, -2.2426655802477087, 1.9378542380044665, 3.893781783163234, -2.792345802111574, 15.196968417465603, -4.9420464173881005, 1.7882529239582463, -0.1745865439040073, -2.2433640747427446, 1.9372327980626485
3441, 34.40743944636679, -2.202967913995203, 1.9096836776624815, 4.04575146733789, -2.8417662662854553, 15.196968417465603, -4.9420464173881005, 2.010260545994629, -0.1622229588464288, -2.20343906402492, 1.9100853131982125
3442, 34.41744160899654, -2.161750550900951, 1.8810189126787573, 4.197721151512546, -2.8911867304593364, 15.196968417465603, -4.9420464173881005, 2.2409833840772766, -0.14834220239221607, -2.161533054160762, 1.8805066480963206
3443, 34.4274437716263, -2.119013490964952, 1.8518599430532947, 4.349690835687202, -2.9406071946332175, 15.196968417465603, -4.9420464173881005, 2.480514877351378, -0.13302144662961846, -2.119852531406404, 1.8530768996098579
3444, 34.437445934256054, -2.074756734187207, 1.822206768786093, 4.501660519861858, -2.9900276588070986, 15.196968417465603, -4.9420464173881005, 2.728899452520249, -0.11635057804244142, -2.0747036848975116, 1.8239079628023283
3445, 34.447448096885815, -2.02974012898859, 1.792306492198023, 4.501660519861853, -2.990027658807097, 0.0, 0.0, 2.034653318875468, -0.14711173096725272, -2.029460311814944, 1.7923451720911083
3446, 34.457450259515575, -1.9847235237899712, 1.762406215609952, 4.501660519861853, -2.990027658807097, 0.0, 0.0, 2.1801555364478205, -0.14125094704710262, -1.9850369549217022, 1.762589365384121
3447, 34.46745242214533, -1.9397069185913527, 1.7325059390218809, 4.501660519861853, -2.990027658807097, 0.0, 0.0, 2.3279189787372396, -0.13596427125165977, -1.940916454522211, 1.730675390555957
3448, 34.47745458477509, -1.894690313392734, 1.70260566243381, 4.501660519861853, -2.990027658807097, 0.0, 0.0, 2.4776520689927684, -0.13125432878844734, -1.8951389381953327, 1.703594473959083
3449, 34.48745674740485, -1.8496737081941155, 1.672705385845739, 4.501660519861853, -2.990027658807097, 0.0, 0.0, 2.629058486506106, -0.1271233751171601, -1.8504255668731064, 1.6744596661907518
3450, 34.4974589100346, -1.804657102995497, 1.6428051092576679, 4.501660519861853, -2.990027658807097, 0.0, 0.0, 2.7818377642044765, -0.12357329438009801, -1.8043291663904752, 1.6437883467116945
3451, 34.50746107266436, -1.7596404977968783, 1.612904832669597, 4.501660519861853, -2.990027658807097, 0.0, 0.0, 2.9356858950574782, -0.12060559813112004, -1.7582943730240814, 1.613627366757889
3452, 34.51746323529412, -1.7146238925982598, 1.583004556081526, 4.501660519861853, -2.990027658807097, 0.0, 0.0, 3.090295946070665, -0.11822142436415728, -1.714642057124029, 1.5852820027629344
3453, 34.527465397923876, -1.6696072873996413, 1.5531042794934549, 4.501660519861853, -2.990027658807097, 0.0, 0.0, 3.2453586786228756, -0.11642153684207202, -1.670860508644646, 1.5529539275543094
3454, 34.53746756055364, -1.6245906822010225, 1.5232040029053842, 4.501660519861853, -2.990027658807097, 0.0, 0.0, 3.4005631738911886, -0.11520632472637504, -1.6248008133599556, 1.524396857207308
3455, 34.54746972318339, -1.579574077002404, 1.493303726317313, 4.501660519861853, -2.990027658807097, 0.0, 0.0, 3.555597462096747, -0.11457580250807076, -1.5791301118578638, 1.4931142746894432
3456, 34.55747188581315, -1.5345574718037853, 1.4634034497292419, 4.501660519861853, -2.990027658807097, 0.0, 0.0, 3.7101491542966616, -0.11452961023962227, -1.5329947144412648, 1.4626498465852888
3457, 34.56747404844291, -1.4895408666051668, 1.4335031731411711, 4.501660519861853, -2.990027658807097, 0.0, 0.0, 3.8639060754417036, -0.11506701406777209, -1.4903883689410362, 1.4349138762407965
3458, 34.577476211072664, -1.4445242614065483, 1.4036028965531, 4.501660519861853, -2.990027658807097, 0.0, 0.0, 4.01655689741666, -0.11618690706669965, -1.4453990176763944, 1.403204996527269
3459, 34.587478373702425, -1.3995076562079296, 1.373702619965029, 4.501660519861853, -2.990027658807097, 0.0, 0.0, 4.167791770779894, -0.11788781037072416, -1.3990707877895487, 1.376070919125431
3460, 34.597480536332185, -1.354491051009311, 1.343802343376958, 4.501660519861853, -2.990027658807097, 0.0, 0.0, 4.317302953921051, -0.1201678746055117, -1.3533511140479657, 1.3416791533405394
3461, 34.60748269896194, -1.3094744458106926, 1.313902066788887, 4.501660519861853, -2.990027658807097, 0.0, 0.0, 4.464785438360698, -0.12302488161648029, -1.3092318801464888, 1.3136161124522185
3462, 34.6174848615917, -1.264457840612074, 1.284001790200816, 4.501660519861853, -2.990027658807097, 0.0, 0.0, 4.609937568923242, -0.12645624649284049, -1.2646767505016683, 1.2824563029892964
3463, 34.62748702422145, -1.2194412354134554, 1.2541015136127451, 4.501660519861853, -2.990027658807097, 0.0, 0.0, 4.752461657524551, -0.13045901988545427, -1.2180577497116154, 1.2542220432150593
3464, 34.63748918685121, -1.174424630214837, 1.224201237024674, 4.501660519861853, -2.990027658807097, 0.0, 0.0, 4.892064589328301, -0.13502989061643733, -1.1740532824328798, 1.225435543334968
3465, 34.64749134948097, -1.1294080250162182, 1.194300960436603, 4.501660519861853, -2.990027658807097, 0.0, 0.0, 5.028458420040279, -0.1401651885781765, -1.1296285657334824, 1.1928426738447977
3466, 34.657493512110726, -1.0843914198175997, 1.1644006838485321, 4.501660519861853, -2.990027658807097, 0.0, 0.0, 5.161360963127478, -0.14586088791918983, -1.0840889516632493, 1.1630930239408757
3467, 34.667495674740486, -1.0393748146189812, 1.134500407260461, 4.501660519861853, -2.990027658807097, 0.0, 0.0, 5.29049636576899, -0.15211261051399627, -1.0369050175676557, 1.1356138296060212
3468, 34.67749783737025, -0.9943582094203625, 1.10460013067239, 4.501660519861853, -2.990027658807097, 0.0, 0.0, 5.415595672368192, -0.15891562971392714, -0.9945380295347879, 1.1035968463715085
3469, 34.6875, -0.9493416042217442, 1.0746998540843191, 4.501660519861853, -2.990027658807097, 0.0, 0.0, 5.536397374480655, -0.16626487437556303, -0.9506986390570505, 1.076061636111738
3470, 34.69750216262976, -0.9043249990231255, 1.044799577496248, 4.501660519861853, -2.990027658807097, 0.0, 0.0, 5.652647946039453, -0.17415493316323838, -0.9043318834309295, 1.0457607194923675
3471, 34.70750432525952, -0.8593083938245067, 1.014899300908177, 4.501660519861853, -2.990027658807097, 0.0, 0.0, 5.764102362789002, -0.18258005912181985, -0.8610668599487257, 1.0155486596668417
3472, 34.717506487889274, -0.8142917886258885, 0.9849990243201061, 4.501660519861853, -2.990027658807097, 0.0, 0.0, 5.870524604870363, -0.19153417451573507, -0.8147880243454868, 0.9857269915433655
3473, 34.727508650519034, -0.7692751834272697, 0.9550987477320352, 4.501660519861853, -2.990027658807097, 0.0, 0.0, 5.97168814153471, -0.20101087592998867, -0.7682452825270776, 0.9531741767615484
3474, 34.73751081314879, -0.7242585782286515, 0.9251984711439643, 4.501660519861853, -2.990027658807097, 0.0, 0.0, 6.0673763969976555, -0.2110034396286835, -0.72384892266132, 0.923543959077911
3475, 34.74751297577855, -0.6792419730300328, 0.8952981945558933, 4.501660519861853, -2.990027658807097, 0.0, 0.0, 6.157383196485084, -0.22150482716634534, -0.6784623748128802, 0.8926690024346243
3476, 34.75751513840831, -0.634225367831414, 0.8653979179678222, 4.501660519861853, -2.990027658807097, 0.0, 0.0, 6.241513191560939, -0.23250769124711512, -0.6349006509731503, 0.8665867812867887
3477, 34.76751730103806, -0.5892087626327958, 0.8354976413797512, 4.501660519861853, -2.990027658807097, 0.0, 0.0, 6.319582263869245, -0.2440043818266815, -0.5888916575873103, 0.8348184775393549
3478, 34.77751946366782, -0.544192157434177, 0.8055973647916803, 4.501660519861853, -2.990027658807097, 0.0, 0.0, 6.391417906466014, -0.25598695245159653, -0.5457523507405074, 0.8054511532058927
3479, 34.78752162629758, -0.4991755522355583, 0.7756970882036094, 4.501660519861853, -2.990027658807097, 0.0, 0.0, 6.456859581961913, -0.2684471668304267, -0.5011251583630104, 0.7761527755693612
3480, 34.797523788927336, -0.45415894703694004, 0.7457968116155382, 4.501660519861853, -2.990027658807097, 0.0, 0.0, 6.515759056743308, -0.28137650563098493, -0.45449268086891154, 0.7456362815214885
3481, 34.807525951557096, -0.4091423418383213, 0.7158965350274673, 4.501660519861853, -2.990027658807097, 0.0, 0.0, 6.567980710587495, -0.2947661734976963, -0.409972063414944, 0.7162444923218932
3482, 34.81752811418686, -0.3641257366397026, 0.6859962584393964, 4.501660519861853, -2.990027658807097, 0.0, 0.0, 6.613401821037602, -0.30860710628295984, -0.36384122948853415, 0.6868995819549816
3483, 34.82753027681661, -0.3191091314410843, 0.6560959818513252, 4.501660519861853, -2.990027658807097, 0.0, 0.0, 6.651912821953525, -0.32288997848618917, -0.31945916147499365, 0.6563285033994113
3484, 34.83753243944637, -0.2740925262424656, 0.6261957052632543, 4.501660519861853, -2.990027658807097, 0.0, 0.0, 6.683417535707372, -0.3376052108940315, -0.27377365779694857, 0.6275126036780222
3485, 34.847534602076124, -0.2290759210438469, 0.5962954286751834, 4.501660519861853, -2.990027658807097, 0.0, 0.0, 6.707833378545116, -0.3527429784150926, -0.22805126729951028, 0.5949784071608151
3486, 34.857536764705884, -0.1840593158452286, 0.5663951520871122, 4.501660519861853, -2.990027658807097, 0.0, 0.0, 6.725091538690272, -0.36829321810233395, -0.18495437886472063, 0.5641645852341666
3487, 34.867538927335644, -0.1390427106466099, 0.5364948754990413, 4.501660519861853, -2.990027658807097, 0.0, 0.0, 6.735137126820463, -0.3842456373561418, -0.1391925487882449, 0.5367671305663998
3488, 34.8775410899654, -0.09402610544799117, 0.5065945989109704, 4.501660519861853, -2.990027658807097, 0.0, 0.0, 6.737929298603554, -0.40058972230091583, -0.09286859721085654, 0.5075580314346535
3489, 34.88754325259516, -0.049009500249372895, 0.47669432232289943, 4.501660519861853, -2.990027658807097, 0.0, 0.0, 6.733441349036408, -0.4173147463278779, -0.04961504103094733, 0.47652797203589636
3490, 34.89754541522492, -0.003992895050754175, 0.4467940457348283, 4.501660519861853, -2.990027658807097, 0.0, 0.0, 6.72166077838633, -0.4344097787966634, -0.00230281843434974, 0.44751132521512027
3491, 34.90754757785467, 0.041023710147864545, 0.41689376914675735, 4.501660519861853, -2.990027658807097, 0.0, 0.0, 6.702589329592605, -0.4518636938881089, 0.039008983030495686, 0.41728102619161855
3492, 34.91754974048443, 0.08604031534648282, 0.3869934925586862, 4.501660519861853, -2.990027658807097, 0.0, 0.0, 6.6762429970431825, -0.46966517960054577, 0.08601955330140164, 0.3864882537245871
3493, 34.927551903114185, 0.13105692054510154, 0.3570932159706155, 4.501660519861853, -2.990027658807097, 0.0, 0.0, 6.642652006699455, -0.4878027468817643, 0.13241880496109926, 0.35651422802329125
3494, 34.937554065743946, 0.17607352574372026, 0.32719293938254435, 4.501660519861853, -2.990027658807097, 0.0, 0.0, 6.6018607675999625, -0.5062647388887099, 0.17549531662951717, 0.32601416708224445
3495, 34.947556228373706, 0.22109013094233854, 0.2972926627944732, 4.501660519861853, -2.990027658807097, 0.0, 0.0, 6.5539277948316705, -0.5250393403668705, 0.22002242692409935, 0.29725618482046573
3496, 34.95755839100346, 0.26610673614095726, 0.2673923862064025, 4.501660519861853, -2.990027658807097, 0.0, 0.0, 6.498925604115232, -0.5441145871412035, 0.2650851682148037, 0.2677748142935345
3497, 34.96756055363322, 0.311123341339576, 0.23749210961833134, 4.501660519861853, -2.990027658807097, 0.0, 0.0, 6.436940578207981, -0.5634783757103592, 0.3115335268974204, 0.2375865498693368
3498, 34.97756271626298, 0.35613994653819425, 0.2075918330302602, 4.501660519861853, -2.990027658807097, 0.0, 0.0, 6.368072805385381, -0.5831184729358865, 0.3544026501095026, 0.20872983748278737
3499, 34.987564878892734, 0.40115655173681297, 0.17769155644218948, 4.501660519861853, -2.990027658807097, 0.0, 0.0, 6.2924358903181865, -0.6030225258180064, 0.4021351670804817, 0.17861646129386902
3500, 34.997567041522494, 0.4461731569354317, 0.14779127985411833, 4.501660519861853, -2.990027658807097, 0.0, 0.0, 6.21015673771835, -0.6231780713494834, 0.44398405571613997, 0.14731356279943653
3501, 35.007569204152254, 0.49118976213404997, 0.11789100326604718, 4.501660519861853, -2.990027658807097, 0.0, 0.0, 6.121375309181824, -0.6435725464390623, 0.49048790649361157, 0.11763870507233481
3502, 35.01757136678201, 0.5362063673326687, 0.08799072667797647, 4.501660519861853, -2.990027658807097, 0.0, 0.0, 6.0262443537106485, -0.6641932978958656, 0.5381966529108267, 0.087834522480597
3503, 35.02757352941177, 0.5812229725312874, 0.05809045008990532, 4.501660519861853, -2.990027658807097, 0.0, 0.0, 5.924929112449911, -0.6850275924661262, 0.5843006356939103, 0.058012373799132086
3504, 35.03757569204152, 0.6262395777299057, 0.028190173501834614, 4.501660519861853, -2.990027658807097, 0.0, 0.0, 5.817606998227461, -0.7060626269135599, 0.6275689699533954, 0.029673007709796105
3505, 35.04757785467128, 0.6712561829285244, -0.0017101030862365363, 4.501660519861853, -2.990027658807097, 0.0, 0.0, 5.7044672505351475, -0.7272855381346746, 0.6709851819090301, -0.0012755384951154988
3506, 35.05758001730104, 0.7162727881271431, -0.03161037967430769, 4.501660519861853, -2.990027658807097, 0.0, 0.0, 5.585710566640152, -0.7486834133002686, 0.7164101924725667, -0.031528642578995465
3507, 35.067582179930795, 0.7612893933257614, -0.061510656262378394, 4.501660519861853, -2.990027658807097, 0.0, 0.0, 5.461548709563253, -0.7702433000143716, 0.7618344121422316, -0.061632503769307824
3508, 35.077584342560556, 0.8063059985243801, -0.09141093285044954, 4.501660519861853, -2.990027658807097, 0.0, 0.0, 5.332204093707759, -0.7919522164818542, 0.8083895098671557, -0.08979184727976207
3509, 35.087586505190316, 0.8513226037229988, -0.1213112094385207, 4.501660519861853, -2.990027658807097, 0.0, 0.0, 5.1979093489681, -0.8137971616759442, 0.8518565568932538, -0.12167025007113809
3510, 35.09758866782007, 0.8963392089216171, -0.1512114860265914, 4.501660519861853, -2.990027658807097, 0.0, 0.0, 5.058906864190611, -0.8357651254968874, 0.8976337345006049, -0.15096517550867186
3511, 35.10759083044983, 0.9413558141202358, -0.18111176261466255, 4.501660519861853, -2.990027658807097, 0.0, 0.0, 4.915448310900969, -0.8578430989130068, 0.9404112384695911, -0.18175210625548252
3512, 35.11759299307959, 0.9863724193188546, -0.2110120392027337, 4.501660519861853, -2.990027658807097, 0.0, 0.0, 4.767794148252676, -0.8800180840754319, 0.9865451188030806, -0.20963040190457388
3513, 35.12759515570934, 1.0313890245174728, -0.2409123157908044, 4.501660519861853, -2.990027658807097, 0.0, 0.0, 4.616213110189049, -0.9022771043978066, 1.0328607336242706, -0.24044078685896172
3514, 35.137597318339104, 1.0764056297160915, -0.27081259237887556, 4.501660519861853, -2.990027658807097, 0.0, 0.0, 4.460981675847274, -0.9246072145923135, 1.0763718676067793, -0.2705652228815625
3515, 35.14759948096886, 1.1214222349147103, -0.3007128689669467, 4.501660519861853, -2.990027658807097, 0.0, 0.0, 4.302383524267077, -0.9469955106533994, 1.1214196459423447, -0.3030139765938087
3516, 35.15760164359862, 1.166438840113329, -0.3306131455550174, 4.501660519861853, -2.990027658807097, 0.0, 0.0, 4.140708974498354, -0.9694291397806446, 1.1655797076586911, -0.3311688635870294
3517, 35.16760380622838, 1.2114554453119477, -0.36051342214308857, 4.501660519861853, -2.990027658807097, 0.0, 0.0, 3.9762544122318086, -0.9918953102322691, 1.2132444937020281, -0.36176120732281053
3518, 35.17760596885813, 1.2564720505105655, -0.3904136987311597, 4.501660519861853, -2.990027658807097, 0.0, 0.0, 3.809321704103987, -1.0143813011008418, 1.255636349925931, -0.3900128018351349
3519, 35.18760813148789, 1.3014886557091843, -0.4203139753192304, 4.501660519861853, -2.990027658807097, 0.0, 0.0, 3.6402176008531106, -1.0368744720028402, 1.3016417773985496, -0.41869617438107404
3520, 35.19761029411765, 1.346505260907803, -0.4502142519073016, 4.501660519861853, -2.990027658807097, 0.0, 0.0, 3.46925313052489, -1.0593622726737648, 1.3461265040699222, -0.4508795427718513
3521, 35.207612456747405, 1.3915218661064217, -0.4801145284953727, 4.501660519861853, -2.990027658807097, 0.0, 0.0, 3.2967429829475767, -1.081832252460644, 1.3903817618889895, -0.47877331909413084
3522, 35.217614619377166, 1.4365384713050404, -0.5100148050834434, 4.501660519861853, -2.990027658807097, 0.0, 0.0, 3.123004886713465, -1.1042720697038193, 1.4370126626514481, -0.5094852949293364
3523, 35.22761678200692, 1.4815550765036591, -0.5399150816715146, 4.501660519861853, -2.990027658807097, 0.0, 0.0, 2.94835897991925, -1.1266695010000314, 1.4807474668851366, -0.5406650891286161
3524, 35.23761894463668, 1.526571681702277, -0.5698153582595853, 4.501660519861853, -2.990027658807097, 0.0, 0.0, 2.7731271759304326, -1.149012450338931, 1.5274900044195268, -0.5704214746054488
3525, 35.24762110726644, 1.5715882869008957, -0.5997156348476564, 4.501660519861853, -2.990027658807097, 0.0, 0.0, 2.597632525445146, -1.1712889581052548, 1.5728387981448806, -0.5996711355306397
3526, 35.25762326989619, 1.6166048920995144, -0.6296159114357276, 4.501660519861853, -2.990027658807097, 0.0, 0.0, 2.42219857614048, -1.1934872099390286, 1.6166949396850268, -0.6298345115186934
3527, 35.26762543252595, 1.6616214972981331, -0.6595161880237983, 4.501660519861853, -2.990027658807097, 0.0, 0.0, 2.2471487311892795, -1.2155955454463032, 1.6607737824596736, -0.6593769133324093
3528, 35.277627595155714, 1.7066381024967519, -0.6894164646118695, 4.501660519861853, -2.990027658807097, 0.0, 0.0, 2.0728056079379664, -1.237602466753055, 1.7061871383846847, -0.689548759389749
3529, 35.28762975778547, 1.7516547076953706, -0.7193167411999406, 4.501660519861853, -2.990027658807097, 0.0, 0.0, 1.8994903980356745, -1.2594966468950288, 1.7514489243622902, -0.7190305470172099
3530, 35.29763192041523, 1.7966713128939884, -0.7492170177880113, 4.501660519861853, -2.990027658807097, 0.0, 0.0, 1.7275222303022386, -1.2812669380364596, 1.7958209667360827, -0.7472206592721005
3531, 35.30763408304499, 1.8416879180926071, -0.7791172943760825, 4.501660519861853, -2.990027658807097, 0.0, 0.0, 1.5572175376171693, -1.3029023795107608, 1.8421779890220578, -0.7792062152553051
3532, 35.31763624567474, 1.8867045232912258, -0.8090175709641536, 4.501660519861853, -2.990027658807097, 0.0, 0.0, 1.3888894291038432, -1.3243922056764241, 1.885002791364106, -0.8084969530483551
3533, 35.3276384083045, 1.9317211284898446, -0.8389178475522243, 4.501660519861853, -2.990027658807097, 0.0, 0.0, 1.222847068872468, -1.3457258535815633, 1.9305956950402285, -0.8399958694006856
3534, 35.337640570934255, 1.9767377336884633, -0.8688181241402955, 4.501660519861853, -2.990027658807097, 0.0, 0.0, 1.0593950625724078, -1.3668929704306874, 1.9768386368585547, -0.8701945840926063
3535, 35.347642733564015, 2.020019296746148, -0.8982188727014037, 4.206663913299098, -2.924668591198667, -24.29847849387747, 3.0812529824320243, -1.3731846909370549, -1.8499480026450534, 2.019575088547403, -0.8994565399187997
3536, 35.357644896193776, 2.060871011954445, -0.9273114959642689, 3.963679128360323, -2.8938560613743465, -24.29847849387747, 3.0812529824320243, -1.5910075782301192, -1.8082989439667219, 2.0606186148679972, -0.9283161735515784
3537, 35.36764705882353, 2.0992928793133547, -0.9560959939288908, 3.720694343421549, -2.863043531550026, -24.29847849387747, 3.0812529824320243, -1.796052637644558, -1.7649717549794617, 2.098221935653774, -0.9571445621601534
3538, 35.37764922145329, 2.135284898822876, -0.9845723665952695, 3.4777095584827737, -2.8322310017257055, -24.29847849387747, 3.0812529824320243, -1.988727928107898, -1.7201749262187735, 2.136641057423546, -0.9845328660382625
3539, 35.38765138408305, 2.16884707048301, -1.0127406139634048, 3.2347247735439995, -2.801418471901386, -24.29847849387747, 3.0812529824320243, -2.169476095023152, -1.6741099594090547, 2.1697015459244153, -1.0126140419078786
3540, 35.3976535467128, 2.199979394293756, -1.0406007360332972, 2.991739988605224, -2.7706059420770655, -24.29847849387747, 3.0812529824320243, -2.3387625827130982, -1.626970891278481, 2.1996154053682577, -1.0393308621433546
3541, 35.40765570934256, 2.228681870255115, -1.0681527328049463, 2.748755203666449, -2.7397934122527454, -24.29847849387747, 3.0812529824320243, -2.4970650475666885, -1.578943997913933, 2.2305989503437202, -1.0664766492743314
3542, 35.417657871972324, 2.2549544983670855, -1.095396604278352, 2.505770418727674, -2.708980882428425, -24.29847849387747, 3.0812529824320243, -2.644863950061468, -1.53020767813236, 2.2557659266051555, -1.0962060555480029
3543, 35.42766003460208, 2.278797278629668, -1.1223323504535148, 2.2627856337888996, -2.6781683526041045, -24.29847849387747, 3.0812529824320243, -2.782634289564319, -1.4809325134657525, 2.27865809245866, -1.1223835819255905
3544, 35.43766219723184, 2.3002102110428635, -1.1489599713304344, 2.019800848850125, -2.647355822779784, -24.29847849387747, 3.0812529824320243, -2.910838435367179, -1.43128150154769, 2.300723247580358, -1.150689941543083
3545, 35.44766435986159, 2.319193295606671, -1.1752794669091107, 1.776816063911349, -2.616543292955464, -24.29847849387747, 3.0812529824320243, -3.029920000349333, -1.3814104589128953, 2.3205699301927907, -1.1747375171074133
3546, 35.45766652249135, 2.3357465323210906, -1.2012908371895437, 1.5338312789725743, -2.5857307631311435, -24.29847849387747, 3.0812529824320243, -3.1402986995349016, -1.331468588439546, 2.33356524059272, -1.2017612699035498
3547, 35.46766868512111, 2.3498699211861225, -1.2269940821717333, 1.2908464940337996, -2.5549182333068234, -24.29847849387747, 3.0812529824320243, -3.242366134211275, -1.281599205839838, 2.3517873857311753, -1.225403832806894
3548, 35.477670847750865, 2.3615634622017665, -1.2523892018556801, 1.0478617090950249, -2.524105703482503, -24.29847849387747, 3.0812529824320243, -3.336482442792478, -1.2319406187006023, 2.3646868333350244, -1.2524936775505138
3549, 35.487673010380625, 2.3708271553680227, -1.2774761962413836, 0.8048769241562499, -2.493293173658183, -24.29847849387747, 3.0812529824320243, -3.422973761877307, -1.1826271505568657, 2.3718784062509224, -1.2775375090549297
3550, 35.497675173010386, 2.3776610006848915, -1.3022550653288438, 0.5618921392174752, -2.462480643833863, -24.29847849387747, 3.0812529824320243, -3.502130444621553, -1.1337903013127895, 2.376759418393993, -1.303240943973423
3551, 35.50767733564014, 2.3820649981523725, -1.3267258091180607, 0.3189073542787, -2.4316681140095424, -24.29847849387747, 3.0812529824320243, -3.574205988300048, -1.0855600339743245, 2.3819671201709265, -1.324955108531608
3552, 35.5176794982699, 2.3840391477704657, -1.3508884276090347, 0.0759225693399248, -2.400855584185222, -24.29847849387747, 3.0812529824320243, -3.639416628489952, -1.038066176096701, 2.383495082945427, -1.3508459581787455
3553, 35.52768166089965, 2.383583449539171, -1.3747429208017654, -0.16706221559884993, -2.370043054360902, -24.29847849387747, 3.0812529824320243, -3.697941563398385, -0.9914399225516921, 2.3830842824058402, -1.3756855603901477
3554, 35.53768382352941, 2.3806979034584885, -1.3982892886962528, -0.4100470005376242, -2.339230524536582, -24.29847849387747, 3.0812529824320243, -3.7499237782458614, -0.9458154241629957, 2.380848930776652, -1.398411094171003
3555, 35.54768598615917, 2.3753825095284182, -1.421527531292497, -0.6530317854763998, -2.3084179947122614, -24.29847849387747, 3.0812529824320243, -3.795471446081583, -0.9013314444271643, 2.37594962455533, -1.4202544097644751
3556, 35.55768814878893, 2.3676372677489606, -1.444457648590498, -0.8960165704151746, -2.277605464887941, -24.29847849387747, 3.0812529824320243, -3.8346598877435794, -0.85813306392303, 2.368261490103584, -1.4450831837736209
3557, 35.56769031141869, 2.357462178120115, -1.4670796405902558, -1.1390013553539495, -2.246792935063621, -24.29847849387747, 3.0812529824320243, -3.8675340796940505, -0.816373409113376, 2.3572001107909286, -1.4650586174644251
3558, 35.57769247404845, 2.3448572406418817, -1.4893935072917706, -1.3819861402927245, -2.2159804052393004, -24.29847849387747, 3.0812529824320243, -3.89411170397484, -0.776215379067192, 2.345597492050492, -1.4912798358548747
3559, 35.5876946366782, 2.32982245531426, -1.5113992486950418, -1.624970925231499, -2.1851678754149804, -24.29847849387747, 3.0812529824320243, -3.9143867393616048, -0.7378333401988502, 2.327508226353121, -1.509923641895835
3560, 35.59769679930796, 2.3123578221372516, -1.5330968648000702, -1.8679557101702742, -2.15435534559066, -24.29847849387747, 3.0812529824320243, -3.9283335967713646, -0.701414755464715, 2.3122802692428257, -1.533778626350162
3561, 35.60769896193772, 2.292463341110855, -1.554486355606855, -2.110940495109049, -2.12354281576634, -24.29847849387747, 3.0812529824320243, -3.935911804919393, -0.6671617106257073, 2.292381013432324, -1.5539365682751913
3562, 35.617701124567475, 2.2701390122350706, -1.575567721115397, -2.3539252800478243, -2.0927302859420194, -24.29847849387747, 3.0812529824320243, -3.9370712539471486, -0.6352922962405299, 2.2707735523862134, -1.5757953226091213
3563, 35.627703287197235, 2.245384835509898, -1.5963409613256956, -2.5969100649865995, -2.0619177561176993, -24.29847849387747, 3.0812529824320243, -3.9317580050676733, -0.6060418000818304, 2.2473812446947945, -1.5946449758045382
3564, 35.63770544982699, 2.2182008109353384, -1.616806076237751, -2.8398948499253738, -2.031105226293379, -24.29847849387747, 3.0812529824320243, -3.919920673008318, -0.5796636607700542, 2.218571379677759, -1.6150843226534515
3565, 35.64770761245675, 2.1885869385113907, -1.6369630658515633, -3.0828796348641485, -2.0002926964690584, -24.29847849387747, 3.0812529824320243, -3.9015173849771063, -0.556430129722883, 2.187371651833182, -1.6363351837599671
3566, 35.65770977508651, 2.1565432182380553, -1.6568119301671322, -3.3258644198029237, -1.9694801666447384, -24.29847849387747, 3.0812529824320243, -3.87652331484028, -0.5366325851709988, 2.1551046367029802, -1.6556043019445676
3567, 35.66771193771626, 2.122069650115332, -1.676352669184458, -3.5688492047416984, -1.9386676368204179, -24.29847849387747, 3.0812529824320243, -3.8449387839757843, -0.5205814391668591, 2.1220065370008925, -1.6775753956309705
3568, 35.67771410034602, 2.0851662341432213, -1.6955852829035405, -3.8118339896804736, -1.9078551069960978, -24.29847849387747, 3.0812529824320243, -3.8067979106665937, -0.5086055764101238, 2.0827496948415747, -1.697002871150398
3569, 35.68771626297578, 2.0458329703217224, -1.71450977132438, -4.054818774619248, -1.8770425771717776, -24.29847849387747, 3.0812529824320243, -3.762177777735289, -0.5010512625533372, 2.0465268323170664, -1.713325269839027
3570, 35.69771842560554, 2.004069858650836, -1.7331261344469762, -4.297803559558023, -1.8462300473474573, -24.29847849387747, 3.0812529824320243, -3.7112080732327963, -0.4982804596792138, 2.0039113644277875, -1.7353672080499178
3571, 35.7077205882353, 1.9598768991305622, -1.751434372271329, -4.540788344496798, -1.8154175175231368, -24.29847849387747, 3.0812529824320243, -3.654081141243771, -0.5006684881211618, 1.9616201273464071, -1.750821371678948
3572, 35.71772275086506, 1.9132540917609004, -1.769434484797439, -4.783773129435573, -1.7846049876988168, -24.29847849387747, 3.0812529824320243, -3.5910623591650896, -0.5086009770127601, 1.911704144898447, -1.7684693436806198
3573, 35.72772491349481, 1.8642014365418507, -1.7871264720253055, -5.026757914374348, -1.7537924578744966, -24.29847849387747, 3.0812529824320243, -3.5225007341134837, -0.5224700511916036, 1.8643636993703447, -1.7880017570015894
3574, 35.73772707612457, 1.8127189334734133, -1.8045103339549289, -5.269742699313122, -1.722979928050176, -24.29847849387747, 3.0812529824320243, -3.4488395844581956, -0.5426697096438788, 1.8113841273767781, -1.804926046221726
3575, 35.747729238754324, 1.7600215064802838, -1.8217401332354302, -5.269742699313115, -1.7229799280501772, 0.0, 0.0, -1.8925888416089622, -0.4213635513194162, 1.7603231791791618, -1.821492649358469
3576, 35.757731401384085, 1.7073240794871525, -1.8389699325159319, -5.269742699313115, -1.7229799280501772, 0.0, 0.0, -1.722731991132916, -0.4255213734419667, 1.7066336943905775, -1.8392554834572057
3577, 35.767733564013845, 1.6546266524940214, -1.8561997317964336, -5.269742699313115, -1.7229799280501772, 0.0, 0.0, -1.556448603762927, -0.43426883316522596, 1.6542079900682827, -1.856273667336771
3578, 35.7777357266436, 1.6019292255008901, -1.8734295310769356, -5.269742699313115, -1.7229799280501772, 0.0, 0.0, -1.3941812865704835, -0.4475511690503168, 1.6029137676305836, -1.8724089058537874
3579, 35.78773788927336, 1.549231798507759, -1.8906593303574373, -5.269742699313115, -1.7229799280501772, 0.0, 0.0, -1.2363518857520563, -0.46529072765602275, 1.5493098461449468, -1.8924150790491674
3580, 35.79774005190312, 1.4965343715146278, -1.907889129637939, -5.269742699313115, -1.7229799280501772, 0.0, 0.0, -1.083360479571819, -0.487387346874721, 1.4973532110943981, -1.9084539072460958
3581, 35.80774221453287, 1.4438369445214967, -1.9251189289184407, -5.269742699313115, -1.7229799280501772, 0.0, 0.0, -0.9355844792767516, -0.5137188495012249, 1.4448234162840201, -1.9260638188700658
3582, 35.81774437716263, 1.3911395175283654, -1.9423487281989427, -5.269742699313115, -1.7229799280501772, 0.0, 0.0, -0.7933778394380964, -0.5441416446208722, 1.388941057824512, -1.941139785804237
3583, 35.827746539792386, 1.338442090535234, -1.9595785274794444, -5.269742699313115, -1.7229799280501772, 0.0, 0.0, -0.6570703786417262, -0.5784914338761322, 1.3395075519723993, -1.9593667254665108
3584, 35.83774870242215, 1.285744663542103, -1.9768083267599463, -5.269742699313115, -1.7229799280501772, 0.0, 0.0, -0.5269672109221064, -0.6165840191583126, 1.2862927891738003, -1.9752447547277872
3585, 35.84775086505191, 1.2330472365489717, -1.994038126040448, -5.269742699313115, -1.7229799280501772, 0.0, 0.0, -0.40334828781294574, -0.6582162077751335, 1.232727415436393, -1.9934606260405014
3586, 35.85775302768166, 1.1803498095558407, -2.01126792532095, -5.269742699313115, -1.7229799280501772, 0.0, 0.0, -0.2864680503747019, -0.7031668106684331, 1.1813064773521182, -2.0115958905417908
3587, 35.86775519031142, 1.1276523825627094, -2.0284977246014515, -5.269742699313115, -1.7229799280501772, 0.0, 0.0, -0.17655519005726816, -0.7511977288013953, 1.128989176117854, -2.0297958128218467
3588, 35.87775735294118, 1.0749549555695783, -2.0457275238819532, -5.269742699313115, -1.7229799280501772, 0.0, 0.0, -0.07381251676786027, -0.802055122403664, 1.0756838111318734, -2.045272221712127
3589, 35.887759515570934, 1.022257528576447, -2.062957323162455, -5.269742699313115, -1.7229799280501772, 0.0, 0.0, 0.021583067958487412, -0.8554706573576648, 1.0204362573366772, -2.0625582964202285
3590, 35.897761678200695, 0.9695601015833157, -2.0801871224429567, -5.269742699313115, -1.7229799280501772, 0.0, 0.0, 0.10948049524309056, -0.9111628226323296, 0.9712650958674256, -2.0812328211428404
3591, 35.907763840830455, 0.9168626745901847, -2.097416921723459, -5.269742699313115, -1.7229799280501772, 0.0, 0.0, 0.18975435359443882, -0.9688383123231027, 0.9178784968696703, -2.0981167589407304
3592, 35.91776600346021, 0.8641652475970534, -2.1146467210039606, -5.269742699313115, -1.7229799280501772, 0.0, 0.0, 0.2623046174904964, -1.0281934655412561, 0.8660542854544893, -2.1131500230229086
3593, 35.92776816608997, 0.8114678206039221, -2.1318765202844623, -5.269742699313115, -1.7229799280501772, 0.0, 0.0, 0.3270562836063542, -1.0889157571127297, 0.8124345515964972, -2.1321246854637224
3594, 35.93777032871972, 0.7587703936107912, -2.149106319564964, -5.269742699313115, -1.7229799280501772, 0.0, 0.0, 0.3839589188448609, -1.1506853317983046, 0.7588566159854808, -2.148667089414631
3595, 35.94777249134948, 0.70607296661766, -2.1663361188454657, -5.269742699313115, -1.7229799280501772, 0.0, 0.0, 0.43298612466456987, -1.2131765745341367, 0.7062451037135871, -2.1651595502555034
3596, 35.95777465397924, 0.6533755396245287, -2.183565918125968, -5.269742699313115, -1.7229799280501772, 0.0, 0.0, 0.47413492250782774, -1.2760597090155548, 0.6531619218117792, -2.18260162227286
3597, 35.967776816608996, 0.6006781126313974, -2.2007957174064696, -5.269742699313115, -1.7229799280501772, 0.0, 0.0, 0.5074250654106969, -1.3390024168084398, 0.5997001940184374, -2.2021795676443867
3598, 35.97777897923876, 0.5479806856382661, -2.2180255166869713, -5.269742699313115, -1.7229799280501772, 0.0, 0.0, 0.5328982811247474, -1.401671469072112, 0.548526887729478, -2.2173310004220155
3599, 35.98778114186852, 0.4952832586451352, -2.235255315967473, -5.269742699313115, -1.7229799280501772, 0.0, 0.0, 0.550617452297467, -1.4637343629159414, 0.49650199391113053, -2.235389222681789
3600, 35.99778330449827, 0.44258583165200394, -2.252485115247975, -5.269742699313115, -1.7229799280501772, 0.0, 0.0, 0.5606657394426469, -1.5248609543892169, 0.4435033035243985, -2.251734410901056
3601, 36.00778546712803, 0.38988840465887264, -2.2697149145284765, -5.269742699313115, -1.7229799280501772, 0.0, 0.0, 0.5631456525837595, -1.5847250801201807, 0.38871900741343507, -2.2705980460833954
3602, 36.01778762975779, 0.33719097766574135, -2.2869447138089782, -5.269742699313115, -1.7229799280501772, 0.0, 0.0, 0.5581780775719545, -1.6430061596755987, 0.3375793013353517, -2.285724660750176
3603, 36.027789792387544, 0.28449355067261006, -2.30417451308948, -5.269742699313115, -1.7229799280501772, 0.0, 0.0, 0.5459012631653613, -1.6993907708063856, 0.2854464473029614, -2.3040499412369932
3604, 36.037791955017305, 0.23179612367947922, -2.3214043123699817, -5.269742699313115, -1.7229799280501772, 0.0, 0.0, 0.5264697750081524, -1.7535741898773007, 0.23052738633040654, -2.322078155634337
3605, 36.04779411764706, 0.17909869668634837, -2.3386341116504834, -5.269742699313115, -1.7229799280501772, 0.0, 0.0, 0.5000534226661513, -1.8052618899488508, 0.17877087685594087, -2.3376477372679907
3606, 36.05779628027682, 0.12640126969321708, -2.3558639109309856, -5.269742699313115, -1.7229799280501772, 0.0, 0.0, 0.4668361658612019, -1.8541709891864635, 0.12646850009999777, -2.3566953291265254
3607, 36.06779844290658, 0.07370384270008579, -2.3730937102114873, -5.269742699313115, -1.7229799280501772, 0.0, 0.0, 0.42701500599936404, -1.9000316425147508, 0.07433541012393688, -2.372392905558128
3608, 36.07780060553633, 0.021006415706954495, -2.390323509491989, -5.269742699313115, -1.7229799280501772, 0.0, 0.0, 0.38079886900901005, -1.9425883697120354, 0.01943568056347469, -2.391048830743114
3609, 36.08780276816609, -0.031691011286176796, -2.4075533087724907, -5.269742699313115, -1.7229799280501772, 0.0, 0.0, 0.32840748539482867, -1.981601313450931, -0.032894841013169675, -2.4090943691328905
3610, 36.09780493079585, -0.08438843827930764, -2.4247831080529925, -5.269742699313115, -1.7229799280501772, 0.0, 0.0, 0.27007027327353805, -2.016847421133133, -0.0839923233096001, -2.424066354589536
3611, 36.107807093425606, -0.13708586527243893, -2.442012907333494, -5.269742699313115, -1.7229799280501772, 0.0, 0.0, 0.20602522998794104, -2.0481215447390198, -0.1388782155437679, -2.443787587821611
3612, 36.11780925605537, -0.18978329226557022, -2.4592427066139964, -5.269742699313115, -1.7229799280501772, 0.0, 0.0, 0.13651783769906123, -2.0752374533133287, -0.19056464917917765, -2.4578465610485436
3613, 36.12781141868512, -0.24248071925870152, -2.476472505894498, -5.269742699313115, -1.7229799280501772, 0.0, 0.0, 0.061799988132753114, -2.098028753135165, -0.24413000444556895, -2.475427197410683
3614, 36.13781358131488, -0.29517814625183236, -2.493702305175, -5.269742699313115, -1.7229799280501772, 0.0, 0.0, -0.017871068590811667, -2.116349711071777, -0.2951431325068604, -2.4937009560825665
3615, 36.14781574394464, -0.34787557324496365, -2.5109321044555015, -5.269742699313115, -1.7229799280501772, 0.0, 0.0, -0.10223374638778271, -2.130075977088691, -0.3480562473791646, -2.5097332707964335
3616, 36.157817906574394, -0.40057300023809495, -2.5281619037360032, -5.269742699313115, -1.7229799280501772, 0.0, 0.0, -0.19102311253699433, -2.1391052023816917, -0.3994753964812712, -2.5267991773497824
3617, 36.167820069204154, -0.45327042723122624, -2.545391703016505, -5.269742699313115, -1.7229799280501772, 0.0, 0.0, -0.28397183985004926, -2.1433575501062556, -0.4532458585762348, -2.5453461452551664
3618, 36.177822231833915, -0.5059678542243575, -2.5626215022970067, -5.269742699313115, -1.7229799280501772, 0.0, 0.0, -0.3808111179629874, -2.142776096204967, -0.5056396742780818, -2.5649184552407487
3619, 36.18782439446367, -0.5586652812174884, -2.5798513015775084, -5.269742699313115, -1.7229799280501772, 0.0, 0.0, -0.48127152037297494, -2.1373271183706146, -0.5597968376667743, -2.577471442860031
3620, 36.19782655709343, -0.6113627082106197, -2.59708110085801, -5.269742699313115, -1.7229799280501772, 0.0, 0.0, -0.5850838242025143, -2.1270002717293575, -0.6104500448548863, -2.596878862047979
3621, 36.20782871972319, -0.664060135203751, -2.6143109001385123, -5.269742699313115, -1.7229799280501772, 0.0, 0.0, -0.6919797800440817, -2.111808650382051, -0.6648041448495394, -2.6161829224801605
3622, 36.21783088235294, -0.7167575621968822, -2.631540699419014, -5.269742699313115, -1.7229799280501772, 0.0, 0.0, -0.8016928296177337, -2.0917887344996644, -0.7176155886269672, -2.63070452647128
3623, 36.2278330449827, -0.7694549891900135, -2.6487704986995158, -5.269742699313115, -1.7229799280501772, 0.0, 0.0, -0.913958769360717, -2.067000223228078, -0.770217390405385, -2.64880334039453
3624, 36.237835207612456, -0.8219580024167259, -2.6657617984453426, -5.139585545748885, -1.645437205516543, 22.143155384467534, 10.73855381323022, -0.3533384392413752, -2.0185713844122835, -0.8226530022760263, -2.664042917128702
3625, 36.247837370242216, -0.8722467001049913, -2.681679242809847, -4.918153991904208, -1.5380516673842406, 22.143155384467534, 10.73855381323022, -0.3802076606298801, -1.9167660601710665, -0.8731697152718415, -2.6813306385528803
3626, 36.25783953287198, -0.9203210822548101, -2.6965228317930277, -4.696722438059533, -1.4306661292519385, 22.143155384467534, 10.73855381323022, -0.400902377503249, -1.814687090768751, -0.9207007753418885, -2.6980768983996013
3627, 36.26784169550173, -0.9661811488661821, -2.7102925653948855, -4.475290884214857, -1.323280591119636, 22.143155384467534, 10.73855381323022, -0.4153314751645032, -1.712828104902928, -0.9684307280719647, -2.710331430136108
3628, 36.27784385813149, -1.0098268999391073, -2.7229884436154204, -4.253859330370182, -1.2158950529873338, 22.143155384467534, 10.73855381323022, -0.4234442850240907, -1.6116381216853204, -1.0078068474149642, -2.7246387793005287
3629, 36.28784602076125, -1.0512583354735858, -2.7346104664546322, -4.032427776525506, -1.1085095148550312, 22.143155384467534, 10.73855381323022, -0.4252231415646477, -1.5115207171929685, -1.0510769224018224, -2.735537789243062
3630, 36.297848183391004, -1.0904754554696177, -2.7451586339125207, -3.810996222680831, -1.0011239767227291, 22.143155384467534, 10.73855381323022, -0.42067668548852066, -1.412834436048929, -1.0912399473387266, -2.7446177319866396
3631, 36.307850346020764, -1.1274782599272026, -2.7546329459890866, -3.589564668836156, -0.8937384385904269, 22.143155384467534, 10.73855381323022, -0.4098338549541336, -1.315894212628393, -1.1295760499661371, -2.754871178922494
3632, 36.317852508650525, -1.1622667488463407, -2.7630334026843295, -3.3681331149914793, -0.7863529004581243, 22.143155384467534, 10.73855381323022, -0.3927385023973322, -1.2209735821449756, -1.1641377525026049, -2.762055086845267
3633, 36.32785467128028, -1.1948409222270322, -2.770360003998249, -3.1467015611468043, -0.6789673623258223, 22.143155384467534, 10.73855381323022, -0.3694445734847296, -1.128307480404674, -1.1957463496830811, -2.7723661310549335
3634, 36.33785683391004, -1.2252007800692768, -2.776612749930846, -2.925270007302129, -0.5715818241935198, 22.143155384467534, 10.73855381323022, -0.34001178636263907, -1.0380954511440117, -1.223178175302522, -2.775011072382702
3635, 36.34785899653979, -1.2533463223730748, -2.7817916404821195, -2.703838453457453, -0.46419628606121766, 22.143155384467534, 10.73855381323022, -0.30450175279570013, -0.95050510055403, -1.2531674500778933, -2.7811590884209716
3636, 36.35786115916955, -1.2792775491384258, -2.7858966756520704, -2.482406899612778, -0.3568107479289153, 22.143155384467534, 10.73855381323022, -0.2629744874201838, -0.8656756590148935, -1.279387197086091, -2.784735821979326
3637, 36.36786332179931, -1.3029944603653303, -2.788927855440698, -2.2609753457681023, -0.24942520979661298, 22.143155384467534, 10.73855381323022, -0.21548525668431384, -0.7837215296110808, -1.3010884987211866, -2.7882323498966852
3638, 36.377865484429066, -1.324497056053788, -2.7908851798480026, -2.0395437919234265, -0.14203967166431064, 22.143155384467534, 10.73855381323022, -0.16208172474427784, -0.7047357212278446, -1.3243191675273462, -2.7911228300940625
3639, 36.387867647058826, -1.343785336203799, -2.791768648873984, -1.8181122380787516, -0.0346541335320083, 22.143155384467534, 10.73855381323022, -0.10280135936578394, -0.628793080665496, -1.3432945426177112, -2.792976142013204
3640, 36.397869809688586, -1.3608593008153633, -2.7915782625186427, -1.5966806842340762, 0.07273140460029404, 22.143155384467534, 10.73855381323022, -0.03766906657136071, -0.5559532531014895, -1.3616092343906094, -2.791196732500812
3641, 36.40787197231834, -1.3757189498884805, -2.7903140207819783, -1.3752491303893999, 0.18011694273259626, 22.143155384467534, 10.73855381323022, 0.03330497172763047, -0.48626331334469225, -1.3755590894957586, -2.7911991263076366
3642, 36.4178741349481, -1.388364283423151, -2.787975923663991, -1.1538175765447245, 0.2875024808648986, 22.143155384467534, 10.73855381323022, 0.1101272776072213, -0.419760021715981, -1.3878188021715832, -2.7894369950375464
3643, 36.42787629757785, -1.398795301419375, -2.78456397116468, -0.9323860227000491, 0.3948880189972007, 22.143155384467534, 10.73855381323022, 0.1928228899600949, -0.3564716681819153, -1.3974977347060022, -2.7838703056828136
3644, 36.437878460207614, -1.4070120038771523, -2.7800781632840468, -0.7109544688553733, 0.502273557129503, 22.143155384467534, 10.73855381323022, 0.2814370208441752, -0.296419476748642, -1.4058306910429963, -2.780655018986946
3645, 36.447880622837374, -1.4130143907964825, -2.77451850002209, -0.4895229150106981, 0.6096590952618053, 22.143155384467534, 10.73855381323022, 0.37603656112780937, -0.23961854932064797, -1.412983810297429, -2.772775355751813
3646, 36.45788278546713, -1.4168024621773663, -2.7678849813788107, -0.26809136116602295, 0.7170446333941076, 22.143155384467534, 10.73855381323022, 0.4767114364064533, -0.18607833450554045, -1.4159578710954857, -2.7675153135593993
3647, 36.46788494809689, -1.418376218019803, -2.760177607354208, -0.04665980732134756, 0.82443017152641, 22.143155384467534, 10.73855381323022, 0.5835758092323328, -0.13580261248731929, -1.4180028100547666, -2.7602024145559607
3648, 36.47788711072665, -1.417735658323793, -2.7513963779482826, 0.17477174652332828, 0.9318157096587122, 22.143155384467534, 10.73855381323022, 0.6967691185069324, -0.08878899239726284, -1.4185230871932566, -2.751182496019892
3649, 36.4878892733564, -1.4148807830893364, -2.741541293161034, 0.3962033003680039, 1.0392012477910146, 22.143155384467534, 10.73855381323022, 0.8164569413061623, -0.045027923892659194, -1.4146517826312255, -2.741211389311071
3650, 36.49789143598616, -1.409811592316433, -2.730612352992462, 0.6176348542126793, 1.1465867859233168, 22.143155384467534, 10.73855381323022, 0.9428316563115894, -0.004501230219379981, -1.4107011480840028, -2.7307516081408734
3651, 36.50789359861592, -1.4025280860050828, -2.7186095574425675, 0.8390664080573549, 1.2539723240556193, 22.143155384467534, 10.73855381323022, 1.076112881288616, 0.032819823809807414, -1.4021041341318217, -2.718449193847409
3652, 36.517895761245676, -1.3930302641552859, -2.70553290651135, 1.0604979619020307, 1.3613578621879214, 22.143155384467534, 10.73855381323022, 1.2165476495789957, 0.06697690845013748, -1.393360355147163, -2.704628599583313
3653, 36.527897923875436, -1.3813181267670422, -2.691382400198809, 1.281929515746706, 1.4687434003202238, 22.143155384467534, 10.73855381323022, 1.3644102822779907, 0.09802742160611544, -1.3811284073334342, -2.6916047316240284
3654, 36.53790008650519, -1.3673916738403518, -2.676158038504945, 1.5033610695913817, 1.576128938452526, 22.143155384467534, 10.73855381323022, 1.520001903594087, 0.12604765909559423, -1.3669504773943122, -2.676118168971643
3655, 36.54790224913495, -1.3512509053752146, -2.6598598214297584, 1.7247926234360567, 1.6835144765848284, 22.143155384467534, 10.73855381323022, 1.683649536830898, 0.15113631313110976, -1.3507868548510438, -2.659198586281299
3656, 36.55790441176471, -1.3328958213716307, -2.642487748973249, 1.9462241772807323, 1.7909000147171308, 22.143155384467534, 10.73855381323022, 1.8557047075291826, 0.17341823659386113, -1.3338929087590126, -2.6428918892057904
3657, 36.56790657439446, -1.3123264218295998, -2.6240418211354157, 2.167655731125408, 1.8982855528494331, 22.143155384467534, 10.73855381323022, 2.0365414686706975, 0.1930483958756699, -1.312737049283821, -2.622786724603956
3658, 36.577908737024224, -1.2895427067491223, -2.6045220379162597, 2.3890872849700835, 2.0056710909817355, 22.143155384467534, 10.73855381323022, 2.226553750666153, 0.2102159184241451, -1.289436773364219, -2.6050394311824907
3659, 36.587910899653984, -1.2645446761301982, -2.583928399315781, 2.610518838814759, 2.1130566291140376, 22.143155384467534, 10.73855381323022, 2.426151926416808, 0.225148122751903, -1.2642127113661228, -2.583020893905435
3660, 36.59791306228374, -1.2373323299728272, -2.562260905333979, 2.8319503926594347, 2.22044216724634, 22.143155384467534, 10.73855381323022, 2.6357584694606855, 0.2381143987938178, -1.2382392656283578, -2.5636886241086474
3661, 36.6079152249135, -1.2079056682770093, -2.539519555970854, 3.05338194650411, 2.3278277053786423, 22.143155384467534, 10.73855381323022, 2.8558025716333377, 0.24942978549813843, -1.2083678576490664, -2.5393622589313014
3662, 36.61791738754326, -1.176264691042745, -2.515704351226406, 3.274813500348786, 2.435213243510945, 22.143155384467534, 10.73855381323022, 3.0867135764873894, 0.25945807097190965, -1.176585680018798, -2.515872107630638
3663, 36.62791955017301, -1.1424093982700336, -2.490815291100635, 3.4962450541934613, 2.5425987816432465, 22.143155384467534, 10.73855381323022, 3.328913076794005, 0.26861421911880146, -1.142649881638451, -2.4891753349272063
3664, 36.63792171280277, -1.1074469477281004, -2.4653893032842036, 3.4962450541934538, 2.5425987816432434, 0.0, 0.0, 2.694326795884507, 0.2280206164580001, -1.1079686494729701, -2.4647057522844698
3665, 36.647923875432525, -1.0724844971861658, -2.439963315467771, 3.4962450541934538, 2.5425987816432434, 0.0, 0.0, 2.7870616843894576, 0.2001226736773134, -1.0729348217719343, -2.438154652732113
3666, 36.657926038062286, -1.0375220466442312, -2.4145373276513387, 3.4962450541934538, 2.5425987816432434, 0.0, 0.0, 2.880920425684393, 0.1756565989045622, -1.036223036948585, -2.416342670977017
3667, 36.667928200692046, -1.0025595961022966, -2.389111339834906, 3.4962450541934538, 2.5425987816432434, 0.0, 0.0, 2.9758415746351634, 0.1546975020751502, -1.002173777339873, -2.3884543288896016
3668, 36.6779303633218, -0.9675971455603619, -2.3636853520184737, 3.4962450541934538, 2.5425987816432434, 0.0, 0.0, 3.0717540233499623, 0.1373080229421768, -0.9655038350464465, -2.363018022201346
3669, 36.68793252595156, -0.9326346950184273, -2.3382593642020413, 3.4962450541934538, 2.5425987816432434, 0.0, 0.0, 3.1685769400923176, 0.12353811161497319, -0.9331397607883595, -2.3376244047547163
3670, 36.69793468858132, -0.8976722444764929, -2.312833376385609, 3.4962450541934538, 2.5425987816432434, 0.0, 0.0, 3.266219750741747, 0.11342485515029188, -0.8978309877296441, -2.3133482752828063
3671, 36.70793685121107, -0.8627097939345583, -2.2874073885691764, 3.4962450541934538, 2.5425987816432434, 0.0, 0.0, 3.364582163242554, 0.10699235082271641, -0.8630903590828058, -2.287498436993243
3672, 36.717939013840834, -0.8277473433926237, -2.261981400752744, 3.4962450541934538, 2.5425987816432434, 0.0, 0.0, 3.4635542353156694, 0.10425162653082154, -0.8263785910914128, -2.2625782622214645
3673, 36.72794117647059, -0.7927848928506891, -2.2365554129363114, 3.4962450541934538, 2.5425987816432434, 0.0, 0.0, 3.563016485541392, 0.105200608623925, -0.7927943200039004, -2.236275850940155
3674, 36.73794333910035, -0.7578224423087545, -2.211129425119879, 3.4962450541934538, 2.5425987816432434, 0.0, 0.0, 3.662840047752998, 0.10982413726152207, -0.7576903975170357, -2.212392234791584
3675, 36.74794550173011, -0.7228599917668199, -2.1857034373034465, 3.4962450541934538, 2.5425987816432434, 0.0, 0.0, 3.7628868685131405, 0.11809402924437551, -0.7230717685406389, -2.184662482174866
3676, 36.75794766435986, -0.6878975412248853, -2.160277449487014, 3.4962450541934538, 2.5425987816432434, 0.0, 0.0, 3.8630099472773143, 0.12996918808330382, -0.6888249004826211, -2.159622388713105
3677, 36.76794982698962, -0.6529350906829507, -2.1348514616705816, 3.4962450541934538, 2.5425987816432434, 0.0, 0.0, 3.963053618682098, 0.14539576089966721, -0.6538508299039986, -2.136504340418026
3678, 36.77795198961938, -0.6179726401410162, -2.109425473854149, 3.4962450541934538, 2.5425987816432434, 0.0, 0.0, 4.062853876230934, 0.16430734158096238, -0.6191762280690473, -2.109023898888791
3679, 36.787954152249135, -0.5830101895990818, -2.0839994860377167, 3.4962450541934538, 2.5425987816432434, 0.0, 0.0, 4.1622387364876285, 0.18662521944649235, -0.5820687717260412, -2.0821812405576803
3680, 36.797956314878896, -0.5480477390571472, -2.058573498221284, 3.4962450541934538, 2.5425987816432434, 0.0, 0.0, 4.261028642728003, 0.21225867251229658, -0.5476612218199278, -2.0597958493912616
3681, 36.807958477508656, -0.5130852885152126, -2.0331475104048518, 3.4962450541934538, 2.5425987816432434, 0.0, 0.0, 4.359036906843868, 0.24110530428213073, -0.5130595793836222, -2.0324135747104215
3682, 36.81796064013841, -0.47812283797327804, -2.0077215225884193, 3.4962450541934538, 2.5425987816432434, 0.0, 0.0, 4.456070188141383, 0.2730514228327561, -0.4771849582217381, -2.006859980398294
3683, 36.82796280276817, -0.44316038743134345, -1.982295534771987, 3.4962450541934538, 2.5425987816432434, 0.0, 0.0, 4.551929007528288, 0.30797246080778473, -0.44238295277878203, -1.9848793890862257
3684, 36.83796496539792, -0.40819793688940886, -1.9568695469555546, 3.4962450541934538, 2.5425987816432434, 0.0, 0.0, 4.646408295442227, 0.3457334347853671, -0.40902935867220536, -1.9572022584917004
3685, 36.84796712802768, -0.3732354863474743, -1.9314435591391221, 3.4962450541934538, 2.5425987816432434, 0.0, 0.0, 4.739297971735752, 0.38618944234163843, -0.37503993076353037, -1.9313368704033675
3686, 36.857969290657444, -0.3382730358055397, -1.9060175713226897, 3.4962450541934538, 2.5425987816432434, 0.0, 0.0, 4.830383555603319, 0.42918619499459476, -0.3392262485880042, -1.9069790868760201
3687, 36.8679714532872, -0.3033105852636051, -1.8805915835062572, 3.4962450541934538, 2.5425987816432434, 0.0, 0.0, 4.919446803511928, 0.47456058508244403, -0.3029163162069506, -1.8808693275565918
3688, 36.87797361591696, -0.2683481347216705, -1.8551655956898248, 3.4962450541934538, 2.5425987816432434, 0.0, 0.0, 5.006266372980728, 0.5221412845069497, -0.26831050645677007, -1.8563543799343032
3689, 36.88797577854672, -0.23338568417973593, -1.8297396078733923, 3.4962450541934538, 2.5425987816432434, 0.0, 0.0, 5.090618509946155, 0.5717493731562944, -0.23326623868249519, -1.8314092607951038
3690, 36.89797794117647, -0.19842323363780134, -1.8043136200569598, 3.4962450541934538, 2.5425987816432434, 0.0, 0.0, 5.172277757348453, 0.6231989947139844, -0.19824046780451263, -1.8045006513955169
3691, 36.90798010380623, -0.16346078309586676, -1.7788876322405274, 3.4962450541934538, 2.5425987816432434, 0.0, 0.0, 5.251017682483303, 0.6762980374606624, -0.16329623217288397, -1.779618719119507
3692, 36.91798226643599, -0.1284983325539324, -1.753461644424095, 3.4962450541934538, 2.5425987816432434, 0.0, 0.0, 5.326611620578752, 0.7308488375847634, -0.12889907385360838, -1.7538222061527893
3693, 36.927984429065745, -0.09353588201199803, -1.7280356566076625, 3.4962450541934538, 2.5425987816432434, 0.0, 0.0, 5.39883343198341, 0.7866489024360945, -0.09425417686800212, -1.7277380193151204
3694, 36.937986591695505, -0.05857343147006344, -1.70260966879123, 3.4962450541934538, 2.5425987816432434, 0.0, 0.0, 5.46745827028698, 0.8434916510838927, -0.059906067637207155, -1.7033011930548327
3695, 36.94798875432526, -0.023610980928128855, -1.6771836809747975, 3.4962450541934538, 2.5425987816432434, 0.0, 0.0, 5.532263358638947, 0.9011671694780301, -0.02466005088072661, -1.6782583355067144
3696, 36.95799091695502, 0.011351469613805731, -1.6517576931583653, 3.4962450541934538, 2.5425987816432434, 0.0, 0.0, 5.593028771485965, 0.9594629774589952, 0.010786410892725676, -1.6527879828249725
3697, 36.96799307958478, 0.04631392015574032, -1.6263317053419328, 3.4962450541934538, 2.5425987816432434, 0.0, 0.0, 5.649538218913205, 1.0181648048192693, 0.04747254559850322, -1.6261529382649662
3698, 36.97799524221453, 0.0812763706976749, -1.6009057175255004, 3.4962450541934538, 2.5425987816432434, 0.0, 0.0, 5.701579830749883, 1.0770573735859212, 0.08032110058102512, -1.6021268388785488
3699, 36.98799740484429, 0.11623882123960949, -1.575479729709068, 3.4962450541934538, 2.5425987816432434, 0.0, 0.0, 5.748946937584514, 1.1359251836717619, 0.11525410170897003, -1.5760684209682274
3700, 36.997999567474054, 0.15120127178154408, -1.5500537418926355, 3.4962450541934538, 2.5425987816432434, 0.0, 0.0, 5.79143884583111, 1.1945532990303094, 0.1522168318725402, -1.5491100574052055
3701, 37.00800173010381, 0.18616372232347866, -1.524627754076203, 3.4962450541934538, 2.5425987816432434, 0.0, 0.0, 5.828861603993665, 1.2527281314481866, 0.18567849388712862, -1.5241949727402473
3702, 37.01800389273357, 0.22112617286541325, -1.4992017662597705, 3.4962450541934538, 2.5425987816432434, 0.0, 0.0, 5.8610287572928925, 1.310238219117371, 0.22292099443388771, -1.4989297645108017
3703, 37.02800605536332, 0.25608862340734784, -1.473775778443338, 3.4962450541934538, 2.5425987816432434, 0.0, 0.0, 5.887762087846077, 1.3668749971489624, 0.25583185383264667, -1.4731325599036
3704, 37.03800821799308, 0.2910510739492824, -1.4483497906269056, 3.4962450541934538, 2.5425987816432434, 0.0, 0.0, 5.908892337628196, 1.422433557219695, 0.29025334117833207, -1.4480017075187397
3705, 37.04801038062284, 0.326013524491217, -1.4229238028104731, 3.4962450541934538, 2.5425987816432434, 0.0, 0.0, 5.924259911489963, 1.4767133935822432, 0.3257161994506792, -1.4220718072733374
3706, 37.058012543252595, 0.3609759750331516, -1.3974978149940407, 3.4962450541934538, 2.5425987816432434, 0.0, 0.0, 5.933715557565888, 1.5295191327202848, 0.36197487560244773, -1.3989268236355281
3707, 37.068014705882355, 0.3959384255750862, -1.3720718271776082, 3.4962450541934538, 2.5425987816432434, 0.0, 0.0, 5.937121022472874, 1.5806612439891004, 0.3962876135019025, -1.3741881605389241
3708, 37.078016868512115, 0.43090087611702077, -1.3466458393611758, 3.4962450541934538, 2.5425987816432434, 0.0, 0.0, 5.934349678776787, 1.6299567286520078, 0.43288473680356987, -1.3477069365886771
3709, 37.08801903114187, 0.46586332665895536, -1.3212198515447433, 3.4962450541934538, 2.5425987816432434, 0.0, 0.0, 5.925287122290817, 1.677229784801891, 0.4673942452380448, -1.3214048843997324
3710, 37.09802119377163, 0.5008257772008899, -1.2957938637283108, 3.4962450541934538, 2.5425987816432434, 0.0, 0.0, 5.9098317368647955, 1.7223124457451857, 0.49972454779457093, -1.2977014276429408
3711, 37.10802335640139, 0.5357882277428245, -1.2703678759118784, 3.4962450541934538, 2.5425987816432434, 0.0, 0.0, 5.887895224428818, 1.765045189522631, 0.5350599453519529, -1.2689917273684646
3712, 37.11802551903114, 0.5707506782847587, -1.244941888095446, 3.4962450541934538, 2.5425987816432434, 0.0, 0.0, 5.859403098166983, 1.805277517346512, 0.5696138090311471, -1.2449396477158228
3713, 37.1280276816609, 0.6057131288266933, -1.2195159002790135, 3.4962450541934538, 2.5425987816432434, 0.0, 0.0, 5.824295136817526, 1.842868498847633, 0.6048680497136543, -1.2212723114071384
3714, 37.13802984429066, 0.6406755793686278, -1.194089912462581, 3.4962450541934538, 2.5425987816432434, 0.0, 0.0, 5.782525798223689, 1.8776872821464403, 0.6414607083852905, -1.1947944872618352
3715, 37.14803200692042, 0.6756380299105624, -1.1686639246461485, 3.4962450541934538, 2.5425987816432434, 0.0, 0.0, 5.734064590394777, 1.909613566891166, 0.6742514475757566, -1.1693338037530312
3716, 37.15803416955018, 0.710600480452497, -1.143237936829716, 3.4962450541934538, 2.5425987816432434, 0.0, 0.0, 5.678896398478596, 1.9385380385410316, 0.7107568510212687, -1.1428312111253538
3717, 37.16803633217993, 0.7455629309944316, -1.1178119490132836, 3.4962450541934538, 2.5425987816432434, 0.0, 0.0, 5.617021766194398, 1.9643627623140478, 0.7463484313472378, -1.1183719391142566
3718, 37.17803849480969, 0.7805253815363662, -1.0923859611968512, 3.4962450541934538, 2.5425987816432434, 0.0, 0.0, 5.548457130428894, 1.9870015353661648, 0.7813434535672223, -1.0913913318847308
3719, 37.18804065743945, 0.8154878320783008, -1.0669599733804187, 3.4962450541934538, 2.5425987816432434, 0.0, 0.0, 5.473235007856489, 2.0063801959209933, 0.8161886073616138, -1.0662751519514613
3720, 37.198042820069205, 0.8504502826202354, -1.0415339855639862, 3.4962450541934538, 2.5425987816432434, 0.0, 0.0, 5.391404132607902, 2.022436888226431, 0.8502699313549997, -1.0405324770216144
3721, 37.208044982698965, 0.88541273316217, -1.0161079977475538, 3.4962450541934538, 2.5425987816432434, 0.0, 0.0, 5.303029544178306, 2.0351222823757595, 0.8846096904637948, -1.016069327617683
3722, 37.218047145328725, 0.9203751837041045, -0.9906820099311213, 3.4962450541934538, 2.5425987816432434, 0.0, 0.0, 5.2081926249364, 2.0443997481954863, 0.9190233606907061, -0.9896603821843534
3723, 37.22804930795848, 0.9553376342460391, -0.9652560221146889, 3.4962450541934538, 2.5425987816432434, 0.0, 0.0, 5.106991086768805, 2.05024548256985, 0.9550851059100736, -0.9650936224644264
3724, 37.23805147058824, 0.9903000847879737, -0.9398300342982564, 3.4962450541934538, 2.5425987816432434, 0.0, 0.0, 4.999538906569262, 2.052648589741822, 0.9894856090827097, -0.9402042069560151
3725, 37.24805363321799, 1.0252625353299083, -0.9144040464818239, 3.4962450541934538, 2.5425987816432434, 0.0, 0.0, 4.885966210458683, 2.0516111143020437, 1.0254916755989294, -0.9146844603467461
3726, 37.25805579584775, 1.0602249858718429, -0.8889780586653915, 3.4962450541934538, 2.5425987816432434, 0.0, 0.0, 4.766419106799464, 2.047148026749789, 1.0601312657681194, -0.8879925617006864
3727, 37.26805795847751, 1.0951874364137775, -0.863552070848959, 3.4962450541934538, 2.5425987816432434, 0.0, 0.0, 4.641059468245089, 2.0392871616831023, 1.0940235877237985, -0.8604882449082493
3728, 37.278060121107266, 1.130149886955712, -0.8381260830325266, 3.4962450541934538, 2.5425987816432434, 0.0, 0.0, 4.510064663243195, 2.028069108848123, 1.1301740059171994, -0.8389857846855401
3729, 37.28806228373703, 1.1651123374976466, -0.8127000952160941, 3.4962450541934538, 2.5425987816432434, 0.0, 0.0, 4.373627237586373, 2.0135470574496335, 1.1642623425639298, -0.8129472637601922
3730, 37.29806444636679, 1.2000747880395812, -0.7872741073996616, 3.4962450541934538, 2.5425987816432434, 0.0, 0.0, 4.231954546779349, 1.9957865942954043, 1.1988501454691198, -0.787584777788258
3731, 37.30806660899654, 1.2350372385815158, -0.7618481195832292, 3.4962450541934538, 2.5425987816432434, 0.0, 0.0, 4.085268340163268, 1.9748654565153614, 1.2342218048888642, -0.7608519392982003
3732, 37.3180687716263, 1.2699996891234504, -0.7364221317667967, 3.4962450541934538, 2.5425987816432434, 0.0, 0.0, 3.9338042979068906, 1.9508732397623714, 1.2703647047957995, -0.7363528816097277
3733, 37.328070934256054, 1.304962139665385, -0.7109961439503643, 3.4962450541934538, 2.5425987816432434, 0.0, 0.0, 3.7778115221400927, 1.923911062963866, 1.3052377504143409, -0.7101812348155402
3734, 37.338073096885815, 1.3399245902073196, -0.6855701561339318, 3.4962450541934538, 2.5425987816432434, 0.0, 0.0, 3.617551983666446, 1.894091190852074, 1.3399401846459982, -0.6862209417087181
3735, 37.348075259515575, 1.3748870407492542, -0.6601441683174993, 3.4962450541934538, 2.5425987816432434, 0.0, 0.0, 3.4532999258483317, 1.861536615654692, 1.3782163785274595, -0.6607997987427002
3736, 37.35807742214533, 1.4098494912911887, -0.6347181805010669, 3.4962450541934538, 2.5425987816432434, 0.0, 0.0, 3.285341227409429, 1.826380599476844, 1.4091644398057361, -0.6338477132552618
3737, 37.36807958477509, 1.444811941833123, -0.6092921926846344, 3.4962450541934538, 2.5425987816432434, 0.0, 0.0, 3.1139727260449175, 1.7887661790486113, 1.4448596372433018, -0.6084389263003174
3738, 37.37808174740485, 1.4797743923750575, -0.583866204868202, 3.4962450541934538, 2.5425987816432434, 0.0, 0.0, 2.93950150486892, 1.7488456346497478, 1.479426647586933, -0.583299096433895
3739, 37.3880839100346, 1.514736842916992, -0.5584402170517695, 3.4962450541934538, 2.5425987816432434, 0.0, 0.0, 2.762244143861004, 1.7067799251539144, 1.514257669175387, -0.557623775705742
3740, 37.39808607266436, 1.5496992934589267, -0.533014229235337, 3.4962450541934538, 2.5425987816432434, 0.0, 0.0, 2.5825259385984536, 1.662738091258392, 1.5504256458984003, -0.5305680721933042
3741, 37.40808823529412, 1.5846617440008612, -0.5075882414189046, 3.4962450541934538, 2.5425987816432434, 0.0, 0.0, 2.4006800886782136, 1.6168966290813427, 1.5838031075434449, -0.508512986195726
3742, 37.418090397923876, 1.6196241945427958, -0.4821622536024721, 3.4962450541934538, 2.5425987816432434, 0.0, 0.0, 2.217046858341269, 1.5694388364168168, 1.6184751201004302, -0.4797974875049971
3743, 37.42809256055364, 1.6545866450847304, -0.45673626578603965, 3.4962450541934538, 2.5425987816432434, 0.0, 0.0, 2.031972711912526, 1.5205541340375, 1.653961080054557, -0.4556662808556169
3744, 37.43809472318339, 1.689549095626665, -0.4313102779696072, 3.4962450541934538, 2.5425987816432434, 0.0, 0.0, 1.8458094267605483, 1.4704373645262485, 1.6889586946022868, -0.4311560726289169
3745, 37.44809688581315, 1.7245115461685996, -0.40588429015317473, 3.4962450541934538, 2.5425987816432434, 0.0, 0.0, 1.6589131865634807, 1.4192880711994937, 1.7256922017895653, -0.4056900943048266
3746, 37.45809904844291, 1.7594739967105342, -0.38045830233674227, 3.4962450541934538, 2.5425987816432434, 0.0, 0.0, 1.4716436577398384, 1.3673097597582577, 1.760950036131468, -0.38226611877955485
3747, 37.468101211072664, 1.7944364472524688, -0.3550323145203098, 3.4962450541934538, 2.5425987816432434, 0.0, 0.0, 1.2843630519653253, 1.3147091453655801, 1.7962332766927738, -0.35539141919941103
3748, 37.478103373702425, 1.8293988977944033, -0.32960632670387735, 3.4962450541934538, 2.5425987816432434, 0.0, 0.0, 1.0974351777491944, 1.2616953879023738, 1.8297407461022468, -0.32857018540749383
3749, 37.488105536332185, 1.864361348336338, -0.3041803388874449, 3.4962450541934538, 2.5425987816432434, 0.0, 0.0, 0.9112244840857203, 1.208479318196894, 1.863867481418253, -0.305495037109375
3750, 37.49810769896194, 1.8993237988782725, -0.27875435107101243, 3.4962450541934538, 2.5425987816432434, 0.0, 0.0, 0.7260950992279471, 1.1552726580559973, 1.900827823034527, -0.2786729788999663
3751, 37.5081098615917, 1.934286249420207, -0.25332836325457997, 3.4962450541934538, 2.5425987816432434, 0.0, 0.0, 0.5424098676518867, 1.1022872369490218, 1.934342695664083, -0.2528894343607222
3752, 37.51811202422146, 1.9677231685199237, -0.22865896376397926, 3.258130008182871, 2.4399996269791164, -17.11238035775347, -5.3880644161914875, -1.7394131520831593, 0.4269059046204837, 1.9675992309728476, -0.22703837076979758
3753, 37.52811418685121, 1.9994488495838647, -0.20452837071499763, 3.0870062046053355, 2.386118982817201, -17.11238035775347, -5.3880644161914875, -1.9985398610422724, 0.35392275227376035, 1.9992672438626624, -0.20344379781255142
3754, 37.53811634948097, 2.0294632926120304, -0.1809365841076352, 2.9158824010278006, 2.3322383386552867, -17.11238035775347, -5.3880644161914875, -2.245987469759812, 0.28266323482418254, 2.029974513713946, -0.1812314776440885
3755, 37.548118512110726, 2.0577664976044208, -0.15788360394189183, 2.744758597450266, 2.2783576944933714, -17.11238035775347, -5.3880644161914875, -2.4819540154844097, 0.2132777205405274, 2.05784223848372, -0.15718002638626752
3756, 37.558120674740486, 2.084358464561036, -0.13536943021776765, 2.573634793872731, 2.2244770503314566, -17.11238035775347, -5.3880644161914875, -2.706685607412676, 0.14588246766844892, 2.0847528968841673, -0.13619703831861804
3757, 37.56812283737025, 2.1092391934818755, -0.11339406293526272, 2.402510990295196, 2.1705964061695417, -17.11238035775347, -5.3880644161914875, -2.9204673929992877, 0.0805634451070909, 2.1088390936087134, -0.11284127792635723
3758, 37.578125, 2.13240868436694, -0.09195750209437681, 2.231387186717661, 2.1167157620076265, -17.11238035775347, -5.3880644161914875, -3.123615039221697, 0.01738005740654791, 2.1329364437203275, -0.09224499658459834
3759, 37.58812716262976, 2.1538669372162285, -0.07105974769511009, 2.0602633831401267, 2.062835117845712, -17.11238035775347, -5.3880644161914875, -3.3164667649483164, -0.04363126990448518, 2.1519815749227136, -0.07216727208176106
3760, 37.59812932525952, 2.173613952029742, -0.0507007997374625, 1.8891395795625914, 2.0089544736837968, -17.11238035775347, -5.3880644161914875, -3.4993759469969516, -0.10245367834646602, 2.17325519712008, -0.04907432127102489
3761, 37.608131487889274, 2.1916497288074805, -0.0308806582214341, 1.7180157759850563, 1.9550738295218821, -17.11238035775347, -5.3880644161914875, -3.672704310833265, -0.15908666240599822, 2.1928404132609547, -0.030932794125978647
3762, 37.618133650519034, 2.207974267549443, -0.011599323147024831, 1.5468919724075219, 1.901193185359967, -17.11238035775347, -5.3880644161914875, -3.8368157070825184, -0.21354306988129768, 2.20728301328984, -0.013071112184682512
3763, 37.62813581314879, 2.222587568255631, 0.007143205485765219, 1.375768168829987, 1.8473125411980522, -17.11238035775347, -5.3880644161914875, -3.992070467019505, -0.2658463263333646, 2.2224545592846026, 0.00702616447023206
3764, 37.63813797577855, 2.2354896309260432, 0.025346927676936165, 1.2046443652524519, 1.7934318970361371, -17.11238035775347, -5.3880644161914875, -4.1388203238487415, -0.3160278875446506, 2.235189414144737, 0.02419369821473478
3765, 37.64814013840831, 2.24668045556068, 0.043011843426488006, 1.033520561674917, 1.739551252874222, -17.11238035775347, -5.3880644161914875, -4.2774038817639655, -0.3641249191359657, 2.2468219069315105, 0.04399738777951982
3766, 37.65814230103806, 2.2561600421595416, 0.060137952734420685, 0.8623967580973828, 1.6856706087123077, -17.11238035775347, -5.3880644161914875, -4.408142611347821, -0.41017819869254746, 2.2560283773252032, 0.06055438352638718
3767, 37.66814446366782, 2.2639283907226275, 0.07672525560073418, 0.6912729545198477, 1.6317899645503926, -17.11238035775347, -5.3880644161914875, -4.531337347702055, -0.4542302328216937, 2.2617440897180208, 0.07908326365581415
3768, 37.67814662629758, 2.2699855012499386, 0.09277375202542856, 0.5201491509423126, 1.5779093203884778, -17.11238035775347, -5.3880644161914875, -4.647265266647246, -0.496323579423836, 2.2697208533797886, 0.09341518187838313
3769, 37.688148788927336, 2.274331373741474, 0.10828344200850376, 0.34902534736477775, 1.5240286762265627, -17.11238035775347, -5.3880644161914875, -4.756177314264181, -0.5364993640227054, 2.2738850016301466, 0.10812552336890448
3770, 37.698150951557096, 2.276966008197234, 0.12325432554995985, 0.17790154378724288, 1.4701480320646476, -17.11238035775347, -5.3880644161914875, -4.858296065836392, -0.5747959781862951, 2.276294958385317, 0.12236860188306424
3771, 37.70815311418686, 2.277889404617219, 0.13768640264979676, 0.006777740209708005, 1.4162673879027328, -17.11238035775347, -5.3880644161914875, -4.953813991771125, -0.6112479478000915, 2.2786728189691607, 0.13726800627715602
3772, 37.71815527681661, 2.277101563001428, 0.15157967330801453, -0.16434606336782664, 1.3623867437408177, -17.11238035775347, -5.3880644161914875, -5.04289211020728, -0.6458849591534623, 2.276905683666412, 0.15257534352990232
3773, 37.72815743944637, 2.274602483349862, 0.16493413752461317, -0.3354698669453615, 1.308506099578903, -17.11238035775347, -5.3880644161914875, -5.125659008654403, -0.6787310314004388, 2.2746117745020933, 0.16383277384021638
3774, 37.738159602076124, 2.270392165662521, 0.1777497952995926, -0.5065936705228966, 1.254625455416988, -17.11238035775347, -5.3880644161914875, -5.202210220044084, -0.7098038248942382, 2.2701201008374867, 0.17786486251117903
3775, 37.748161764705884, 2.264470609939404, 0.1900266466329529, -0.6777174741004313, 1.2007448112550732, -17.11238035775347, -5.3880644161914875, -5.2726079419187295, -0.7391140761133195, 2.263198043096473, 0.19027131535520997
3776, 37.758163927335644, 2.2568378161805125, 0.2017646915246941, -0.8488412776779661, 1.146864167093158, -17.11238035775347, -5.3880644161914875, -5.3368810910428035, -0.7666651513434793, 2.257266336434328, 0.20191707471208545
3777, 37.7681660899654, 2.2474937843858447, 0.2129639299748161, -1.0199650812555012, 1.0929835229312432, -17.11238035775347, -5.3880644161914875, -5.395025689413486, -0.7924527129084339, 2.24784766994473, 0.21250618952957165
3778, 37.77816825259516, 2.2364385145554024, 0.22362436198331898, -1.1910888848330357, 1.0391028787693284, -17.11238035775347, -5.3880644161914875, -5.447005581389921, -0.8164644935077799, 2.234608968218041, 0.22516018024630136
3779, 37.78817041522492, 2.223672006689184, 0.2337459875502027, -1.362212688410571, 0.9852222346074134, -17.11238035775347, -5.3880644161914875, -5.492753485374016, -0.838680176087037, 2.224628531002685, 0.23380973345127354
3780, 37.79817257785467, 2.209194260787191, 0.24332880667546725, -1.5333364919881056, 0.9313415904454986, -17.11238035775347, -5.3880644161914875, -5.532172387083177, -0.8590713785932629, 2.2092577358729244, 0.24254515319866762
3781, 37.80817474048443, 2.193005276849422, 0.25237281935911265, -1.70446029556564, 0.8774609462835836, -17.11238035775347, -5.3880644161914875, -5.565137284877832, -0.8776017449268105, 2.1928991062333947, 0.2518178848154385
3782, 37.81817690311419, 2.175105054875878, 0.26087802560113893, -1.8755840991431754, 0.8235803021216687, -17.11238035775347, -5.3880644161914875, -5.591497300764198, -0.8942271453513571, 2.1738674386991743, 0.25996333738881916
3783, 37.828179065743946, 2.1554935948665586, 0.26884442540154607, -2.0467079027207102, 0.7696996579597537, -17.11238035775347, -5.3880644161914875, -5.611078173501696, -0.9088959915362099, 2.154824945387215, 0.2680333759729232
3784, 37.838181228373706, 2.134170896821464, 0.276272018760334, -2.217831706298245, 0.7158190137978387, -17.11238035775347, -5.3880644161914875, -5.623685152617579, -0.9215496732418587, 2.1333925800651325, 0.27675536425401726
3785, 37.84818339100346, 2.1111369607405934, 0.28316080567750285, -2.38895550987578, 0.6619383696359238, -17.11238035775347, -5.3880644161914875, -5.629106313975139, -0.9321231253841402, 2.1127878277636603, 0.28397906289271657
3786, 37.85818555363322, 2.086391786623948, 0.28951078615305254, -2.560079313453315, 0.6080577254740089, -17.11238035775347, -5.3880644161914875, -5.627116318757697, -0.9405455357836812, 2.087233688250295, 0.29011921934494306
3787, 37.86818771626298, 2.059935374471527, 0.29532196018698303, -2.7312031170308497, 0.554177081312094, -17.11238035775347, -5.3880644161914875, -5.617480638212201, -0.9467412052807005, 2.060808486611896, 0.2959535908862174
3788, 37.878189878892734, 2.031767724283331, 0.3005943277792944, -2.9023269206083846, 0.500296437150179, -17.11238035775347, -5.3880644161914875, -5.59996026613133, -0.9506305730216326, 2.031074217589327, 0.2998983602360533
3789, 37.888192041522494, 2.0018888360593596, 0.30532788892998663, -3.0734507241859195, 0.44641579298826417, -17.11238035775347, -5.3880644161914875, -5.574316939721756, -0.9521314205486467, 2.002735519442118, 0.30545674397675737
3790, 37.898194204152254, 1.9702987097996125, 0.3095226436390597, -3.244574527763455, 0.3925351488263492, -17.11238035775347, -5.3880644161914875, -5.540318887083461, -0.951160268785888, 1.9707319746141407, 0.31017436501571116
3791, 37.90819636678201, 1.9369973455040903, 0.31317859190651365, -3.415698331340989, 0.3386545046644343, -17.11238035775347, -5.3880644161914875, -5.497747115880046, -0.947633982051105, 1.9361954105866157, 0.31405302401198437
3792, 37.91819852941177, 1.9028403621906818, 0.31656513695315786, -3.4156983313409834, 0.3386545046644361, 0.0, 0.0, -3.404254310143486, -0.3500300853649413, 1.902751603168173, 0.31774512202176364
3793, 37.92820069204152, 1.8686833788772717, 0.31995168199980223, -3.4156983313409834, 0.3386545046644361, 0.0, 0.0, -3.2684154622949917, -0.32497182072378006, 1.8692349840370361, 0.32027990149518376
3794, 37.93820285467128, 1.834526395563862, 0.3233382270464466, -3.4156983313409834, 0.3386545046644361, 0.0, 0.0, -3.130864904039802, -0.29937694066868625, 1.8354023662044938, 0.32401119333274747
3795, 37.94820501730104, 1.8003694122504519, 0.326724772093091, -3.4156983313409834, 0.3386545046644361, 0.0, 0.0, -2.991757474750216, -0.2732689758604625, 1.7991273869995117, 0.3264936597776216
3796, 37.958207179930795, 1.7662124289370422, 0.3301113171397353, -3.4156983313409834, 0.3386545046644361, 0.0, 0.0, -2.851249717223773, -0.24667194351567692, 1.7653752732806993, 0.3294914029610397
3797, 37.968209342560556, 1.7320554456236321, 0.33349786218637967, -3.4156983313409834, 0.3386545046644361, 0.0, 0.0, -2.7094997003425414, -0.2196103246765085, 1.7313211303827662, 0.33226828090245214
3798, 37.978211505190316, 1.6978984623102225, 0.33688440723302404, -3.4156983313409834, 0.3386545046644361, 0.0, 0.0, -2.5666668400540895, -0.19210904104146506, 1.6977344391632954, 0.336281387142202
3799, 37.98821366782007, 1.6637414789968126, 0.3402709522796684, -3.4156983313409834, 0.3386545046644361, 0.0, 0.0, -2.422911718877838, -0.16419343137889666, 1.6627520690777065, 0.3406988398965404
3800, 37.99821583044983, 1.6295844956834027, 0.3436574973263128, -3.4156983313409834, 0.3386545046644361, 0.0, 0.0, -2.278395904142217, -0.13588922754564545, 1.6287974080343108, 0.3447602555729156
3801, 38.00821799307959, 1.5954275123699928, 0.34704404237295716, -3.4156983313409834, 0.3386545046644361, 0.0, 0.0, -2.133281765159361, -0.10722253013352864, 1.5950455787517253, 0.34693644027758197
3802, 38.01822015570934, 1.561270529056583, 0.35043058741960154, -3.4156983313409834, 0.3386545046644361, 0.0, 0.0, -1.987732289545293, -0.07821978376671493, 1.5616051530432644, 0.3512702812214788
3803, 38.028222318339104, 1.527113545743173, 0.35381713246624585, -3.4156983313409834, 0.3386545046644361, 0.0, 0.0, -1.841910898894427, -0.04890775207337994, 1.5248476644595645, 0.35195414456896057
3804, 38.03822448096886, 1.4929565624297632, 0.3572036775128902, -3.4156983313409834, 0.3386545046644361, 0.0, 0.0, -1.6959812640179384, -0.01931349235533672, 1.4936223429605409, 0.3598948658899276
3805, 38.04822664359862, 1.4587995791163533, 0.3605902225595346, -3.4156983313409834, 0.3386545046644361, 0.0, 0.0, -1.5501071199559524, 0.01053567002037839, 1.4613313197131534, 0.36034917797439964
3806, 38.05822880622838, 1.4246425958029434, 0.363976767606179, -3.4156983313409834, 0.3386545046644361, 0.0, 0.0, -1.4044520809737455, 0.04061216748371815, 1.4259945174010276, 0.3639588846029794
3807, 38.06823096885813, 1.3904856124895337, 0.36736331265282335, -3.4156983313409834, 0.3386545046644361, 0.0, 0.0, -1.2591794557520788, 0.07088821635315246, 1.3888122993412402, 0.3669844708222613
3808, 38.07823313148789, 1.3563286291761238, 0.37074985769946767, -3.4156983313409834, 0.3386545046644361, 0.0, 0.0, -1.1144520629815355, 0.1013358431318091, 1.3542008477999474, 0.3717354246433567
3809, 38.08823529411765, 1.322171645862714, 0.37413640274611204, -3.4156983313409834, 0.3386545046644361, 0.0, 0.0, -0.9704320475702081, 0.1319269109833299, 1.3233402602858697, 0.37379205934648263
3810, 38.098237456747405, 1.288014662549304, 0.3775229477927564, -3.4156983313409834, 0.3386545046644361, 0.0, 0.0, -0.8272806976733109, 0.1626331463623799, 1.2865481250398818, 0.37555733345425096
3811, 38.108239619377166, 1.2538576792358942, 0.3809094928394008, -3.4156983313409834, 0.3386545046644361, 0.0, 0.0, -0.6851582627523296, 0.1934261657745944, 1.2545268657647477, 0.3798974784224612
3812, 38.118241782006926, 1.2197006959224843, 0.38429603788604516, -3.4156983313409834, 0.3386545046644361, 0.0, 0.0, -0.5442237728700625, 0.2242775026406309, 1.2207112158937892, 0.3834065204774959
3813, 38.12824394463668, 1.1855437126090744, 0.38768258293268953, -3.4156983313409834, 0.3386545046644361, 0.0, 0.0, -0.4046348594264655, 0.2551586342388914, 1.1862948570208773, 0.3871754466361924
3814, 38.13824610726644, 1.1513867292956645, 0.3910691279793339, -3.4156983313409834, 0.3386545046644361, 0.0, 0.0, -0.26654757753849956, 0.2860410087014075, 1.1508734239737681, 0.3917265835200374
3815, 38.14824826989619, 1.1172297459822547, 0.3944556730259782, -3.4156983313409834, 0.3386545046644361, 0.0, 0.0, -0.13011623026524988, 0.31689607203733183, 1.1156730426642691, 0.3953347287162567
3816, 38.15825043252595, 1.0830727626688448, 0.3978422180726226, -3.4156983313409834, 0.3386545046644361, 0.0, 0.0, 0.004506805122553859, 0.3476952951584483, 1.0809748809182709, 0.3976965952673408
3817, 38.168252595155714, 1.048915779355435, 0.401228763119267, -3.4156983313409834, 0.3386545046644361, 0.0, 0.0, 0.1371712486318999, 0.37841020088111843, 1.0466388117772227, 0.40106480369686487
3818, 38.17825475778547, 1.014758796042025, 0.4046153081659113, -3.4156983313409834, 0.3386545046644361, 0.0, 0.0, 0.2677290866016093, 0.4090123908790972, 1.013799372518109, 0.4025905075951066
3819, 38.18825692041523, 0.9806018127286154, 0.40800185321255567, -3.4156983313409834, 0.3386545046644361, 0.0, 0.0, 0.3960347381299163, 0.4394735725617026, 0.9806616384537825, 0.4074439044646299
3820, 38.19825908304499, 0.9464448294152055, 0.41138839825920004, -3.4156983313409834, 0.3386545046644361, 0.0, 0.0, 0.521945218687274, 0.46976558585189265, 0.9460690798735666, 0.41206480655629474
3821, 38.20826124567474, 0.9122878461017958, 0.4147749433058444, -3.4156983313409834, 0.3386545046644361, 0.0, 0.0, 0.6453203007293935, 0.4998604298388948, 0.9109756576184604, 0.41385226931286023
3822, 38.2182634083045, 0.8781308627883859, 0.4181614883524888, -3.4156983313409834, 0.3386545046644361, 0.0, 0.0, 0.7660226711290201, 0.5297302892801593, 0.8787449300294574, 0.41700384475877506
3823, 38.228265570934255, 0.843973879474976, 0.42154803339913316, -3.4156983313409834, 0.3386545046644361, 0.0, 0.0, 0.8839180852486008, 0.5593475609275419, 0.8426111548123155, 0.4217982877050037
3824, 38.238267733564015, 0.8098168961615662, 0.42493457844577753, -3.4156983313409834, 0.3386545046644361, 0.0, 0.0, 0.9988755174799129, 0.5886848796527939, 0.810058052034041, 0.42351915136439183
3825, 38.248269896193776, 0.7756599128481563, 0.42832112349242185, -3.4156983313409834, 0.3386545046644361, 0.0, 0.0, 1.1107673080807487, 0.617715144347626, 0.774652249999641, 0.42855915337193096
3826, 38.25827205882353, 0.7415029295347464, 0.4317076685390662, -3.4156983313409834, 0.3386545046644361, 0.0, 0.0, 1.2194693061430872, 0.6464115435738221, 0.7430611080588809, 0.4313699333566788
3827, 38.26827422145329, 0.7073459462213365, 0.4350942135857106, -3.4156983313409834, 0.3386545046644361, 0.0, 0.0, 1.3248610085315746, 0.6747475809391235, 0.7052080932095196, 0.4356308360390315
3828, 38.27827638408305, 0.6731889629079266, 0.4384807586323549, -3.4156983313409834, 0.3386545046644361, 0.0, 0.0, 1.426825694635837, 0.7026971001748549, 0.671272603015976, 0.4384786200246742
3829, 38.2882785467128, 0.6390319795945167, 0.4418673036789993, -3.4156983313409834, 0.3386545046644361, 0.0, 0.0, 1.5252505567849182, 0.7302343098915542, 0.6378245409040069, 0.4435278808383306
3830, 38.29828070934256, 0.6048749962811071, 0.44525384872564366, -3.4156983313409834, 0.3386545046644361, 0.0, 0.0, 1.6200268261771489, 0.7573338079891635, 0.6069183866279521, 0.44351006943202825
3831, 38.308282871972324, 0.570718012967697, 0.44864039377228804, -3.4156983313409834, 0.3386545046644361, 0.0, 0.0, 1.7110498941839232, 0.7839706056986789, 0.5712588037098697, 0.4494102621281867
3832, 38.31828503460208, 0.5365610296542873, 0.4520269388189324, -3.4156983313409834, 0.3386545046644361, 0.0, 0.0, 1.7982194288911215, 0.810120151232488, 0.5376562415555515, 0.45264063513365704
3833, 38.32828719723184, 0.5024040463408772, 0.4554134838655768, -3.4156983313409834, 0.3386545046644361, 0.0, 0.0, 1.8814394867474642, 0.8357583530210158, 0.5022534459690419, 0.45658977988405514
3834, 38.33828935986159, 0.46824706302746755, 0.45880002891222116, -3.4156983313409834, 0.3386545046644361, 0.0, 0.0, 1.9606186191946187, 0.860861602513667, 0.46911561685531394, 0.4586032351694459
3835, 38.34829152249135, 0.43409007971405744, 0.46218657395886553, -3.4156983313409834, 0.3386545046644361, 0.0, 0.0, 2.0356699741597186, 0.8854067965224927, 0.43245704923813566, 0.4619267920062745
3836, 38.35829368512111, 0.3999330964006478, 0.46557311900550985, -3.4156983313409834, 0.3386545046644361, 0.0, 0.0, 2.1065113922967615, 0.9093713590874123, 0.39942068789892693, 0.4656668498812278
3837, 38.368295847750865, 0.3657761130872377, 0.4689596640521542, -3.4156983313409834, 0.3386545046644361, 0.0, 0.0, 2.1730654978694686, 0.9327332628423044, 0.3640091711262561, 0.46843445720369414
3838, 38.378298010380625, 0.331619129773828, 0.4723462090987986, -3.4156983313409834, 0.3386545046644361, 0.0, 0.0, 2.235259784174233, 0.9554710498617264, 0.3322473305206104, 0.47235833274659106
3839, 38.388300173010386, 0.29746214646041835, 0.4757327541454429, -3.4156983313409834, 0.3386545046644361, 0.0, 0.0, 2.293026693408125, 0.9775638519685363, 0.2970271895474519, 0.4760334144212469
3840, 38.39830233564014, 0.26330516314700825, 0.4791192991920873, -3.4156983313409834, 0.3386545046644361, 0.0, 0.0, 2.346303690893218, 0.9989914104831822, 0.2632112730604661, 0.4792188531981444
3841, 38.4083044982699, 0.2291481798335986, 0.48250584423873166, -3.4156983313409834, 0.3386545046644361, 0.0, 0.0, 2.3950333335750082, 1.0197340953959688, 0.22906327828479475, 0.4829911443416383
3842, 38.41830666089966, 0.19499119652018848, 0.48589238928537604, -3.4156983313409834, 0.3386545046644361, 0.0, 0.0, 2.4391633327192155, 1.0397729239441456, 0.1957071267024789, 0.4866138426636563
3843, 38.42830882352941, 0.16083421320677882, 0.4892789343320204, -3.4156983313409834, 0.3386545046644361, 0.0, 0.0, 2.4786466107379264, 1.05908957857623, 0.16126598211719884, 0.488234563989363
3844, 38.43831098615917, 0.12667722989336871, 0.4926654793786648, -3.4156983313409834, 0.3386545046644361, 0.0, 0.0, 2.513441352082726, 1.0776664242865612, 0.12604995998198337, 0.49362590343723417
3845, 38.44831314878893, 0.09252024657995905, 0.49605202442530916, -3.4156983313409834, 0.3386545046644361, 0.0, 0.0, 2.543511048149245, 1.0954865253036647, 0.0941899666352716, 0.4956966875530159
3846, 38.45831531141869, 0.05836326326654895, 0.4994385694719535, -3.4156983313409834, 0.3386545046644361, 0.0, 0.0, 2.568824536144443, 1.1125336611166405, 0.05851679036175347, 0.4986467215220237
3847, 38.46831747404845, 0.024206279953139287, 0.5028251145185978, -3.4156983313409834, 0.3386545046644361, 0.0, 0.0, 2.5893560318747664, 1.1287923418243895, 0.025129021438652595, 0.5020983146591528
3848, 38.4783196366782, -0.009950703360270818, 0.5062116595652422, -3.4156983313409834, 0.3386545046644361, 0.0, 0.0, 2.605085156420337, 1.1442478227931563, -0.012251544315433823, 0.5060705551113243
3849, 38.48832179930796, -0.04410768667368048, 0.5095982046118865, -3.4156983313409834, 0.3386545046644361, 0.0, 0.0, 2.6159969566672583, 1.158886118608506, -0.04561132978094705, 0.5094296952263213
3850, 38.49832396193772, -0.07826466998709014, 0.5129847496585309, -3.4156983313409834, 0.3386545046644361, 0.0, 0.0, 2.62208191967716, 1.1726940163085269, -0.07783818343210915, 0.5117649319056737
3851, 38.508326124567475, -0.11242165330050025, 0.5163712947051753, -3.4156983313409834, 0.3386545046644361, 0.0, 0.0, 2.6233359808801273, 1.1856590878857332, -0.11312084833625496, 0.5170307543689172
3852, 38.518328287197235, -0.1465786366139099, 0.5197578397518197, -3.4156983313409834, 0.3386545046644361, 0.0, 0.0, 2.619760526084205, 1.1977697020458273, -0.14679091582117196, 0.5196700430310278
3853, 38.52833044982699, -0.18073561992732, 0.523144384798464, -3.4156983313409834, 0.3386545046644361, 0.0, 0.0, 2.611362387301714, 1.2090150352121953, -0.18134200698974323, 0.522515535367701
3854, 38.53833261245675, -0.21489260324072967, 0.5265309298451084, -3.4156983313409834, 0.3386545046644361, 0.0, 0.0, 2.5981538323996745, 1.2193850817657106, -0.21352810250590146, 0.5272289520828864
3855, 38.54833477508651, -0.24904958655413978, 0.5299174748917528, -3.4156983313409834, 0.3386545046644361, 0.0, 0.0, 2.5801525485886554, 1.228870663510156, -0.25023510272507815, 0.5296019515283675
3856, 38.55833693771626, -0.28320656986754944, 0.5333040199383972, -3.4156983313409834, 0.3386545046644361, 0.0, 0.0, 2.55738161977139, 1.2374634383543017, -0.28317315433004375, 0.5322928866955564
3857, 38.56833910034602, -0.31736355318095955, 0.5366905649850415, -3.4156983313409834, 0.3386545046644361, 0.0, 0.0, 2.529869497779508, 1.2451559082024193, -0.31736172470956964, 0.5372025134273118
3858, 38.57834126297578, -0.3515205364943692, 0.5400771100316859, -3.4156983313409834, 0.3386545046644361, 0.0, 0.0, 2.4976499675336488, 1.25194142604576, -0.3510313160667094, 0.540041387373651
3859, 38.58834342560554, -0.3856775198077793, 0.5434636550783303, -3.4156983313409834, 0.3386545046644361, 0.0, 0.0, 2.460762106169171, 1.2578142022482874, -0.3851331214668924, 0.5423269035851309
3860, 38.5983455882353, -0.419834503121189, 0.5468502001249747, -3.4156983313409834, 0.3386545046644361, 0.0, 0.0, 2.4192502361765404, 1.2627693100207102, -0.4195339195467049, 0.5467737793240371
3861, 38.60834775086506, -0.4539914864345991, 0.550236745171619, -3.4156983313409834, 0.3386545046644361, 0.0, 0.0, 2.3731638726122215, 1.266802690077633, -0.4547698844130338, 0.5493027083578831
3862, 38.61834991349481, -0.48814846974800874, 0.5536232902182634, -3.4156983313409834, 0.3386545046644361, 0.0, 0.0, 2.3225576644427344, 1.269911154473419, -0.4870136311353242, 0.5552389534459553
3863, 38.62835207612457, -0.5223054530614184, 0.5570098352649077, -3.4156983313409834, 0.3386545046644361, 0.0, 0.0, 2.267491330091098, 1.272092389613128, -0.5217338136209574, 0.5567152997751424
3864, 38.638354238754324, -0.5564624363748285, 0.560396380311552, -3.4156983313409834, 0.3386545046644361, 0.0, 0.0, 2.208029587261545, 1.273344958435685, -0.5566751535062703, 0.559937585934597
3865, 38.648356401384085, -0.5906194196882382, 0.5637829253581964, -3.4156983313409834, 0.3386545046644361, 0.0, 0.0, 2.144242077124847, 1.2736683017672077, -0.5902261478901673, 0.5655161212296616
3866, 38.658358564013845, -0.6247764030016483, 0.5671694704048408, -3.4156983313409834, 0.3386545046644361, 0.0, 0.0, 2.076203282952968, 1.273062738843214, -0.6257930701711396, 0.5684689473276269
3867, 38.6683607266436, -0.6589333863150579, 0.5705560154514852, -3.4156983313409834, 0.3386545046644361, 0.0, 0.0, 2.0039924432981255, 1.2715294669992163, -0.658840770804572, 0.5704149775719214
3868, 38.67836288927336, -0.693090369628468, 0.5739425604981295, -3.4156983313409834, 0.3386545046644361, 0.0, 0.0, 1.9276934598174338, 1.2690705605299923, -0.6944548096136693, 0.5743322398280114
3869, 38.68836505190312, -0.7272473529418777, 0.5773291055447738, -3.4156983313409834, 0.3386545046644361, 0.0, 0.0, 1.8473947998504292, 1.2656889687186155, -0.7290586822528576, 0.5773031375776372
3870, 38.69836721453287, -0.7614043362552878, 0.5807156505914182, -3.4156983313409834, 0.3386545046644361, 0.0, 0.0, 1.7631893938626917, 1.26138851303711, -0.7620417883317028, 0.582749920828642
3871, 38.70836937716263, -0.7955613195686975, 0.5841021956380625, -3.4156983313409834, 0.3386545046644361, 0.0, 0.0, 1.6751745278745938, 1.25617388352138, -0.7938681981774979, 0.5844001535957125
3872, 38.71837153979239, -0.8297183028821076, 0.5874887406847069, -3.4156983313409834, 0.3386545046644361, 0.0, 0.0, 1.583451730999854, 1.2500506343238462, -0.8279864301515721, 0.5873952835074434
3873, 38.72837370242215, -0.8638752861955172, 0.5908752857313513, -3.4156983313409834, 0.3386545046644361, 0.0, 0.0, 1.488126658224142, 1.243025178448001, -0.8633141408370181, 0.5925834229269066
3874, 38.73837586505191, -0.8980322695089269, 0.5942618307779957, -3.4156983313409834, 0.3386545046644361, 0.0, 0.0, 1.3893089685592905, 1.2351047816698644, -0.8970812301114682, 0.5929582498453382
3875, 38.74837802768166, -0.932189252822337, 0.59764837582464, -3.4156983313409834, 0.3386545046644361, 0.0, 0.0, 1.2871121987139522, 1.2262975556520987, -0.932251300675073, 0.5965853392189964
3876, 38.75838019031142, -0.9663462361357467, 0.6010349208712844, -3.4156983313409834, 0.3386545046644361, 0.0, 0.0, 1.181653632426552, 1.216612450257301, -0.9672964745409983, 0.6021886724948085
3877, 38.76838235294118, -1.0000451275762323, 0.6046163825663041, -3.286165494182558, 0.37387874840833923, 16.74472997320383, 3.146515781272703, 2.900077670637259, 1.708414256627809, -1.0006388941922792, 0.6045512167869901
3878, 38.778384515570934, -1.032069546019398, 0.6085124958394512, -3.1187181944505196, 0.40534390622106625, 16.74472997320383, 3.146515781272703, 2.8785122087377504, 1.7008580129647786, -1.0321806389745758, 0.6093247858644602
3879, 38.788386678200695, -1.062419491465243, 0.6127232606907255, -2.951270894718481, 0.4368090640337933, 16.74472997320383, 3.146515781272703, 2.859914999925369, 1.6939300350223903, -1.0629140252900202, 0.6141018818633918
3880, 38.798388840830455, -1.0910949639137675, 0.6172486771201271, -2.7838235949864423, 0.46827422184652034, 16.74472997320383, 3.146515781272703, 2.8447698792959253, 1.6877712719654754, -1.0909856868733103, 0.6161856421401424
3881, 38.80839100346021, -1.1180959633649719, 0.6220887451276559, -2.6163762952544043, 0.4997393796592474, 16.74472997320383, 3.146515781272703, 2.833507505462082, 1.6825110859417112, -1.1174632425746938, 0.6234375058479464
3882, 38.81839316608997, -1.1434224898188559, 0.627243464713312, -2.448928995522366, 0.5312045374719745, 16.74472997320383, 3.146515781272703, 2.8265086807124993, 1.6782676161828878, -1.1430888882532466, 0.6262185547078152
3883, 38.82839532871972, -1.1670745432754193, 0.6327128358770954, -2.281481695790327, 0.5626696952847016, 16.74472997320383, 3.146515781272703, 2.8241076944888786, 1.6751481749884267, -1.1677088569153717, 0.6310234500394744
3884, 38.83839749134948, -1.1890521237346623, 0.6384968586190061, -2.1140343960582886, 0.5941348530974286, 16.74472997320383, 3.146515781272703, 2.8265956349076697, 1.6732496577415916, -1.189058175428017, 0.6382198148436615
3885, 38.84839965397924, -1.209355231196585, 0.644595532939044, -1.94658709632625, 0.6256000109101556, 16.74472997320383, 3.146515781272703, 2.834223619948516, 1.6726589510536032, -1.2106889188991743, 0.6436498796494312
3886, 38.858401816608996, -1.2279838656611872, 0.6510088588372092, -1.7791397965942115, 0.6570651687228828, 16.74472997320383, 3.146515781272703, 2.8472059063536443, 1.673453325008564, -1.227561364884729, 0.6526506754662873
3887, 38.86840397923876, -1.2449380271284691, 0.6577368363135017, -1.6116924968621726, 0.6885303265356097, 16.74472997320383, 3.146515781272703, 2.865722840211004, 1.6757007972820133, -1.2450214361425185, 0.6584002389630579
3888, 38.87840614186852, -1.2602177155984307, 0.6647794653679214, -1.4442451971301347, 0.7199954843483368, 16.74472997320383, 3.146515781272703, 2.8899236186240405, 1.6794604586229838, -1.2610446503586858, 0.6636588762424738
3889, 38.88840830449827, -1.273822931071072, 0.6721367460004684, -1.276797897398096, 0.7514606421610639, 16.74472997320383, 3.146515781272703, 2.9199288368113017, 1.6847827508235338, -1.27475927434759, 0.6726659772033604
3890, 38.89841046712803, -1.2857536735463926, 0.6798086782111427, -1.1093505976660576, 0.782925799973791, 16.74472997320383, 3.146515781272703, 2.9558327994490066, 1.6917096898550115, -1.2854014056339005, 0.6790040933332891
3891, 38.90841262975779, -1.2960099430243932, 0.6877952619999442, -0.9419032979340192, 0.814390957786518, 16.74472997320383, 3.146515781272703, 2.997705579098529, 1.7002750283344041, -1.2965496126420781, 0.6864378843030973
3892, 38.918414792387544, -1.304591739505073, 0.6960964973668731, -0.7744559982019803, 0.8458561155992451, 16.74472997320383, 3.146515781272703, 3.045594808185166, 1.710504352907578, -1.3026488214487215, 0.6977883100446819
3893, 38.928416955017305, -1.3114990629884327, 0.7047123843119292, -0.6070086984699421, 0.8773212734119721, 16.74472997320383, 3.146515781272703, 3.0995271942571283, 1.7224151135118402, -1.3094983500808273, 0.7054998619428117
3894, 38.93841911764706, -1.316731913474472, 0.7136429228351125, -0.43956139873790345, 0.9087864312246992, 16.74472997320383, 3.146515781272703, 3.159509751202424, 1.7360165828224956, -1.3158575471368625, 0.7136419889627011
3895, 38.94842128027682, -1.3202902909631908, 0.7228881129364232, -0.27211409900586525, 0.9402515890374262, 16.74472997320383, 3.146515781272703, 3.2255307417868124, 1.7513097455126179, -1.3207169291284466, 0.7218269815660615
3896, 38.95842344290658, -1.3221741954545894, 0.7324479546158611, -0.10466679927382683, 0.9717167468501533, 16.74472997320383, 3.146515781272703, 3.297560329352297, 1.7682871182782631, -1.3216957903113826, 0.7323330271302608
3897, 38.96842560553633, -1.3223836269486675, 0.7423224478734263, 0.06278050045821182, 1.0031819046628803, 16.74472997320383, 3.146515781272703, 3.375550938837429, 1.7869325029191718, -1.322986486739454, 0.7412869948526383
3898, 38.97842776816609, -1.320918585445425, 0.7525115927091187, 0.23022780019025024, 1.0346470624756074, 16.74472997320383, 3.146515781272703, 3.459437329503739, 1.8072206761334664, -1.3198935887411989, 0.7517573579878488
3899, 38.98842993079585, -1.3177790709448622, 0.7630153891229384, 0.39767509992228867, 1.0661122202883344, 16.74472997320383, 3.146515781272703, 3.5491363839322205, 1.8291170210988366, -1.3166790153524126, 0.7649896781060125
3900, 38.998432093425606, -1.3129650834469793, 0.7738338371148854, 0.5651223996543273, 1.0975773781010616, 16.74472997320383, 3.146515781272703, 3.644546620044195, 1.8525771073855624, -1.312117598951739, 0.7739779679904882
3901, 39.00843425605537, -1.306476622951776, 0.7849669366849596, 0.7325696993863655, 1.1290425359137886, 16.74472997320383, 3.146515781272703, 3.7455474351544877, 1.8775462272897077, -1.305497678113307, 0.7848236921568411
3902, 39.01843641868513, -1.298313689459252, 0.7964146878331612, 0.9000169991184046, 1.1605076937265157, 16.74472997320383, 3.146515781272703, 3.851998093431305, 1.9039588982965014, -1.2991512299666967, 0.7963356519689156
3903, 39.02843858131488, -1.2884762829694076, 0.80817709055949, 1.0674642988504428, 1.191972851539243, 16.74472997320383, 3.146515781272703, 3.9637364706628384, 1.931738343089493, -1.2892774339251185, 0.8067622421234776
3904, 39.03844074394464, -1.2769644034822432, 0.8202541448639461, 1.2349115985824815, 1.22343800935197, 16.74472997320383, 3.146515781272703, 4.080577572957027, 1.960795960311759, -1.277515552385809, 0.8197635361145592
3905, 39.048442906574394, -1.263778050997758, 0.8326458507465294, 1.4023588983145199, 1.2549031671646969, 16.74472997320383, 3.146515781272703, 4.202311848964609, 1.9910308011576838, -1.2648668997929253, 0.8342281905573686
3906, 39.058445069204154, -1.2489172255159526, 0.84535220820724, 1.5698061980465585, 1.2863683249774238, 16.74472997320383, 3.146515781272703, 4.32870331844653, 2.022329068818635, -1.24878449029386, 0.8459785287639024
3907, 39.068447231833915, -1.2323819270368268, 0.8583732172460778, 1.7372534977785967, 1.317833482790151, 16.74472997320383, 3.146515781272703, 4.459487543527282, 2.054563659807896, -1.2324020206803032, 0.8583537769045727
3908, 39.07844939446367, -1.2141721555603806, 0.8717088778630431, 1.9047007975106354, 1.349298640602878, 16.74472997320383, 3.146515781272703, 4.5943694727995075, 2.087593768227107, -1.2133352243782312, 0.8701503532054785
3909, 39.08845155709343, -1.1942879110866143, 0.8853591900581355, 2.072148097242674, 1.3807637984156051, 16.74472997320383, 3.146515781272703, 4.733021192575445, 2.121264576077958, -1.1941668402625618, 0.8864335930892325
3910, 39.09845371972319, -1.172729193615527, 0.8993241538313552, 2.239595396974712, 1.412228956228332, 16.74472997320383, 3.146515781272703, 4.875079624009707, 2.1554070547299924, -1.1731607551511913, 0.8972492163659689
3911, 39.10845588235294, -1.14949600314712, 0.9136037691827021, 2.4070426967067506, 1.4436941140410593, 16.74472997320383, 3.146515781272703, 5.0201442095238615, 2.189837904579786, -1.149056772638279, 0.9138931760959491
3912, 39.1184580449827, -1.124588339681392, 0.9281980361121764, 2.574489996438789, 1.4751592718537863, 16.74472997320383, 3.146515781272703, 5.167774636910865, 2.2243596617199826, -1.1252363116259705, 0.9294327400172078
3913, 39.128460207612456, -1.098006203218344, 0.9431069546197779, 2.7419372961708275, 1.5066244296665132, 16.74472997320383, 3.146515781272703, 5.31748865463431, 2.2587610020096394, -1.0977910131993343, 0.9423477433493108
3914, 39.138462370242216, -1.0697495937579755, 0.9583305247055067, 2.909384595902866, 1.5380895874792402, 16.74472997320383, 3.146515781272703, 5.468760037094357, 2.2928172742200275, -1.071014566198265, 0.9580101392094234
3915, 39.14846453287198, -1.0398185113002867, 0.9738687463693627, 3.0768318956349043, 1.5695547452919676, 16.74472997320383, 3.146515781272703, 5.621016763919892, 2.326291294831238, -1.0394086754199876, 0.9731659731068723
3916, 39.15846669550173, -1.0082129558452775, 0.9897216196113461, 3.2442791953669428, 1.6010199031046946, 16.74472997320383, 3.146515781272703, 5.77363948255624, 2.358934437472567, -1.0055467840187158, 0.9894262405439285
3917, 39.16846885813149, -0.9757701638916091, 1.0057318186423925, 3.2442791953669374, 1.6010199031046934, 0.0, 0.0, 4.30555298205979, 1.9578546103217622, -0.9752900252183675, 1.004680677611189
3918, 39.17847102076125, -0.9433273719379397, 1.0217420176734393, 3.2442791953669374, 1.6010199031046934, 0.0, 0.0, 4.391914716422893, 1.9570648656455716, -0.944405745706065, 1.0223168696731961
3919, 39.188473183391004, -0.9108845799842703, 1.0377522167044864, 3.2442791953669374, 1.6010199031046934, 0.0, 0.0, 4.47392051630005, 1.9539358743973358, -0.9108018136250023, 1.0382955215693968
3920, 39.198475346020764, -0.8784417880306008, 1.0537624157355334, 3.2442791953669374, 1.6010199031046934, 0.0, 0.0, 4.551488673733781, 1.9484786104214966, -0.8805306924895785, 1.0539084212575907
3921, 39.208477508650525, -0.8459989960769314, 1.0697726147665803, 3.2442791953669374, 1.6010199031046934, 0.0, 0.0, 4.624545151109895, 1.9407094153933397, -0.8465961054797799, 1.069137947480585
3922, 39.21847967128028, -0.813556204123262, 1.0857828137976273, 3.2442791953669374, 1.6010199031046934, 0.0, 0.0, 4.69302363778231, 1.9306499595558937, -0.8144083813937115, 1.086148072540067
3923, 39.22848183391004, -0.7811134121695926, 1.1017930128286741, 3.2442791953669374, 1.6010199031046934, 0.0, 0.0, 4.756865591670087, 1.9183271899745806, -0.7805317330267908, 1.099525720731733
3924, 39.23848399653979, -0.7486706202159232, 1.1178032118597212, 3.2442791953669374, 1.6010199031046934, 0.0, 0.0, 4.8160202658499385, 1.9037732664312963, -0.748360668393906, 1.1200278026305994
3925, 39.24848615916955, -0.7162278282622538, 1.133813410890768, 3.2442791953669374, 1.6010199031046934, 0.0, 0.0, 4.870444720199266, 1.8870254851086137, -0.7154972908804085, 1.1333966030375384
3926, 39.25848832179931, -0.6837850363085844, 1.149823609921815, 3.2442791953669374, 1.6010199031046934, 0.0, 0.0, 4.920103818176316, 1.8681261902434518, -0.6838038013570733, 1.1492151644569648
3927, 39.268490484429066, -0.6513422443549151, 1.165833808952862, 3.2442791953669374, 1.6010199031046934, 0.0, 0.0, 4.964970208855249, 1.847122673957787, -0.6514573272331263, 1.165963231448778
3928, 39.278492647058826, -0.6188994524012457, 1.181844007983909, 3.2442791953669374, 1.6010199031046934, 0.0, 0.0, 5.005024294364786, 1.8240670645017252, -0.618067369676818, 1.1822331519288096
3929, 39.288494809688586, -0.5864566604475763, 1.1978542070149558, 3.2442791953669374, 1.6010199031046934, 0.0, 0.0, 5.040254182909409, 1.799016203171448, -0.5871242243218738, 1.197607578050215
3930, 39.29849697231834, -0.5540138684939069, 1.2138644060460029, 3.2442791953669374, 1.6010199031046934, 0.0, 0.0, 5.0706556275819565, 1.7720315101911193, -0.5537520121737458, 1.2126151899726552
3931, 39.3084991349481, -0.5215710765402375, 1.22987460507705, 3.2442791953669374, 1.6010199031046934, 0.0, 0.0, 5.096231951205692, 1.743178839873738, -0.5216201844164058, 1.230108995619018
3932, 39.31850129757786, -0.4891282845865681, 1.2458848041080968, 3.2442791953669374, 1.6010199031046934, 0.0, 0.0, 5.116993957472525, 1.7125283254010872, -0.4890395546804118, 1.2454599074955115
3933, 39.328503460207614, -0.4566854926328987, 1.2618950031391436, 3.2442791953669374, 1.6010199031046934, 0.0, 0.0, 5.132959828671872, 1.680154213587267, -0.4569089355856179, 1.262067704122075
3934, 39.338505622837374, -0.4242427006792293, 1.2779052021701907, 3.2442791953669374, 1.6010199031046934, 0.0, 0.0, 5.144155010331794, 1.6461346900138354, -0.4248255356443192, 1.2790958622548376
3935, 39.34850778546713, -0.3917999087255597, 1.2939154012012377, 3.2442791953669374, 1.6010199031046934, 0.0, 0.0, 5.150612083120248, 1.6105516949471448, -0.39328843762247, 1.2940612604796982
3936, 39.35850994809689, -0.3593571167718903, 1.3099256002322845, 3.2442791953669374, 1.6010199031046934, 0.0, 0.0, 5.1523706223796335, 1.5734907304701111, -0.35840140544246685, 1.3091219808788903
3937, 39.36851211072665, -0.3269143248182209, 1.3259357992633314, 3.2442791953669374, 1.6010199031046934, 0.0, 0.0, 5.149477045692208, 1.5350406592812502, -0.3268123029882132, 1.3254574417862353
3938, 39.3785142733564, -0.2944715328645515, 1.3419459982943784, 3.2442791953669374, 1.6010199031046934, 0.0, 0.0, 5.141984448897343, 1.4952934956333888, -0.29566567097014507, 1.3434754927982724
3939, 39.38851643598616, -0.26202874091088213, 1.3579561973254255, 3.2442791953669374, 1.6010199031046934, 0.0, 0.0, 5.129952431003909, 1.4543441889028799, -0.26023091140940857, 1.3588388477239681
3940, 39.39851859861592, -0.22958594895721274, 1.3739663963564723, 3.2442791953669374, 1.6010199031046934, 0.0, 0.0, 5.113446908462302, 1.412290400297456, -0.22955053689408061, 1.3750141368519164
3941, 39.408520761245676, -0.19714315700354335, 1.3899765953875192, 3.2442791953669374, 1.6010199031046934, 0.0, 0.0, 5.092539919280721, 1.369232273226943, -0.19596538071390354, 1.3901995699152543
3942, 39.418522923875436, -0.16470036504987395, 1.4059867944185662, 3.2442791953669374, 1.6010199031046934, 0.0, 0.0, 5.0673094174891835, 1.3252721978759383, -0.16482861942338534, 1.4063026481327312
3943, 39.42852508650519, -0.13225757309620456, 1.4219969934496133, 3.2442791953669374, 1.6010199031046934, 0.0, 0.0, 5.0378390584724455, 1.2805145705311394, -0.13225327902868297, 1.421799249610205
3944, 39.43852724913495, -0.09981478114253517, 1.4380071924806601, 3.2442791953669374, 1.6010199031046934, 0.0, 0.0, 5.004217975709376, 1.2350655482283337, -0.09907524354871684, 1.4371752893987966
3945, 39.44852941176471, -0.06737198918886578, 1.454017391511707, 3.2442791953669374, 1.6010199031046934, 0.0, 0.0, 4.966540549471446, 1.1890327992950236, -0.06716780786505887, 1.453409299257545
3946, 39.45853157439446, -0.03492919723519661, 1.4700275905427538, 3.2442791953669374, 1.6010199031046934, 0.0, 0.0, 4.924906168046789, 1.142525250374298, -0.03491554616272159, 1.4688729922115578
3947, 39.468533737024224, -0.0024864052815272153, 1.4860377895738008, 3.2442791953669374, 1.6010199031046934, 0.0, 0.0, 4.879418982068657, 1.0956528305238065, -0.0008577426589939526, 1.4884611072155853
3948, 39.478535899653984, 0.029956386672142177, 1.502047988604848, 3.2442791953669374, 1.6010199031046934, 0.0, 0.0, 4.830187652538214, 1.0485262129905553, 0.030779893468550815, 1.5005692460601716
3949, 39.48853806228374, 0.06239917862581157, 1.5180581876358947, 3.2442791953669374, 1.6010199031046934, 0.0, 0.0, 4.777325093141185, 1.001256555267687, 0.061504366294839574, 1.5185194807188682
3950, 39.4985402249135, 0.09484197057948096, 1.5340683866669416, 3.2442791953669374, 1.6010199031046934, 0.0, 0.0, 4.720948207466137, 0.953955238043438, 0.09479068588667956, 1.5355363756254445
3951, 39.50854238754326, 0.12728476253315035, 1.5500785856979886, 3.2442791953669374, 1.6010199031046934, 0.0, 0.0, 4.661177621738992, 0.906733603655052, 0.12824282505198056, 1.550771314404982
3952, 39.51854455017301, 0.15972755448681997, 1.5660887847290357, 3.2442791953669374, 1.6010199031046934, 0.0, 0.0, 4.598137413693677, 0.8597026946615945, 0.15981266796256693, 1.5660033577278705
3953, 39.52854671280277, 0.19217034644048936, 1.5820989837600825, 3.2442791953669374, 1.6010199031046934, 0.0, 0.0, 4.531954838202764, 0.8129729931493125, 0.19413566974324714, 1.5819191748294257
3954, 39.538548875432525, 0.22461313839415875, 1.5981091827911293, 3.2442791953669374, 1.6010199031046934, 0.0, 0.0, 4.462760050294413, 0.7666541613814647, 0.2244046270537734, 1.598920641450372
3955, 39.548551038062286, 0.25705593034782814, 1.6141193818221764, 3.2442791953669374, 1.6010199031046934, 0.0, 0.0, 4.390685826182926, 0.7208547844013892, 0.2562049506867811, 1.6136778494820174
3956, 39.558553200692046, 0.28949872230149754, 1.6301295808532235, 3.2442791953669374, 1.6010199031046934, 0.0, 0.0, 4.315867282939779, 0.6756821151929712, 0.2899451445612799, 1.630346730106175
3957, 39.5685553633218, 0.3219415142551669, 1.6461397798842703, 3.2442791953669374, 1.6010199031046934, 0.0, 0.0, 4.238441597430143, 0.6312418229966732, 0.32285226553020635, 1.6461697026575488
3958, 39.57855752595156, 0.3543843062088363, 1.6621499789153173, 3.2442791953669374, 1.6010199031046934, 0.0, 0.0, 4.15854772513655, 0.5876377453718693, 0.3554426449583861, 1.660977013392583
3959, 39.58855968858132, 0.3868270981625057, 1.6781601779463644, 3.2442791953669374, 1.6010199031046934, 0.0, 0.0, 4.076326119486673, 0.5449716445874317, 0.38570770633270973, 1.6769218133968002
3960, 39.59856185121107, 0.4192698901161751, 1.6941703769774112, 3.2442791953669374, 1.6010199031046934, 0.0, 0.0, 3.9919184522960016, 0.5033429689123424, 0.4186619177752838, 1.692905456692563
3961, 39.608564013840834, 0.4517126820698445, 1.710180576008458, 3.2442791953669374, 1.6010199031046934, 0.0, 0.0, 3.9054673359287384, 0.46284861936659893, 0.4541255852510599, 1.7104213655750387
3962, 39.618566176470594, 0.4841554740235139, 1.726190775039505, 3.2442791953669374, 1.6010199031046934, 0.0, 0.0, 3.8171160477713006, 0.4235827224798604, 0.4843751507176729, 1.7265908755816617
3963, 39.62856833910035, 0.5165982659771833, 1.7422009740705522, 3.2442791953669374, 1.6010199031046934, 0.0, 0.0, 3.7270082576026287, 0.38563640959116574, 0.5155343650849743, 1.7433632190434325
3964, 39.63857050173011, 0.5490410579308527, 1.758211173101599, 3.2442791953669374, 1.6010199031046934, 0.0, 0.0, 3.6352877584340026, 0.34909760320770233, 0.547442006377539, 1.7580170567896263
3965, 39.64857266435986, 0.5814838498845221, 1.7742213721326459, 3.2442791953669374, 1.6010199031046934, 0.0, 0.0, 3.5420982013782107, 0.31405081092401765, 0.5806693631268744, 1.7747408698737177
3966, 39.65857482698962, 0.6139266418381915, 1.7902315711636927, 3.2442791953669374, 1.6010199031046934, 0.0, 0.0, 3.447582835093977, 0.28057692738532247, 0.6140843845205579, 1.7898825229233462
3967, 39.66857698961938, 0.6463694337918608, 1.80624177019474, 3.2442791953669374, 1.6010199031046934, 0.0, 0.0, 3.3518842503362154, 0.24875304475964177, 0.6444020863512392, 1.8064448132639221
3968, 39.678579152249135, 0.6788122257455302, 1.8222519692257868, 3.2442791953669374, 1.6010199031046934, 0.0, 0.0, 3.2551441301263995, 0.21865227216358485, 0.6798258146594698, 1.82105630477863
3969, 39.688581314878896, 0.7112550176991996, 1.8382621682568336, 3.2442791953669374, 1.6010199031046934, 0.0, 0.0, 3.157503006039718, 0.1903435644654916, 0.7126336187621598, 1.8366367310534262
3970, 39.698583477508656, 0.743697809652869, 1.8542723672878805, 3.2442791953669374, 1.6010199031046934, 0.0, 0.0, 3.0591000210871906, 0.16389156086768797, 0.7437847010072143, 1.8548111642663554
3971, 39.70858564013841, 0.7761406016065384, 1.8702825663189278, 3.2442791953669374, 1.6010199031046934, 0.0, 0.0, 2.960072699651275, 0.13935643364662342, 0.7766037265737901, 1.8719954458895847
3972, 39.71858780276817, 0.8085833935602078, 1.8862927653499746, 3.2442791953669374, 1.6010199031046934, 0.0, 0.0, 2.860556724912924, 0.11679374740581594, 0.8083165227986873, 1.885616260116456
3973, 39.72858996539792, 0.8410261855138772, 1.9023029643810214, 3.2442791953669374, 1.6010199031046934, 0.0, 0.0, 2.7606857241865517, 0.09625432917184162, 0.8428749853081862, 1.904191354320627
3974, 39.73859212802768, 0.8734689774675466, 1.9183131634120683, 3.2442791953669374, 1.6010199031046934, 0.0, 0.0, 2.6605910625570264, 0.07778414963815339, 0.874670135523786, 1.9181593406700206
3975, 39.748594290657444, 0.905911769421216, 1.9343233624431155, 3.2442791953669374, 1.6010199031046934, 0.0, 0.0, 2.560401645189595, 0.06142421583533486, 0.9034748702058496, 1.9339728771323235
3976, 39.7585964532872, 0.9383545613748854, 1.9503335614741624, 3.2442791953669374, 1.6010199031046934, 0.0, 0.0, 2.4602437286597705, 0.04721047547957524, 0.9368287148732806, 1.9490510345696657
3977, 39.76859861591696, 0.9707973533285548, 1.9663437605052092, 3.2442791953669374, 1.6010199031046934, 0.0, 0.0, 2.3602407416255478, 0.03517373322371864, 0.9715566561151993, 1.965597587921846
3978, 39.77860077854672, 1.0032401452822242, 1.9823539595362565, 3.2442791953669374, 1.6010199031046934, 0.0, 0.0, 2.260513115139111, 0.02533957900731354, 1.0035509828362927, 1.9826999542040817
3979, 39.78860294117647, 1.0356829372358936, 1.9983641585673033, 3.2442791953669374, 1.6010199031046934, 0.0, 0.0, 2.1611781228693516, 0.017728328673668803, 1.0376090310201993, 1.9989280744712032
3980, 39.79860510380623, 1.068125729189563, 2.01437435759835, 3.2442791953669374, 1.6010199031046934, 0.0, 0.0, 2.062349731480234, 0.012354976993128153, 1.0681310332766538, 2.0119762932641176
3981, 39.80860726643599, 1.1005685211432323, 2.030384556629397, 3.2442791953669374, 1.6010199031046934, 0.0, 0.0, 1.9641384613832518, 0.009229163202646551, 1.1003755849107133, 2.030253682047132
3982, 39.818609429065745, 1.1330113130969022, 2.0463947556604443, 3.2442791953669374, 1.6010199031046934, 0.0, 0.0, 1.8666512580551347, 0.008355149142366791, 1.1329273300392688, 2.0481544232674382
3983, 39.828611591695505, 1.1654541050505716, 2.062404954691491, 3.2442791953669374, 1.6010199031046934, 0.0, 0.0, 1.7699913740845081, 0.009731810040317979, 1.1641473220415137, 2.063792995184506
3984, 39.83861375432526, 1.197896897004241, 2.078415153722538, 3.2442791953669374, 1.6010199031046934, 0.0, 0.0, 1.674258262083542, 0.013352637966667635, 1.1973738346946052, 2.078571296686441
3985, 39.84861591695502, 1.2303396889579103, 2.0944253527535848, 3.2442791953669374, 1.6010199031046934, 0.0, 0.0, 1.5795474785727939, 0.019205757949206426, 1.2317809117146814, 2.0933559647483375
3986, 39.85861807958478, 1.2627824809115797, 2.110435551784632, 3.2442791953669374, 1.6010199031046934, 0.0, 0.0, 1.4859505989195108, 0.027273956712027814, 1.2621556036254793, 2.1105870078785096
3987, 39.86862024221453, 1.2952252728652491, 2.126445750815679, 3.2442791953669374, 1.6010199031046934, 0.0, 0.0, 1.3935551433816482, 0.03753472396972113, 1.2956371251965226, 2.127012426560405
3988, 39.87862240484429, 1.3276680648189185, 2.1424559498467257, 3.2442791953669374, 1.6010199031046934, 0.0, 0.0, 1.3024445142819618, 0.04996030617992342, 1.3272037256006188, 2.141479973270152
3989, 39.888624567474054, 1.360110856772588, 2.1584661488777726, 3.2442791953669374, 1.6010199031046934, 0.0, 0.0, 1.212697944308642, 0.06451777262782843, 1.3609618014048719, 2.1591631887873546
3990, 39.89862673010381, 1.3925536487262573, 2.17447634790882, 3.2442791953669374, 1.6010199031046934, 0.0, 0.0, 1.1243904559113078, 0.08116909368729064, 1.390191761444827, 2.1742201398523564
3991, 39.90862889273357, 1.4249964406799267, 2.1904865469398667, 3.2442791953669374, 1.6010199031046934, 0.0, 0.0, 1.037592831733722, 0.09987123107458495, 1.4253725796042984, 2.188672997087214
3992, 39.91863105536333, 1.457439232633596, 2.2064967459709135, 3.2442791953669374, 1.6010199031046934, 0.0, 0.0, 0.9523715959974529, 0.12057623988271915, 1.457610817506003, 2.2068081362307876
3993, 39.92863321799308, 1.4898820245872655, 2.2225069450019603, 3.2442791953669374, 1.6010199031046934, 0.0, 0.0, 0.8687890067239098, 0.1432313821565413, 1.4921709271307955, 2.2205027737358254
3994, 39.93863538062284, 1.5223248165409349, 2.2385171440330076, 3.2442791953669374, 1.6010199031046934, 0.0, 0.0, 0.7869030586558596, 0.1677792517417902, 1.5234521639535163, 2.2379593288242443
3995, 39.948637543252595, 1.5547676084946043, 2.2545273430640544, 3.2442791953669374, 1.6010199031046934, 0.0, 0.0, 0.7067674967136398, 0.19415791011476513, 1.5566883033336991, 2.2539965581685086
3996, 39.958639705882355, 1.5872104004482737, 2.2705375420951013, 3.2442791953669374, 1.6010199031046934, 0.0, 0.0, 0.6284318397960036, 0.22230103287351544, 1.587536465564118, 2.270431227463054
3997, 39.968641868512115, 1.619653192401943, 2.286547741126148, 3.2442791953669374, 1.6010199031046934, 0.0, 0.0, 0.5519414147108248, 0.25213806654641535, 1.6219033225585973, 2.286444383330367
3998, 39.97864403114187, 1.6520959843556124, 2.3025579401571954, 3.2442791953669374, 1.6010199031046934, 0.0, 0.0, 0.4773373999968773, 0.28359439534977027, 1.6505330131815197, 2.3030002312830375
3999, 39.98864619377163, 1.6845387763092818, 2.3185681391882422, 3.2442791953669374, 1.6010199031046934, 0.0, 0.0, 0.40465687937460126, 0.3165915175027359, 1.6834716204575826, 2.3199285717645406
4000, 39.99864835640139, 1.7169815682629512, 2.334578338219289, 3.2442791953669374, 1.6010199031046934, 0.0, 0.0, 0.33393290454128266, 0.35104723068540383, 1.715794117949727, 2.334973363069148
4001, 40.00865051903114, 1.7494243602166206, 2.350588537250336, 3.2442791953669374, 1.6010199031046934, 0.0, 0.0, 0.26519456700435917, 0.3868758262044274, 1.7495836390336112, 2.3498796621034432
4002, 40.0186526816609, 1.78186715217029, 2.366598736281383, 3.2442791953669374, 1.6010199031046934, 0.0, 0.0, 0.19846707862582158, 0.42398829141012745, 1.7835414510116614, 2.367929821023929
4003, 40.02865484429066, 1.8143099441239594, 2.38260893531243, 3.2442791953669374, 1.6010199031046934, 0.0, 0.0, 0.13377186053079404, 0.4622925198896364, 1.8152189731016055, 2.3813787111274394
4004, 40.03865700692042, 1.8467527360776288, 2.398619134343477, 3.2442791953669374, 1.6010199031046934, 0.0, 0.0, 0.07112664001452473, 0.5016935289423929, 1.8463130689557858, 2.3979075073458787
4005, 40.04865916955018, 1.8791955280312982, 2.4146293333745237, 3.2442791953669374, 1.6010199031046934, 0.0, 0.0, 0.01054555506415622, 0.5420936838271841, 1.8786698090273106, 2.414769504788478
4006, 40.05866133217993, 1.9116383199849676, 2.430639532405571, 3.2442791953669374, 1.6010199031046934, 0.0, 0.0, -0.04796073390512223, 0.5833929282540486, 1.909957370224519, 2.430010287293238
4007, 40.06866349480969, 1.944081111938637, 2.446649731436618, 3.2442791953669374, 1.6010199031046934, 0.0, 0.0, -0.10438492551563838, 0.6254890205796799, 1.945028478749827, 2.4461370052785827
4008, 40.07866565743945, 1.9765239038923064, 2.4626599304676646, 3.2442791953669374, 1.6010199031046934, 0.0, 0.0, -0.15872295252512325, 0.6682777751515847, 1.9771583092988236, 2.464577570941295
4009, 40.088667820069205, 2.0089666958459755, 2.4786701294987115, 3.2442791953669374, 1.6010199031046934, 0.0, 0.0, -0.21097385100094135, 0.7116533082341516, 2.0089539062113944, 2.4782668722686507
4010, 40.098669982698965, 2.041409487799645, 2.4946803285297587, 3.2442791953669374, 1.6010199031046934, 0.0, 0.0, -0.2611396240268018, 0.7555082879390392, 2.0412433805877876, 2.49430647723677
4011, 40.108672145328725, 2.0738522797533143, 2.5106905275608056, 3.2442791953669374, 1.6010199031046934, 0.0, 0.0, -0.30922510040906803, 0.7997341875728671, 2.0746288349956488, 2.511135606579622
4012, 40.11867430795848, 2.1062950717069837, 2.5267007265918524, 3.2442791953669374, 1.6010199031046934, 0.0, 0.0, -0.3552377888594531, 0.8442215418071993, 2.1059660621613383, 2.527908627114964
4013, 40.12867647058824, 2.138737863660653, 2.5427109256228997, 3.2442791953669374, 1.6010199031046934, 0.0, 0.0, -0.3991877281393039, 0.8888602050691473, 2.1404953826063315, 2.5440280711128076
4014, 40.13867863321799, 2.170272741117351, 2.558628219165155, 3.03847278814698, 1.570484742266002, -23.002991504554096, -4.2489223919065395, -1.2809041854979282, 0.9873741174031752, 2.170836971663462, 2.558150092608685
4015, 40.14868079584775, 2.199507319423593, 2.5741206204682197, 2.8084428731014395, 1.5279955183469365, -23.002991504554096, -4.2489223919065395, -1.4107331977348165, 0.996943912009047, 2.1981940275851675, 2.5748295697292707
4016, 40.15868295847751, 2.2264415985793793, 2.589188129532094, 2.5784129580558983, 1.485506294427871, -23.002991504554096, -4.2489223919065395, -1.5368554288201401, 1.0053824225293209, 2.2272214339474, 2.5886685774886677
4017, 40.168685121107266, 2.251075578584711, 2.603830746356777, 2.348383043010357, 1.4430170705088055, -23.002991504554096, -4.2489223919065395, -1.6595839732221425, 1.0125541925250676, 2.2518688717290125, 2.602771389009091
4018, 40.17868728373703, 2.2734092594395867, 2.61804847094227, 2.118353127964816, 1.4005278465897402, -23.002991504554096, -4.2489223919065395, -1.7792005326393856, 1.018349910105449, 2.2750106492490763, 2.6182007470936584
4019, 40.18868944636679, 2.293442641144007, 2.631841303288572, 1.8883232129192749, 1.3580386226706747, -23.002991504554096, -4.2489223919065395, -1.89595400780573, 1.0226823847873594, 2.290810265065288, 2.6323872016123078
4020, 40.19869160899654, 2.311175723697972, 2.6452092433956835, 1.6582932978737335, 1.3155493987516091, -23.002991504554096, -4.2489223919065395, -2.0100595413063473, 1.0254827754289986, 2.3120134758733877, 2.643966014422887
4021, 40.2086937716263, 2.326608507101482, 2.658152291263604, 1.428263382828192, 1.2730601748325436, -23.002991504554096, -4.2489223919065395, -2.121697941291278, 1.026697096030295, 2.327182877895429, 2.6571701465888626
4022, 40.21869593425606, 2.339740991354536, 2.670670446892334, 1.198233467782651, 1.2305709509134783, -23.002991504554096, -4.2489223919065395, -2.2310154253801007, 1.0262830167605588, 2.339105263316192, 2.668656511520641
4023, 40.228698096885815, 2.350573176457135, 2.6827637102818738, 0.9682035527371102, 1.1880817269944128, -23.002991504554096, -4.2489223919065395, -2.338123633343172, 1.0242069698859617, 2.3496744053199747, 2.6827848835567645
4024, 40.238700259515575, 2.359105062409278, 2.6944320814322227, 0.7381736376915691, 1.1455925030753475, -23.002991504554096, -4.2489223919065395, -2.443099866191676, 1.020441564206647, 2.3601431329803786, 2.6934845726280456
4025, 40.24870242214533, 2.365336649210966, 2.705675560343381, 0.5081437226460275, 1.103103279156282, -23.002991504554096, -4.2489223919065395, -2.545987518018367, 1.0149633070375654, 2.3654854403783525, 2.7052336975639593
4026, 40.25870458477509, 2.3692679368621987, 2.7164941470153483, 0.27811380760048676, 1.0606140552372167, -23.002991504554096, -4.2489223919065395, -2.646796675241049, 1.007750629529677, 2.368975971856047, 2.7156515076192758
4027, 40.26870674740485, 2.370898925362976, 2.726887841448125, 0.04808389255494516, 1.0181248313181512, -23.002991504554096, -4.2489223919065395, -2.7455048657719274, 0.9987822090750217, 2.3690844562102065, 2.728369975907602
4028, 40.2787089100346, 2.3702296147132977, 2.7368566436417114, -0.181946022490596, 0.9756356073990858, -23.002991504554096, -4.2489223919065395, -2.842057948045132, 0.9880355815154711, 2.369327876795339, 2.7359442928374125
4029, 40.28871107266436, 2.367260004913164, 2.7464005535961067, -0.4119759375361369, 0.9331463834800204, -23.002991504554096, -4.2489223919065395, -2.9363711367695817, 0.9754860357279338, 2.3685724398571972, 2.746746185959589
4030, 40.29871323529412, 2.3619900959625753, 2.7555195713113116, -0.6420058525816779, 0.890657159560955, -23.002991504554096, -4.2489223919065395, -3.0283301687283997, 0.9611057837395913, 2.362189139522484, 2.756329271420462
4031, 40.308715397923876, 2.3544198878615306, 2.764213696787326, -0.8720357676272195, 0.8481679356418895, -23.002991504554096, -4.2489223919065395, -3.1177926179143878, 0.944863400691375, 2.355230861236517, 2.7629383970220625
4032, 40.31871756055364, 2.3445493806100304, 2.7724829300241494, -1.1020656826727604, 0.8056787117228241, -23.002991504554096, -4.2489223919065395, -3.2045893747659013, 0.9267235305774384, 2.344791305363713, 2.772470832560816
4033, 40.32871972318339, 2.332378574208075, 2.7803272710217826, -1.3320955977183015, 0.7631894878037586, -23.002991504554096, -4.2489223919065395, -3.2885263092359676, 0.9066468556082272, 2.3328328515357595, 2.779759998802207
4034, 40.33872188581315, 2.3179074686556644, 2.7877467197802246, -1.5621255127638431, 0.7207002638846933, -23.002991504554096, -4.2489223919065395, -3.369386141868143, 0.8845903291439459, 2.317578516503027, 2.7881441953384227
4035, 40.34872404844291, 2.3011360639527982, 2.7947412762994763, -1.792155427809384, 0.6782110399656279, -23.002991504554096, -4.2489223919065395, -3.4469305509335753, 0.8605076742948365, 2.303191230153874, 2.793516079639268
4036, 40.358726211072664, 2.282064360099477, 2.8013109405795373, -2.022185342854925, 0.6357218160465624, -23.002991504554096, -4.2489223919065395, -3.5209025469608033, 0.8343501523564558, 2.28198739180264, 2.8032484476622916
4037, 40.368728373702425, 2.2606923570957, 2.8074557126204076, -2.252215257900467, 0.593232592127497, -23.002991504554096, -4.2489223919065395, -3.591029148605109, 0.8060676071128846, 2.2616221050585357, 2.806818523672873
4038, 40.378730536332185, 2.2370200549414676, 2.813175592422087, -2.4822451729460075, 0.5507433682084315, -23.002991504554096, -4.2489223919065395, -3.65702439568561, 0.7756097925668483, 2.2365778753562315, 2.812977381357343
4039, 40.38873269896194, 2.2110474536367795, 2.8184705799845764, -2.7122750879915483, 0.5082541442893661, -23.002991504554096, -4.2489223919065395, -3.718592736278336, 0.7429279927076593, 2.211683753460721, 2.818675030557398
4040, 40.3987348615917, 2.1827745531816363, 2.8233406753078745, -2.9423050030370903, 0.4657649203703007, -23.002991504554096, -4.2489223919065395, -3.775432824890565, 0.7079769423657372, 2.1818150971035215, 2.8229704017588757
4041, 40.40873702422146, 2.1522013535760376, 2.8277858783919823, -3.172334918082631, 0.4232756964512353, -23.002991504554096, -4.2489223919065395, -3.8272417678392774, 0.6707170578810422, 2.1533884636951814, 2.827576599984118
4042, 40.41873918685121, 2.119327854819984, 2.8318061892368993, -3.402364833128172, 0.38078647253216985, -23.002991504554096, -4.2489223919065395, -3.8737198498859162, 0.6311169850822455, 2.1186228098278295, 2.831216561307597
4043, 40.42874134948097, 2.084154056913474, 2.8354016078426256, -3.6323947481737138, 0.3382972486131044, -23.002991504554096, -4.2489223919065395, -3.9145757728000365, 0.5891564697801563, 2.0836601641612407, 2.8360549160019164
4044, 40.438743512110726, 2.0466799598565095, 2.838572134209161, -3.8624246632192545, 0.29580802469403894, -23.002991504554096, -4.2489223919065395, -3.949532431687423, 0.5448295524675422, 2.0474659296760978, 2.837838643936278
4045, 40.448745674740486, 2.006905563649089, 2.8413177683365065, -4.092454578264795, 0.2533188007749736, -23.002991504554096, -4.2489223919065395, -3.978333248469349, 0.4981480840341554, 2.007457054052593, 2.8427370723307934
4046, 40.45874783737025, 1.9648308682912135, 2.843638510224661, -4.322484493310337, 0.2108295768559081, -23.002991504554096, -4.2489223919065395, -4.000749073683727, 0.4491455529027719, 1.962974397087958, 2.8429057832067595
4047, 40.46875, 1.9204558737828825, 2.8455343598736245, -4.5525144083558775, 0.16834035293684269, -23.002991504554096, -4.2489223919065395, -4.016585657644553, 0.3978812059335, 1.9211893645051619, 2.8465395688597366
4048, 40.47875216262976, 1.8737805801240959, 2.8470053172833976, -4.782544323401419, 0.12585112901777723, -23.002991504554096, -4.2489223919065395, -4.025691679802104, 0.3444444356133317, 1.8737934586404763, 2.847209312639198
4049, 40.48875432525952, 1.8248049873148537, 2.8480513824539804, -5.012574238446961, 0.08336190509871183, -23.002991504554096, -4.2489223919065395, -4.02796731076838, 0.2889593943584282, 1.824245934513765, 2.846662604579408
4050, 40.498756487889274, 1.7735290953551563, 2.848672555385372, -5.2426041534925005, 0.04087268117964639, -23.002991504554096, -4.2489223919065395, -4.023373264811871, 0.23158978316042395, 1.7742156328009597, 2.848650067269561
4051, 40.508758650519034, 1.719952904245004, 2.848868836077573, -5.472634068538043, -0.0016165427394190246, -23.002991504554096, -4.2489223919065395, -4.01194028161806, 0.17254374631007835, 1.7208035828349053, 2.8509945303136592
4052, 40.518760813148795, 1.6640764139843955, 2.8486402245305835, -5.702663983583585, -0.04410576665848446, -23.002991504554096, -4.2489223919065395, -3.9937789547381755, 0.112078786603944, 1.6641896392811595, 2.849122655071802
4053, 40.52876297577855, 1.605899624573332, 2.8479867207444034, -5.932693898629124, -0.0865949905775499, -23.002991504554096, -4.2489223919065395, -3.9690898004449293, 0.05050659643726565, 1.6046404292356886, 2.8464820872848593
4054, 40.53876513840831, 1.5465726855870428, 2.847120770838628, -5.932693898629117, -0.08659499057754848, 0.0, 0.0, -3.196337211976242, -0.14605212559125788, 1.5463077131273522, 2.8464266874264688
4055, 40.54876730103806, 1.4872457466007514, 2.8462548209328524, -5.932693898629117, -0.08659499057754848, 0.0, 0.0, -3.048616852295913, -0.20089757887596343, 1.4871667169448366, 2.847812993157852
4056, 40.55876946366782, 1.4279188076144602, 2.845388871027077, -5.932693898629117, -0.08659499057754848, 0.0, 0.0, -2.900590713604957, -0.25443021369163177, 1.4277344790356545, 2.844369946750026
4057, 40.56877162629758, 1.368591868628169, 2.8445229211213015, -5.932693898629117, -0.08659499057754848, 0.0, 0.0, -2.752774111360933, -0.30645401839206693, 1.3683061303437785, 2.8468235837271214
4058, 40.578773788927336, 1.309264929641878, 2.843656971215526, -5.932693898629117, -0.08659499057754848, 0.0, 0.0, -2.605681779803494, -0.3567784470075893, 1.3110106961483128, 2.8435719080442183
4059, 40.588775951557096, 1.2499379906555865, 2.8427910213097505, -5.932693898629117, -0.08659499057754848, 0.0, 0.0, -2.459826080492397, -0.40521910942128003, 1.2478614442311644, 2.842731938465437
4060, 40.59877811418686, 1.1906110516692954, 2.841925071403975, -5.932693898629117, -0.08659499057754848, 0.0, 0.0, -2.3157152185574144, -0.45159843924817117, 1.1915909948539691, 2.84172217270525
4061, 40.60878027681661, 1.1312841126830042, 2.8410591214981995, -5.932693898629117, -0.08659499057754848, 0.0, 0.0, -2.1738514728674545, -0.4957463369982644, 1.1299003128979896, 2.8419740862567937
4062, 40.61878243944637, 1.0719571736967128, 2.840193171592424, -5.932693898629117, -0.08659499057754848, 0.0, 0.0, -2.0347294462797882, -0.5375007861937832, 1.0725100141595567, 2.8402970011527167
4063, 40.628784602076124, 1.0126302347104217, 2.8393272216866485, -5.932693898629117, -0.08659499057754848, 0.0, 0.0, -1.898834342062432, -0.5767084402090258, 1.0108601632391943, 2.8386055285565983
4064, 40.638786764705884, 0.9533032957241305, 2.838461271780873, -5.932693898629117, -0.08659499057754848, 0.0, 0.0, -1.766640272493636, -0.6132251777072331, 0.9546151861903417, 2.8394448377504955
4065, 40.648788927335644, 0.8939763567378392, 2.8375953218750976, -5.932693898629117, -0.08659499057754848, 0.0, 0.0, -1.638608605532494, -0.6469166246626302, 0.8948224917287367, 2.837309065701359
4066, 40.6587910899654, 0.834649417751548, 2.836729371969322, -5.932693898629117, -0.08659499057754848, 0.0, 0.0, -1.5151863553241725, -0.6776586410768268, 0.8334541201583765, 2.836999718534879
4067, 40.66879325259516, 0.7753224787652568, 2.8358634220635466, -5.932693898629117, -0.08659499057754848, 0.0, 0.0, -1.3968046221526533, -0.7053377706266513, 0.7754269320088537, 2.83487998026947
4068, 40.67879541522492, 0.7159955397789655, 2.834997472157771, -5.932693898629117, -0.08659499057754848, 0.0, 0.0, -1.283877087283765, -0.7298516516147475, 0.71554099910027, 2.8348835693478165
4069, 40.68879757785467, 0.6566686007926745, 2.8341315222519956, -5.932693898629117, -0.08659499057754848, 0.0, 0.0, -1.1767985679521145, -0.7511093877344408, 0.6556210836404244, 2.8343447602842016
4070, 40.69879974048443, 0.5973416618063832, 2.83326557234622, -5.932693898629117, -0.08659499057754848, 0.0, 0.0, -1.0759436375380491, -0.7690318773059234, 0.5968321162507902, 2.8338248536198183
4071, 40.70880190311419, 0.5380147228200918, 2.8323996224404446, -5.932693898629117, -0.08659499057754848, 0.0, 0.0, -0.981665315755758, -0.783552099791239, 0.5381181433181057, 2.833751392301826
4072, 40.718804065743946, 0.47868778383380084, 2.831533672534669, -5.932693898629117, -0.08659499057754848, 0.0, 0.0, -0.8942938334315977, -0.794615358550286, 0.4783113188090919, 2.8314796715554977
4073, 40.728806228373706, 0.41936084484750946, 2.8306677226288937, -5.932693898629117, -0.08659499057754848, 0.0, 0.0, -0.8141354761938886, -0.8021794789585485, 0.420966000752758, 2.8315697015050563
4074, 40.73880839100346, 0.3600339058612181, 2.829801772723118, -5.932693898629117, -0.08659499057754848, 0.0, 0.0, -0.7414715111223313, -0.8062149611689615, 0.3593468532828368, 2.8298265830774048
4075, 40.74881055363322, 0.30070696687492715, 2.8289358228173427, -5.932693898629117, -0.08659499057754848, 0.0, 0.0, -0.6765572001179834, -0.8067050869645898, 0.3008266379626361, 2.828766358899111
4076, 40.75881271626298, 0.24138002788863577, 2.828069872911567, -5.932693898629117, -0.08659499057754848, 0.0, 0.0, -0.6196209034543605, -0.8036459803150907, 0.24272519865161107, 2.8285754590391288
4077, 40.768814878892734, 0.1820530889023444, 2.8272039230057917, -5.932693898629117, -0.08659499057754848, 0.0, 0.0, -0.5708632766576995, -0.7970466214176198, 0.18175622008381412, 2.8265590573179122
4078, 40.778817041522494, 0.12272614991605346, 2.826337973100016, -5.932693898629117, -0.08659499057754848, 0.0, 0.0, -0.53045656354081, -0.7869288141713237, 0.12219575955511114, 2.8256760155413665
4079, 40.788819204152254, 0.06339921092976208, 2.8254720231942407, -5.932693898629117, -0.08659499057754848, 0.0, 0.0, -0.4985439878814657, -0.7733271072032284, 0.06280911073627414, 2.8266413498023555
4080, 40.79882136678201, 0.004072271943470707, 2.8246060732884652, -5.932693898629117, -0.08659499057754848, 0.0, 0.0, -0.47523924589397426, -0.7562886687315742, 0.00422142435625339, 2.8247056112893936
4081, 40.80882352941177, -0.05525466704282023, 2.8237401233826898, -5.932693898629117, -0.08659499057754848, 0.0, 0.0, -0.4606261012926782, -0.735873115719856, -0.052775107697671124, 2.8244453704490717
4082, 40.81882569204153, -0.1145816060291116, 2.8228741734769143, -5.932693898629117, -0.08659499057754848, 0.0, 0.0, -0.45475808438989196, -0.7121522979403859, -0.11697503881675149, 2.8229333456190493
4083, 40.82882785467128, -0.17390854501540254, 2.822008223571139, -5.932693898629117, -0.08659499057754848, 0.0, 0.0, -0.4576582963093929, -0.685210037729521, -0.1727620649180399, 2.8222052678817513
4084, 40.83883001730104, -0.23323548400169392, 2.8211422736653633, -5.932693898629117, -0.08659499057754848, 0.0, 0.0, -0.4693193190312752, -0.6551418263771823, -0.23200317504835039, 2.8215957130943083
4085, 40.848832179930795, -0.29256242298798485, 2.820276323759588, -5.932693898629117, -0.08659499057754848, 0.0, 0.0, -0.4897032316160961, -0.62205447825038, -0.2922224343565485, 2.819925284049765
4086, 40.858834342560556, -0.3518893619742762, 2.8194103738538123, -5.932693898629117, -0.08659499057754848, 0.0, 0.0, -0.518741732587007, -0.5860657439035248, -0.3517230765722864, 2.8185587598233517
4087, 40.868836505190316, -0.4112163009605676, 2.818544423948037, -5.932693898629117, -0.08659499057754848, 0.0, 0.0, -0.5563363680792675, -0.5473038835768891, -0.41034485651256425, 2.817326196635093
4088, 40.87883866782007, -0.47054323994685854, 2.8176784740422613, -5.932693898629117, -0.08659499057754848, 0.0, 0.0, -0.6023588649984735, -0.5059072026280371, -0.47303249479192105, 2.8179677440092856
4089, 40.88884083044983, -0.5298701789331499, 2.816812524136486, -5.932693898629117, -0.08659499057754848, 0.0, 0.0, -0.6566515680632938, -0.46202355057893374, -0.5307154593802392, 2.816649047966174
4090, 40.89884299307959, -0.5891971179194413, 2.8159465742307104, -5.932693898629117, -0.08659499057754848, 0.0, 0.0, -0.7190279792467171, -0.4158097855932346, -0.5889837618470745, 2.814574349507846
4091, 40.90884515570934, -0.6485240569057322, 2.815080624324935, -5.932693898629117, -0.08659499057754848, 0.0, 0.0, -0.7892733977731097, -0.3674312063234587, -0.6488798043505235, 2.8149433802898813
4092, 40.918847318339104, -0.7078509958920236, 2.8142146744191594, -5.932693898629117, -0.08659499057754848, 0.0, 0.0, -0.8671456584779138, -0.31706095318595207, -0.7085245697487498, 2.8135937616117865
4093, 40.92884948096886, -0.767177934878315, 2.813348724513384, -5.932693898629117, -0.08659499057754848, 0.0, 0.0, -0.9523759659938884, -0.26487938123227905, -0.7685009095753481, 2.81472276545589
4094, 40.93885164359862, -0.8265048738646059, 2.8124827746076084, -5.932693898629117, -0.08659499057754848, 0.0, 0.0, -1.0446698218935455, -0.21107340688855059, -0.827113821977345, 2.8128210537562714
4095, 40.94885380622838, -0.8858318128508973, 2.811616824701833, -5.932693898629117, -0.08659499057754848, 0.0, 0.0, -1.143708041593067, -0.15583583092886266, -0.8862214978342629, 2.8101180988255585
4096, 40.95885596885813, -0.9451587518371887, 2.8107508747960575, -5.932693898629117, -0.08659499057754848, 0.0, 0.0, -1.2491478575095885, -0.09936464013510074, -0.9462146846984381, 2.8106234328716737
4097, 40.96885813148789, -1.0044856908234796, 2.809884924890282, -5.932693898629117, -0.08659499057754848, 0.0, 0.0, -1.360624104662465, -0.04186229017255118, -1.0027480740767043, 2.8099256461363673
4098, 40.97886029411765, -1.063812629809771, 2.8090189749845065, -5.932693898629117, -0.08659499057754848, 0.0, 0.0, -1.4777504846209717, 0.016465027721184043, -1.0639968912492221, 2.8079633025961503
4099, 40.988862456747405, -1.1231395687960624, 2.808153025078731, -5.932693898629117, -0.08659499057754848, 0.0, 0.0, -1.6001209034268946, 0.07540813357785078, -1.121961085670659, 2.807569323115267
4100, 40.998864619377166, -1.1824665077823533, 2.8072870751729555, -5.932693898629117, -0.08659499057754848, 0.0, 0.0, -1.7273108788615796, 0.13475561636565983, -1.1837429906844228, 2.8059454662571595
4101, 41.008866782006926, -1.2404391382704336, 2.806076343624568, -5.644345981010709, -0.1552960861642047, 30.583413559462294, -6.844586265086736, -0.7682605211710678, -0.1792334962647697, -1.2406483734617835, 2.80605803016413
4102, 41.01886894463668, -1.2953534274025675, 2.8041811534496714, -5.338511845416086, -0.22374194881507212, 30.583413559462294, -6.844586265086736, -0.7432328025910298, -0.17853860475622868, -1.296815069407292, 2.8036356311554957
4103, 41.02887110726644, -1.3472093751787555, 2.8016015046482665, -5.032677709821463, -0.29218781146593953, 30.583413559462294, -6.844586265086736, -0.7126310386893662, -0.17887709997992762, -1.3477604732026784, 2.8011413529027447
4104, 41.03887326989619, -1.396006981598997, 2.7983373972203527, -4.726843574226838, -0.36063367411680697, 30.583413559462294, -6.844586265086736, -0.6757172622522627, -0.1804660481015745, -1.3961633028396263, 2.7974633997069973
4105, 41.04887543252595, -1.4417462466632922, 2.7943888311659304, -4.4210094386322165, -0.42907953676767435, 30.583413559462294, -6.844586265086736, -0.6318797787406245, -0.18346875009256902, -1.4431322014125536, 2.7952759731125543
4106, 41.058877595155714, -1.4844271703716414, 2.789755806484999, -4.115175303037593, -0.49752539941854185, 30.583413559462294, -6.844586265086736, -0.5806179458487453, -0.18799903895277942, -1.4841283746817142, 2.790235996790285
4107, 41.06887975778547, -1.5240497527240442, 2.7844383231775596, -3.8093411674429696, -0.5659712620694092, 30.583413559462294, -6.844586265086736, -0.5215269999393279, -0.194125536318353, -1.5224553716843487, 2.78648029859527
4108, 41.07888192041523, -1.5606139937205008, 2.778436381243611, -3.503507031848346, -0.6344171247202767, 30.583413559462294, -6.844586265086736, -0.45428325512917267, -0.2018758097020228, -1.5601276566449118, 2.7780261621964972
4109, 41.08888408304499, -1.594119893361011, 2.771749980683154, -3.1976728962537235, -0.702862987371144, 30.583413559462294, -6.844586265086736, -0.3786299352410123, -0.2112403845675915, -1.5947960816471392, 2.7726946091395632
4110, 41.09888624567474, -1.6245674516455755, 2.764379121496188, -2.8918387606591005, -0.7713088500220114, 30.583413559462294, -6.844586265086736, -0.29436384116101144, -0.22217657712915206, -1.6246486444960664, 2.7644687772498355
4111, 41.1088884083045, -1.651956668574193, 2.756323803682714, -2.5860046250644766, -0.8397547126728788, 30.583413559462294, -6.844586265086736, -0.20132300655683855, -0.23461212414625307, -1.6522712112004538, 2.756561730968862
4112, 41.118890570934255, -1.6762875441468648, 2.7475840272427305, -2.280170489469853, -0.9082005753237464, 30.583413559462294, -6.844586265086736, -0.09937545332353959, -0.2484485950556728, -1.675528127822547, 2.748778504022549
4113, 41.128892733564015, -1.6975600783635905, 2.738159792176239, -1.9743363538752305, -0.9766464379746137, 30.583413559462294, -6.844586265086736, 0.011590875793767719, -0.26356457956766366, -1.697817351762054, 2.738972982413399
4114, 41.138894896193776, -1.7157742712243695, 2.7280510984832382, -1.668502218280607, -1.045092300625481, 30.583413559462294, -6.844586265086736, 0.13167695670013702, -0.2798186504122835, -1.716074117064804, 2.7296523586678645
4115, 41.14889705882353, -1.7309301227292027, 2.717257946163729, -1.3626680826859836, -1.1135381632763486, 30.583413559462294, -6.844586265086736, 0.26098026507593075, -0.29705210632037876, -1.732331406536797, 2.717560914373242
4116, 41.15889922145329, -1.7430276328780892, 2.705780335217711, -1.0568339470913606, -1.181984025927216, 30.583413559462294, -6.844586265086736, 0.3996010829889136, -0.3150915046461137, -1.743214733828957, 2.704035871793301
4117, 41.16890138408305, -1.7520668016710297, 2.693618265645185, -0.7509998114967376, -1.2504298885780833, 30.583413559462294, -6.844586265086736, 0.5476475241280019, -0.3337509963730675, -1.7521530087156136, 2.695331166261236
4118, 41.1789035467128, -1.758047629108024, 2.6807717374461495, -0.44516567590211453, -1.3188757512289508, 30.583413559462294, -6.844586265086736, 0.7052392757603951, -0.3528344786862254, -1.7574691576226034, 2.681989378511262
4119, 41.18890570934256, -1.760970115189072, 2.6672407506206057, -0.1393315403074915, -1.3873216138798183, 30.583413559462294, -6.844586265086736, 0.8725100569672464, -0.37213758193015906, -1.763054900030435, 2.668492634042638
4120, 41.198907871972324, -1.7608342599141737, 2.653025305168553, 0.1665025952871324, -1.4557674765306856, 30.583413559462294, -6.844586265086736, 1.0496087914461547, -0.391449508699311, -1.7619765475326692, 2.655049769593159
4121, 41.20891003460208, -1.7576400632833293, 2.638125401089992, 0.47233673088175543, -1.524213339181553, 30.583413559462294, -6.844586265086736, 1.2366994899704515, -0.4105547431055999, -1.757619792724421, 2.639293923875684
4122, 41.21891219723184, -1.7513875252965387, 2.622541038384922, 0.7781708664763789, -1.5926592018324204, 30.583413559462294, -6.844586265086736, 1.4339598332497563, -0.42923464802221095, -1.7514708661683014, 2.623316222021284
4123, 41.22891435986159, -1.742076645953802, 2.6062722170533434, 1.0840050020710024, -1.6611050644832879, 30.583413559462294, -6.844586265086736, 1.641578441224933, -0.44726896738545124, -1.7413767677150118, 2.606671860265553
4124, 41.23891652249135, -1.7297074252551186, 2.589318937095256, 1.389839137665625, -1.7295509271341556, 30.583413559462294, -6.844586265086736, 1.8597508105360054, -0.4644372495177698, -1.7306616961023567, 2.5899418501817206
4125, 41.24891868512111, -1.7142798632004892, 2.5716811985106602, 1.695673273260248, -1.7979967897850229, 30.583413559462294, -6.844586265086736, 2.0886738988120115, -0.48052020597770145, -1.7133391293492113, 2.572313347598633
4126, 41.258920847750865, -1.6957939597899139, 2.5533590012995555, 2.0015074088548714, -1.8664426524358901, 30.583413559462294, -6.844586265086736, 2.328539333345764, -0.4953010187043199, -1.6956941475386118, 2.553460092377932
4127, 41.268923010380625, -1.6742497150233917, 2.5343523454619423, 2.3073415444494945, -1.9348885150867576, 30.583413559462294, -6.844586265086736, 2.579525223445102, -0.508566606258134, -1.6746905265038023, 2.533052216698993
4128, 41.278925173010386, -1.6496471289009236, 2.5146612309978207, 2.613175680044118, -2.003334377737625, 30.583413559462294, -6.844586265086736, 2.8417865611203634, -0.5201088578167781, -1.649493991147502, 2.514273463758926
4129, 41.28892733564014, -1.6219862014225095, 2.4942856579071897, 2.919009815638741, -2.071780240388492, 30.583413559462294, -6.844586265086736, 3.115444204609628, -0.5297258413094864, -1.6212836197198857, 2.49367444110735
4130, 41.2989294982699, -1.591266932588149, 2.4732256261900507, 3.224843951233365, -2.14022610303936, 30.583413559462294, -6.844586265086736, 3.4005724543951725, -0.5372229897147576, -1.5905829197188113, 2.471695083099901
4131, 41.30893166089966, -1.557489322397842, 2.451481135846403, 3.530678086827987, -2.208671965690227, 30.583413559462294, -6.844586265086736, 3.6971852526505327, -0.5424142671463472, -1.5576423314992136, 2.451778619060778
4132, 41.31893382352941, -1.5206533708515888, 2.429052186876246, 3.836512222422611, -2.277117828341095, 30.583413559462294, -6.844586265086736, 4.005221065267984, -0.5451233139602988, -1.5208659045136497, 2.4281365163681414
4133, 41.32893598615917, -1.4807590779493898, 2.4059387792795808, 4.142346358017234, -2.3455636909919617, 30.583413559462294, -6.844586265086736, 4.3245265414793055, -0.5451845677787132, -1.479746486101308, 2.4058262680707205
4134, 41.33893814878893, -1.4378064436912443, 2.382140913056407, 4.448180493611856, -2.4140095536428294, 30.583413559462294, -6.844586265086736, 4.654839090225364, -0.5424443550965857, -1.4368753444169506, 2.3815734468968683
4135, 41.34894031141869, -1.3917954680771525, 2.357658588206724, 4.75401462920648, -2.482455416293697, 30.583413559462294, -6.844586265086736, 4.9957685653302, -0.53676194607246, -1.3905927524165091, 2.3575978687456334
4136, 41.35894247404845, -1.3427261511071147, 2.332491804730533, 5.059848764801103, -2.5509012789445644, 30.583413559462294, -6.844586265086736, 5.3467783134634175, -0.5280105632634818, -1.341288700252069, 2.331595563061149
4137, 41.3689446366782, -1.2905984927811305, 2.306640562627833, 5.3656829003957265, -2.6193471415954317, 30.583413559462294, -6.844586265086736, 5.707165909823933, -0.5160783335175653, -1.2891241487752916, 2.3073971503717448
4138, 41.37894679930796, -1.2354124930992, 2.280104861898624, 5.671517035990349, -2.6877930042462994, 30.583413559462294, -6.844586265086736, 6.076043986085651, -0.5008691710531714, -1.2345570150883012, 2.280230182324278
4139, 41.38894896193772, -1.1771681520613233, 2.252884702542907, 5.977351171584973, -2.7562388668971662, 30.583413559462294, -6.844586265086736, 6.452321642604074, -0.48230357901931953, -1.1761407187132902, 2.2533856009955655
4140, 41.398951124567475, -1.1158654696675003, 2.2249800845606806, 6.283185307179597, -2.824684729548034, 30.583413559462294, -6.844586265086736, 6.834687030843914, -0.46031935661945544, -1.1154521297457891, 2.2232493501034303
4141, 41.408953287197235, -1.0530336165957066, 2.1967332372652013, 6.283185307179586, -2.8246847295480317, 0.0, 0.0, 5.691179820384296, -0.3665192069930514, -1.0522194857419118, 2.196925341368891
4142, 41.41895544982699, -0.9902017635239106, 2.168486389969721, 6.283185307179586, -2.8246847295480317, 0.0, 0.0, 5.852815323590338, -0.3847952962963337, -0.9910228290492863, 2.16795963387416
4143, 41.42895761245675, -0.9273699104521147, 2.140239542674241, 6.283185307179586, -2.8246847295480317, 0.0, 0.0, 6.0062143962327035, -0.4040404536691249, -0.9284907595102799, 2.1397293008825233
4144, 41.43895977508651, -0.8645380573803187, 2.11199269537876, 6.283185307179586, -2.8246847295480317, 0.0, 0.0, 6.150711877361967, -0.42422676888892896, -0.8654816639986999, 2.1138397575298185
4145, 41.44896193771626, -0.8017062043085228, 2.08374584808328, 6.283185307179586, -2.8246847295480317, 0.0, 0.0, 6.28567544274018, -0.4453254173507907, -0.8034038010225355, 2.0847972386040996
4146, 41.45896410034602, -0.7388743512367271, 2.0554990007877993, 6.283185307179586, -2.8246847295480317, 0.0, 0.0, 6.410508184833152, -0.467306698276828, -0.7387286010235724, 2.0550122852753976
4147, 41.46896626297578, -0.6760424981649311, 2.027252153492319, 6.283185307179586, -2.8246847295480317, 0.0, 0.0, 6.524651055199702, -0.49014007380215907, -0.6769578054832153, 2.027558897127565
4148, 41.47896842560554, -0.6132106450931352, 1.999005306196839, 6.283185307179586, -2.8246847295480317, 0.0, 0.0, 6.627585159527398, -0.513794208887616, -0.6125746304159232, 2.0008389630085652
4149, 41.4889705882353, -0.5503787920213392, 1.9707584589013587, 6.283185307179586, -2.8246847295480317, 0.0, 0.0, 6.718833896143783, -0.5382370120088278, -0.5512830667543829, 1.970319190060388
4150, 41.49897275086506, -0.48754693894954326, 1.9425116116058783, 6.283185307179586, -2.8246847295480317, 0.0, 0.0, 6.797964929447869, -0.5634356765704251, -0.48777184051956385, 1.941490247806438
4151, 41.50897491349481, -0.4247150858777473, 1.9142647643103978, 6.283185307179586, -2.8246847295480317, 0.0, 0.0, 6.864591990356362, -0.5893567229934287, -0.4241031317374117, 1.9142828576787934
4152, 41.51897707612457, -0.3618832328059516, 1.8860179170149176, 6.283185307179586, -2.8246847295480317, 0.0, 0.0, 6.918376496540154, -0.6159660414232035, -0.36067752902431816, 1.8869865883287518
4153, 41.528979238754324, -0.29905137973415563, 1.8577710697194372, 6.283185307179586, -2.8246847295480317, 0.0, 0.0, 6.959028985936309, -0.6432289350047767, -0.3012600650505474, 1.8574370784845426
4154, 41.538981401384085, -0.23621952666235968, 1.8295242224239567, 6.283185307179586, -2.8246847295480317, 0.0, 0.0, 6.98631035775632, -0.6711101636717817, -0.23572822574867416, 1.8289757403841909
4155, 41.548983564013845, -0.17338767359056373, 1.8012773751284765, 6.283185307179586, -2.8246847295480317, 0.0, 0.0, 7.000032915969978, -0.699573988394828, -0.1712392422810493, 1.8000361005893029
4156, 41.5589857266436, -0.11055582051876778, 1.773030527832996, 6.283185307179586, -2.8246847295480317, 0.0, 0.0, 7.000061211022613, -0.7285842158347002, -0.10993720071434343, 1.7742791446900985
4157, 41.56898788927336, -0.04772396744697183, 1.7447836805375159, 6.283185307179586, -2.8246847295480317, 0.0, 0.0, 6.9863126763389225, -0.7581042433454594, -0.04734510295465064, 1.7432369546869892
4158, 41.57899005190312, 0.015107885624824124, 1.7165368332420354, 6.283185307179586, -2.8246847295480317, 0.0, 0.0, 6.958758056975682, -0.7880971042722471, 0.015584692270473805, 1.7177139877908632
4159, 41.58899221453287, 0.07793973869662008, 1.6882899859465552, 6.283185307179586, -2.8246847295480317, 0.0, 0.0, 6.9174216286053625, -0.8185255134884133, 0.07784711688113255, 1.6877545131818243
4160, 41.59899437716263, 0.14077159176841603, 1.6600431386510748, 6.283185307179586, -2.8246847295480317, 0.0, 0.0, 6.8623812058397, -0.849351913116437, 0.14107436851547678, 1.659354120896785
4161, 41.60899653979239, 0.20360344484021198, 1.6317962913555946, 6.283185307179586, -2.8246847295480317, 0.0, 0.0, 6.793767939733343, -0.8805385183770676, 0.20376800877834664, 1.6316777708841055
4162, 41.61899870242215, 0.26643529791200793, 1.6035494440601141, 6.283185307179586, -2.8246847295480317, 0.0, 0.0, 6.711765905139616, -0.912047363511101, 0.26595878846083537, 1.6016846560373268
4163, 41.62900086505191, 0.32926715098380344, 1.5753025967646337, 6.283185307179586, -2.8246847295480317, 0.0, 0.0, 6.616611479419774, -0.9438403477182908, 0.32707416070640694, 1.5753253976637551
4164, 41.63900302768166, 0.3920990040555994, 1.5470557494691535, 6.283185307179586, -2.8246847295480317, 0.0, 0.0, 6.50859251483074, -0.9758792810580252, 0.39143859683311244, 1.5483867379844094
4165, 41.64900519031142, 0.45493085712739534, 1.518808902173673, 6.283185307179586, -2.8246847295480317, 0.0, 0.0, 6.388047307730958, -1.0081259302566024, 0.4557670424295454, 1.5194956230421655
4166, 41.65900735294118, 0.5177627101991913, 1.4905620548781928, 6.283185307179586, -2.8246847295480317, 0.0, 0.0, 6.255363368546239, -1.040542064366225, 0.5175550681646662, 1.4902448387876168
4167, 41.669009515570934, 0.5805945632709872, 1.4623152075827124, 6.283185307179586, -2.8246847295480317, 0.0, 0.0, 6.110975997224495, -1.073089500221148, 0.583322206253867, 1.4623709039803263
4168, 41.679011678200695, 0.6434264163427832, 1.4340683602872322, 6.283185307179586, -2.8246847295480317, 0.0, 0.0, 5.955366669676679, -1.1057301476368333, 0.642768732644926, 1.4338930379396386
4169, 41.689013840830455, 0.7062582694145791, 1.4058215129917517, 6.283185307179586, -2.8246847295480317, 0.0, 0.0, 5.789061241448071, -1.1384260542984292, 0.7057706017798866, 1.4039299204497677
4170, 41.69901600346021, 0.7690031393144499, 1.3771987231340046, 6.18387463642013, -2.863047759961561, -18.122470713389703, -0.15375483736888795, 4.201587125477074, -1.4850674210873211, 0.769265252209263, 1.3765978743334646
4171, 41.70901816608997, 0.8299357621429819, 1.3485605577925206, 6.002649929286234, -2.86458530833525, -18.122470713389703, -0.15375483736888795, 3.8912081502689846, -1.5698665018965263, 0.8309451694992316, 1.3475632937614372
4172, 41.71902032871972, 0.8890561379001747, 1.3199070169672995, 5.821425222152336, -2.866122856708939, -18.122470713389703, -0.15375483736888795, 3.5790258148414438, -1.6513332667462182, 0.8887758015650936, 1.3210905929100087
4173, 41.72902249134948, 0.9463642665860288, 1.2912381006583415, 5.640200515018439, -2.8676604050826273, -18.122470713389703, -0.15375483736888795, 3.2662924669185904, -1.7294526013909957, 0.946690144916978, 1.292975038038612
4174, 41.73902465397924, 1.0018601482005436, 1.262553808865647, 5.458975807884542, -2.8691979534563163, -18.122470713389703, -0.15375483736888795, 2.9541639511410787, -1.8042181965707864, 1.0045821738950826, 1.2635391447778828
4175, 41.749026816608996, 1.0555437827437197, 1.2338541415892152, 5.277751100750645, -2.8707355018300054, -18.122470713389703, -0.15375483736888795, 2.643699742529305, -1.875631272590787, 1.056463720977971, 1.2341783845791825
4176, 41.75902897923876, 1.1074151702155566, 1.2051390988290467, 5.096526393616747, -2.8722730502036944, -18.122470713389703, -0.15375483736888795, 2.3358643489604636, -1.9436994181462057, 1.1069229178484365, 1.2064746128800092
4177, 41.76903114186852, 1.1574743106160548, 1.1764086805851415, 4.9153016864828505, -2.873810598577383, -18.122470713389703, -0.15375483736888795, 2.0315297976476874, -2.0084355382438828, 1.1600940872961787, 1.1770880235427614
4178, 41.77903330449827, 1.2057212039452136, 1.147662886857499, 4.734076979348953, -2.875348146951072, -18.122470713389703, -0.15375483736888795, 1.7314790297385763, -2.069856905335407, 1.204174161726349, 1.1489134898883757
4179, 41.78903546712803, 1.2521558502030339, 1.1189017176461198, 4.5528522722150555, -2.8768856953247606, -18.122470713389703, -0.15375483736888795, 1.436410037949903, -2.127984307302733, 1.2510347800781032, 1.1200551225083157
4180, 41.79903762975779, 1.296778249389515, 1.0901251729510038, 4.371627565081159, -2.8784232436984496, -18.122470713389703, -0.15375483736888795, 1.1469405941257391, -2.182841285698712, 1.296196228702703, 1.0897317644763935
4181, 41.809039792387544, 1.339588401504657, 1.0613332527721508, 4.190402857947261, -2.8799607920721386, -18.122470713389703, -0.15375483736888795, 0.8636134263072668, -2.2344534576138946, 1.3399703078825012, 1.0610357229024039
4182, 41.819041955017305, 1.3805863065484603, 1.0325259571095609, 4.009178150813364, -2.8814983404458276, -18.122470713389703, -0.15375483736888795, 0.5869017179529963, -2.282847914691404, 1.3813048690585814, 1.031380681777521
4183, 41.82904411764706, 1.4197719645209244, 1.0037032859632342, 3.827953443679467, -2.8830358888195162, -18.122470713389703, -0.15375483736888795, 0.317214815023497, -2.328052693119311, 1.4197454586092573, 1.0053872202914373
4184, 41.83904628027682, 1.4571453754220496, 0.9748652393331705, 3.6467287365455707, -2.8845734371932052, -18.122470713389703, -0.15375483736888795, 0.05490403947517253, -2.3700963088722427, 1.4581386928975768, 0.9752335936848415
4185, 41.84904844290658, 1.492706539251836, 0.94601181721937, 3.465504029411673, -2.8861109855668943, -18.122470713389703, -0.15375483736888795, -0.19973147992674622, -2.409007353030197, 1.4918473089421203, 0.9458448109572769
4186, 41.85905060553633, 1.5264554560102832, 0.9171430196218326, 3.2842793222777757, -2.887648533940583, -18.122470713389703, -0.15375483736888795, -0.4464390368380542, -2.444814142653733, 1.5266343813727294, 0.9174311257924049
4187, 41.86905276816609, 1.5583921256973916, 0.8882588465405583, 3.103054615143879, -2.889186082314272, -18.122470713389703, -0.15375483736888795, -0.685006703011882, -2.477544423423499, 1.5560499584582375, 0.8893704845656154
4188, 41.87905493079585, 1.588516548313161, 0.8593592979755471, 2.921829908009981, -2.890723630687961, -18.122470713389703, -0.15375483736888795, -0.915257866729623, -2.5072251210424987, 1.5874179013965632, 0.8605784730924483
4189, 41.889057093425606, 1.6168287238575911, 0.830444373926799, 2.740605200876084, -2.8922611790616495, -18.122470713389703, -0.15375483736888795, -1.1370460011233225, -2.533882139236981, 1.6145240833452539, 0.8295900992794679
4190, 41.89905925605537, 1.6433286523306827, 0.8015140743943141, 2.5593804937421876, -2.893798727435339, -18.122470713389703, -0.15375483736888795, -1.350249701311395, -2.557540203062647, 1.6445698588687634, 0.8039977761114826
4191, 41.90906141868513, 1.668016333732435, 0.7725683993780923, 2.3781557866082896, -2.8953362758090275, -18.122470713389703, -0.15375483736888795, -1.5547680220187374, -2.578222747114119, 1.6676619551925345, 0.7712531178810521
4192, 41.91906358131488, 1.6908917680628484, 0.7436073488781335, 2.1969310794743926, -2.896873824182716, -18.122470713389703, -0.15375483736888795, -1.7505161410531422, -2.595951849134938, 1.6906555817097237, 0.7423899191923272
4193, 41.92906574394464, 1.7119549553219229, 0.7146309228944379, 2.015706372340496, -2.8984113725564056, -18.122470713389703, -0.15375483736888795, -1.9374213686320316, -2.6107482104204216, 1.7118986624183297, 0.7153759241743738
4194, 41.939067906574394, 1.7312058955096583, 0.6856391214270053, 1.8344816652065985, -2.899948920930094, -18.122470713389703, -0.15375483736888795, -2.1154195180531477, -2.6226311852842956, 1.7295270943580825, 0.6842396509289207
4195, 41.949070069204154, 1.7486445886260549, 0.656631944475836, 1.6532569580727012, -2.901486469303783, -18.122470713389703, -0.15375483736888795, -2.284451649524356, -2.631618862709336, 1.7486387744016325, 0.6552258820577852
4196, 41.959072231833915, 1.7642710346711123, 0.6276093920409296, 1.4720322509388044, -2.903024017677472, -18.122470713389703, -0.15375483736888795, -2.444461196046634, -2.6377282041089876, 1.7641707383260723, 0.6275781475900938
4197, 41.96907439446367, 1.778085233644831, 0.5985714641222865, 1.290807543804907, -2.904561566051161, -18.122470713389703, -0.15375483736888795, -2.5953914780091774, -2.6409752418767765, 1.778822275016006, 0.5990236633525572
4198, 41.97907655709343, 1.7900871855472107, 0.5695181607199064, 1.1095828366710097, -2.9060991144248494, -18.122470713389703, -0.15375483736888795, -2.7371836115292605, -2.6413753440777734, 1.78901098892572, 0.5697628610128965
4199, 41.98907871972319, 1.8002768903782511, 0.5404494818337894, 0.9283581295371128, -2.9076366627985384, -18.122470713389703, -0.15375483736888795, -2.8697748144712696, -2.638943551224651, 1.8004256301555397, 0.538942043030353
4200, 41.99908088235294, 1.808654348137953, 0.5113654274639355, 0.7471334224032156, -2.9091742111722274, -18.122470713389703, -0.15375483736888795, -2.993097113424753, -2.6336949915614922, 1.8085528023695796, 0.5125702809207474
4201, 42.0090830449827, 1.8152195588263156, 0.4822659976103448, 0.5659087152693181, -2.9107117595459164, -18.122470713389703, -0.15375483736888795, -3.1070764546244525, -2.6256453816313625, 1.8145299943076452, 0.48269001931026534
4202, 42.019085207612456, 1.8199725224433392, 0.4531511922730172, 0.38468400813542103, -2.9122493079196055, -18.122470713389703, -0.15375483736888795, -3.211632221767966, -2.6148116191068764, 1.8210157315273223, 0.4543153566714186
4203, 42.029087370242216, 1.822913238989024, 0.42402101145195265, 0.20345930100152398, -2.913786856293294, -18.122470713389703, -0.15375483736888795, -3.3066771638397805, -2.601212474892795, 1.823127521748315, 0.42439844596473186
4204, 42.03908953287198, 1.8240417084633698, 0.39487545514715117, 0.02223459386762694, -2.9153244046669826, -18.122470713389703, -0.15375483736888795, -3.39211773629393, -2.5848693913406793, 1.823902706011684, 0.39429638981396825
4205, 42.04909169550173, 1.8233579308663765, 0.36571452335861293, -0.15899011326627055, -2.9168619530406716, -18.122470713389703, -0.15375483736888795, -3.467854859190765, -2.5658073930207648, 1.8260355854860655, 0.3659908622858738
4206, 42.05909385813149, 1.8208619061980442, 0.33653821608633777, -0.34021482040016754, -2.91839950141436, -18.122470713389703, -0.15375483736888795, -3.5337850960349377, -2.544056115847071, 1.8211620112882538, 0.3377759661197356
4207, 42.06909602076125, 1.816553634458373, 0.3073465333303257, -0.5214395275340646, -2.9199370497880492, -18.122470713389703, -0.15375483736888795, -3.589802257030443, -2.5196509594190397, 1.8158721615041935, 0.3067025054913068
4208, 42.079098183391004, 1.810433115647363, 0.2781394750905768, -0.7026642346679619, -2.9214745981617383, -18.122470713389703, -0.15375483736888795, -3.6357994301628263, -2.4926343661968566, 1.8103006870552993, 0.27938792214332925
4209, 42.089100346020764, 1.8025003497650138, 0.2489170413670908, -0.8838889418018592, -2.9230121465354273, -18.122470713389703, -0.15375483736888795, -3.6716714428474635, -2.4630572295384323, 1.8032314532626497, 0.24986296271806424
4210, 42.099102508650525, 1.7936614603469956, 0.2196869199017375, -0.8838889418018531, -2.9230121465354273, 0.0, 0.0, -1.6795018145847596, -1.8777830765331516, 1.793380481892065, 0.21728417056601568
4211, 42.10910467128028, 1.7848225709289771, 0.1904567984363832, -0.8838889418018531, -2.9230121465354273, 0.0, 0.0, -1.6080482031369572, -1.8442208072418067, 1.7839504454084822, 0.19161694750785918
4212, 42.11910683391004, 1.7759836815109584, 0.16122667697102888, -0.8838889418018531, -2.9230121465354273, 0.0, 0.0, -1.5359344562411001, -1.810102196554667, 1.7747537236649413, 0.16125708513201797
4213, 42.12910899653979, 1.76714479209294, 0.13199655550567457, -0.8838889418018531, -2.9230121465354273, 0.0, 0.0, -1.4632197248415302, -1.775476952316003, 1.76764648360536, 0.13165472317650753
4214, 42.13911115916955, 1.7583059026749215, 0.10276643404032038, -0.8838889418018531, -2.9230121465354273, 0.0, 0.0, -1.3899639335339995, -1.7403955177943606, 1.7593280388007635, 0.1033938252945128
4215, 42.14911332179931, 1.749467013256903, 0.07353631257496607, -0.8838889418018531, -2.9230121465354273, 0.0, 0.0, -1.3162277009413543, -1.704908998356939, 1.7469423595932612, 0.0729403053717913
4216, 42.159115484429066, 1.7406281238388843, 0.04430619110961176, -0.8838889418018531, -2.9230121465354273, 0.0, 0.0, -1.2420722591047817, -1.66906908718364, 1.7403042069287156, 0.04759819716368367
4217, 42.169117647058826, 1.7317892344208659, 0.01507606964425745, -0.8838889418018531, -2.9230121465354273, 0.0, 0.0, -1.1675593720037372, -1.6329279901286418, 1.7325235174324702, 0.015175432172928096
4218, 42.179119809688586, 1.7229503450028474, -0.014154051821096858, -0.8838889418018531, -2.9230121465354273, 0.0, 0.0, -1.0927512533188877, -1.5965383498385668, 1.7238259152366149, -0.014231707501257629
4219, 42.18912197231834, 1.7141114555848287, -0.043384173286451166, -0.8838889418018531, -2.9230121465354273, 0.0, 0.0, -1.0177104835535395, -1.5599531692374078, 1.7126051009223902, -0.04341447197211572
4220, 42.1991241349481, 1.7052725661668102, -0.07261429475180547, -0.8838889418018531, -2.9230121465354273, 0.0, 0.0, -0.9424999266299077, -1.5232257344892814, 1.705216407483917, -0.0722159968044892
4221, 42.20912629757786, 1.6964336767487918, -0.10184441621715978, -0.8838889418018531, -2.9230121465354273, 0.0, 0.0, -0.8671826460773424, -1.486409537550841, 1.6956175332006054, -0.10224495292838354
4222, 42.219128460207614, 1.6875947873307733, -0.1310745376825141, -0.8838889418018531, -2.9230121465354273, 0.0, 0.0, -0.7918218209302643, -1.4495581984257766, 1.6874010783056037, -0.1311439033260348
4223, 42.229130622837374, 1.6787558979127546, -0.1603046591478684, -0.8838889418018531, -2.9230121465354273, 0.0, 0.0, -0.7164806614539219, -1.4127253872342556, 1.6781805821205535, -0.1629276467556149
4224, 42.23913278546713, 1.6699170084947361, -0.1895347806132226, -0.8838889418018531, -2.9230121465354273, 0.0, 0.0, -0.6412223248163976, -1.3759647462104319, 1.6702015788833042, -0.18977278568912978
4225, 42.24913494809689, 1.6610781190767177, -0.2187649020785769, -0.8838889418018531, -2.9230121465354273, 0.0, 0.0, -0.5661098308253311, -1.3393298117412498, 1.6617037108632062, -0.21955250976020718
4226, 42.25913711072665, 1.652239229658699, -0.24799502354393121, -0.8838889418018531, -2.9230121465354273, 0.0, 0.0, -0.49120597784778774, -1.3028739365597102, 1.6539861643351919, -0.24621620618373793
4227, 42.2691392733564, 1.6434003402406805, -0.2772251450092855, -0.8838889418018531, -2.9230121465354273, 0.0, 0.0, -0.41657325903142484, -1.2666502122055456, 1.6435771604169374, -0.27784251078328237
4228, 42.27914143598616, 1.634561450822662, -0.30645526647463983, -0.8838889418018531, -2.9230121465354273, 0.0, 0.0, -0.3422737789446874, -1.2307113918658528, 1.6352003813143423, -0.3058136203413886
4229, 42.28914359861592, 1.6257225614046433, -0.33568538793999414, -0.8838889418018531, -2.9230121465354273, 0.0, 0.0, -0.2683691707532085, -1.195109813707689, 1.6251091929416903, -0.33484030196676645
4230, 42.299145761245676, 1.6168836719866249, -0.36491550940534845, -0.8838889418018531, -2.9230121465354273, 0.0, 0.0, -0.1949205140488105, -1.159897324813923, 1.6162808453155242, -0.3641687317283176
4231, 42.309147923875436, 1.6080447825686064, -0.39414563087070276, -0.8838889418018531, -2.9230121465354273, 0.0, 0.0, -0.1219882534465822, -1.125125205832744, 1.6090632307937938, -0.3952554005231022
4232, 42.31915008650519, 1.5992058931505877, -0.42337575233605707, -0.8838889418018531, -2.9230121465354273, 0.0, 0.0, -0.04963211806445861, -1.090844096450216, 1.5990924073938841, -0.42219459601159365
4233, 42.32915224913495, 1.5903670037325692, -0.4526058738014114, -0.8838889418018531, -2.9230121465354273, 0.0, 0.0, 0.02208895800155325, -1.0571039217940532, 1.5890914491554093, -0.4524821509703174
4234, 42.33915441176471, 1.5815281143145508, -0.4818359952667657, -0.8838889418018531, -2.9230121465354273, 0.0, 0.0, 0.09311691409475403, -1.0239538198754476, 1.5804549450955077, -0.4811580551101563
4235, 42.34915657439446, 1.572689224896532, -0.51106611673212, -0.8838889418018531, -2.9230121465354273, 0.0, 0.0, 0.1633946401975332, -0.9914420701742741, 1.5728266565196216, -0.5107336497950826
4236, 42.359158737024224, 1.5638503354785136, -0.5402962381974743, -0.8838889418018531, -2.9230121465354273, 0.0, 0.0, 0.23286605280510636, -0.9596160234713386, 1.5624817772653798, -0.5419508546810475
4237, 42.369160899653984, 1.5550114460604951, -0.5695263596628286, -0.8838889418018531, -2.9230121465354273, 0.0, 0.0, 0.3014761693666121, -0.9285220330295224, 1.5549610528646993, -0.5688001541706165
4238, 42.37916306228374, 1.5461725566424764, -0.5987564811281829, -0.8838889418018531, -2.9230121465354273, 0.0, 0.0, 0.36917118118901443, -0.8982053872237232, 1.5455665681082145, -0.5991749697130321
4239, 42.3891652249135, 1.537333667224458, -0.627986602593537, -0.8838889418018531, -2.9230121465354273, 0.0, 0.0, 0.43589852470142626, -0.8687102437173857, 1.535485825222739, -0.6278773578751091
4240, 42.39916738754326, 1.5284947778064395, -0.6572167240588913, -0.8838889418018531, -2.9230121465354273, 0.0, 0.0, 0.5016069509798065, -0.8400795652811759, 1.530207282022173, -0.6573021277352736
4241, 42.40916955017301, 1.519655888388421, -0.6864468455242456, -0.8838889418018531, -2.9230121465354273, 0.0, 0.0, 0.5662465934344314, -0.8123550573469669, 1.5196765528780674, -0.6850156567240411
4242, 42.41917171280277, 1.5108169989704026, -0.7156769669895999, -0.8838889418018531, -2.9230121465354273, 0.0, 0.0, 0.6297690335651585, -0.7855771073877879, 1.5127349362550842, -0.7156943094342282
4243, 42.429173875432525, 1.5019781095523839, -0.7449070884549542, -0.8838889418018531, -2.9230121465354273, 0.0, 0.0, 0.6921273646922392, -0.7597847262117359, 1.5031218361912335, -0.7461205804832929
4244, 42.439176038062286, 1.4931392201343654, -0.7741372099203085, -0.8838889418018531, -2.9230121465354273, 0.0, 0.0, 0.7532762535733017, -0.7350154912550788, 1.4938072151317185, -0.7739206435258562
4245, 42.449178200692046, 1.484300330716347, -0.8033673313856629, -0.8838889418018531, -2.9230121465354273, 0.0, 0.0, 0.8131719998201354, -0.7113054919568694, 1.4851530959521766, -0.8030816495391909
4246, 42.4591803633218, 1.4754614412983282, -0.8325974528510172, -0.8838889418018531, -2.9230121465354273, 0.0, 0.0, 0.8717725930320175, -0.6886892772943776, 1.474654468272353, -0.831223978009108
4247, 42.46918252595156, 1.4666225518803098, -0.8618275743163715, -0.8838889418018531, -2.9230121465354273, 0.0, 0.0, 0.9290377675655617, -0.6671998055555086, 1.4667943324485622, -0.8629477632523098
4248, 42.47918468858132, 1.4577836624622913, -0.8910576957817258, -0.8838889418018531, -2.9230121465354273, 0.0, 0.0, 0.9849290548644496, -0.6468683964211288, 1.4568415512076676, -0.8903014573543865
4249, 42.48918685121107, 1.4489447730442726, -0.9202878172470799, -0.8838889418018531, -2.9230121465354273, 0.0, 0.0, 1.0394098332758204, -0.627724685426875, 1.4509872638475212, -0.921327770147691
4250, 42.499189013840834, 1.4401058836262541, -0.9495179387124342, -0.8838889418018531, -2.9230121465354273, 0.0, 0.0, 1.0924453752837007, -0.6097965808705612, 1.4410695506137796, -0.9506536925529181
4251, 42.509191176470594, 1.4312669942082357, -0.9787480601777885, -0.8838889418018531, -2.9230121465354273, 0.0, 0.0, 1.144002892093514, -0.5931102232277596, 1.4307366747345556, -0.9770924888761335
4252, 42.51919333910035, 1.422428104790217, -1.0079781816431428, -0.8838889418018531, -2.9230121465354273, 0.0, 0.0, 1.1940515755054486, -0.5776899471344836, 1.4218853010029269, -1.0068993110451758
4253, 42.52919550173011, 1.4135892153721985, -1.037208303108497, -0.8838889418018531, -2.9230121465354273, 0.0, 0.0, 1.2425626370183322, -0.5635582459921833, 1.413873158987767, -1.0364778104383814
4254, 42.53919766435986, 1.40475032595418, -1.0664384245738514, -0.8838889418018531, -2.9230121465354273, 0.0, 0.0, 1.2895093441095873, -0.5507357392464559, 1.405190787817067, -1.0674551827571541
4255, 42.54919982698962, 1.3959114365361613, -1.0956685460392057, -0.8838889418018531, -2.9230121465354273, 0.0, 0.0, 1.3348670536408407, -0.5392411423869917, 1.3965197248424799, -1.0960946034528491
4256, 42.55920198961938, 1.3870725471181429, -1.12489866750456, -0.8838889418018531, -2.9230121465354273, 0.0, 0.0, 1.3786132423428343, -0.52909123971234, 1.387289590583622, -1.1256604299797615
4257, 42.569204152249135, 1.3782336577001244, -1.1541287889699143, -0.8838889418018531, -2.9230121465354273, 0.0, 0.0, 1.4207275343374666, -0.5203008598990455, 1.3782857079747255, -1.1557657345624328
4258, 42.579206314878896, 1.3693947682821057, -1.1833589104352686, -0.8838889418018531, -2.9230121465354273, 0.0, 0.0, 1.461191725658937, -0.512882854410665, 1.36900012889053, -1.1845366091130598
4259, 42.589208477508656, 1.3605558788640872, -1.212589031900623, -0.8838889418018531, -2.9230121465354273, 0.0, 0.0, 1.4999898057402745, -0.5068480787780295, 1.360065184316112, -1.213272405961115
4260, 42.59921064013841, 1.3517169894460688, -1.2418191533659773, -0.8838889418018531, -2.9230121465354273, 0.0, 0.0, 1.537107975835824, -0.5022053767779642, 1.3527865486605484, -1.2412979015206769
4261, 42.60921280276817, 1.34287810002805, -1.2710492748313316, -0.8838889418018531, -2.9230121465354273, 0.0, 0.0, 1.572534664354583, -0.4989615675334713, 1.3423856358624942, -1.2700649109978
4262, 42.61921496539792, 1.3340392106100316, -1.3002793962966859, -0.8838889418018531, -2.9230121465354273, 0.0, 0.0, 1.6062605390837081, -0.49712143555413824, 1.3345072252250225, -1.3006021992357963
4263, 42.62921712802768, 1.3252003211920131, -1.3295095177620402, -0.8838889418018531, -2.9230121465354273, 0.0, 0.0, 1.6382785162858857, -0.4966877237312731, 1.3269056013855713, -1.3276654604206342
4264, 42.639219290657444, 1.3163614317739945, -1.3587396392273945, -0.8838889418018531, -2.9230121465354273, 0.0, 0.0, 1.6685837666587129, -0.4976611292979758, 1.316095059689144, -1.358056337008723
4265, 42.6492214532872, 1.3075225423559762, -1.3879697606927488, -0.8838889418018531, -2.9230121465354273, 0.0, 0.0, 1.6971737181486684, -0.5000403027600577, 1.3077654679161823, -1.3879090063388042
4266, 42.65922361591696, 1.2986836529379575, -1.417199882158103, -0.8838889418018531, -2.9230121465354273, 0.0, 0.0, 1.724048055616747, -0.5038218497994089, 1.2976977756360675, -1.4184787016790679
4267, 42.66922577854672, 1.2898447635199388, -1.4464300036234574, -0.8838889418018531, -2.9230121465354273, 0.0, 0.0, 1.7492087173572335, -0.5090003361470957, 1.2911186762443791, -1.4463917108679791
4268, 42.67922794117647, 1.2810058741019206, -1.4756601250888117, -0.8838889418018531, -2.9230121465354273, 0.0, 0.0, 1.7726598884756228, -0.5155682954191718, 1.2805432688842688, -1.4758083188509608
4269, 42.68923010380623, 1.2721669846839019, -1.504890246554166, -0.8838889418018531, -2.9230121465354273, 0.0, 0.0, 1.7944079911360964, -0.5235162399038789, 1.2709394955241133, -1.504449673127982
4270, 42.69923226643599, 1.2633280952658832, -1.5341203680195203, -0.8838889418018531, -2.9230121465354273, 0.0, 0.0, 1.814461671693397, -0.5328326742846277, 1.262504638004399, -1.5347214083575125
4271, 42.709234429065745, 1.254489205847865, -1.5633504894848747, -0.8838889418018531, -2.9230121465354273, 0.0, 0.0, 1.832831784728401, -0.543504112278907, 1.2546180449434892, -1.563202125510108
4272, 42.719236591695505, 1.2456503164298462, -1.592580610950229, -0.8838889418018531, -2.9230121465354273, 0.0, 0.0, 1.8495313740110353, -0.5555150961690134, 1.2470440999734178, -1.592564005490879
4273, 42.72923875432526, 1.2368114270118278, -1.6218107324155833, -0.8838889418018531, -2.9230121465354273, 0.0, 0.0, 1.864575650418522, -0.568848219196319, 1.236576868421892, -1.619392881426616
4274, 42.73924091695502, 1.2279725375938093, -1.6510408538809376, -0.8838889418018531, -2.9230121465354273, 0.0, 0.0, 1.8779819668413098, -0.5834841507866257, 1.2279976989752948, -1.6521377668802102
4275, 42.74924307958478, 1.2191336481757906, -1.6802709753462919, -0.8838889418018531, -2.9230121465354273, 0.0, 0.0, 1.8897697901132338, -0.5994016645700544, 1.218163588302467, -1.6798773617836733
4276, 42.75924524221453, 1.2102947587577721, -1.7095010968116462, -0.8838889418018531, -2.9230121465354273, 0.0, 0.0, 1.899960670006711, -0.6165776691548555, 1.2098289553819928, -1.710108231110962
4277, 42.76924740484429, 1.2014558693397537, -1.7387312182770005, -0.8838889418018531, -2.9230121465354273, 0.0, 0.0, 1.9085782053379106, -0.634987241610538, 1.2003798918877107, -1.7378515285347271
4278, 42.779249567474054, 1.192616979921735, -1.7679613397423548, -0.8838889418018531, -2.9230121465354273, 0.0, 0.0, 1.91564800723091, -0.6546036636117772, 1.192825710959014, -1.7663257022850456
4279, 42.78925173010381, 1.1837780905037165, -1.7971914612077091, -0.8838889418018531, -2.9230121465354273, 0.0, 0.0, 1.921197659593902, -0.675398460190698, 1.1841451640447436, -1.797126999992384
4280, 42.79925389273357, 1.174939201085698, -1.8264215826730634, -0.8838889418018531, -2.9230121465354273, 0.0, 0.0, 1.9252566768644002, -0.6973414410413565, 1.175334657514108, -1.8259316827829657
4281, 42.80925605536333, 1.1661003116676794, -1.8556517041384177, -0.8838889418018531, -2.9230121465354273, 0.0, 0.0, 1.9278564590843108, -0.7204007443165212, 1.1675321352647192, -1.8545210001342025
4282, 42.81925821799308, 1.1572614222496609, -1.884881825603772, -0.8838889418018531, -2.9230121465354273, 0.0, 0.0, 1.9290302443694385, -0.7445428828532541, 1.1575250609291694, -1.885101408864389
4283, 42.82926038062284, 1.1484225328316424, -1.9141119470691264, -0.8838889418018531, -2.9230121465354273, 0.0, 0.0, 1.9288130588417465, -0.7697327927602587, 1.1473090676313251, -1.914753128894839
4284, 42.839262543252595, 1.1395836434136237, -1.9433420685344802, -0.8838889418018531, -2.9230121465354273, 0.0, 0.0, 1.9272416640961865, -0.7959338842965324, 1.1382776186960017, -1.941573324859528
4285, 42.849264705882355, 1.1307447539956053, -1.9725721899998345, -0.8838889418018531, -2.9230121465354273, 0.0, 0.0, 1.924354502277457, -0.8231080949675414, 1.1304432850343085, -1.97133377409189
4286, 42.859266868512115, 1.1219058645775868, -2.001802311465189, -0.8838889418018531, -2.9230121465354273, 0.0, 0.0, 1.9201916388453792, -0.8512159447619114, 1.1218650770186411, -2.0022172780656384
4287, 42.86926903114187, 1.113066975159568, -2.031032432930543, -0.8838889418018531, -2.9230121465354273, 0.0, 0.0, 1.914794703110839, -0.8802165934485232, 1.1130400710117316, -2.0309100453975515
4288, 42.87927119377163, 1.1042280857415496, -2.0602625543958974, -0.8838889418018531, -2.9230121465354273, 0.0, 0.0, 1.9082068266273655, -0.9100678998509127, 1.1043585507745217, -2.06152859762572
4289, 42.88927335640139, 1.0953891963235312, -2.0894926758612518, -0.8838889418018531, -2.9230121465354273, 0.0, 0.0, 1.900472579526479, -0.9407264830129983, 1.0937424469037318, -2.0905170972514826
4290, 42.89927551903114, 1.0865503069055125, -2.118722797326606, -0.8838889418018531, -2.9230121465354273, 0.0, 0.0, 1.8916379048877499, -0.9721477851674192, 1.0864737231252442, -2.118330736544673
4291, 42.9092776816609, 1.077711417487494, -2.1479529187919604, -0.8838889418018531, -2.9230121465354273, 0.0, 0.0, 1.881750051237332, -1.0042861364151467, 1.0788952398541027, -2.1480116297640586
4292, 42.91927984429066, 1.0688725280694755, -2.1771830402573147, -0.8838889418018531, -2.9230121465354273, 0.0, 0.0, 1.870857503271326, -1.0370948210225495, 1.0683706159327855, -2.174237087290982
4293, 42.92928200692042, 1.0600336386514568, -2.206413161722669, -0.8838889418018531, -2.9230121465354273, 0.0, 0.0, 1.8590099109028193, -1.0705261452397397, 1.0612952841805305, -2.2041702836081587
4294, 42.93928416955018, 1.0508769702393148, -2.235580626716177, -0.9363471711511995, -2.873781297686625, -4.136065987398399, 8.593040332832851, 1.63308556984193, -0.981594718660252, 1.0519946067458863, -2.236187337880636
4295, 42.94928633217993, 1.0413066952284329, -2.2638887876764016, -0.9777078310251834, -2.7878508943582956, -4.136065987398399, 8.593040332832851, 1.5947666846693536, -0.9723582961576812, 1.0412010598984185, -2.2652576491876815
4296, 42.95928849480969, 1.031322813618811, -2.2913376446033427, -1.0190684908991674, -2.7019204910299677, -4.136065987398399, 8.593040332832851, 1.5577421199798631, -0.9632755665079398, 1.032372098115677, -2.2939957603482983
4297, 42.96929065743945, 1.0209253254104496, -2.317927197497001, -1.0604291507731516, -2.6159900877016384, -4.136065987398399, 8.593040332832851, 1.5220688975968817, -0.9542771401466199, 1.0191494001260504, -2.3181822122690177
4298, 42.979292820069205, 1.010114230603348, -2.343657446357376, -1.1017898106471355, -2.5300596843733105, -4.136065987398399, 8.593040332832851, 1.487796194266493, -0.9452969116249919, 1.0092407153936553, -2.3460637341416466
4299, 42.989294982698965, 0.9988895291975067, -2.368528391184467, -1.1431504705211195, -2.4441292810449817, -4.136065987398399, 8.593040332832851, 1.4549654270984367, -0.9362721242271088, 0.9991926753130403, -2.3696152388222447
4300, 42.999297145328725, 0.9872512211929256, -2.3925400319782755, -1.1845111303951037, -2.358198877716653, -4.136065987398399, 8.593040332832851, 1.4236103495376955, -0.9271434176382558, 0.9867963807136038, -2.3917301040379106
4301, 43.00929930795848, 0.9751993065896046, -2.4156923687388003, -1.2258717902690877, -2.2722684743883246, -4.136065987398399, 8.593040332832851, 1.3937571560318556, -0.9178548597205778, 0.9761036061771365, -2.415867241711905
4302, 43.01930147058824, 0.9627337853875438, -2.437985401466042, -1.2672324501430718, -2.186338071059996, -4.136065987398399, 8.593040332832851, 1.3654245937386555, -0.9083539634552011, 0.9632149594314015, -2.4373305998764785
4303, 43.02930363321799, 0.9498546575867431, -2.45941913016, -1.3085931100170558, -2.100407667731667, -4.136065987398399, 8.593040332832851, 1.3386240797930573, -0.8985916901056299, 0.9500597718553268, -2.4606445459277846
4304, 43.03930579584775, 0.9365619231872027, -2.479993554820675, -1.3499537698910398, -2.0144772644033386, -4.136065987398399, 8.593040332832851, 1.3133598228231862, -0.8885224396455598, 0.9367759407414088, -2.480662579777578
4305, 43.04930795847751, 0.9228555821889224, -2.499708675448067, -1.391314429765024, -1.9285468610750098, -4.136065987398399, 8.593040332832851, 1.2896289475689782, -0.8781040294761425, 0.9202327004516349, -2.4974780657253874
4306, 43.059310121107266, 0.9087356345919022, -2.5185644920421755, -1.432675089639008, -1.8426164577466815, -4.136065987398399, 8.593040332832851, 1.267421621616103, -0.8672976624339372, 0.9072336546903667, -2.5184048051708636
4307, 43.06931228373703, 0.8942020803961421, -2.5365610046030005, -1.4740357495129919, -1.756686054418353, -4.136065987398399, 8.593040332832851, 1.246721183410199, -0.85606788506189, 0.8935414649456198, -2.5356806119478446
4308, 43.07931444636679, 0.8792549196016424, -2.5536982131305423, -1.5153964093869758, -1.6707556510900243, -4.136065987398399, 8.593040332832851, 1.2275042708627113, -0.8443825370824277, 0.8805035372637735, -2.552626188300917
4309, 43.08931660899654, 0.8638941522084026, -2.569976117624801, -1.5567570692609598, -1.5848252477616958, -4.136065987398399, 8.593040332832851, 1.2097409499993443, -0.8322126929746182, 0.8633741643564105, -2.5688818968020892
4310, 43.0993187716263, 0.8481197782164231, -2.5853947180857766, -1.598117729134944, -1.4988948444333672, -4.136065987398399, 8.593040332832851, 1.193394843235438, -0.8195325965169926, 0.8481582968746596, -2.5862176500486673
4311, 43.10932093425606, 0.8319317976257037, -2.5999540145134685, -1.6394783890089282, -1.4129644411050386, -4.136065987398399, 8.593040332832851, 1.1784232569894262, -0.8063195891145037, 0.8323368234186631, -2.600667075117934
4312, 43.119323096885815, 0.8153302104362445, -2.6136540069078773, -1.680839048882912, -1.32703403777671, -4.136065987398399, 8.593040332832851, 1.1647773084659847, -0.7925540326826963, 0.8155804675610635, -2.615569673133003
4313, 43.129325259515575, 0.7983150166480455, -2.626494695269003, -1.722199708756896, -1.2411036344483815, -4.136065987398399, 8.593040332832851, 1.1524020515546691, -0.7782192278149518, 0.7977257018450888, -2.6255133115007094
4314, 43.13932742214533, 0.7808862162611065, -2.638476079596845, -1.76356036863088, -1.1551732311200527, -4.136065987398399, 8.593040332832851, 1.141236601897914, -0.7633013279100083, 0.7808222164546686, -2.637968398733419
4315, 43.14932958477509, 0.7630438092754278, -2.649598159891404, -1.804921028504864, -1.069242827791724, -4.136065987398399, 8.593040332832851, 1.1312142612843352, -0.747789249887246, 0.7625022741315275, -2.650058661020498
4316, 43.15933174740485, 0.7447877956910093, -2.6598609361526795, -1.8462816883788482, -0.9833124244633957, -4.136065987398399, 8.593040332832851, 1.122262641619534, -0.7316745820667613, 0.7440994353523613, -2.6600761924444023
4317, 43.1693339100346, 0.7261181755078508, -2.6692644083806716, -1.8876423482528322, -0.8973820211350669, -4.136065987398399, 8.593040332832851, 1.114303788817257, -0.7149514897403668, 0.7261087758682221, -2.668042289700616
4318, 43.17933607266436, 0.7070349487259526, -2.677808576575381, -1.9290030081268164, -0.8114516178067384, -4.136065987398399, 8.593040332832851, 1.1072543070388527, -0.6976166189085864, 0.7047301867131842, -2.6781450690936754
4319, 43.18933823529412, 0.6875381153453145, -2.6854934407368067, -1.9703636680008003, -0.7255212144784098, -4.136065987398399, 8.593040332832851, 1.1010254837888596, -0.6796689986077049, 0.6876082120364658, -2.686323190826219
4320, 43.199340397923876, 0.6676276753659365, -2.692319000864949, -2.0117243278747843, -0.6395908111500812, -4.136065987398399, 8.593040332832851, 1.0955234164491405, -0.6611099422002387, 0.6674373892923362, -2.693052970846444
4321, 43.20934256055364, 0.6473036287878188, -2.6982852569598084, -2.0530849877487682, -0.5536604078217526, -4.136065987398399, 8.593040332832851, 1.0906491409036363, -0.6419429479519271, 0.6462495605582662, -2.698463779458544
4322, 43.21934472318339, 0.6265659756109612, -2.703392209021384, -2.094445647622752, -0.46773000449342406, -4.136065987398399, 8.593040332832851, 1.0862987629704515, -0.6221735991687541, 0.627810265614016, -2.704770626891553
4323, 43.22934688581315, 0.6054147158353637, -2.707639857049677, -2.1358063074967366, -0.38179960116509537, -4.136065987398399, 8.593040332832851, 1.0823635934177773, -0.6018094641187204, 0.6049666961317371, -2.706405887608252
4324, 43.23934904844291, 0.5838498494610264, -2.711028201044686, -2.1771669673707206, -0.2958691978367669, -4.136065987398399, 8.593040332832851, 1.0787302873951787, -0.5808599959152039, 0.5831193979917961, -2.7109143764128576
4325, 43.249351211072664, 0.5618713764879492, -2.713557241006412, -2.218527627244704, -0.20993879450843822, -4.136065987398399, 8.593040332832851, 1.0752809891619637, -0.5593364324919787, 0.5593444243022591, -2.714693929182244
4326, 43.259353373702425, 0.5394792969161323, -2.7152269769348547, -2.2598882871186885, -0.1240083911801097, -4.136065987398399, 8.593040332832851, 1.0718934830397762, -0.5372516967543289, 0.5382786561107313, -2.7159285993330076
4327, 43.269355536332185, 0.5166736107455754, -2.7160374088300143, -2.3012489469926725, -0.03807798785178107, -4.136065987398399, 8.593040332832851, 1.0684413515571396, -0.5146202969464224, 0.5157623092252487, -2.7161020099569573
4328, 43.27935769896194, 0.4934543179762788, -2.7159885366918903, -2.3426096068666564, 0.047852415476547505, -4.136065987398399, 8.593040332832851, 1.0647941417892948, -0.49145822723218774, 0.493577423947068, -2.715904118124351
4329, 43.2893598615917, 0.46982141860824217, -2.715080360520483, -2.383970266740641, 0.13378281880487614, -4.136065987398399, 8.593040332832851, 1.060817540927352, -0.4677828684456101, 0.46891000487505347, -2.7150786181878814
4330, 43.29936202422146, 0.44577491264146585, -2.713312880315793, -2.425330926614625, 0.21971322213320466, -4.136065987398399, 8.593040332832851, 1.0563735621361374, -0.44361288892660905, 0.44684783957029145, -2.712278167833326
4331, 43.30936418685121, 0.42131480007594974, -2.7106860960778194, -2.4666915864886088, 0.3056436254615333, -4.136065987398399, 8.593040332832851, 1.0513207417802026, -0.4189681453207329, 0.421409681213005, -2.7116621486550234
4332, 43.31936634948097, 0.3964410809116937, -2.7072000078065623, -2.5080522463625927, 0.3915740287898619, -4.136065987398399, 8.593040332832851, 1.0455143491118446, -0.3938695831848281, 0.3951604436145925, -2.706338936650373
4333, 43.329368512110726, 0.37115375514869786, -2.702854615502022, -2.5494129062365767, 0.47750443211819044, -4.136065987398399, 8.593040332832851, 1.0388066095235415, -0.36833913720681066, 0.37180294230698524, -2.7012662893196056
4334, 43.339370674740486, 0.3456596260863328, -2.6980795711808403, -2.5494129062365753, 0.4775044321181876, 0.0, 0.0, 1.243133795273476, -0.5073726234289351, 0.34374057230302435, -2.6968645325539735
4335, 43.34937283737025, 0.3201654970239671, -2.6933045268596585, -2.5494129062365753, 0.4775044321181876, 0.0, 0.0, 1.2572571263723422, -0.5221951230270402, 0.3222965284381485, -2.692104469689222
4336, 43.359375, 0.2946713679616013, -2.6885294825384767, -2.5494129062365753, 0.4775044321181876, 0.0, 0.0, 1.269567427763972, -0.5367138749772845, 0.293422579554017, -2.6875576755929327
4337, 43.36937716262976, 0.2691772388992355, -2.6837544382172944, -2.5494129062365753, 0.4775044321181876, 0.0, 0.0, 1.280053499547719, -0.5509228739905099, 0.2713575018035435, -2.6851997574812376
4338, 43.37937932525952, 0.2436831098368698, -2.6789793938961126, -2.5494129062365753, 0.4775044321181876, 0.0, 0.0, 1.2887053957549235, -0.5648162472163567, 0.2449949303071116, -2.678883629604486
4339, 43.389381487889274, 0.218188980774504, -2.674204349574931, -2.5494129062365753, 0.4775044321181876, 0.0, 0.0, 1.2955144321086969, -0.578388256759106, 0.21861836226600762, -2.6755792629378132
4340, 43.399383650519034, 0.19269485171213818, -2.669429305253749, -2.5494129062365753, 0.4775044321181876, 0.0, 0.0, 1.3004731929339413, -0.5916333021356054, 0.19247473813433827, -2.67038201130366
4341, 43.409385813148795, 0.16720072264977248, -2.664654260932567, -2.5494129062365753, 0.4775044321181876, 0.0, 0.0, 1.3035755372125577, -0.6045459226742179, 0.16840832344522422, -2.664479877418013
4342, 43.41938797577855, 0.14170659358740667, -2.6598792166113854, -2.5494129062365753, 0.4775044321181876, 0.0, 0.0, 1.3048166037793936, -0.6171207998537693, 0.14316776151801214, -2.6594929621285783
4343, 43.42939013840831, 0.11621246452504086, -2.655104172290203, -2.5494129062365753, 0.4775044321181876, 0.0, 0.0, 1.3041928156550193, -0.6293527595814864, 0.11650155459860081, -2.6555162446643257
4344, 43.43939230103806, 0.09071833546267516, -2.6503291279690213, -2.5494129062365753, 0.4775044321181876, 0.0, 0.0, 1.3017018835120358, -0.6412367744089512, 0.09001798261581197, -2.6513353000329136
4345, 43.44939446366782, 0.06522420640030935, -2.6455540836478395, -2.5494129062365753, 0.4775044321181876, 0.0, 0.0, 1.2973428082721508, -0.652767965685116, 0.06536489527533584, -2.6461676953630437
4346, 43.45939662629758, 0.03973007733794354, -2.6407790393266577, -2.5494129062365753, 0.4775044321181876, 0.0, 0.0, 1.2911158828318772, -0.6639416056454601, 0.040080501472857015, -2.6405626385343868
4347, 43.469398788927336, 0.014235948275577837, -2.636003995005476, -2.5494129062365753, 0.4775044321181876, 0.0, 0.0, 1.2830226929152604, -0.6747531194363886, 0.01363072227883729, -2.6355155401482286
4348, 43.479400951557096, -0.011258180786787975, -2.631228950684294, -2.5494129062365753, 0.4775044321181876, 0.0, 0.0, 1.2730661170526376, -0.6851980870740051, -0.012324972084456293, -2.6316054815730143
4349, 43.48940311418686, -0.036752309849153786, -2.626453906363112, -2.5494129062365753, 0.4775044321181876, 0.0, 0.0, 1.261250325685013, -0.6952722453364155, -0.036911251870729536, -2.6254229717066853
4350, 43.49940527681661, -0.062246438911519486, -2.62167886204193, -2.5494129062365753, 0.4775044321181876, 0.0, 0.0, 1.2475807793942082, -0.7049714895887568, -0.06129614102714732, -2.6209155267107875
4351, 43.50940743944637, -0.0877405679738853, -2.616903817720748, -2.5494129062365753, 0.4775044321181876, 0.0, 0.0, 1.23206422625954, -0.7142918755401577, -0.0866508464658068, -2.6166607697977744
4352, 43.519409602076124, -0.11323469703625111, -2.6121287733995664, -2.5494129062365753, 0.4775044321181876, 0.0, 0.0, 1.2147086983423543, -0.7232296209318888, -0.11263420776817006, -2.6127514158540586
4353, 43.529411764705884, -0.13872882609861692, -2.6073537290783846, -2.5494129062365753, 0.4775044321181876, 0.0, 0.0, 1.195523507300323, -0.7317811071559667, -0.1387542759675336, -2.6072491060532075
4354, 43.539413927335644, -0.16422295516098273, -2.6025786847572028, -2.5494129062365753, 0.4775044321181876, 0.0, 0.0, 1.174519239134013, -0.7399428808035245, -0.1645037161219365, -2.601996723464293
4355, 43.5494160899654, -0.18971708422334832, -2.5978036404360205, -2.5494129062365753, 0.4775044321181876, 0.0, 0.0, 1.1517077480687796, -0.7477116551422834, -0.1894992066245849, -2.59802776199091
4356, 43.55941825259516, -0.21521121328571413, -2.5930285961148387, -2.5494129062365753, 0.4775044321181876, 0.0, 0.0, 1.1271021495756466, -0.7550843115224871, -0.21671079913236393, -2.594093126451091
4357, 43.56942041522492, -0.24070534234807994, -2.588253551793657, -2.5494129062365753, 0.4775044321181876, 0.0, 0.0, 1.100716812535394, -0.7620579007106985, -0.24060860376718785, -2.588365268337895
4358, 43.57942257785467, -0.26619947141044575, -2.583478507472475, -2.5494129062365753, 0.4775044321181876, 0.0, 0.0, 1.072567350550665, -0.7686296441508882, -0.2670065146024494, -2.5839634247995416
4359, 43.58942474048443, -0.29169360047281157, -2.5787034631512933, -2.5494129062365753, 0.4775044321181876, 0.0, 0.0, 1.04267061241143, -0.7747969351522708, -0.2924490562358102, -2.578206760755309
4360, 43.59942690311419, -0.3171877295351774, -2.5739284188301115, -2.5494129062365753, 0.4775044321181876, 0.0, 0.0, 1.0110446717197832, -0.7805573400033781, -0.3172000128237664, -2.5736632842891463
4361, 43.609429065743946, -0.3426818585975432, -2.5691533745089297, -2.5494129062365753, 0.4775044321181876, 0.0, 0.0, 0.9777088156805285, -0.7859085990118948, -0.3416920386145784, -2.569579449682956
4362, 43.619431228373706, -0.3681759876599088, -2.5643783301877474, -2.5494129062365753, 0.4775044321181876, 0.0, 0.0, 0.9426835330646386, -0.7908486274698077, -0.36817291415686765, -2.563414853708599
4363, 43.62943339100346, -0.3936701167222746, -2.5596032858665656, -2.5494129062365753, 0.4775044321181876, 0.0, 0.0, 0.9059905013531913, -0.795375516543456, -0.3940384454591644, -2.560286124009001
4364, 43.63943555363322, -0.4191642457846402, -2.554828241545384, -2.5494129062365753, 0.4775044321181876, 0.0, 0.0, 0.8676525730699269, -0.7994875340880974, -0.4181553230099974, -2.5547618537557857
4365, 43.64943771626298, -0.444658374847006, -2.550053197224202, -2.5494129062365753, 0.4775044321181876, 0.0, 0.0, 0.8276937613111504, -0.8031831253866457, -0.4450928136210399, -2.548766243751175
4366, 43.659439878892734, -0.4701525039093718, -2.54527815290302, -2.5494129062365753, 0.4775044321181876, 0.0, 0.0, 0.7861392244822067, -0.8064609138122576, -0.4699851349655052, -2.5468502298827573
4367, 43.669442041522494, -0.4956466329717376, -2.5405031085818384, -2.5494129062365753, 0.4775044321181876, 0.0, 0.0, 0.7430152502503107, -0.8093197014144891, -0.49714700338621265, -2.540643544219602
4368, 43.679444204152254, -0.5211407620341034, -2.535728064260656, -2.5494129062365753, 0.4775044321181876, 0.0, 0.0, 0.6983492387240171, -0.8117584694287643, -0.5230336133319073, -2.5341400368203315
4369, 43.68944636678201, -0.5466348910964692, -2.5309530199394743, -2.5494129062365753, 0.4775044321181876, 0.0, 0.0, 0.6521696848701783, -0.813776378708946, -0.5473539254332707, -2.531764573485712
4370, 43.69944852941177, -0.5721290201588348, -2.5261779756182925, -2.5494129062365753, 0.4775044321181876, 0.0, 0.0, 0.6045061601796817, -0.8153727700828135, -0.5725906414844607, -2.52638658808096
4371, 43.70945069204153, -0.5976231492212006, -2.5214029312971107, -2.5494129062365753, 0.4775044321181876, 0.0, 0.0, 0.5553892935938491, -0.8165471646303017, -0.59679932968001, -2.5210728356110566
4372, 43.71945285467128, -0.6231172782835664, -2.516627886975929, -2.5494129062365753, 0.4775044321181876, 0.0, 0.0, 0.5048507517037943, -0.8172992638843803, -0.6236867118653907, -2.517897212354213
4373, 43.72945501730104, -0.6486114073459323, -2.511852842654747, -2.5494129062365753, 0.4775044321181876, 0.0, 0.0, 0.4529232182355871, -0.8176289499544864, -0.6485318382309561, -2.51098413731796
4374, 43.739457179930795, -0.6741055364082981, -2.5070777983335653, -2.5494129062365753, 0.4775044321181876, 0.0, 0.0, 0.39964037283452014, -0.8175362855724557, -0.672066964927624, -2.509607193218115
4375, 43.749459342560556, -0.6995996654706639, -2.502302754012383, -2.5494129062365753, 0.4775044321181876, 0.0, 0.0, 0.3450368691622534, -0.8170215140609378, -0.6982579461951043, -2.5022944767167083
4376, 43.759461505190316, -0.7250937945330295, -2.497527709691201, -2.5494129062365753, 0.4775044321181876, 0.0, 0.0, 0.28914831232109606, -0.8160850592243065, -0.7260944780102403, -2.497861123179211
4377, 43.76946366782007, -0.7505879235953953, -2.4927526653700194, -2.5494129062365753, 0.4775044321181876, 0.0, 0.0, 0.23201123562009096, -0.8147275251621078, -0.7504664601432144, -2.4934973944990513
4378, 43.77946583044983, -0.7760820526577611, -2.4879776210488376, -2.5494129062365753, 0.4775044321181876, 0.0, 0.0, 0.17366307669808068, -0.8129496960051357, -0.7764791976034345, -2.487175343196281
4379, 43.78946799307959, -0.8015761817201269, -2.4832025767276558, -2.5494129062365753, 0.4775044321181876, 0.0, 0.0, 0.11414215301929831, -0.8107525355742378, -0.8017947286673133, -2.4837428154490016
4380, 43.79947015570934, -0.8270703107824927, -2.4784275324064735, -2.5494129062365753, 0.4775044321181876, 0.0, 0.0, 0.05348763675750212, -0.8081371869620075, -0.8269078950000702, -2.4786439194351355
4381, 43.809472318339104, -0.8525644398448585, -2.4736524880852917, -2.5494129062365753, 0.4775044321181876, 0.0, 0.0, -0.008260470914932982, -0.8051049720375338, -0.8543724594361419, -2.474023768225139
4382, 43.81947448096886, -0.8780585689072243, -2.46887744376411, -2.5494129062365753, 0.4775044321181876, 0.0, 0.0, -0.0710613661161521, -0.801657390874428, -0.8795152244912278, -2.4695463697750615
4383, 43.82947664359862, -0.9035526979695899, -2.464102399442928, -2.5494129062365753, 0.4775044321181876, 0.0, 0.0, -0.1348734691049669, -0.7977961211023707, -0.9034989492756156, -2.463489112113127
4384, 43.83947880622838, -0.9290468270319557, -2.4593273551217463, -2.5494129062365753, 0.4775044321181876, 0.0, 0.0, -0.19965445167443252, -0.7935230171824534, -0.929143620584854, -2.4602589747815893
4385, 43.84948096885813, -0.9545409560943215, -2.4545523108005645, -2.5494129062365753, 0.4775044321181876, 0.0, 0.0, -0.2653612650708672, -0.7888401096066353, -0.9550008538769161, -2.4533247063217414
4386, 43.85948313148789, -0.9800350851566874, -2.4497772664793827, -2.5494129062365753, 0.4775044321181876, 0.0, 0.0, -0.3319501684200179, -0.7837496040216492, -0.9803635982802392, -2.4492175881926515
4387, 43.86948529411765, -1.0055292142190533, -2.4450022221582004, -2.5494129062365753, 0.4775044321181876, 0.0, 0.0, -0.39937675764169145, -0.778253880277737, -1.0048532234324028, -2.4450087862719574
4388, 43.879487456747405, -1.031023343281419, -2.4402271778370186, -2.5494129062365753, 0.4775044321181876, 0.0, 0.0, -0.4675959948338455, -0.7723554914026254, -1.0335398016227373, -2.438177406253425
4389, 43.889489619377166, -1.0565174723437845, -2.435452133515837, -2.5494129062365753, 0.4775044321181876, 0.0, 0.0, -0.5365622381068295, -0.7660571625011794, -1.0579374674059367, -2.435201511446906
4390, 43.899491782006926, -1.0820116014061503, -2.430677089194655, -2.5494129062365753, 0.4775044321181876, 0.0, 0.0, -0.6062292718481338, -0.7593617895812051, -1.083028565913134, -2.4295734949880963
4391, 43.90949394463668, -1.107505730468516, -2.425902044873473, -2.5494129062365753, 0.4775044321181876, 0.0, 0.0, -0.6765503373977085, -0.7522724383059096, -1.1069645392218759, -2.425720155377479
4392, 43.91949610726644, -1.132999859530882, -2.4211270005522914, -2.5494129062365753, 0.4775044321181876, 0.0, 0.0, -0.7474781641136677, -0.7447923426735501, -1.1338918682611585, -2.420450313349844
4393, 43.92949826989619, -1.1584939885932477, -2.416351956231109, -2.5494129062365753, 0.4775044321181876, 0.0, 0.0, -0.818965000807871, -0.7369249036248415, -1.1586645377456022, -2.4171184866710202
4394, 43.93950043252595, -1.1839881176556135, -2.4115769119099273, -2.5494129062365753, 0.4775044321181876, 0.0, 0.0, -0.8909626475306569, -0.7286736875787176, -1.1834101246118203, -2.4124333654476398
4395, 43.949502595155714, -1.2094822467179793, -2.4068018675887455, -2.5494129062365753, 0.4775044321181876, 0.0, 0.0, -0.963422487683748, -0.7200424248970813, -1.2099153725913974, -2.4086072203041597
4396, 43.95950475778547, -1.2349763757803451, -2.4020268232675637, -2.5494129062365753, 0.4775044321181876, 0.0, 0.0, -1.0362955204401139, -0.7110350082791908, -1.2347123403446534, -2.403433870788459
4397, 43.96950692041523, -1.260470504842711, -2.397251778946382, -2.5494129062365753, 0.4775044321181876, 0.0, 0.0, -1.109532393449372, -0.7016554910863845, -1.259509190266513, -2.3968800259078846
4398, 43.97950908304499, -1.2859646339050768, -2.3924767346252, -2.5494129062365753, 0.4775044321181876, 0.0, 0.0, -1.1830834358070952, -0.6919080855978538, -1.284738041767879, -2.3903583054552735
4399, 43.98951124567474, -1.3114587629674426, -2.3877016903040182, -2.5494129062365753, 0.4775044321181876, 0.0, 0.0, -1.2568986912662214, -0.6817971611982203, -1.3100323175716384, -2.388273993326883
4400, 43.9995134083045, -1.3369528920298084, -2.382926645982836, -2.5494129062365753, 0.4775044321181876, 0.0, 0.0, -1.330927951668574, -0.671327242497687, -1.337228781954721, -2.381348537075297
4401, 44.00951557093426, -1.3624470210921742, -2.378151601661654, -2.5494129062365753, 0.4775044321181876, 0.0, 0.0, -1.4051207905743532, -0.6605030073855789, -1.3606983135230915, -2.3777227205774163
4402, 44.019517733564015, -1.38794115015454, -2.3733765573404724, -2.5494129062365753, 0.4775044321181876, 0.0, 0.0, -1.4794265970673173, -0.6493292850181042, -1.3879576529744087, -2.371230746906652
4403, 44.029519896193776, -1.4134352792169058, -2.3686015130192906, -2.5494129062365753, 0.4775044321181876, 0.0, 0.0, -1.5537946097132282, -0.6378110537412002, -1.412986865684355, -2.367307480115056
4404, 44.03952205882353, -1.4389294082792716, -2.3638264686981088, -2.5494129062365753, 0.4775044321181876, 0.0, 0.0, -1.628173950649043, -0.6259534389493557, -1.4374698555951098, -2.3664397560339747
4405, 44.04952422145329, -1.464423537341637, -2.3590514243769265, -2.5494129062365753, 0.4775044321181876, 0.0, 0.0, -1.702513659780219, -0.6137617108813329, -1.465979681327066, -2.358990630886553
4406, 44.05952638408305, -1.4899176664040028, -2.3542763800557447, -2.5494129062365753, 0.4775044321181876, 0.0, 0.0, -1.7767627290634278, -0.6012412823537256, -1.488450742906412, -2.354912711072232
4407, 44.0695285467128, -1.5154117954663686, -2.349501335734563, -2.5494129062365753, 0.4775044321181876, 0.0, 0.0, -1.8508701368518783, -0.5883977064333409, -1.513979573351307, -2.351526117593616
4408, 44.07953070934256, -1.5409059245287344, -2.344726291413381, -2.5494129062365753, 0.4775044321181876, 0.0, 0.0, -1.9247848822804405, -0.5752366740493893, -1.5400856700312922, -2.3447505056146896
4409, 44.089532871972324, -1.5664000535911002, -2.3399512470921993, -2.5494129062365753, 0.4775044321181876, 0.0, 0.0, -1.9984560196676726, -0.5617640115465183, -1.5658407322086898, -2.340151768481061
4410, 44.09953503460208, -1.591894182653466, -2.3351762027710175, -2.5494129062365753, 0.4775044321181876, 0.0, 0.0, -2.0718326929118698, -0.5479856781797344, -1.592328834068364, -2.3361014001938822
4411, 44.10953719723184, -1.6173883117158319, -2.3304011584498356, -2.5494129062365753, 0.4775044321181876, 0.0, 0.0, -2.144864169858213, -0.5339077635522924, -1.6176059498071154, -2.3307972164638255
4412, 44.11953935986159, -1.6428824407781977, -2.325626114128654, -2.5494129062365753, 0.4775044321181876, 0.0, 0.0, -2.217499876614129, -0.5195364849976503, -1.6417461744038562, -2.325658768055189
4413, 44.12954152249135, -1.6683765698405635, -2.3208510698074716, -2.5494129062365753, 0.4775044321181876, 0.0, 0.0, -2.2896894317899745, -0.5048781849066128, -1.6680908467761648, -2.3204917694327922
4414, 44.13954368512111, -1.6938706989029293, -2.3160760254862898, -2.5494129062365753, 0.4775044321181876, 0.0, 0.0, -2.361382680642202, -0.48993932800081264, -1.6933211983282843, -2.3170781638354665
4415, 44.149545847750865, -1.719364827965295, -2.311300981165108, -2.5494129062365753, 0.4775044321181876, 0.0, 0.0, -2.43252972909622, -0.4747264985537003, -1.7211249086515488, -2.312354330670836
4416, 44.159548010380625, -1.744858957027661, -2.306525936843926, -2.5494129062365753, 0.4775044321181876, 0.0, 0.0, -2.5030809776262175, -0.459246397560234, -1.745283120133456, -2.3052610549645745
4417, 44.169550173010386, -1.7703530860900267, -2.3017508925227443, -2.5494129062365753, 0.4775044321181876, 0.0, 0.0, -2.57298715496931, -0.44350583985648373, -1.7700349118019358, -2.300396246014877
4418, 44.17955233564014, -1.795847215152392, -2.296975848201562, -2.5494129062365753, 0.4775044321181876, 0.0, 0.0, -2.6421993516514606, -0.4275117511903914, -1.7938623327173864, -2.2952853614609734
4419, 44.1895544982699, -1.821341344214758, -2.2922008038803803, -2.5494129062365753, 0.4775044321181876, 0.0, 0.0, -2.710669053302749, -0.4112711652449341, -1.822373299534461, -2.2927211128216682
4420, 44.19955666089966, -1.8468354732771237, -2.2874257595591985, -2.5494129062365753, 0.4775044321181876, 0.0, 0.0, -2.778348173739657, -0.3947912206149843, -1.8458887048541728, -2.2899338475482915
4421, 44.20955882352941, -1.8723296023394895, -2.2826507152380167, -2.5494129062365753, 0.4775044321181876, 0.0, 0.0, -2.8451890877922303, -0.37807915773914735, -1.8728882726343759, -2.282852356787689
4422, 44.21956098615917, -1.8978237314018553, -2.277875670916835, -2.5494129062365753, 0.4775044321181876, 0.0, 0.0, -2.911144663854089, -0.3611423157879057, -1.896430095907384, -2.2781600145337135
4423, 44.22956314878893, -1.9233178604642212, -2.273100626595653, -2.5494129062365753, 0.4775044321181876, 0.0, 0.0, -2.9761682961334426, -0.34398812950940105, -1.9210123543324644, -2.273373501374137
4424, 44.23956531141869, -1.948811989526587, -2.2683255822744712, -2.5494129062365753, 0.4775044321181876, 0.0, 0.0, -3.040213936583468, -0.3266241260342082, -1.9500949749469496, -2.2689706555308646
4425, 44.24956747404845, -1.9743061185889528, -2.263550537953289, -2.5494129062365753, 0.4775044321181876, 0.0, 0.0, -3.103236126490577, -0.30905792164047563, -1.974307524543336, -2.2638417774825177
4426, 44.2595696366782, -1.9998002476513186, -2.258775493632107, -2.5494129062365753, 0.4775044321181876, 0.0, 0.0, -3.165190027699338, -0.29129721848081425, -2.000115058574428, -2.2575669109213794
4427, 44.26957179930796, -2.0252943767136844, -2.2540004493109254, -2.5494129062365753, 0.4775044321181876, 0.0, 0.0, -3.2260314534530385, -0.27334980127235076, -2.0263484046369182, -2.2533472054855137
4428, 44.27957396193772, -2.05078850577605, -2.2492254049897435, -2.5494129062365753, 0.4775044321181876, 0.0, 0.0, -3.2857168988291114, -0.25522353395135555, -2.0502433093134997, -2.2496490488536582
4429, 44.289576124567475, -2.076282634838416, -2.2444503606685617, -2.5494129062365753, 0.4775044321181876, 0.0, 0.0, -3.3442035707489, -0.2369263562938868, -2.0758098610696405, -2.246009138497187
4430, 44.299578287197235, -2.1017767639007814, -2.2396753163473795, -2.5494129062365753, 0.4775044321181876, 0.0, 0.0, -3.401449417541526, -0.21846628050390104, -2.10144804310422, -2.238337513174081
4431, 44.309580449826996, -2.127270892963147, -2.2349002720261977, -2.5494129062365753, 0.4775044321181876, 0.0, 0.0, -3.4574131580418763, -0.19985138777029232, -2.1287469613651337, -2.2327140468542948
4432, 44.31958261245675, -2.152765022025513, -2.230125227705016, -2.5494129062365753, 0.4775044321181876, 0.0, 0.0, -3.5120543102030615, -0.18108982479434566, -2.152087395761992, -2.2307508235005717
4433, 44.32958477508651, -2.178259151087879, -2.225350183383834, -2.5494129062365753, 0.4775044321181876, 0.0, 0.0, -3.5653332192039553, -0.16218980028908203, -2.177614846499272, -2.226689796842453
4434, 44.33958693771626, -2.2037532801502446, -2.2205751390626522, -2.5494129062365753, 0.4775044321181876, 0.0, 0.0, -3.6172110850328014, -0.1431595814520119, -2.2024125023976646, -2.217859345055859
4435, 44.34958910034602, -2.2281179718158466, -2.2158692938649867, -2.3456305882419595, 0.4678048988896156, 18.167715663649556, -0.5559241753868541, -2.779134363287559, -0.13865181426047576, -2.227648806306682, -2.215570921920476
4436, 44.35959126297578, -2.2506658919150837, -2.21121904108486, -2.1639534316054636, 0.462245657135747, 18.167715663649556, -0.5559241753868541, -2.7264473603942934, -0.11029438072845157, -2.25117273570998, -2.210630032894372
4437, 44.36959342560554, -2.271397040447956, -2.2066243807222716, -1.982276274968968, 0.4566864153818785, 18.167715663649556, -0.5559241753868541, -2.669569410520127, -0.08451683270805316, -2.2706451006576622, -2.2083314437654726
4438, 44.3795955882353, -2.290311417414463, -2.202085312777222, -1.8005991183324723, 0.4511271736280099, 18.167715663649556, -0.5559241753868541, -2.6087491399998997, -0.06135664179807698, -2.290432050958999, -2.2010810682869386
4439, 44.38959775086506, -2.3074090228146056, -2.1976018372497115, -1.6189219616959765, 0.4455679318741414, 18.167715663649556, -0.5559241753868541, -2.5442204100375685, -0.040846387649044164, -2.3073572729382357, -2.1968151358744232
4440, 44.39959991349481, -2.322689856648383, -2.1931739541397395, -1.437244805059481, 0.44000869012027277, 18.167715663649556, -0.5559241753868541, -2.47620023509172, -0.023014391482737095, -2.3231842694824794, -2.194075899181633
4441, 44.40960207612457, -2.3361539189157954, -2.188801663447306, -1.2555676484229852, 0.4344494483664042, 18.167715663649556, -0.5559241753868541, -2.4048869628300613, -0.007885277621145548, -2.3357086109929552, -2.1886900127784736
4442, 44.419604238754324, -2.3478012096168426, -2.1844849651724116, -1.0738904917864895, 0.4288902066125357, 18.167715663649556, -0.5559241753868541, -2.3304586936344065, 0.004519539136756845, -2.3472148695019626, -2.1842990228308126
4443, 44.429606401384085, -2.357631728751525, -2.1802238593150554, -0.8922133351499937, 0.42333096485866717, 18.167715663649556, -0.5559241753868541, -2.2530719189726236, 0.014181441943129258, -2.3575195485029474, -2.17973847723306
4444, 44.439608564013845, -2.3656454763198425, -2.1760183458752382, -0.7105361785134978, 0.4177717231047986, 18.167715663649556, -0.5559241753868541, -2.172860359655285, 0.021084277370751442, -2.365151980308241, -2.176084053266747
4445, 44.4496107266436, -2.371842452321795, -2.1718684248529594, -0.5288590218770024, 0.4122124813509301, 18.167715663649556, -0.5559241753868541, -2.089933987006814, 0.025214098822442632, -2.372326009249872, -2.1724166898556496
4446, 44.45961288927336, -2.3762226567573825, -2.1677740962482193, -0.34718186524050676, 0.40665323959706157, 18.167715663649556, -0.5559241753868541, -2.004378212253984, 0.026558988504671754, -2.3748542743468852, -2.1672625063248425
4447, 44.46961505190312, -2.378786089626605, -2.1637353600610183, -0.1655047086040109, 0.40109399784319294, 18.167715663649556, -0.5559241753868541, -1.9162532319241774, 0.025108958363847717, -2.3791227871879816, -2.1646026787378925
4448, 44.47961721453287, -2.379532750929463, -2.1597522162913556, 0.016172448032484965, 0.3955347560893245, 18.167715663649556, -0.5559241753868541, -1.8255935197116726, 0.02085593019135437, -2.3801084097956826, -2.159685910329733
4449, 44.48961937716263, -2.3784626406659553, -2.1558246649392316, 0.19784960466898083, 0.38997551433545585, 18.167715663649556, -0.5559241753868541, -1.7324074580765887, 0.013793794928913361, -2.3775854313062665, -2.155426974517586
4450, 44.49962153979239, -2.3755757588360833, -2.1519527060046464, 0.379526761305476, 0.38441627258158734, 18.167715663649556, -0.5559241753868541, -1.6366771057545764, 0.003918551033869233, -2.3764915119836676, -2.151030801813083
4451, 44.50962370242215, -2.3708721054398456, -2.1481363394876, 0.5612039179419719, 0.3788570308277188, 18.167715663649556, -0.5559241753868541, -1.5383581003452118, -0.008771478420917356, -2.371294055088555, -2.1471375348698896
4452, 44.51962586505191, -2.3643516804772435, -2.144375565388092, 0.7428810745784677, 0.37329778907385025, 18.167715663649556, -0.5559241753868541, -1.4373796981836553, -0.02427535045111709, -2.364212301108532, -2.1444663903401957
4453, 44.52962802768166, -2.3560144839482766, -2.140670383706123, 0.9245582312149636, 0.3677385473199817, 18.167715663649556, -0.5559241753868541, -1.3336449567539508, -0.04258912946436641, -2.355552313689368, -2.1419891747725144
4454, 44.53963019031142, -2.3458605158529444, -2.1370207944416926, 1.1062353878514595, 0.36217930556611316, 18.167715663649556, -0.5559241753868541, -1.2270310679434333, -0.06370543827412598, -2.3458226509429148, -2.137899779109886
4455, 44.54963235294118, -2.3338897761912474, -2.1334267975948005, 1.287912544487955, 0.3566200638122446, 18.167715663649556, -0.5559241753868541, -1.1173898534341702, -0.08761293432421421, -2.3341131915948505, -2.1348157014850977
4456, 44.559634515570934, -2.320102264963185, -2.1298883931654475, 1.4695897011244505, 0.3510608220583761, 18.167715663649556, -0.5559241753868541, -1.0045484364445847, -0.11429571310149678, -2.320447560983672, -2.1293509113608415
4457, 44.569636678200695, -2.3044979821687583, -2.1264055811536333, 1.6512668577609464, 0.3455015803045075, 18.167715663649556, -0.5559241753868541, -0.8883101068344252, -0.14373264129338614, -2.305683483707174, -2.127266057587885
4458, 44.579638840830455, -2.2870769278079663, -2.1229783615593574, 1.8329440143974416, 0.33994233855063893, 18.167715663649556, -0.5559241753868541, -0.7684553992259574, -0.17589662294112374, -2.28744944116441, -2.124066886530415
4459, 44.58964100346021, -2.2678391018808095, -2.11960673438262, 2.014621171033938, 0.3343830967967704, 18.167715663649556, -0.5559241753868541, -0.6447434062257484, -0.2107538026614537, -2.2675674478365018, -2.119838413741377
4460, 44.59964316608997, -2.2467845043872874, -2.116290699623422, 2.1962983276704335, 0.3288238550429019, 18.167715663649556, -0.5559241753868541, -0.5169133509999442, -0.24826271096929564, -2.246477145646351, -2.1156015142643683
4461, 44.60964532871973, -2.2239131353274004, -2.1130302572817623, 2.3779754843069294, 0.32326461328903333, 18.167715663649556, -0.5559241753868541, -0.38468644530035956, -0.2883733578416834, -2.222892226683702, -2.113513633599408
4462, 44.61964749134948, -2.199224994701149, -2.1098254073576412, 2.559652640943425, 0.31770537153516476, 18.167715663649556, -0.5559241753868541, -0.2477680604901309, -0.33102628192604916, -2.1998236980792427, -2.110307677250885
4463, 44.62964965397924, -2.172720082508532, -2.106676149851059, 2.7413297975799207, 0.31214612978129624, 18.167715663649556, -0.5559241753868541, -0.10585024009966748, -0.3761515642188411, -2.172541427731629, -2.106156312095305
4464, 44.639651816608996, -2.1443983987495505, -2.1035824847620153, 2.9230069542164165, 0.3065868880274277, 18.167715663649556, -0.5559241753868541, 0.04138541712822397, -0.4236678166254596, -2.143089381163516, -2.1047088959403664
4465, 44.64965397923876, -2.1142599434242038, -2.1005444120905103, 3.1046841108529124, 0.30102764627355916, 18.167715663649556, -0.5559241753868541, 0.1942644749630864, -0.4734811575581748, -2.1141316031874537, -2.0996219786002226
4466, 44.65965614186852, -2.082304716532492, -2.097561931836544, 3.286361267489408, 0.2954684045196906, 18.167715663649556, -0.5559241753868541, 0.35311595040376553, -0.5254841886292416, -2.0826797897260287, -2.095947812369429
4467, 44.66965830449827, -2.0485327180744157, -2.0946350440001167, 3.4680384241259037, 0.28990916276582207, 18.167715663649556, -0.5559241753868541, 0.5182681514247665, -0.57955498854148, -2.0483321141103183, -2.095524272991394
4468, 44.67966046712803, -2.012943948049974, -2.091763748581228, 3.6497155807623995, 0.2843499210119535, 18.167715663649556, -0.5559241753868541, 0.6900440385667264, -0.6355561424519167, -2.01306975149256, -2.0923072350081164
4469, 44.68966262975779, -1.9755384064591675, -2.0889480455798775, 3.831392737398895, 0.27879067925808493, 18.167715663649556, -0.5559241753868541, 0.8687560910410503, -0.6933338273632871, -1.974372519409769, -2.0897200936618208
4470, 44.699664792387544, -1.9363160933019958, -2.086187934996066, 4.013069894035391, 0.2732314375042164, 18.167715663649556, -0.5559241753868541, 1.0547006630681524, -0.7527169764536935, -1.9365855218816337, -2.0851758069776762
4471, 44.709666955017305, -1.8952770085784596, -2.083483416829793, 4.194747050671886, 0.26767219575034784, 18.167715663649556, -0.5559241753868541, 1.2481518225273915, -0.8135165476489656, -1.8955638717025314, -2.0842102020645514
4472, 44.71966911764706, -1.8524211522885583, -2.0808344910810592, 4.376424207308382, 0.2621129539964793, 18.167715663649556, -0.5559241753868541, 1.4493546717750312, -0.8755249241291749, -1.8522671089028175, -2.080006041207679
4473, 44.72967128027682, -1.807748524432292, -2.0782411577498636, 4.5581013639448775, 0.25655371224261075, 18.167715663649556, -0.5559241753868541, 1.6585181597858365, -0.9385154767848135, -1.8067186485152829, -2.078836966642691
4474, 44.73967344290658, -1.7612591250096605, -2.0757034168362067, 4.739778520581374, 0.25099447048874224, 18.167715663649556, -0.5559241753868541, 1.8758074056823715, -1.0022423208339395, -1.7597788914898145, -2.0756136800909193
4475, 44.74967560553633, -1.7138613398038482, -2.0731934721313197, 4.739778520581368, 0.2509944704887424, 0.0, 0.0, 1.140813504701689, -1.0511372860200499, -1.7133645536429605, -2.0734523828694567
4476, 44.75967776816609, -1.6664635545980346, -2.070683527426432, 4.739778520581368, 0.2509944704887424, 0.0, 0.0, 1.2738394109949263, -1.0801145461547743, -1.6667518959890606, -2.0719297252274833
4477, 44.76967993079585, -1.619065769392221, -2.0681735827215446, 4.739778520581368, 0.2509944704887424, 0.0, 0.0, 1.40962126919786, -1.107069018118064, -1.6203615144315708, -2.069089280331386
4478, 44.779682093425606, -1.5716679841864072, -2.065663638016657, 4.739778520581368, 0.2509944704887424, 0.0, 0.0, 1.5478606758638618, -1.1319349177824467, -1.5700114691541243, -2.064138737949099
4479, 44.78968425605537, -1.5242701989805936, -2.06315369331177, 4.739778520581368, 0.2509944704887424, 0.0, 0.0, 1.6882531976820832, -1.154651655938865, -1.5241543711783974, -2.061238085380736
4480, 44.79968641868513, -1.4768724137747797, -2.0606437486068825, 4.739778520581368, 0.2509944704887424, 0.0, 0.0, 1.8304890404821488, -1.1751639891714358, -1.4754622981301768, -2.0623385302009796
4481, 44.80968858131488, -1.4294746285689661, -2.058133803901995, 4.739778520581368, 0.2509944704887424, 0.0, 0.0, 1.974253731585121, -1.1934221574198065, -1.428521520001485, -2.0590029602638045
4482, 44.81969074394464, -1.3820768433631523, -2.0556238591971074, 4.739778520581368, 0.2509944704887424, 0.0, 0.0, 2.119228814001692, -1.2093820078865487, -1.3835423956834545, -2.055096097723245
4483, 44.829692906574394, -1.3346790581573387, -2.05311391449222, 4.739778520581368, 0.2509944704887424, 0.0, 0.0, 2.2650925509485687, -1.22300510498102, -1.3352051943111456, -2.052900236992332
4484, 44.839695069204154, -1.2872812729515248, -2.050603969787333, 4.739778520581368, 0.2509944704887424, 0.0, 0.0, 2.4115206391274837, -1.2342588260259082, -1.287378740969751, -2.051329627745175
4485, 44.849697231833915, -1.2398834877457112, -2.0480940250824453, 4.739778520581368, 0.2509944704887424, 0.0, 0.0, 2.5581869291880555, -1.2431164424881254, -1.2398098164522566, -2.048152038008348
4486, 44.85969939446367, -1.1924857025398976, -2.045584080377558, 4.739778520581368, 0.2509944704887424, 0.0, 0.0, 2.704764151776097, -1.2495571865317556, -1.192627588043958, -2.0454678438182277
4487, 44.86970155709343, -1.1450879173340838, -2.0430741356726703, 4.739778520581368, 0.2509944704887424, 0.0, 0.0, 2.8509246475528074, -1.2535663027273394, -1.1449856402776164, -2.0424326841665814
4488, 44.87970371972319, -1.0976901321282702, -2.040564190967783, 4.739778520581368, 0.2509944704887424, 0.0, 0.0, 2.996341099557758, -1.2551350847887044, -1.09607779745935, -2.0413687534252394
4489, 44.88970588235294, -1.0502923469224563, -2.0380542462628957, 4.739778520581368, 0.2509944704887424, 0.0, 0.0, 3.140687266279671, -1.2542608972458773, -1.0509372209076333, -2.0373094656105524
4490, 44.8997080449827, -1.0028945617166427, -2.035544301558008, 4.739778520581368, 0.2509944704887424, 0.0, 0.0, 3.2836387137936773, -1.2509471820000906, -1.001678147188206, -2.0350701655074768
4491, 44.90971020761246, -0.9554967765108289, -2.0330343568531206, 4.739778520581368, 0.2509944704887424, 0.0, 0.0, 3.424873545322228, -1.2452034497445692, -0.956698093066695, -2.0340072861087304
4492, 44.919712370242216, -0.9080989913050153, -2.030524412148233, 4.739778520581368, 0.2509944704887424, 0.0, 0.0, 3.564073126578827, -1.2370452562724599, -0.9076196856647892, -2.031036540048424
4493, 44.92971453287198, -0.8607012060992014, -2.028014467443346, 4.739778520581368, 0.2509944704887424, 0.0, 0.0, 3.700922805259618, -1.2264941637309004, -0.861126524014268, -2.027756142731394
4494, 44.93971669550173, -0.8133034208933878, -2.0255045227384585, 4.739778520581368, 0.2509944704887424, 0.0, 0.0, 3.83511262305728, -1.2135776869177195, -0.8133182001991416, -2.0261600318497694
4495, 44.94971885813149, -0.765905635687574, -2.022994578033571, 4.739778520581368, 0.2509944704887424, 0.0, 0.0, 3.966338018584854, -1.1983292247545, -0.767480916866925, -2.0235875046738765
4496, 44.95972102076125, -0.7185078504817604, -2.0204846333286834, 4.739778520581368, 0.2509944704887424, 0.0, 0.0, 4.094300519613904, -1.1807879771066596, -0.7195330758663904, -2.0198557891469986
4497, 44.969723183391004, -0.6711100652759465, -2.017974688623796, 4.739778520581368, 0.2509944704887424, 0.0, 0.0, 4.218708423051858, -1.1609988471576815, -0.6706247128071261, -2.018466789140391
4498, 44.979725346020764, -0.6237122800701327, -2.015464743918909, 4.739778520581368, 0.2509944704887424, 0.0, 0.0, 4.339277461107363, -1.1390123295806212, -0.6231747612772734, -2.013922278634684
4499, 44.989727508650525, -0.5763144948643193, -2.0129547992140213, 4.739778520581368, 0.2509944704887424, 0.0, 0.0, 4.455731452120085, -1.1148843847853585, -0.57814120879544, -2.0129100114125156
4500, 44.99972967128028, -0.5289167096585055, -2.010444854509134, 4.739778520581368, 0.2509944704887424, 0.0, 0.0, 4.567802934562376, -1.0886762995547619, -0.5275953771333972, -2.011984112795707
4501, 45.00973183391004, -0.4815189244526916, -2.0079349098042463, 4.739778520581368, 0.2509944704887424, 0.0, 0.0, 4.675233782754757, -1.0604545344168161, -0.4809560262752595, -2.0075052999948224
4502, 45.01973399653979, -0.43412113924687823, -2.005424965099359, 4.739778520581368, 0.2509944704887424, 0.0, 0.0, 4.777775802874961, -1.0302905581327928, -0.4319811200665063, -2.007097192605385
4503, 45.02973615916955, -0.3867233540410644, -2.0029150203944717, 4.739778520581368, 0.2509944704887424, 0.0, 0.0, 4.875191307881433, -0.9982606697136375, -0.38581534056772604, -2.0041594084901315
4504, 45.03973832179931, -0.339325568835251, -2.000405075689584, 4.739778520581368, 0.2509944704887424, 0.0, 0.0, 4.967253670016467, -0.9644458084077955, -0.33935059639689585, -1.9995316375157608
4505, 45.049740484429066, -0.29192778362943717, -1.9978951309846966, 4.739778520581368, 0.2509944704887424, 0.0, 0.0, 5.053747849601607, -0.9289313521336616, -0.29225790227748444, -1.9967449944585363
4506, 45.059742647058826, -0.24452999842362333, -1.9953851862798093, 4.739778520581368, 0.2509944704887424, 0.0, 0.0, 5.134470898888355, -0.8918069048586063, -0.2453589448314666, -1.9951445199461895
4507, 45.069744809688586, -0.1971322132178095, -1.9928752415749218, 4.739778520581368, 0.2509944704887424, 0.0, 0.0, 5.209232439780566, -0.8531660734540601, -0.19740075949882455, -1.9935844020289188
4508, 45.07974697231834, -0.1497344280119961, -1.9903652968700345, 4.739778520581368, 0.2509944704887424, 0.0, 0.0, 5.2778551143010235, -0.8131062345823526, -0.15092578004126375, -1.990656067840546
4509, 45.0897491349481, -0.10233664280618227, -1.987855352165147, 4.739778520581368, 0.2509944704887424, 0.0, 0.0, 5.340175006733489, -0.7717282921958095, -0.10123477238823016, -1.9876351144565954
4510, 45.09975129757786, -0.05493885760036843, -1.9853454074602597, 4.739778520581368, 0.2509944704887424, 0.0, 0.0, 5.396042036432804, -0.7291364262520125, -0.05648261390774109, -1.984553300785823
4511, 45.109753460207614, -0.007541072394554593, -1.9828354627553721, 4.739778520581368, 0.2509944704887424, 0.0, 0.0, 5.445320320359455, -0.6854378332709717, -0.008126767592198856, -1.9804223822684976
4512, 45.119755622837374, 0.0398567128112588, -1.9803255180504848, 4.739778520581368, 0.2509944704887424, 0.0, 0.0, 5.487888504460891, -0.6407424593803062, 0.039363352622010336, -1.9796951219892023
4513, 45.12975778546713, 0.08725449801707263, -1.9778155733455973, 4.739778520581368, 0.2509944704887424, 0.0, 0.0, 5.523640063090154, -0.59516272651321, 0.0877631435380957, -1.9773932591200314
4514, 45.13975994809689, 0.13465228322288647, -1.9753056286407098, 4.739778520581368, 0.2509944704887424, 0.0, 0.0, 5.552483565722409, -0.5488132524410537, 0.1345217768007433, -1.9755015403841567
4515, 45.14976211072665, 0.18205006842869986, -1.9727956839358225, 4.739778520581368, 0.2509944704887424, 0.0, 0.0, 5.5743429103019615, -0.5018105653378028, 0.18347900155698435, -1.972951889318719
4516, 45.1597642733564, 0.2294478536345137, -1.970285739230935, 4.739778520581368, 0.2509944704887424, 0.0, 0.0, 5.589157522625944, -0.4542728135870706, 0.23147125279781447, -1.9689239829102736
4517, 45.16976643598616, 0.27684563884032753, -1.9677757945260477, 4.739778520581368, 0.2509944704887424, 0.0, 0.0, 5.596882521245982, -0.4063194715544647, 0.27647918208065686, -1.9667501596483954
4518, 45.17976859861592, 0.32424342404614137, -1.9652658498211601, 4.739778520581368, 0.2509944704887424, 0.0, 0.0, 5.597488847445625, -0.3580710420579233, 0.32507265249522727, -1.9656517548280819
4519, 45.189770761245676, 0.37164120925195476, -1.9627559051162728, 4.739778520581368, 0.2509944704887424, 0.0, 0.0, 5.5909633599289466, -0.3096487562769781, 0.3721882375454463, -1.9615594339592852
4520, 45.199772923875436, 0.4190389944577686, -1.9602459604113853, 4.739778520581368, 0.2509944704887424, 0.0, 0.0, 5.5773088939343785, -0.2611742718482394, 0.4197669877989514, -1.9587983259752146
4521, 45.209775086505196, 0.46643677966358243, -1.957736015706498, 4.739778520581368, 0.2509944704887424, 0.0, 0.0, 5.556544284567301, -0.21276936989893955, 0.4653224223921537, -1.9587905653183506
4522, 45.21977724913495, 0.5138345648693963, -1.9552260710016105, 4.739778520581368, 0.2509944704887424, 0.0, 0.0, 5.528704354224994, -0.16455565177298473, 0.5131041561559213, -1.9548383299767738
4523, 45.22977941176471, 0.5612323500752097, -1.952716126296723, 4.739778520581368, 0.2509944704887424, 0.0, 0.0, 5.4938398640681765, -0.1166542362047612, 0.5594145589710797, -1.9537232096606465
4524, 45.23978157439446, 0.6086301352810235, -1.9502061815918357, 4.739778520581368, 0.2509944704887424, 0.0, 0.0, 5.452017429574203, -0.06918545769480441, 0.6097165533870059, -1.949456935093225
4525, 45.249783737024224, 0.6560279204868373, -1.9476962368869482, 4.739778520581368, 0.2509944704887424, 0.0, 0.0, 5.403319400287943, -0.02226856683846193, 0.6567065079041977, -1.9459854291430112
4526, 45.259785899653984, 0.7034257056926512, -1.9451862921820608, 4.739778520581368, 0.2509944704887424, 0.0, 0.0, 5.347843703967292, 0.023978566646193314, 0.702809573272688, -1.9461181810916945
4527, 45.26978806228374, 0.7508234908984646, -1.9426763474771733, 4.739778520581368, 0.2509944704887424, 0.0, 0.0, 5.285703655400879, 0.06943974745165979, 0.750106310687172, -1.9427343842605063
4528, 45.2797902249135, 0.7982212761042784, -1.940166402772286, 4.739778520581368, 0.2509944704887424, 0.0, 0.0, 5.217027730255728, 0.11400074404453626, 0.7975117879947802, -1.938409722807082
4529, 45.28979238754326, 0.8456190613100922, -1.9376564580673985, 4.739778520581368, 0.2509944704887424, 0.0, 0.0, 5.141959304392195, 0.1575495731386928, 0.8449489845108168, -1.94045519441018
4530, 45.29979455017301, 0.8930168465159056, -1.9351465133625112, 4.739778520581368, 0.2509944704887424, 0.0, 0.0, 5.060656359162271, 0.19997677856966928, 0.8929691246944621, -1.934701914218805
4531, 45.30979671280277, 0.9404146317217195, -1.9326365686576237, 4.739778520581368, 0.2509944704887424, 0.0, 0.0, 4.9732911532850945, 0.24117570387583462, 0.9408110474086631, -1.9328604253240953
4532, 45.319798875432525, 0.9878124169275333, -1.9301266239527362, 4.739778520581368, 0.2509944704887424, 0.0, 0.0, 4.880049861970143, 0.28104275790749766, 0.9872081173476738, -1.9291286965641246
4533, 45.329801038062286, 1.0339041003878409, -1.9279521865523566, 4.529375060351378, 0.18658401256520557, -15.95865713587242, -6.171945494549755, 3.794289109380551, 0.1907653484476461, 1.0338467867252503, -1.9289195696779697
4534, 45.339803200692046, 1.078399918134561, -1.926394943701432, 4.369788488992653, 0.12486455761970798, -15.95865713587242, -6.171945494549755, 3.603494705773609, 0.22036601119924495, 1.0778952705124598, -1.9264124590778686
4535, 45.3498053633218, 1.121299870167694, -1.9254548953999624, 4.2102019176339285, 0.06314510267421042, -15.95865713587242, -6.171945494549755, 3.412793995383675, 0.24636817416310716, 1.121974056345483, -1.9274525311413004
4536, 45.35980752595156, 1.1626039564872395, -1.9251320416479478, 4.050615346275205, 0.0014256477287128144, -15.95865713587242, -6.171945494549755, 3.2228892326430394, 0.2688849717354443, 1.1625547174055415, -1.925730105113868
4537, 45.36980968858132, 1.2023121770931982, -1.925426382445388, 3.8910287749164802, -0.06029380721678476, -15.95865713587242, -6.171945494549755, 3.034431457893568, 0.2880406681924292, 1.200880203954081, -1.9251103075806524
4538, 45.37981185121107, 1.2404245319855693, -1.9263379177922835, 3.731442203557756, -0.1220132621622824, -15.95865713587242, -6.171945494549755, 2.8480203510241613, 0.30396737428601167, 1.2400929325161951, -1.9298544823442074
4539, 45.389814013840834, 1.2769410211643533, -1.927866647688634, 3.5718556321990316, -0.18373271710778, -15.95865713587242, -6.171945494549755, 2.664204631731783, 0.31680208025087564, 1.275316307046911, -1.9266302113858556
4540, 45.399816176470594, 1.3118616446295501, -1.9300125721344392, 3.4122690608403077, -0.2454521720532776, -15.95865713587242, -6.171945494549755, 2.483482927837759, 0.3266839973103656, 1.3107097635373375, -1.9300112670380545
4541, 45.40981833910035, 1.3451864023811595, -1.9327756911296994, 3.252682489481583, -0.3071716269987752, -15.95865713587242, -6.171945494549755, 2.3063050361841624, 0.33375219572241627, 1.3462345719216176, -1.9336003580474304
4542, 45.41982050173011, 1.3769152944191818, -1.9361560046744146, 3.0930959181228586, -0.3688910819442728, -15.95865713587242, -6.171945494549755, 2.1330735045268283, 0.3381435243320352, 1.3774817369332508, -1.937587033031339
4543, 45.42982266435986, 1.4070483207436166, -1.940153512768585, 2.933509346764134, -0.43061053688977036, -15.95865713587242, -6.171945494549755, 1.9641454673401288, 0.33999079439323276, 1.4053769059131676, -1.938966822538885
4544, 45.43982482698962, 1.4355854813544644, -1.9447682154122101, 2.77392277540541, -0.492329991835268, -15.95865713587242, -6.171945494549755, 1.7998346733829118, 0.3394212089898966, 1.4359882931885963, -1.9452784238274548
4545, 45.44982698961938, 1.4625267762517251, -1.9500001126052902, 2.614336204046685, -0.5540494467807656, -15.95865713587242, -6.171945494549755, 1.6404136480943947, 0.3365550186247486, 1.460949683546396, -1.9497632095862392
4546, 45.459829152249135, 1.4878722054353983, -1.9558492043478253, 2.4547496326879616, -0.6157689017262632, -15.95865713587242, -6.171945494549755, 1.4861159392634908, 0.33150438336623794, 1.489250571138386, -1.956081685529126
4547, 45.469831314878896, 1.5116217689054843, -1.9623154906398155, 2.2951630613292373, -0.6774883566717607, -15.95865713587242, -6.171945494549755, 1.3371383998353572, 0.32437242225953, 1.512064456373355, -1.9646190254820912
4548, 45.479833477508656, 1.5337754666619832, -1.9693989714812605, 2.1355764899705125, -0.7392078116172585, -15.95865713587242, -6.171945494549755, 1.1936434670944047, 0.3152524314416397, 1.5327253823100049, -1.9706756480593683
4549, 45.48983564013841, 1.5543332987048946, -1.9770996468721607, 1.9759899186117886, -0.800927266562756, -15.95865713587242, -6.171945494549755, 1.0557614027208435, 0.3042272534819216, 1.5519740809128009, -1.9763933611051687
4550, 45.49983780276817, 1.573295265034219, -1.9854175168125157, 1.8164033472530638, -0.8626467215082536, -15.95865713587242, -6.171945494549755, 0.9235924633018021, 0.2913687818352325, 1.5744639403866683, -1.9844665910097956
4551, 45.50983996539793, 1.590661365649956, -1.9943525813023257, 1.6568167758943397, -0.9243661764537512, -15.95865713587242, -6.171945494549755, 0.7972089757466566, 0.2767375858914435, 1.5900695053921956, -1.994097089707149
4552, 45.51984212802768, 1.6064316005521055, -2.003904840341591, 1.4972302045356156, -0.9860856313992488, -15.95865713587242, -6.171945494549755, 0.6766572966806537, 0.2603826438842495, 1.6078171397477372, -2.0029549247537406
4553, 45.529844290657444, 1.620605969740668, -2.0140742939303107, 1.3376436331768908, -1.0478050863447463, -15.95865713587242, -6.171945494549755, 0.5619596392540702, 0.24234117284361356, 1.6216360590233516, -2.0142472807480405
4554, 45.5398464532872, 1.6331844732156435, -2.0248609420684858, 1.178057061818167, -1.109524541290244, -15.95865713587242, -6.171945494549755, 0.453115754897941, 0.2226385468049562, 1.6334474052772883, -2.0259453794917217
4555, 45.54984861591696, 1.6441671109770315, -2.0362647847561157, 1.0184704904594422, -1.1712439962357415, -15.95865713587242, -6.171945494549755, 0.35010446138164103, 0.20128829659453018, 1.645866124794617, -2.035929481046456
4556, 45.55985077854672, 1.6535538830248324, -2.0482858219932005, 0.858883919100718, -1.2329634511812393, -15.95865713587242, -6.171945494549755, 0.25288501208818526, 0.17829218666862212, 1.6534448812947755, -2.048675686269476
4557, 45.56985294117647, 1.6613447893590458, -2.0609240537797406, 0.6992973477419937, -1.2946829061267366, -15.95865713587242, -6.171945494549755, 0.16139830473013816, 0.15364036667171288, 1.6627041073237154, -2.06152662325304
4558, 45.57985510380623, 1.6675398299796722, -2.074179480115735, 0.5397107763832694, -1.3564023610722344, -15.95865713587242, -6.171945494549755, 0.07556793079556334, 0.1273115975748581, 1.667622168988684, -2.073030084602915
4559, 45.58985726643599, 1.6721390048867113, -2.088052101001185, 0.380124205024545, -1.418121816017732, -15.95865713587242, -6.171945494549755, -0.004698930146004532, 0.09927355444068808, 1.6732228273354566, -2.089027369321669
4560, 45.599859429065745, 1.6751423140801631, -2.10254191643609, 0.2205376336658207, -1.4798412709632296, -15.95865713587242, -6.171945494549755, -0.07951076451876254, 0.06948321001571345, 1.6770667208978098, -2.1040305501544703
4561, 45.609861591695505, 1.6765497575600277, -2.1176489264204497, 0.06095106230709635, -1.5415607259087272, -15.95865713587242, -6.171945494549755, -0.1489911180078322, 0.037887305453001896, 1.676123542674003, -2.1156978901212073
4562, 45.61986375432526, 1.676361335326305, -2.1333731309542645, -0.09863550905162799, -1.6032801808542245, -15.95865713587242, -6.171945494549755, -0.21327811658685714, 0.004422916495348095, 1.6769802057134813, -2.1338884303658467
4563, 45.62986591695502, 1.6745770473789952, -2.149714530037534, -0.25822208041035233, -1.6649996357997225, -15.95865713587242, -6.171945494549755, -0.2725241018129798, -0.03098187462596791, 1.674303166779871, -2.148195979345396
4564, 45.63986807958478, 1.6711968937180979, -2.166673123670259, -0.41780865176907644, -1.7267190907452201, -15.95865713587242, -6.171945494549755, -0.3268953650133581, -0.06840718952994795, 1.6708007072823596, -2.1644364438254207
4565, 45.64987024221453, 1.6662208743436135, -2.1842489118524386, -0.5773952231278008, -1.7884385456907175, -15.95865713587242, -6.171945494549755, -0.37657196328654535, -0.10794043259308084, 1.665981459407929, -2.1842521061758537
4566, 45.65987240484429, 1.659648989255542, -2.2024418945840734, -0.7369817944865252, -1.8501580006362153, -15.95865713587242, -6.171945494549755, -0.4217475987326881, -0.14967522334572292, 1.6595745824317776, -2.2034706401409196
4567, 45.669874567474054, 1.651481238453883, -2.221252071865163, -0.8965683658452496, -1.9118774555817126, -15.95865713587242, -6.171945494549755, -0.4626295410254417, -0.1937101661295615, 1.6501472036957296, -2.2210108608547383
4568, 45.67987673010381, 1.641717621938637, -2.240679443695708, -1.0561549372039738, -1.9735969105272104, -15.95865713587242, -6.171945494549755, -0.49943857236981937, -0.2401474399571356, 1.6432691586588628, -2.2416828151317687
4569, 45.68987889273357, 1.6303581397098035, -2.2607240100757076, -1.2157415085626981, -2.035316365472708, -15.95865713587242, -6.171945494549755, -0.5324089330860439, -0.28909119106561754, 1.63134187255258, -2.2605508447732476
4570, 45.69988105536333, 1.617402791767383, -2.2813857710051617, -1.3753280799214225, -2.0970358204182054, -15.95865713587242, -6.171945494549755, -0.5617882455598784, -0.3406457106625099, 1.6188904348914033, -2.282717345467066
4571, 45.70988321799308, 1.602851578111375, -2.3026647264840716, -1.5349146512801468, -2.158755275363703, -15.95865713587242, -6.171945494549755, -0.5878373941526458, -0.3949133809000309, 1.6024666803330432, -2.3014504933969695
4572, 45.71988538062284, 1.58670449874178, -2.324560876512436, -1.6945012226388712, -2.2204747303092005, -15.95865713587242, -6.171945494549755, -0.6108303389243874, -0.4519923732743074, 1.587273449358302, -2.322539355284971
4573, 45.729887543252595, 1.5697594865153919, -2.3467656238155272, -1.6945012226388658, -2.2204747303091987, 0.0, 0.0, 0.032864577374053905, -0.4524696775225894, 1.5691647936726214, -2.3451915613045133
4574, 45.739889705882355, 1.5528144742890033, -2.3689703711186194, -1.6945012226388658, -2.2204747303091987, 0.0, 0.0, 0.0596354861034849, -0.4789958535518324, 1.552488204544104, -2.36830940627949
4575, 45.749891868512115, 1.5358694620626145, -2.391175118421711, -1.6945012226388658, -2.2204747303091987, 0.0, 0.0, 0.08527414287739832, -0.5065310793466602, 1.5354630937053528, -2.3904933775221915
4576, 45.75989403114187, 1.5189244498362258, -2.4133798657248033, -1.6945012226388658, -2.2204747303091987, 0.0, 0.0, 0.10980945174434964, -0.5350321976054243, 1.5182469565843977, -2.414319907550742
4577, 45.76989619377163, 1.5019794376098372, -2.4355846130278955, -1.6945012226388658, -2.2204747303091987, 0.0, 0.0, 0.1332718777495172, -0.5644545507184385, 1.5001665225601992, -2.4363566031049566
4578, 45.77989835640139, 1.4850344253834487, -2.4577893603309873, -1.6945012226388658, -2.2204747303091987, 0.0, 0.0, 0.15569338157816004, -0.5947520496890045, 1.485127750316649, -2.459765202215542
4579, 45.78990051903114, 1.4680894131570599, -2.4799941076340795, -1.6945012226388658, -2.2204747303091987, 0.0, 0.0, 0.17710735196713578, -0.6258772452577058, 1.4675201311757948, -2.4813981530395277
4580, 45.7999026816609, 1.451144400930671, -2.502198854937171, -1.6945012226388658, -2.2204747303091987, 0.0, 0.0, 0.19754853599298472, -0.6577814011207275, 1.4511414411435086, -2.5018188488816984
4581, 45.809904844290664, 1.4341993887042825, -2.5244036022402634, -1.6945012226388658, -2.2204747303091987, 0.0, 0.0, 0.21705296734827084, -0.6904145691297511, 1.4346764164474848, -2.523534387537017
4582, 45.81990700692042, 1.417254376477894, -2.546608349543355, -1.6945012226388658, -2.2204747303091987, 0.0, 0.0, 0.23565789272095583, -0.7237256663579243, 1.417955634364157, -2.546120660758656
4583, 45.82990916955018, 1.4003093642515052, -2.5688130968464473, -1.6945012226388658, -2.2204747303091987, 0.0, 0.0, 0.2534016963944392, -0.7576625539135475, 1.4008337780715547, -2.570603366005422
4584, 45.83991133217993, 1.3833643520251164, -2.5910178441495395, -1.6945012226388658, -2.2204747303091987, 0.0, 0.0, 0.2703238231886138, -0.7921721173804285, 1.3817813877688634, -2.5933228678536486
4585, 45.84991349480969, 1.3664193397987279, -2.6132225914526312, -1.6945012226388658, -2.2204747303091987, 0.0, 0.0, 0.28646469986477685, -0.8272003487613746, 1.3667090510216702, -2.6149569722102917
4586, 45.85991565743945, 1.3497832421474525, -2.6350225370366696, -1.6425514136702317, -2.1523996905759137, 4.2116702914621325, 5.518973565579266, 0.4193324082565163, -0.7929396056546502, 1.3490586923566952, -2.6339492575145416
4587, 45.869917820069205, 1.3335683115253232, -2.6562705852641497, -1.6004347107556105, -2.097209954920121, 4.2116702914621325, 5.518973565579266, 0.44641985607690005, -0.7993261836901677, 1.3341249096106895, -2.6575101802814713
4588, 45.879919982698965, 1.3177745479323402, -2.6769667361350717, -1.558318007840989, -2.042020219264328, 4.2116702914621325, 5.518973565579266, 0.47331215714111385, -0.8052111835838046, 1.3168117686877514, -2.6770532605915904
4589, 45.889922145328725, 1.3024019513685035, -2.697110989649436, -1.5162013049263678, -1.9868304836085355, 4.2116702914621325, 5.518973565579266, 0.5000535197961751, -0.8105215616796386, 1.3034850790724843, -2.6980547676896287
4590, 45.89992430795848, 1.2874505218338128, -2.7167033458072427, -1.4740846020117464, -1.931640747952743, 4.2116702914621325, 5.518973565579266, 0.5266815072623666, -0.8151915722798654, 1.2866280827645322, -2.7169804363771553
4591, 45.90992647058824, 1.2729202593282685, -2.735743804608491, -1.4319678990971252, -1.8764510122969502, 4.2116702914621325, 5.518973565579266, 0.5532274274172534, -0.8191624517437575, 1.2726139634454168, -2.7349309170383767
4592, 45.91992863321799, 1.2588111638518704, -2.7542323660531816, -1.3898511961825035, -1.8212612766411576, 4.2116702914621325, 5.518973565579266, 0.5797167312352557, -0.8223820839397876, 1.259446667524524, -2.755176805693741
4593, 45.92993079584775, 1.2451232354046184, -2.772169030141314, -1.347734493267882, -1.7660715409853647, 4.2116702914621325, 5.518973565579266, 0.606169416011576, -0.8248046513647653, 1.2464262793610497, -2.772564258837078
4594, 45.93993295847751, 1.2318564739865125, -2.7895537968728887, -1.3056177903532609, -1.710881805329572, 4.2116702914621325, 5.518973565579266, 0.6326004298916272, -0.8263902758830863, 1.2322718311416667, -2.790208272332099
4595, 45.949935121107266, 1.2190108795975532, -2.8063866662479056, -1.2635010874386394, -1.6556920696737794, 4.2116702914621325, 5.518973565579266, 0.6590200746069667, -0.8271046526847523, 1.2195641074267771, -2.806166841634286
4596, 45.95993728373703, 1.2065864522377399, -2.8226676382663647, -1.2213843845240182, -1.6005023340179865, 4.2116702914621325, 5.518973565579266, 0.6854344036836478, -0.8269186807157094, 1.2063942926401567, -2.82298741481586
4597, 45.96993944636679, 1.1945831919070728, -2.8383967129282652, -1.1792676816093968, -1.545312598362194, 4.2116702914621325, 5.518973565579266, 0.7118456137366471, -0.8258080925008059, 1.195687603535733, -2.8383047920349607
4598, 45.97994160899654, 1.183001098605552, -2.8535738902336085, -1.1371509786947753, -1.4901228627064014, 4.2116702914621325, 5.518973565579266, 0.738252426793076, -0.8237530859603613, 1.1831138270694928, -2.8522321017866323
4599, 45.9899437716263, 1.1718401723331773, -2.8681991701823937, -1.095034275780154, -1.4349331270506085, 4.2116702914621325, 5.518973565579266, 0.7646504618959854, -0.8207379605175892, 1.1729583703391255, -2.868701898146394
4600, 45.99994593425606, 1.1611004130899487, -2.8822725527746207, -1.0529175728655327, -1.3797433913948158, 4.2116702914621325, 5.518973565579266, 0.7910325945288013, -0.8167507595072616, 1.161201699339311, -2.88265483776645
4601, 46.009948096885815, 1.1507818208758664, -2.89579403801029, -1.0108008699509112, -1.324553655739023, 4.2116702914621325, 5.518973565579266, 0.8173893026673408, -0.8117829206268646, 1.1501601666146954, -2.895927540200996
4602, 46.019950259515575, 1.1408843956909305, -2.908763625889401, -0.96868416703629, -1.2693639200832303, 4.2116702914621325, 5.518973565579266, 0.8437089985116578, -0.8058289359208184, 1.139733070748632, -2.909938607394399
4603, 46.02995242214533, 1.1314081375351408, -2.9211813164119547, -0.9265674641216687, -1.2141741844274376, 4.2116702914621325, 5.518973565579266, 0.8699783451736198, -0.7988860225563439, 1.131518257822169, -2.9214188638450573
4604, 46.03995458477509, 1.1223530464084972, -2.93304710957795, -0.8844507612070474, -1.158984448771645, 4.2116702914621325, 5.518973565579266, 0.8961825577984461, -0.7909538054364524, 1.1217767559218987, -2.9327574800662064
4605, 46.04995674740485, 1.1137191223109997, -2.944361005387387, -0.8423340582924258, -1.1037947131158523, 4.2116702914621325, 5.518973565579266, 0.9223056887797589, -0.7820340125011701, 1.1135215647032632, -2.943548955838914
4606, 46.0599589100346, 1.1055063652426487, -2.955123003840267, -0.8002173553778045, -1.0486049774600597, 4.2116702914621325, 5.518973565579266, 0.9483308968886079, -0.772130183392203, 1.106175325633911, -2.9551976891166585
4607, 46.06996107266436, 1.0977147752034437, -2.9653331049365885, -0.7581006524631831, -0.9934152418042669, 4.2116702914621325, 5.518973565579266, 0.974240700278165, -0.7612473919984106, 1.0981712486676323, -2.964855736324368
4608, 46.07996323529412, 1.0903443521933849, -2.974991308676352, -0.7159839495485617, -0.9382255061484742, 4.2116702914621325, 5.518973565579266, 1.0000172134480132, -0.7493919832591023, 1.0906044417570595, -2.9764965660625298
4609, 46.089965397923876, 1.0833950962124723, -2.984097615059558, -0.6738672466339404, -0.8830357704926814, 4.2116702914621325, 5.518973565579266, 1.025642368356271, -0.736571324478644, 1.0826410875736183, -2.9837062252727633
4610, 46.09996756055364, 1.076867007260706, -2.992652024086206, -0.631750543719319, -0.8278460348368888, 4.2116702914621325, 5.518973565579266, 1.0510981199548777, -0.7227935712984765, 1.0766532144319636, -2.9910002585011037
4611, 46.1099697231834, 1.070760085338086, -3.0006545357562957, -0.5896338408046977, -0.772656299181096, 4.2116702914621325, 5.518973565579266, 1.0763666364943916, -0.7080674483805212, 1.0689789261667053, -2.9992618071391077
4612, 46.11997188581315, 1.0650743304446122, -3.0081051500698277, -0.5475171378900764, -0.7174665635253034, 4.2116702914621325, 5.518973565579266, 1.1014304750005697, -0.6924020447783228, 1.0633403032548292, -3.007735341949369
4613, 46.12997404844291, 1.0598097425802844, -3.015003867026802, -0.505400434975455, -0.6622768278695107, 4.2116702914621325, 5.518973565579266, 1.1262727423667795, -0.6758066239082157, 1.0586356470330978, -3.0138094195197223
4614, 46.139976211072664, 1.054966321745103, -3.021350686627218, -0.4632837320608336, -0.6070870922137179, 4.2116702914621325, 5.518973565579266, 1.150877242535031, -0.6582904479814304, 1.0541522501679428, -3.021193536757206
4615, 46.149978373702425, 1.0505440679390678, -3.027145608871076, -0.42116702914621224, -0.5518973565579253, 4.2116702914621325, 5.518973565579266, 1.1752286102550826, -0.6398626167184627, 1.0504575073713975, -3.0248491895648613
4616, 46.159980536332185, 1.0465429811621787, -3.0323886337583765, -0.3790503262315909, -0.4967076209021325, 4.2116702914621325, 5.518973565579266, 1.1993124319166981, -0.6205319201382961, 1.04651964937036, -3.034093173911152
4617, 46.16998269896194, 1.042963061414436, -3.037079761289119, -0.3369336233169695, -0.44151788524633984, 4.2116702914621325, 5.518973565579266, 1.2231153539456758, -0.6003067051963118, 1.042661731821331, -3.036154884446175
4618, 46.1799848615917, 1.0398043086958393, -3.041218991463303, -0.29481692040234814, -0.3863281495905471, 4.2116702914621325, 5.518973565579266, 1.2466251792406697, -0.5791947560350239, 1.039699441085245, -3.0410757258210004
4619, 46.18998702422146, 1.037066723006389, -3.04480632428093, -0.25270021748772675, -0.3311384139347544, 4.2116702914621325, 5.518973565579266, 1.2698309521060722, -0.5572031876102757, 1.0389628161352824, -3.0447502653363783
4620, 46.19998918685121, 1.0347503043460848, -3.0478417597419987, -0.21058351457310542, -0.2759486782789617, 4.2116702914621325, 5.518973565579266, 1.2927230321071672, -0.5343383524613609, 1.0354710565043062, -3.045522889516765
4621, 46.20999134948097, 1.032855052714927, -3.050325297846509, -0.16846681165848407, -0.22075894262316897, 4.2116702914621325, 5.518973565579266, 1.3152931572382216, -0.510605760405857, 1.0332294534764859, -3.0521790905977926
4622, 46.219993512110726, 1.0313809681129151, -3.052256938594462, -0.12635010874386268, -0.1655692069673763, 4.2116702914621325, 5.518973565579266, 1.3375344967531546, -0.4860100109579367, 1.0313484746204422, -3.0516670043929803
4623, 46.229995674740486, 1.0303280505400496, -3.0536366819858567, -0.08423340582924131, -0.11037947131158357, 4.2116702914621325, 5.518973565579266, 1.3594416939625253, -0.4605547382917779, 1.0303924603995784, -3.0537513647405348
4624, 46.23999783737025, 1.0296962999963304, -3.0544645280206937, -0.04211670291461996, -0.05518973565579087, 4.2116702914621325, 5.518973565579266, 1.3810108992507146, -0.4342425685986288, 1.028701669122001, -3.055411776038132
4625, 46.25, 1.0294857164817572, -3.0547404766989725, 1.402767998913301e-15, 1.8381874574411092e-15, 4.2116702914621325, 5.518973565579266, 1.4022397935140907, -0.40707508971631945, 1.0328487329631604, -3.0565065594307437
