ID, Time, Theta_1, Theta_2, D_Theta_1, D_Theta_2, DD_Theta_1, DD_Theta_2, Torque_1, Torque_2
1, 0.0, -1.961036813813281, -2.8242714870336676, 1.0278819820187834, 0.5827022714686265, 102.78819820187834, 58.27022714686265, 1.804425614285498, 0.17466884535965974
2, 0.010021321961620469, -1.9456185840829991, -2.8155309529616384, 2.055763964037567, 1.165404542937253, 102.78819820187834, 58.27022714686265, 2.3881827524340804, 0.4275891108200629
3, 0.020042643923240937, -1.9250609444426234, -2.8038769075322656, 2.055763964037567, 1.165404542937253, 0.0, 0.0, -0.10501806841855332, 0.5709140862472715
4, 0.030063965884861404, -1.904503304802248, -2.7922228621028933, 2.055763964037567, 1.165404542937253, 0.0, 0.0, -0.06885376707419821, 0.538420527949479
5, 0.040085287846481875, -1.8839456651618722, -2.7805688166735205, 2.055763964037567, 1.165404542937253, 0.0, 0.0, -0.03220447102724533, 0.5059468237283099
6, 0.050106609808102345, -1.8633880255214965, -2.768914771244148, 2.055763964037567, 1.165404542937253, 0.0, 0.0, 0.004934117316782061, 0.4735258323980245
7, 0.06012793176972281, -1.8428303858811208, -2.7572607258147754, 2.055763964037567, 1.165404542937253, 0.0, 0.0, 0.04256605716457329, 0.4411903617393981
8, 0.07014925373134327, -1.822272746240745, -2.745606680385403, 2.055763964037567, 1.165404542937253, 0.0, 0.0, 0.08069514747073481, 0.4089731345741609
9, 0.08017057569296375, -1.8017151066003696, -2.7339526349560304, 2.055763964037567, 1.165404542937253, 0.0, 0.0, 0.11932490523559758, 0.37690675492706116
10, 0.09019189765458421, -1.7811574669599939, -2.722298589526658, 2.055763964037567, 1.165404542937253, 0.0, 0.0, 0.15845854399512294, 0.34502367431066133
11, 0.10021321961620469, -1.7605998273196182, -2.7106445440972853, 2.055763964037567, 1.165404542937253, 0.0, 0.0, 0.19809895253270027, 0.3133561581678182
12, 0.11023454157782515, -1.7400421876792425, -2.698990498667913, 2.055763964037567, 1.165404542937253, 0.0, 0.0, 0.2382486738424925, 0.281936252506659
13, 0.12025586353944562, -1.719484548038867, -2.68733645323854, 2.055763964037567, 1.165404542937253, 0.0, 0.0, 0.27890988437370656, 0.25079575076264243
14, 0.1302771855010661, -1.6989269083984913, -2.675682407809168, 2.055763964037567, 1.165404542937253, 0.0, 0.0, 0.32008437358495323, 0.21996616092208454
15, 0.14029850746268654, -1.6783692687581155, -2.664028362379795, 2.055763964037567, 1.165404542937253, 0.0, 0.0, 0.36177352383753325, 0.189478672941231
16, 0.15031982942430705, -1.6578116291177398, -2.652374316950423, 2.055763964037567, 1.165404542937253, 0.0, 0.0, 0.40397829065619284, 0.15936412649467457
17, 0.1603411513859275, -1.6372539894773643, -2.64072027152105, 2.055763964037567, 1.165404542937253, 0.0, 0.0, 0.4466991833855052, 0.12965297908655404
18, 0.17036247334754798, -1.6166963498369886, -2.6290662260916777, 2.055763964037567, 1.165404542937253, 0.0, 0.0, 0.4899362462696698, 0.10037527455761558
19, 0.18038379530916843, -1.596138710196613, -2.617412180662305, 2.055763964037567, 1.165404542937253, 0.0, 0.0, 0.5336890399830743, 0.07156061202078468
20, 0.1904051172707889, -1.5755810705562372, -2.6057581352329326, 2.055763964037567, 1.165404542937253, 0.0, 0.0, 0.5779566236385361, 0.043238115257475895
21, 0.20042643923240938, -1.5550234309158615, -2.59410408980356, 2.055763964037567, 1.165404542937253, 0.0, 0.0, 0.622737537299632, 0.015436402606363808
22, 0.21044776119402983, -1.534465791275486, -2.5824500443741876, 2.055763964037567, 1.165404542937253, 0.0, 0.0, 0.6680297850230223, -0.01181644262414383
23, 0.2204690831556503, -1.5139081516351103, -2.5707959989448153, 2.055763964037567, 1.165404542937253, 0.0, 0.0, 0.7138308184561297, -0.03849290118906279
24, 0.23049040511727079, -1.4933505119947346, -2.5591419535154425, 2.055763964037567, 1.165404542937253, 0.0, 0.0, 0.7601375210149418, -0.06456604635549712
25, 0.24051172707889124, -1.4727928723543589, -2.54748790808607, 2.055763964037567, 1.165404542937253, 0.0, 0.0, 0.8069461926661331, -0.09000957173731805
26, 0.2505330490405117, -1.4522352327139831, -2.5358338626566974, 2.055763964037567, 1.165404542937253, 0.0, 0.0, 0.8542525353370287, -0.11479781848699544
27, 0.2605543710021322, -1.4316775930736076, -2.524179817227325, 2.055763964037567, 1.165404542937253, 0.0, 0.0, 0.9020516389763116, -0.1389058018163717
28, 0.27057569296375267, -1.4111199534332317, -2.5125257717979523, 2.055763964037567, 1.165404542937253, 0.0, 0.0, 0.9503379682876576, -0.1623092368188921
29, 0.2805970149253731, -1.3905623137928562, -2.50087172636858, 2.055763964037567, 1.165404542937253, 0.0, 0.0, 0.9991053501577766, -0.18498456356649806
30, 0.2906183368869936, -1.3700046741524805, -2.4892176809392073, 2.055763964037567, 1.165404542937253, 0.0, 0.0, 1.0483469617996224, -0.2069089714551754
31, 0.3006396588486141, -1.3494470345121048, -2.477563635509835, 2.055763964037567, 1.165404542937253, 0.0, 0.0, 1.0980553196307203, -0.22806042277389627
32, 0.3106609808102345, -1.328889394871729, -2.465909590080462, 2.055763964037567, 1.165404542937253, 0.0, 0.0, 1.1482222689058235, -0.2484176754725289
33, 0.320682302771855, -1.3083317552313536, -2.45425554465109, 2.055763964037567, 1.165404542937253, 0.0, 0.0, 1.1988389741222694, -0.2679603051050944
34, 0.3307036247334754, -1.2877741155909779, -2.442601499221717, 2.055763964037567, 1.165404542937253, 0.0, 0.0, 1.249895910215584, -0.2866687259256303
35, 0.34072494669509595, -1.2672164759506022, -2.430947453792345, 2.055763964037567, 1.165404542937253, 0.0, 0.0, 1.3013828545620125, -0.3045242111147719
36, 0.3507462686567164, -1.2466588363102264, -2.419293408362972, 2.055763964037567, 1.165404542937253, 0.0, 0.0, 1.3532888798038079, -0.321508912116093
37, 0.36076759061833685, -1.226101196669851, -2.4076393629335997, 2.055763964037567, 1.165404542937253, 0.0, 0.0, 1.4056023475121842, -0.33760587706214573
38, 0.3707889125799574, -1.2055435570294752, -2.395985317504227, 2.055763964037567, 1.165404542937253, 0.0, 0.0, 1.4583109027019472, -0.3527990682711064
39, 0.3808102345415778, -1.1849859173890995, -2.3843312720748546, 2.055763964037567, 1.165404542937253, 0.0, 0.0, 1.5114014692108655, -0.3670733787958721
40, 0.39083155650319823, -1.1644282777487238, -2.372677226645482, 2.055763964037567, 1.165404542937253, 0.0, 0.0, 1.5648602459559253, -0.38041464800846725
41, 0.40085287846481876, -1.143870638108348, -2.3610231812161095, 2.055763964037567, 1.165404542937253, 0.0, 0.0, 1.6186727040776168, -0.392809676203588
42, 0.4108742004264392, -1.1233129984679726, -2.349369135786737, 2.055763964037567, 1.165404542937253, 0.0, 0.0, 1.672823584982439, -0.4042462382061581
43, 0.42089552238805966, -1.102755358827597, -2.3377150903573645, 2.055763964037567, 1.165404542937253, 0.0, 0.0, 1.7272968992928255, -0.41471309596878003
44, 0.4309168443496802, -1.0821977191872212, -2.326061044927992, 2.055763964037567, 1.165404542937253, 0.0, 0.0, 1.782075926712658, -0.4242000101460295
45, 0.4409381663113006, -1.0616400795468457, -2.3144069994986194, 2.055763964037567, 1.165404542937253, 0.0, 0.0, 1.8371432168155613, -0.4326977506335943
46, 0.45095948827292104, -1.0410824399064698, -2.3027529540692466, 2.055763964037567, 1.165404542937253, 0.0, 0.0, 1.8924805907621118, -0.44019810606133514
47, 0.46098081023454157, -1.0205248002660943, -2.2910989086398743, 2.055763964037567, 1.165404542937253, 0.0, 0.0, 1.9480691439510647, -0.44669389223042755
48, 0.471002132196162, -0.9999671606257184, -2.279444863210502, 2.055763964037567, 1.165404542937253, 0.0, 0.0, 2.003889249608683, -0.4521789594858514
49, 0.48102345415778247, -0.979409520985343, -2.2677908177811292, 2.055763964037567, 1.165404542937253, 0.0, 0.0, 2.0599205633191593, -0.45664819901657716
50, 0.491044776119403, -0.9588518813449671, -2.256136772351757, 2.055763964037567, 1.165404542937253, 0.0, 0.0, 2.1161420284981123, -0.4600975480769338
51, 0.5010660980810234, -0.9382942417045916, -2.244482726922384, 2.055763964037567, 1.165404542937253, 0.0, 0.0, 2.1725318828100213, -0.46252399412374756
52, 0.511087420042644, -0.9177366020642159, -2.232828681493012, 2.055763964037567, 1.165404542937253, 0.0, 0.0, 2.2290676655294694, -0.46392557786497
53, 0.5211087420042644, -0.8971789624238402, -2.221174636063639, 2.055763964037567, 1.165404542937253, 0.0, 0.0, 2.2857262258449147, -0.4643013952166444
54, 0.5311300639658848, -0.8766213227834645, -2.2095205906342668, 2.055763964037567, 1.165404542937253, 0.0, 0.0, 2.342483732102714, -0.46365159816618706
55, 0.5411513859275053, -0.8560636831430888, -2.197866545204894, 2.055763964037567, 1.165404542937253, 0.0, 0.0, 2.3993156819880004, -0.46197739454110365
56, 0.5511727078891258, -0.8355060435027133, -2.1862124997755217, 2.055763964037567, 1.165404542937253, 0.0, 0.0, 2.4561969136379815, -0.45928104668338343
57, 0.5611940298507462, -0.8149484038623376, -2.174558454346149, 2.055763964037567, 1.165404542937253, 0.0, 0.0, 2.5131016176821364, -0.4555658690309634
58, 0.5712153518123667, -0.7943907642219619, -2.1629044089167766, 2.055763964037567, 1.165404542937253, 0.0, 0.0, 2.570003350202733, -0.45083622460877626
59, 0.5812366737739872, -0.7738331245815862, -2.151250363487404, 2.055763964037567, 1.165404542937253, 0.0, 0.0, 2.626875046608035, -0.44509752043303563
60, 0.5912579957356077, -0.7532754849412104, -2.1395963180580315, 2.055763964037567, 1.165404542937253, 0.0, 0.0, 2.6836890364095067, -0.4383562018335325
61, 0.6012793176972282, -0.7327178453008347, -2.1279422726286588, 2.055763964037567, 1.165404542937253, 0.0, 0.0, 2.740417058893275, -0.4306197456998475
62, 0.6113006396588486, -0.7121602056604592, -2.1162882271992864, 2.055763964037567, 1.165404542937253, 0.0, 0.0, 2.797030279675064, -0.4218966526584895
63, 0.621321961620469, -0.6916025660200835, -2.1046341817699137, 2.055763964037567, 1.165404542937253, 0.0, 0.0, 2.8534993081268123, -0.41219643818909013
64, 0.6313432835820896, -0.671044926379708, -2.0929801363405414, 2.055763964037567, 1.165404542937253, 0.0, 0.0, 2.909794215662124, -0.40152962268888004
65, 0.64136460554371, -0.6504872867393323, -2.081326090911169, 2.055763964037567, 1.165404542937253, 0.0, 0.0, 2.965884554866733, -0.38990772049575817
66, 0.6513859275053305, -0.6299296470989566, -2.0696720454817963, 2.055763964037567, 1.165404542937253, 0.0, 0.0, 3.021739379459121, -0.37734322788135843
67, 0.6614072494669508, -0.6093720074585809, -2.0580180000524235, 2.055763964037567, 1.165404542937253, 0.0, 0.0, 3.077327265065499, -0.3638496100265729
68, 0.6714285714285714, -0.5888143678182052, -2.046363954623051, 2.055763964037567, 1.165404542937253, 0.0, 0.0, 3.1326163307923323, -0.34944128699305854
69, 0.6814498933901919, -0.5682567281778295, -2.034709909193679, 2.055763964037567, 1.165404542937253, 0.0, 0.0, 3.1875742615786886, -0.334133618705283
70, 0.6914712153518123, -0.5476990885374537, -2.023055863764306, 2.055763964037567, 1.165404542937253, 0.0, 0.0, 3.2421683313097107, -0.31794288895870604
71, 0.7014925373134328, -0.527141448897078, -2.0114018183349334, 2.055763964037567, 1.165404542937253, 0.0, 0.0, 3.2963654266716205, -0.300886288470688
72, 0.7115138592750533, -0.5065838092567025, -1.999747772905561, 2.055763964037567, 1.165404542937253, 0.0, 0.0, 3.35013207172774, -0.28298189699172616
73, 0.7215351812366737, -0.48602616961632705, -1.9880937274761887, 2.055763964037567, 1.165404542937253, 0.0, 0.0, 3.403434453194156, -0.26424866449557527
74, 0.7315565031982942, -0.46546852997595134, -1.976439682046816, 2.055763964037567, 1.165404542937253, 0.0, 0.0, 3.4562384463927662, -0.2447063914677854
75, 0.7415778251599148, -0.4449108903355756, -1.9647856366174437, 2.055763964037567, 1.165404542937253, 0.0, 0.0, 3.508509641858619, -0.22437570831310838
76, 0.7515991471215351, -0.4243532506951999, -1.953131591188071, 2.055763964037567, 1.165404542937253, 0.0, 0.0, 3.5602133725776484, -0.2032780539031429
77, 0.7616204690831556, -0.4037956110548242, -1.9414775457586986, 2.055763964037567, 1.165404542937253, 0.0, 0.0, 3.6113147418300917, -0.18143565328649047
78, 0.7716417910447761, -0.3832379714144485, -1.9298235003293258, 2.055763964037567, 1.165404542937253, 0.0, 0.0, 3.661778651614111, -0.15887149458454175
79, 0.7816631130063965, -0.3626803317740728, -1.9181694548999535, 2.055763964037567, 1.165404542937253, 0.0, 0.0, 3.711569831623415, -0.1356093050968824
80, 0.791684434968017, -0.34212269213369706, -1.9065154094705807, 2.055763964037567, 1.165404542937253, 0.0, 0.0, 3.7606528687519294, -0.11167352664110686
81, 0.8017057569296375, -0.32156505249332157, -1.8948613640412084, 2.055763964037567, 1.165404542937253, 0.0, 0.0, 3.8089922370978755, -0.08708929015263434
82, 0.811727078891258, -0.30100741285294585, -1.8832073186118357, 2.055763964037567, 1.165404542937253, 0.0, 0.0, 3.856552328438983, -0.06188238957088532
83, 0.8217484008528784, -0.28044977321257036, -1.8715532731824633, 2.055763964037567, 1.165404542937253, 0.0, 0.0, 3.9032974831498635, -0.03607925503891718
84, 0.8317697228144989, -0.25989213357219465, -1.8598992277530908, 2.055763964037567, 1.165404542937253, 0.0, 0.0, 3.949192021532031, -0.00970692544432683
85, 0.8417910447761193, -0.23933449393181894, -1.8482451823237183, 2.055763964037567, 1.165404542937253, 0.0, 0.0, 3.9942002755264276, 0.017206979670079114
86, 0.8518123667377399, -0.21877685429144322, -1.8365911368943457, 2.055763964037567, 1.165404542937253, 0.0, 0.0, 4.038286620777779, 0.04463428879670628
87, 0.8618336886993604, -0.1982192146510675, -1.8249370914649732, 2.055763964037567, 1.165404542937253, 0.0, 0.0, 4.081415509019587, 0.07254630772491111
88, 0.8718550106609807, -0.1776615750106918, -1.8132830460356006, 2.055763964037567, 1.165404542937253, 0.0, 0.0, 4.123551500748089, 0.10091384934369241
89, 0.8818763326226012, -0.1571039353703163, -1.801629000606228, 2.055763964037567, 1.165404542937253, 0.0, 0.0, 4.164659298153036, 0.12970726395441295
90, 0.8918976545842218, -0.1365462957299406, -1.7899749551768556, 2.055763964037567, 1.165404542937253, 0.0, 0.0, 4.204703778272737, 0.15889647006209717
91, 0.9019189765458421, -0.11598865608956488, -1.778320909747483, 2.055763964037567, 1.165404542937253, 0.0, 0.0, 4.243650026340436, 0.1884509856133516
92, 0.9119402985074626, -0.09543101644918917, -1.7666668643181105, 2.055763964037567, 1.165404542937253, 0.0, 0.0, 4.281463369288694, 0.21833995964850023
93, 0.9219616204690831, -0.07487337680881345, -1.755012818888738, 2.055763964037567, 1.165404542937253, 0.0, 0.0, 4.318109409378176, 0.24853220433508683
94, 0.9319829424307036, -0.05431573716843796, -1.7433587734593656, 2.055763964037567, 1.165404542937253, 0.0, 0.0, 4.353554057916932, 0.2789962273495094
95, 0.942004264392324, -0.03375809752806225, -1.731704728029993, 2.055763964037567, 1.165404542937253, 0.0, 0.0, 4.387763569035995, 0.30970026457318683
96, 0.9520255863539445, -0.013200457887686534, -1.7200506826006206, 2.055763964037567, 1.165404542937253, 0.0, 0.0, 4.420704573486929, 0.3406123130693283
97, 0.9620469083155649, 0.007357181752688957, -1.708396637171248, 2.055763964037567, 1.165404542937253, 0.0, 0.0, 4.452344112426761, 0.37170016430609587
98, 0.9720682302771855, 0.02791482139306467, -1.6967425917418755, 2.055763964037567, 1.165404542937253, 0.0, 0.0, 4.482649671155597, 0.40293143759168426
99, 0.982089552238806, 0.048472461033440606, -1.685088546312503, 2.055763964037567, 1.165404542937253, 0.0, 0.0, 4.511589212772092, 0.43427361368662476
100, 0.9921108742004264, 0.0690301006738161, -1.6734345008831304, 2.055763964037567, 1.165404542937253, 0.0, 0.0, 4.539131211711892, 0.465694068558442
101, 1.0021321961620469, 0.08958774031419159, -1.6617804554537579, 2.055763964037567, 1.165404542937253, 0.0, 0.0, 4.565244687134118, 0.49716010724364
102, 1.0121535181236674, 0.11014537995456708, -1.6501264100243853, 2.055763964037567, 1.165404542937253, 0.0, 0.0, 4.589899236120962, 0.5286389977818803
103, 1.022174840085288, 0.13070301959494302, -1.6384723645950128, 2.055763964037567, 1.165404542937253, 0.0, 0.0, 4.61306506665548, 0.5600980051871479
104, 1.0321961620469082, 0.1512606592353185, -1.6268183191656402, 2.055763964037567, 1.165404542937253, 0.0, 0.0, 4.634713030342788, 0.5915044254206542
105, 1.0422174840085288, 0.17181829887569444, -1.6151642737362677, 2.055763964037567, 1.165404542937253, 0.0, 0.0, 4.654814654839919, 0.6228256193302344
106, 1.0522388059701493, 0.19237593851606993, -1.6035102283068952, 2.055763964037567, 1.165404542937253, 0.0, 0.0, 4.673342175959767, 0.6540290465210175
107, 1.0622601279317696, 0.21293357815644587, -1.5918561828775226, 2.055763964037567, 1.165404542937253, 0.0, 0.0, 4.690268569414739, 0.6850822991222371
108, 1.0722814498933901, 0.23349121779682136, -1.58020213744815, 2.055763964037567, 1.165404542937253, 0.0, 0.0, 4.705567582165926, 0.7159531354151372
109, 1.0823027718550107, 0.2540488574371973, -1.5685480920187775, 2.055763964037567, 1.165404542937253, 0.0, 0.0, 4.719213763343861, 0.7466095132870967
110, 1.092324093816631, 0.2746064970775728, -1.556894046589405, 2.055763964037567, 1.165404542937253, 0.0, 0.0, 4.731182494707239, 0.77701962347725
111, 1.1023454157782515, 0.2951641367179483, -1.5452400011600325, 2.055763964037567, 1.165404542937253, 0.0, 0.0, 4.741450020606276, 0.8071519225791225
112, 1.112366737739872, 0.3157217763583242, -1.53358595573066, 2.055763964037567, 1.165404542937253, 0.0, 0.0, 4.749993477417758, 0.8369751657660334
113, 1.1223880597014924, 0.3362794159986997, -1.5219319103012874, 2.055763964037567, 1.165404542937253, 0.0, 0.0, 4.756790922419199, 0.8664584392053127
114, 1.132409381663113, 0.35683705563907564, -1.5102778648719148, 2.055763964037567, 1.165404542937253, 0.0, 0.0, 4.76182136207001, 0.8955711921277132
115, 1.1424307036247334, 0.37739469527945113, -1.4986238194425423, 2.055763964037567, 1.165404542937253, 0.0, 0.0, 4.765064779667963, 0.9242832685187286
116, 1.152452025586354, 0.39795233491982707, -1.4869697740131698, 2.055763964037567, 1.165404542937253, 0.0, 0.0, 4.766502162349815, 0.9525649383989567
117, 1.1624733475479745, 0.41850997456020256, -1.4753157285837972, 2.055763964037567, 1.165404542937253, 0.0, 0.0, 4.766115527405429, 0.9803869286610407
118, 1.1724946695095948, 0.43906761420057805, -1.4636616831544247, 2.055763964037567, 1.165404542937253, 0.0, 0.0, 4.763887947875299, 1.0077204534312065
119, 1.1825159914712153, 0.459625253840954, -1.4520076377250521, 2.055763964037567, 1.165404542937253, 0.0, 0.0, 4.759803577402024, 1.0345372439238902
120, 1.1925373134328359, 0.4801828934813295, -1.4403535922956796, 2.055763964037567, 1.165404542937253, 0.0, 0.0, 4.753847674306839, 1.060809577758485
121, 1.2025586353944564, 0.500740533121705, -1.4286995468663073, 2.055763964037567, 1.165404542937253, 0.0, 0.0, 4.746006624863025, 1.0865103077077978
122, 1.2125799573560767, 0.5212981727620805, -1.4170455014369348, 2.055763964037567, 1.165404542937253, 0.0, 0.0, 4.7362679657386675, 1.1116128898483821
123, 1.2226012793176972, 0.5418558124024564, -1.4053914560075622, 2.055763964037567, 1.165404542937253, 0.0, 0.0, 4.724620405581984, 1.1360914110835498
124, 1.2326226012793178, 0.5624134520428319, -1.3937374105781897, 2.055763964037567, 1.165404542937253, 0.0, 0.0, 4.711053845723171, 1.1599206160105038
125, 1.242643923240938, 0.5829710916832078, -1.3820833651488171, 2.055763964037567, 1.165404542937253, 0.0, 0.0, 4.695559399967497, 1.18307593310373
126, 1.2526652452025586, 0.6035287313235833, -1.3704293197194446, 2.055763964037567, 1.165404542937253, 0.0, 0.0, 4.678129413455178, 1.2055335001874652
127, 1.2626865671641792, 0.6240863709639588, -1.358775274290072, 2.055763964037567, 1.165404542937253, 0.0, 0.0, 4.658757480564413, 1.2272701891708426
128, 1.2727078891257995, 0.6446440106043347, -1.3471212288606995, 2.055763964037567, 1.165404542937253, 0.0, 0.0, 4.63743846183479, 1.24826363002003
129, 1.28272921108742, 0.6652016502447102, -1.335467183431327, 2.055763964037567, 1.165404542937253, 0.0, 0.0, 4.614168499889192, 1.26849223394251
130, 1.2927505330490405, 0.6857592898850862, -1.3238131380019544, 2.055763964037567, 1.165404542937253, 0.0, 0.0, 4.588945034333172, 1.287935215759444
131, 1.302771855010661, 0.7063169295254617, -1.312159092572582, 2.055763964037567, 1.165404542937253, 0.0, 0.0, 4.561766815611822, 1.3065726154429136
132, 1.3127931769722816, 0.7268745691658376, -1.3005050471432094, 2.055763964037567, 1.165404542937253, 0.0, 0.0, 4.532633917804959, 1.3243853187957004
133, 1.3228144989339017, 0.7474322088062131, -1.2888510017138368, 2.055763964037567, 1.165404542937253, 0.0, 0.0, 4.5015477503425565, 1.3413550772521456
134, 1.3328358208955222, 0.7560146926884734, -1.2674418325290095, 0.22501439595992845, 3.4363183145887914, -126.64679845322088, 259.08027922121084, -1.8832829611032507, 3.2719202763167923
135, 1.3428571428571427, 0.7519324967254116, -1.220124635422061, -1.0414535885722804, 6.0271211068009, -126.64679845322088, 259.08027922121084, -2.290203048845938, 4.454358166812053
136, 1.3528784648187633, 0.7415179608396888, -1.159853424354052, -1.0414535885722804, 6.0271211068009, 0.0, 0.0, 3.3400594851543226, 3.889165140398974
137, 1.3628997867803838, 0.7311034249539661, -1.0995822132860429, -1.0414535885722804, 6.0271211068009, 0.0, 0.0, 3.3705447860835593, 3.9084509730735117
138, 1.3729211087420043, 0.7206888890682432, -1.039311002218034, -1.0414535885722804, 6.0271211068009, 0.0, 0.0, 3.396942725924716, 3.925535005098102
139, 1.3829424307036247, 0.7102743531825204, -0.979039791150025, -1.0414535885722804, 6.0271211068009, 0.0, 0.0, 3.4192598437614032, 3.940374059478834
140, 1.3929637526652452, 0.6998598172967976, -0.918768580082016, -1.0414535885722804, 6.0271211068009, 0.0, 0.0, 3.437513862126034, 3.952930460531819
141, 1.4029850746268655, 0.6894452814110749, -0.858497369014007, -1.0414535885722804, 6.0271211068009, 0.0, 0.0, 3.4517335733948715, 3.963172130411974
142, 1.413006396588486, 0.679030745525352, -0.798226157945998, -1.0414535885722804, 6.0271211068009, 0.0, 0.0, 3.461958692779745, 3.9710726720023857
143, 1.4230277185501066, 0.6686162096396292, -0.737954946877989, -1.0414535885722804, 6.0271211068009, 0.0, 0.0, 3.4682396785347787, 3.97661143794676
144, 1.433049040511727, 0.6582016737539065, -0.6776837358099801, -1.0414535885722804, 6.0271211068009, 0.0, 0.0, 3.4706375200986477, 3.979773585640914
145, 1.4430703624733474, 0.6477871378681836, -0.6174125247419711, -1.0414535885722804, 6.0271211068009, 0.0, 0.0, 3.469223494992392, 3.9805501180333214
146, 1.453091684434968, 0.6373726019824608, -0.5571413136739621, -1.0414535885722804, 6.0271211068009, 0.0, 0.0, 3.4640788953890316, 3.978937910119063
147, 1.4631130063965885, 0.626958066096738, -0.4968701026059531, -1.0414535885722804, 6.0271211068009, 0.0, 0.0, 3.455294725364284, 3.9749397210463573
148, 1.473134328358209, 0.6165435302110152, -0.43659889153794407, -1.0414535885722804, 6.0271211068009, 0.0, 0.0, 3.4429713699267928, 3.968564191789797
149, 1.4831556503198295, 0.6061289943252924, -0.37632768046993526, -1.0414535885722804, 6.0271211068009, 0.0, 0.0, 3.4272182370115876, 3.9598258283796457
150, 1.4931769722814499, 0.5957144584395696, -0.3160564694019261, -1.0414535885722804, 6.0271211068009, 0.0, 0.0, 3.4081533737014325, 3.948744970711765
151, 1.5031982942430702, 0.5852999225538469, -0.2557852583339173, -1.0414535885722804, 6.0271211068009, 0.0, 0.0, 3.3859030580172367, 3.935347746998064
152, 1.5132196162046907, 0.574885386668124, -0.19551404726590826, -1.0414535885722804, 6.0271211068009, 0.0, 0.0, 3.360601367690416, 3.9196660139524946
153, 1.5232409381663112, 0.5644708507824012, -0.13524283619789923, -1.0414535885722804, 6.0271211068009, 0.0, 0.0, 3.332389727396905, 3.901737282842662
154, 1.5332622601279318, 0.5540563148966784, -0.0749716251298902, -1.0414535885722804, 6.0271211068009, 0.0, 0.0, 3.301416435994145, 3.8816046315718644
155, 1.5432835820895523, 0.5436417790109556, -0.014700414061881162, -1.0414535885722804, 6.0271211068009, 0.0, 0.0, 3.267836175358647, 3.859316602990784
156, 1.5533049040511728, 0.5332272431252328, 0.04557079700612765, -1.0414535885722804, 6.0271211068009, 0.0, 0.0, 3.231809502472545, 3.8349270896720595
157, 1.563326226012793, 0.52281270723951, 0.10584200807413668, -1.0414535885722804, 6.0271211068009, 0.0, 0.0, 3.1935023264526743, 3.8084952054144314
158, 1.5733475479744135, 0.5123981713537872, 0.16611321914214572, -1.0414535885722804, 6.0271211068009, 0.0, 0.0, 3.1530853722550827, 3.7800851437760636
159, 1.583368869936034, 0.5019836354680645, 0.22638443021015453, -1.0414535885722804, 6.0271211068009, 0.0, 0.0, 3.110733632821376, 3.7497660239688364
160, 1.5933901918976545, 0.4915690995823416, 0.2866556412781638, -1.0414535885722804, 6.0271211068009, 0.0, 0.0, 3.066625811460811, 3.7176117244768947
161, 1.603411513859275, 0.4811545636966188, 0.3469268523461728, -1.0414535885722804, 6.0271211068009, 0.0, 0.0, 3.020943756283565, 3.6837007047933548
162, 1.6134328358208956, 0.47074002781089597, 0.40719806341418185, -1.0414535885722804, 6.0271211068009, 0.0, 0.0, 2.9738718885160362, 3.648115815698799
163, 1.623454157782516, 0.46032549192517314, 0.4674692744821909, -1.0414535885722804, 6.0271211068009, 0.0, 0.0, 2.9255966265383484, 3.6109440985339356
164, 1.6334754797441364, 0.44991095603945036, 0.5277404855501999, -1.0414535885722804, 6.0271211068009, 0.0, 0.0, 2.8763058074875008, 3.5722765739464872
165, 1.6434968017057567, 0.43949642015372753, 0.588011696618209, -1.0414535885722804, 6.0271211068009, 0.0, 0.0, 2.8261881082667544, 3.532208020618931
166, 1.6535181236673773, 0.42908188426800475, 0.6482829076862178, -1.0414535885722804, 6.0271211068009, 0.0, 0.0, 2.7754324677929776, 3.490836744509093
167, 1.6635394456289978, 0.418667348382282, 0.7085541187542268, -1.0414535885722804, 6.0271211068009, 0.0, 0.0, 2.724227512298816, 3.4482643391596994
168, 1.6735607675906183, 0.40825281249655915, 0.7688253298222358, -1.0414535885722804, 6.0271211068009, 0.0, 0.0, 2.6727609854858367, 3.404595437655802
169, 1.6835820895522386, 0.3978382766108363, 0.8290965408902449, -1.0414535885722804, 6.0271211068009, 0.0, 0.0, 2.6212191852982056, 3.359937456830387
170, 1.6936034115138592, 0.38742374072511354, 0.8893677519582539, -1.0414535885722804, 6.0271211068009, 0.0, 0.0, 2.5697864090542835, 3.3144003343384894
171, 1.7036247334754797, 0.37700920483939077, 0.9496389630262625, -1.0414535885722804, 6.0271211068009, 0.0, 0.0, 2.5186444086357125, 3.2680962592386056
172, 1.7136460554371002, 0.36659466895366793, 1.0099101740942715, -1.0414535885722804, 6.0271211068009, 0.0, 0.0, 2.467971857390449, 3.221139396737173
173, 1.7236673773987208, 0.35618013306794516, 1.0701813851622806, -1.0414535885722804, 6.0271211068009, 0.0, 0.0, 2.417943830357821, 3.1736456077672837
174, 1.733688699360341, 0.34576559718222233, 1.1304525962302896, -1.0414535885722804, 6.0271211068009, 0.0, 0.0, 2.368731299370274, 3.1257321640865254
175, 1.7437100213219614, 0.3353510612964995, 1.1907238072982986, -1.0414535885722804, 6.0271211068009, 0.0, 0.0, 2.3205006445283103, 3.077517459590985
176, 1.753731343283582, 0.3249365254107767, 1.2509950183663077, -1.0414535885722804, 6.0271211068009, 0.0, 0.0, 2.273413183482272, 3.0291207185528397
177, 1.7637526652452025, 0.31452198952505395, 1.3112662294343167, -1.0414535885722804, 6.0271211068009, 0.0, 0.0, 2.2276247198874897, 2.9806617014976577
178, 1.773773987206823, 0.3041074536393311, 1.3715374405023257, -1.0414535885722804, 6.0271211068009, 0.0, 0.0, 2.1832851123280492, 2.9322604094444724
179, 1.7837953091684435, 0.2936929177536083, 1.4318086515703348, -1.0414535885722804, 6.0271211068009, 0.0, 0.0, 2.140537864929264, 2.884036787236873
180, 1.793816631130064, 0.2832783818678855, 1.4920798626383438, -1.0414535885722804, 6.0271211068009, 0.0, 0.0, 2.0995197408003405, 2.8361104266967354
181, 1.8038379530916842, 0.2728638459821627, 1.5523510737063528, -1.0414535885722804, 6.0271211068009, 0.0, 0.0, 2.0603603993666364, 2.788600270333816
182, 1.8138592750533047, 0.2624493100964399, 1.6126222847743614, -1.0414535885722804, 6.0271211068009, 0.0, 0.0, 2.0231820585660523, 2.741624316344216
183, 1.8238805970149252, 0.25203477421071707, 1.6728934958423705, -1.0414535885722804, 6.0271211068009, 0.0, 0.0, 1.9880991827963688, 2.6952993256286963
184, 1.8339019189765458, 0.24162023832499435, 1.7331647069103795, -1.0414535885722804, 6.0271211068009, 0.0, 0.0, 1.9552181974103617, 2.6497405315579994
185, 1.8439232409381663, 0.23120570243927152, 1.7934359179783885, -1.0414535885722804, 6.0271211068009, 0.0, 0.0, 1.924637230463405, 2.6050613532066844
186, 1.8539445628997868, 0.2207911665535487, 1.8537071290463976, -1.0414535885722804, 6.0271211068009, 0.0, 0.0, 1.896445882324492, 2.5613731127695676
187, 1.8639658848614071, 0.21037663066782597, 1.9139783401144066, -1.0414535885722804, 6.0271211068009, 0.0, 0.0, 1.8707250236663597, 2.518784757865635
188, 1.8739872068230277, 0.19996209478210314, 1.9742495511824156, -1.0414535885722804, 6.0271211068009, 0.0, 0.0, 1.8475466222541073, 2.4774025894233422
189, 1.884008528784648, 0.1895475588963803, 2.0345207622504247, -1.0414535885722804, 6.0271211068009, 0.0, 0.0, 1.8269735988546647, 2.4373299958284846
190, 1.8940298507462685, 0.17913302301065748, 2.0947919733184337, -1.0414535885722804, 6.0271211068009, 0.0, 0.0, 1.8090597124920391, 2.398667194001418
191, 1.904051172707889, 0.16871848712493465, 2.1550631843864427, -1.0414535885722804, 6.0271211068009, 0.0, 0.0, 1.7938494751757066, 2.3615109780543073
192, 1.9140724946695096, 0.15830395123921182, 2.2153343954544518, -1.0414535885722804, 6.0271211068009, 0.0, 0.0, 1.7813780961322947, 2.3259544761613307
193, 1.9240938166311299, 0.14788941535348898, 2.275605606522461, -1.0414535885722804, 6.0271211068009, 0.0, 0.0, 1.771671455474011, 2.2920869162554327
194, 1.9341151385927504, 0.145879884061701, 2.2958124233699864, 0.16838272988539033, 0.7409754926651301, 73.86717181283771, -255.94123841748865, 6.285085922193687, -3.3612073996189795
195, 1.944136460554371, 0.15125706995119678, 2.290425116375763, 0.9070544480137674, -1.8184368915097562, 73.86717181283771, -255.94123841748865, 6.65478694447723, -4.6229853431095185
196, 1.9541577825159915, 0.16032761443133448, 2.272240747460666, 0.9070544480137673, -1.8184368915097564, 0.0, 0.0, 3.095599788949124, -1.6404658906986498
197, 1.964179104477612, 0.16939815891147214, 2.254056378545568, 0.9070544480137673, -1.8184368915097564, 0.0, 0.0, 3.0963380578122743, -1.6344288007763539
198, 1.9742004264392323, 0.1784687033916098, 2.2358720096304707, 0.9070544480137673, -1.8184368915097564, 0.0, 0.0, 3.096859502603703, -1.6283346336632412
199, 1.9842217484008529, 0.18753924787174747, 2.217687640715373, 0.9070544480137673, -1.8184368915097564, 0.0, 0.0, 3.0971640762166013, -1.6221839417968118
200, 1.9942430703624732, 0.19660979235188514, 2.1995032718002756, 0.9070544480137673, -1.8184368915097564, 0.0, 0.0, 3.0972517493290415, -1.6159772812495072
201, 2.0042643923240937, 0.2056803368320228, 2.181318902885178, 0.9070544480137673, -1.8184368915097564, 0.0, 0.0, 3.0971225104066304, -1.6097152116675773
202, 2.0142857142857142, 0.2147508813121605, 2.1631345339700805, 0.9070544480137673, -1.8184368915097564, 0.0, 0.0, 3.096776365703718, -1.6033982962100122
203, 2.0243070362473348, 0.2238214257922982, 2.1449501650549827, 0.9070544480137673, -1.8184368915097564, 0.0, 0.0, 3.096213339263139, -1.5970271014875352
204, 2.0343283582089553, 0.23289197027243586, 2.1267657961398854, 0.9070544480137673, -1.8184368915097564, 0.0, 0.0, 3.0954334729145074, -1.590602197501683
205, 2.044349680170576, 0.24196251475257352, 2.1085814272247876, 0.9070544480137673, -1.8184368915097564, 0.0, 0.0, 3.094436826271049, -1.584124157583964
206, 2.054371002132196, 0.2510330592327112, 2.0903970583096902, 0.9070544480137673, -1.8184368915097564, 0.0, 0.0, 3.0932234767249818, -1.577593558335122
207, 2.0643923240938165, 0.26010360371284885, 2.0722126893945925, 0.9070544480137673, -1.8184368915097564, 0.0, 0.0, 3.091793519441439, -1.571010979564502
208, 2.074413646055437, 0.2691741481929865, 2.054028320479495, 0.9070544480137673, -1.8184368915097564, 0.0, 0.0, 3.0901470673509395, -1.5643770042295366
209, 2.0844349680170575, 0.2782446926731242, 2.035843951564398, 0.9070544480137673, -1.8184368915097564, 0.0, 0.0, 3.088284251140397, -1.5576922183753499
210, 2.094456289978678, 0.2873152371532619, 2.0176595826493, 0.9070544480137673, -1.8184368915097564, 0.0, 0.0, 3.086205219242691, -1.5509572110745047
211, 2.1044776119402986, 0.2963857816333995, 1.9994752137342025, 0.9070544480137673, -1.8184368915097564, 0.0, 0.0, 3.083910137824764, -1.544172574366887
212, 2.1144989339019187, 0.30545632611353724, 1.981290844819105, 0.9070544480137673, -1.8184368915097564, 0.0, 0.0, 3.0813991907742873, -1.5373389031997435
213, 2.124520255863539, 0.3145268705936749, 1.9631064759040073, 0.9070544480137673, -1.8184368915097564, 0.0, 0.0, 3.078672579684861, -1.5304567953678785
214, 2.1345415778251597, 0.32359741507381257, 1.9449221069889098, 0.9070544480137673, -1.8184368915097564, 0.0, 0.0, 3.075730523839777, -1.523526851454022
215, 2.1445628997867803, 0.33266795955395023, 1.9267377380738122, 0.9070544480137673, -1.8184368915097564, 0.0, 0.0, 3.0725732601943236, -1.516549674769372
216, 2.154584221748401, 0.3417385040340879, 1.9085533691587147, 0.9070544480137673, -1.8184368915097564, 0.0, 0.0, 3.0692010433566486, -1.5095258712943243
217, 2.1646055437100213, 0.35080904851422556, 1.890369000243617, 0.9070544480137673, -1.8184368915097564, 0.0, 0.0, 3.065614145567179, -1.5024560496193908
218, 2.1746268656716414, 0.35987959299436323, 1.8721846313285195, 0.9070544480137673, -1.8184368915097564, 0.0, 0.0, 3.0618128566765903, -1.4953408208863255
219, 2.184648187633262, 0.3689501374745009, 1.854000262413422, 0.9070544480137673, -1.8184368915097564, 0.0, 0.0, 3.057797484122349, -1.4881807987294517
220, 2.1946695095948825, 0.37802068195463856, 1.8358158934983244, 0.9070544480137673, -1.8184368915097564, 0.0, 0.0, 3.0535683529037945, -1.4809765992172097
221, 2.204690831556503, 0.3870912264347762, 1.8176315245832269, 0.9070544480137673, -1.8184368915097564, 0.0, 0.0, 3.0491258055557995, -1.4737288407939269
222, 2.2147121535181236, 0.3961617709149139, 1.7994471556681293, 0.9070544480137673, -1.8184368915097564, 0.0, 0.0, 3.044470202120994, -1.4664381442218164
223, 2.224733475479744, 0.40523231539505167, 1.7812627867530315, 0.9070544480137673, -1.8184368915097564, 0.0, 0.0, 3.0396019201205444, -1.4591051325232152
224, 2.2347547974413646, 0.41430285987518933, 1.7630784178379342, 0.9070544480137673, -1.8184368915097564, 0.0, 0.0, 3.034521354523518, -1.451730430923066
225, 2.2447761194029847, 0.423373404355327, 1.7448940489228364, 0.9070544480137673, -1.8184368915097564, 0.0, 0.0, 3.0292289177148044, -1.4443146667916476
226, 2.2547974413646052, 0.43244394883546466, 1.726709680007739, 0.9070544480137673, -1.8184368915097564, 0.0, 0.0, 3.023725039461623, -1.4368584695875688
227, 2.264818763326226, 0.44151449331560233, 1.7085253110926413, 0.9070544480137673, -1.8184368915097564, 0.0, 0.0, 3.0180101668786, -1.4293624708010175
228, 2.2748400852878463, 0.45058503779574, 1.690340942177544, 0.9070544480137673, -1.8184368915097564, 0.0, 0.0, 3.012084764391428, -1.4218273038972882
229, 2.284861407249467, 0.45965558227587766, 1.6721565732624462, 0.9070544480137673, -1.8184368915097564, 0.0, 0.0, 3.0059493136991087, -1.414253604260579
230, 2.2948827292110874, 0.4687261267560153, 1.6539722043473488, 0.9070544480137673, -1.8184368915097564, 0.0, 0.0, 2.9996043137347836, -1.4066420091380754
231, 2.304904051172708, 0.477796671236153, 1.6357878354322513, 0.9070544480137673, -1.8184368915097564, 0.0, 0.0, 2.993050280625149, -1.398993157584318
232, 2.3149253731343284, 0.48686721571629066, 1.6176034665171537, 0.9070544480137673, -1.8184368915097564, 0.0, 0.0, 2.9862877476484675, -1.3913076904058643
233, 2.324946695095949, 0.4959377601964283, 1.599419097602056, 0.9070544480137673, -1.8184368915097564, 0.0, 0.0, 2.9793172651911686, -1.3835862501062512
234, 2.334968017057569, 0.505008304676566, 1.5812347286869586, 0.9070544480137673, -1.8184368915097564, 0.0, 0.0, 2.9721394007030684, -1.3758294808312583
235, 2.3449893390191896, 0.5140788491567037, 1.5630503597718608, 0.9070544480137673, -1.8184368915097564, 0.0, 0.0, 2.9647547386511626, -1.368038028314479
236, 2.35501066098081, 0.5231493936368413, 1.5448659908567635, 0.9070544480137673, -1.8184368915097564, 0.0, 0.0, 2.9571638804720486, -1.3602125398232094
237, 2.3650319829424307, 0.532219938116979, 1.5266816219416657, 0.9070544480137673, -1.8184368915097564, 0.0, 0.0, 2.9493674445229576, -1.35235366410465
238, 2.375053304904051, 0.5412904825971167, 1.5084972530265683, 0.9070544480137673, -1.8184368915097564, 0.0, 0.0, 2.941366066031381, -1.3444620513324352
239, 2.3850746268656717, 0.5503610270772544, 1.4903128841114706, 0.9070544480137673, -1.8184368915097564, 0.0, 0.0, 2.933160397043348, -1.336538353053484
240, 2.3950959488272923, 0.5594315715573921, 1.4721285151963732, 0.9070544480137673, -1.8184368915097564, 0.0, 0.0, 2.924751106370292, -1.3285832221351863
241, 2.405117270788913, 0.5685021160375298, 1.4539441462812754, 0.9070544480137673, -1.8184368915097564, 0.0, 0.0, 2.9161388795345706, -1.3205973127129214
242, 2.415138592750533, 0.5775726605176674, 1.435759777366178, 0.9070544480137673, -1.8184368915097564, 0.0, 0.0, 2.9073244187136087, -1.3125812801379184
243, 2.4251599147121534, 0.5866432049978051, 1.4175754084510803, 0.9070544480137673, -1.8184368915097564, 0.0, 0.0, 2.8983084426826684, -1.3045357809254527
244, 2.435181236673774, 0.5957137494779428, 1.399391039535983, 0.9070544480137673, -1.8184368915097564, 0.0, 0.0, 2.889091686756275, -1.2964614727033967
245, 2.4452025586353945, 0.6047842939580803, 1.3812066706208854, 0.9070544480137673, -1.8184368915097564, 0.0, 0.0, 2.8796749027282815, -1.2883590141611112
246, 2.455223880597015, 0.6138548384382181, 1.3630223017057879, 0.9070544480137673, -1.8184368915097564, 0.0, 0.0, 2.870058858810581, -1.2802290649986956
247, 2.4652452025586356, 0.6229253829183558, 1.34483793279069, 0.9070544480137673, -1.8184368915097564, 0.0, 0.0, 2.8602443395704826, -1.272072285876588
248, 2.4752665245202556, 0.6319959273984934, 1.3266535638755927, 0.9070544480137673, -1.8184368915097564, 0.0, 0.0, 2.8502321458667375, -1.2638893383655279
249, 2.485287846481876, 0.6410664718786311, 1.308469194960495, 0.9070544480137673, -1.8184368915097564, 0.0, 0.0, 2.8400230947842457, -1.2556808848968726
250, 2.4953091684434967, 0.6501370163587687, 1.2902848260453974, 0.9070544480137673, -1.8184368915097564, 0.0, 0.0, 2.8296180195674148, -1.2474475887132845
251, 2.5053304904051172, 0.6592075608389065, 1.2721004571302998, 0.9070544480137673, -1.8184368915097564, 0.0, 0.0, 2.8190177695522127, -1.239190113819776
252, 2.5153518123667378, 0.6682781053190442, 1.2539160882152023, 0.9070544480137673, -1.8184368915097564, 0.0, 0.0, 2.8082232100968962, -1.2309091249351247
253, 2.5253731343283583, 0.6773486497991819, 1.2357317193001047, 0.9070544480137673, -1.8184368915097564, 0.0, 0.0, 2.7972352225114228, -1.222605287443658
254, 2.5353944562899784, 0.6864191942793195, 1.2175473503850072, 0.9070544480137673, -1.8184368915097564, 0.0, 0.0, 2.7860547039855614, -1.2142792673474063
255, 2.545415778251599, 0.6954897387594571, 1.1993629814699098, 0.9070544480137673, -1.8184368915097564, 0.0, 0.0, 2.774682567515703, -1.2059317312186293
256, 2.5554371002132195, 0.7045602832395947, 1.1811786125548123, 0.9070544480137673, -1.8184368915097564, 0.0, 0.0, 2.763119741830373, -1.1975633461527146
257, 2.56545842217484, 0.7136308277197325, 1.1629942436397147, 0.9070544480137673, -1.8184368915097564, 0.0, 0.0, 2.7513671713144543, -1.1891747797214527
258, 2.5754797441364605, 0.7227013721998702, 1.1448098747246171, 0.9070544480137673, -1.8184368915097564, 0.0, 0.0, 2.7394258159321394, -1.1807666999266846
259, 2.585501066098081, 0.7317719166800079, 1.1266255058095194, 0.9070544480137673, -1.8184368915097564, 0.0, 0.0, 2.727296651148586, -1.1723397751543296
260, 2.5955223880597016, 0.7408424611601455, 1.1084411368944218, 0.9070544480137673, -1.8184368915097564, 0.0, 0.0, 2.7149806678503214, -1.163894674128787
261, 2.605543710021322, 0.7499130056402832, 1.0902567679793242, 0.9070544480137673, -1.8184368915097564, 0.0, 0.0, 2.702478872264371, -1.1554320658677157
262, 2.6155650319829427, 0.7589835501204208, 1.0720723990642267, 0.9070544480137673, -1.8184368915097564, 0.0, 0.0, 2.689792285876146, -1.1469526196371929
263, 2.625586353944563, 0.7680540946005585, 1.0538880301491291, 0.9070544480137673, -1.8184368915097564, 0.0, 0.0, 2.676921945346055, -1.1384570049072515
264, 2.635607675906183, 0.7771246390806963, 1.0357036612340316, 0.9070544480137673, -1.8184368915097564, 0.0, 0.0, 2.6638689024248983, -1.1299458913077927
265, 2.6456289978678034, 0.786195183560834, 1.017519292318934, 0.9070544480137673, -1.8184368915097564, 0.0, 0.0, 2.650634223868015, -1.1214199485848784
266, 2.655650319829424, 0.7952657280409715, 0.9993349234038367, 0.9070544480137673, -1.8184368915097564, 0.0, 0.0, 2.637218991348192, -1.1128798465574028
267, 2.6656716417910444, 0.8043362725211092, 0.9811505544887391, 0.9070544480137673, -1.8184368915097564, 0.0, 0.0, 2.6236243013673715, -1.1043262550741368
268, 2.675692963752665, 0.8134068170012468, 0.9629661855736416, 0.9070544480137673, -1.8184368915097564, 0.0, 0.0, 2.6098512651671237, -1.095759843971154
269, 2.6857142857142855, 0.8224773614813845, 0.9447818166585438, 0.9070544480137673, -1.8184368915097564, 0.0, 0.0, 2.5959010086379184, -1.0871812830296277
270, 2.695735607675906, 0.8315479059615222, 0.9265974477434462, 0.9070544480137673, -1.8184368915097564, 0.0, 0.0, 2.581774672227198, -1.0785912419340078
271, 2.7057569296375266, 0.84061845044166, 0.9084130788283487, 0.9070544480137673, -1.8184368915097564, 0.0, 0.0, 2.567473410846262, -1.0699903902305659
272, 2.715778251599147, 0.8496889949217976, 0.8902287099132511, 0.9070544480137673, -1.8184368915097564, 0.0, 0.0, 2.5529983937759515, -1.0613793972863164
273, 2.7257995735607676, 0.8587595394019353, 0.8720443409981535, 0.9070544480137673, -1.8184368915097564, 0.0, 0.0, 2.5383508045711696, -1.0527589322483084
274, 2.735820895522388, 0.867830083882073, 0.853859972083056, 0.9070544480137673, -1.8184368915097564, 0.0, 0.0, 2.5235318409642247, -1.0441296640032864
275, 2.7458422174840087, 0.8769006283622106, 0.8356756031679584, 0.9070544480137673, -1.8184368915097564, 0.0, 0.0, 2.5085427147670147, -1.0354922611377193
276, 2.755863539445629, 0.8859711728423482, 0.8174912342528611, 0.9070544480137673, -1.8184368915097564, 0.0, 0.0, 2.4933846517720566, -1.0268473918981937
277, 2.7658848614072493, 0.8950417173224859, 0.7993068653377635, 0.9070544480137673, -1.8184368915097564, 0.0, 0.0, 2.478058891652364, -1.0181957241521749
278, 2.77590618336887, 0.9041122618026236, 0.7811224964226657, 0.9070544480137673, -1.8184368915097564, 0.0, 0.0, 2.4625666878601997, -1.0095379253491248
279, 2.7859275053304904, 0.9131828062827613, 0.7629381275075682, 0.9070544480137673, -1.8184368915097564, 0.0, 0.0, 2.4469093075246846, -1.000874662481986
280, 2.795948827292111, 0.9222533507628989, 0.7447537585924706, 0.9070544480137673, -1.8184368915097564, 0.0, 0.0, 2.4310880313482897, -0.9922066020490163
281, 2.805970149253731, 0.9313238952430366, 0.7265693896773731, 0.9070544480137673, -1.8184368915097564, 0.0, 0.0, 2.4151041535022224, -0.9835344100159814
282, 2.8159914712153515, 0.9403944397231743, 0.7083850207622755, 0.9070544480137673, -1.8184368915097564, 0.0, 0.0, 2.3989589815206966, -0.9748587517787011
283, 2.826012793176972, 0.9494649842033119, 0.6902006518471779, 0.9070544480137673, -1.8184368915097564, 0.0, 0.0, 2.3826538361941125, -0.9661802921259413
284, 2.8360341151385926, 0.9585355286834497, 0.6720162829320804, 0.9070544480137673, -1.8184368915097564, 0.0, 0.0, 2.36619005146115, -0.957499695202655
285, 2.846055437100213, 0.9676060731635874, 0.6538319140169828, 0.9070544480137673, -1.8184368915097564, 0.0, 0.0, 2.3495689742997845, -0.948817624473565
286, 2.8560767590618337, 0.976676617643725, 0.6356475451018853, 0.9070544480137673, -1.8184368915097564, 0.0, 0.0, 2.3327919646172237, -0.9401347426870883
287, 2.866098081023454, 0.9857471621238626, 0.6174631761867879, 0.9070544480137673, -1.8184368915097564, 0.0, 0.0, 2.3158603951387966, -0.9314517118395949
288, 2.8761194029850743, 0.9948177066040003, 0.5992788072716901, 0.9070544480137673, -1.8184368915097564, 0.0, 0.0, 2.2987756512957844, -0.9227691931400028
289, 2.886140724946695, 1.0038882510841378, 0.5810944383565926, 0.9070544480137673, -1.8184368915097564, 0.0, 0.0, 2.281539131112204, -0.9140878469747025
290, 2.8961620469083154, 1.0129587955642756, 0.562910069441495, 0.9070544480137673, -1.8184368915097564, 0.0, 0.0, 2.26415224509057, -0.905408332872804
291, 2.906183368869936, 1.0220293400444134, 0.5447257005263975, 0.9070544480137673, -1.8184368915097564, 0.0, 0.0, 2.24661641609662, -0.8967313094717113
292, 2.9162046908315564, 1.031099884524551, 0.5265413316112999, 0.9070544480137673, -1.8184368915097564, 0.0, 0.0, 2.2289330792430366, -0.8880574344830126
293, 2.926226012793177, 1.0401704290046887, 0.5083569626962023, 0.9070544480137673, -1.8184368915097564, 0.0, 0.0, 2.211103681772152, -0.8793873646586868
294, 2.9362473347547975, 1.0492409734848263, 0.4901725937811048, 0.9070544480137673, -1.8184368915097564, 0.0, 0.0, 2.1931296829376707, -0.8707217557576175
295, 2.946268656716418, 1.0583115179649638, 0.47198822486600744, 0.9070544480137673, -1.8184368915097564, 0.0, 0.0, 2.1750125538853897, -0.8620612625124178
296, 2.9562899786780386, 1.0673820624451016, 0.4538038559509099, 0.9070544480137673, -1.8184368915097564, 0.0, 0.0, 2.1567537775329573, -0.8534065385965536
297, 2.966311300639659, 1.0764526069252394, 0.4356194870358123, 0.9070544480137673, -1.8184368915097564, 0.0, 0.0, 2.13835484844866, -0.8447582365917654
298, 2.9763326226012796, 1.085523151405377, 0.41743511812071454, 0.9070544480137673, -1.8184368915097564, 0.0, 0.0, 2.1198172727292492, -0.8361170079557841
299, 2.9863539445628997, 1.0945936958855147, 0.399250749205617, 0.9070544480137673, -1.8184368915097564, 0.0, 0.0, 2.10114256787682, -0.827483502990337
300, 2.99637526652452, 1.1036642403656522, 0.3810663802905194, 0.9070544480137673, -1.8184368915097564, 0.0, 0.0, 2.0823322626747665, -0.8188583708094318
301, 3.0063965884861403, 1.11273478484579, 0.36288201137542186, 0.9070544480137673, -1.8184368915097564, 0.0, 0.0, 2.0633878970627855, -0.8102422593079284
302, 3.016417910447761, 1.1218053293259276, 0.3446976424603243, 0.9070544480137673, -1.8184368915097564, 0.0, 0.0, 2.044311022010997, -0.8016358151303763
303, 3.0264392324093814, 1.1308758738060654, 0.32651327354522675, 0.9070544480137673, -1.8184368915097564, 0.0, 0.0, 2.0251031993931234, -0.7930396836401299
304, 3.036460554371002, 1.1399464182862031, 0.30832890463012896, 0.9070544480137673, -1.8184368915097564, 0.0, 0.0, 2.005766001858798, -0.7844545088887215
305, 3.0464818763326225, 1.1490169627663407, 0.2901445357150316, 0.9070544480137673, -1.8184368915097564, 0.0, 0.0, 1.986301012704977, -0.7758809335854984
306, 3.056503198294243, 1.1580875072464782, 0.27196016679993384, 0.9070544480137673, -1.8184368915097564, 0.0, 0.0, 1.966709825746477, -0.7673195990675102
307, 3.0665245202558635, 1.167158051726616, 0.2537757978848365, 0.9070544480137673, -1.8184368915097564, 0.0, 0.0, 1.946994045185648, -0.758771145269652
308, 3.076545842217484, 1.1762285962067538, 0.23559142896973873, 0.9070544480137673, -1.8184368915097564, 0.0, 0.0, 1.9271552854811989, -0.7502362106950413
309, 3.0865671641791046, 1.1852991406868914, 0.2174070600546414, 0.9070544480137673, -1.8184368915097564, 0.0, 0.0, 1.907195171216166, -0.7417154323856447
310, 3.096588486140725, 1.1943696851670291, 0.1992226911395436, 0.9070544480137673, -1.8184368915097564, 0.0, 0.0, 1.8871153369650624, -0.7332094458931292
311, 3.1066098081023457, 1.2034402296471667, 0.18103832222444627, 0.9070544480137673, -1.8184368915097564, 0.0, 0.0, 1.8669174271601978, -0.7247188852499459
312, 3.1166311300639653, 1.2125107741273045, 0.1628539533093485, 0.9070544480137673, -1.8184368915097564, 0.0, 0.0, 1.8466030959571886, -0.7162443829406338
313, 3.126652452025586, 1.221581318607442, 0.14466958439425115, 0.9070544480137673, -1.8184368915097564, 0.0, 0.0, 1.8261740070996704, -0.707786569873342
314, 3.1366737739872064, 1.2306518630875796, 0.1264852154791538, 0.9070544480137673, -1.8184368915097564, 0.0, 0.0, 1.8056318337832182, -0.6993460753515617
315, 3.146695095948827, 1.2397224075677173, 0.10830084656405603, 0.9070544480137673, -1.8184368915097564, 0.0, 0.0, 1.7849782585184901, -0.6909235270460635
316, 3.1567164179104474, 1.248792952047855, 0.09011647764895869, 0.9070544480137673, -1.8184368915097564, 0.0, 0.0, 1.764214972993606, -0.6825195509670373
317, 3.166737739872068, 1.2578634965279927, 0.07193210873386091, 0.9070544480137673, -1.8184368915097564, 0.0, 0.0, 1.7433436779357663, -0.6741347714364212
318, 3.1767590618336885, 1.2669340410081302, 0.053747739818763574, 0.9070544480137673, -1.8184368915097564, 0.0, 0.0, 1.7223660829721301, -0.6657698110604251
319, 3.186780383795309, 1.276004585488268, 0.03556337090366579, 0.9070544480137673, -1.8184368915097564, 0.0, 0.0, 1.7012839064899585, -0.6574252907022304
320, 3.1968017057569296, 1.2850751299684058, 0.017379001988568454, 0.9070544480137673, -1.8184368915097564, 0.0, 0.0, 1.6800988754960358, -0.6491018294548732
321, 3.20682302771855, 1.2941456744485433, -0.0008053669265293273, 0.9070544480137673, -1.8184368915097564, 0.0, 0.0, 1.6588127254753853, -0.6408000446142907
322, 3.2168443496801706, 1.3032162189286811, -0.018989735841626665, 0.9070544480137673, -1.8184368915097564, 0.0, 0.0, 1.6374272002492731, -0.6325205516525425
323, 3.226865671641791, 1.3122867634088187, -0.037174104756724446, 0.9070544480137673, -1.8184368915097564, 0.0, 0.0, 1.6159440518325472, -0.6242639641911791
324, 3.2368869936034117, 1.3213573078889564, -0.05535847367182223, 0.9070544480137673, -1.8184368915097564, 0.0, 0.0, 1.5943650402902738, -0.6160308939747765
325, 3.246908315565032, 1.330427852369094, -0.07354284258691957, 0.9070544480137673, -1.8184368915097564, 0.0, 0.0, 1.5726919335937344, -0.6078219508446081
326, 3.2569296375266523, 1.3394983968492318, -0.09172721150201735, 0.9070544480137673, -1.8184368915097564, 0.0, 0.0, 1.550926507475754, -0.5996377427124624
327, 3.266950959488273, 1.3485689413293696, -0.10991158041711468, 0.9070544480137673, -1.8184368915097564, 0.0, 0.0, 1.5290705452853959, -0.5914788755345985
328, 3.2769722814498934, 1.357639485809507, -0.12809594933221247, 0.9070544480137673, -1.8184368915097564, 0.0, 0.0, 1.5071258378420314, -0.5833459532858246
329, 3.2869936034115135, 1.3667100302896449, -0.1462803182473098, 0.9070544480137673, -1.8184368915097564, 0.0, 0.0, 1.4850941832887774, -0.5752395779337098
330, 3.297014925373134, 1.3757805747697824, -0.16446468716240759, 0.9070544480137673, -1.8184368915097564, 0.0, 0.0, 1.4629773869453544, -0.5671603494129023
331, 3.3070362473347545, 1.3848511192499202, -0.18264905607750492, 0.9070544480137673, -1.8184368915097564, 0.0, 0.0, 1.4407772611603238, -0.5591088655995715
332, 3.317057569296375, 1.3939216637300578, -0.2008334249926027, 0.9070544480137673, -1.8184368915097564, 0.0, 0.0, 1.4184956251627694, -0.5510857222859453
333, 3.3270788912579956, 1.4048726913296812, -0.21262173940317436, 1.0331688626002784, -0.03806878595504415, -12.386779472410563, 228.15253102042416, 7.100692028772675, 2.4699047840974484
334, 3.337100213219616, 1.4145850409820633, -0.2015948007117036, 0.9093010678761727, 2.2434565242491975, -12.386779472410563, 228.15253102042416, 7.032957450862108, 3.592337515163357
335, 3.3471215351812367, 1.4236780516608252, -0.17916023546921162, 0.9093010678761727, 2.2434565242491975, 0.0, 0.0, 1.3040371126612582, 1.432891094739537
336, 3.357142857142857, 1.4327710623395868, -0.15672567022671963, 0.9093010678761727, 2.2434565242491975, 0.0, 0.0, 1.2397151071867931, 1.403838658458781
337, 3.3671641791044773, 1.4418640730183485, -0.1342911049842277, 0.9093010678761727, 2.2434565242491975, 0.0, 0.0, 1.1750568077295134, 1.374504564708081
338, 3.377185501066098, 1.4509570836971102, -0.11185653974173569, 0.9093010678761727, 2.2434565242491975, 0.0, 0.0, 1.1100963264010735, 1.344918148897917
339, 3.3872068230277184, 1.460050094375872, -0.08942197449924372, 0.9093010678761727, 2.2434565242491975, 0.0, 0.0, 1.0448680364010512, 1.315108997769802
340, 3.397228144989339, 1.4691431050546337, -0.06698740925675176, 0.9093010678761727, 2.2434565242491975, 0.0, 0.0, 0.9794065411869051, 1.2851069198989407
341, 3.4072494669509594, 1.4782361157333954, -0.044552844014259796, 0.9093010678761727, 2.2434565242491975, 0.0, 0.0, 0.9137466434201515, 1.2549419159761723
342, 3.41727078891258, 1.487329126412157, -0.022118278771767808, 0.9093010678761727, 2.2434565242491975, 0.0, 0.0, 0.8479233137189474, 1.2246441488987927
343, 3.4272921108742005, 1.496422137090919, 0.0003162864707241808, 0.9093010678761727, 2.2434565242491975, 0.0, 0.0, 0.7819716592474157, 1.194243913700014
344, 3.437313432835821, 1.5055151477696807, 0.02275085171321614, 0.9093010678761727, 2.2434565242491975, 0.0, 0.0, 0.7159268921722501, 1.1637716073470075
345, 3.4473347547974416, 1.5146081584484423, 0.045185416955708074, 0.9093010678761727, 2.2434565242491975, 0.0, 0.0, 0.6498242980172252, 1.1332576984375846
346, 3.457356076759062, 1.523701169127204, 0.06761998219820006, 0.9093010678761727, 2.2434565242491975, 0.0, 0.0, 0.5836992039463911, 1.1027326968256852
347, 3.467377398720682, 1.5327941798059657, 0.09005454744069205, 0.9093010678761727, 2.2434565242491975, 0.0, 0.0, 0.5175869470067531, 1.0722271232059102
348, 3.4773987206823027, 1.5418871904847276, 0.11248911268318398, 0.9093010678761727, 2.2434565242491975, 0.0, 0.0, 0.4515228423613056, 1.0417714786873693
349, 3.487420042643923, 1.5509802011634892, 0.13492367792567597, 0.9093010678761727, 2.2434565242491975, 0.0, 0.0, 0.38554215154329696, 1.0113962143871356
350, 3.4974413646055433, 1.560073211842251, 0.1573582431681679, 0.9093010678761727, 2.2434565242491975, 0.0, 0.0, 0.3196800507625638, 0.9811317010735722
351, 3.507462686567164, 1.5691662225210128, 0.1797928084106599, 0.9093010678761727, 2.2434565242491975, 0.0, 0.0, 0.25397159929475044, 0.9510081988897469
352, 3.5174840085287844, 1.5782592331997745, 0.20222737365315188, 0.9093010678761727, 2.2434565242491975, 0.0, 0.0, 0.18845170798412736, 0.921055827187078
353, 3.527505330490405, 1.5873522438785361, 0.22466193889564381, 0.9093010678761727, 2.2434565242491975, 0.0, 0.0, 0.12315510789060885, 0.8913045344992316
354, 3.5375266524520255, 1.5964452545572978, 0.24709650413813586, 0.9093010678761727, 2.2434565242491975, 0.0, 0.0, 0.05811631911144982, 0.8617840686861655
355, 3.547547974413646, 1.6055382652360595, 0.26953106938062776, 0.9093010678761727, 2.2434565242491975, 0.0, 0.0, -0.006630380192088947, 0.8325239472780375
356, 3.5575692963752665, 1.6146312759148214, 0.29196563462311975, 0.9093010678761727, 2.2434565242491975, 0.0, 0.0, -0.07105098453301922, 0.8035534280484936
357, 3.567590618336887, 1.623724286593583, 0.31440019986561174, 0.9093010678761727, 2.2434565242491975, 0.0, 0.0, -0.13511179157196945, 0.7749014798466385
358, 3.5776119402985076, 1.6328172972723447, 0.33683476510810373, 0.9093010678761727, 2.2434565242491975, 0.0, 0.0, -0.19877943229601563, 0.7465967537167106
359, 3.587633262260128, 1.6419103079511066, 0.3592693303505957, 0.9093010678761727, 2.2434565242491975, 0.0, 0.0, -0.262020900873661, 0.7186675543342211
360, 3.5976545842217487, 1.6510033186298683, 0.3817038955930877, 0.9093010678761727, 2.2434565242491975, 0.0, 0.0, -0.32480358415698524, 0.6911418117869847
361, 3.6076759061833683, 1.66009632930863, 0.4041384608355797, 0.9093010678761727, 2.2434565242491975, 0.0, 0.0, -0.3870952908023209, 0.6640470537291348
362, 3.617697228144989, 1.6691893399873916, 0.4265730260780717, 0.9093010678761727, 2.2434565242491975, 0.0, 0.0, -0.44886427998116846, 0.6374103779358409
363, 3.6277185501066094, 1.6782823506661533, 0.44900759132056367, 0.9093010678761727, 2.2434565242491975, 0.0, 0.0, -0.5100792896534945, 0.6112584252860542
364, 3.63773987206823, 1.6873753613449152, 0.47144215656305566, 0.9093010678761727, 2.2434565242491975, 0.0, 0.0, -0.5707095643759743, 0.5856173532001688
365, 3.6477611940298504, 1.6964683720236768, 0.49387672180554754, 0.9093010678761727, 2.2434565242491975, 0.0, 0.0, -0.630724882618189, 0.5605128095590489
366, 3.657782515991471, 1.7055613827024385, 0.5163112870480395, 0.9093010678761727, 2.2434565242491975, 0.0, 0.0, -0.6900955835602971, 0.535969907130379
367, 3.6678038379530915, 1.7146543933812004, 0.5387458522905315, 0.9093010678761727, 2.2434565242491975, 0.0, 0.0, -0.7487925933461763, 0.5120131985278029
368, 3.677825159914712, 1.723747404059962, 0.5611804175330235, 0.9093010678761727, 2.2434565242491975, 0.0, 0.0, -0.8067874507665942, 0.4886666517277758
369, 3.6878464818763326, 1.7328404147387237, 0.5836149827755155, 0.9093010678761727, 2.2434565242491975, 0.0, 0.0, -0.8640523323475293, 0.4659536261685029
370, 3.697867803837953, 1.7419334254174854, 0.6060495480180074, 0.9093010678761727, 2.2434565242491975, 0.0, 0.0, -0.9205600768193125, 0.4438968494547664
371, 3.7078891257995736, 1.751026436096247, 0.6284841132604994, 0.9093010678761727, 2.2434565242491975, 0.0, 0.0, -0.9762842089429211, 0.42251839469182473
372, 3.717910447761194, 1.760119446775009, 0.6509186785029913, 0.9093010678761727, 2.2434565242491975, 0.0, 0.0, -1.0311989626703446, 0.40183965847095815
373, 3.7279317697228143, 1.7692124574537706, 0.6733532437454834, 0.9093010678761727, 2.2434565242491975, 0.0, 0.0, -1.0852793036166233, 0.3818813395285747
374, 3.737953091684435, 1.7783054681325323, 0.6957878089879754, 0.9093010678761727, 2.2434565242491975, 0.0, 0.0, -1.1385009508218333, 0.3626634181001266
375, 3.7479744136460553, 1.7873984788112942, 0.7182223742304673, 0.9093010678761727, 2.2434565242491975, 0.0, 0.0, -1.190840397781983, 0.34420513598939273
376, 3.7579957356076754, 1.7964914894900559, 0.7406569394729593, 0.9093010678761727, 2.2434565242491975, 0.0, 0.0, -1.2422749327285005, 0.3265249773729768
377, 3.768017057569296, 1.8055845001688176, 0.7630915047154513, 0.9093010678761727, 2.2434565242491975, 0.0, 0.0, -1.2927826581367663, 0.3096406503591306
378, 3.7780383795309165, 1.8146775108475792, 0.7855260699579433, 0.9093010678761727, 2.2434565242491975, 0.0, 0.0, -1.3423425094448442, 0.29356906931926885
379, 3.788059701492537, 1.823770521526341, 0.8079606352004353, 0.9093010678761727, 2.2434565242491975, 0.0, 0.0, -1.390934272964403, 0.2783263380097708
380, 3.7980810234541575, 1.8328635322051028, 0.8303952004429273, 0.9093010678761727, 2.2434565242491975, 0.0, 0.0, -1.4385386029665705, 0.2639277335008764
381, 3.808102345415778, 1.8419565428838645, 0.852829765685419, 0.9093010678761727, 2.2434565242491975, 0.0, 0.0, -1.4851370379262951, 0.25038769092868485
382, 3.8181236673773986, 1.8510495535626261, 0.875264330927911, 0.9093010678761727, 2.2434565242491975, 0.0, 0.0, -1.5307120159096166, 0.23771978908544023
383, 3.828144989339019, 1.860142564241388, 0.897698896170403, 0.9093010678761727, 2.2434565242491975, 0.0, 0.0, -1.5752468890890807, 0.22593673686246163
384, 3.8381663113006397, 1.8692355749201495, 0.920133461412895, 0.9093010678761727, 2.2434565242491975, 0.0, 0.0, -1.618725937373399, 0.21505036055921833
385, 3.8481876332622598, 1.8783285855989114, 0.942568026655387, 0.9093010678761727, 2.2434565242491975, 0.0, 0.0, -1.661134381138335, 0.20507159207119563
386, 3.8582089552238803, 1.887421596277673, 0.965002591897879, 0.9093010678761727, 2.2434565242491975, 0.0, 0.0, -1.7024583930466448, 0.19601045796832373
387, 3.868230277185501, 1.8965146069564347, 0.987437157140371, 0.9093010678761727, 2.2434565242491975, 0.0, 0.0, -1.7426851089458542, 0.1878760694748467
388, 3.8782515991471214, 1.9056076176351966, 1.0098717223828628, 0.9093010678761727, 2.2434565242491975, 0.0, 0.0, -1.7818026378335088, 0.1806766133606219
389, 3.888272921108742, 1.9147006283139583, 1.0323062876253548, 0.9093010678761727, 2.2434565242491975, 0.0, 0.0, -1.819800070880471, 0.174419343752932
390, 3.8982942430703624, 1.92379363899272, 1.0547408528678468, 0.9093010678761727, 2.2434565242491975, 0.0, 0.0, -1.8566674895037838, 0.1691105748769678
391, 3.908315565031983, 1.9328866496714818, 1.0771754181103388, 0.9093010678761727, 2.2434565242491975, 0.0, 0.0, -1.8923959724815138, 0.16475567473222585
392, 3.9183368869936035, 1.9419796603502435, 1.0996099833528308, 0.9093010678761727, 2.2434565242491975, 0.0, 0.0, -1.9269776021029592, 0.16135905971113174
393, 3.928358208955224, 1.9510726710290052, 1.1220445485953228, 0.9093010678761727, 2.2434565242491975, 0.0, 0.0, -1.9604054693485582, 0.1589241901652555
394, 3.9383795309168446, 1.9601656817077668, 1.1444791138378145, 0.9093010678761727, 2.2434565242491975, 0.0, 0.0, -1.9926736780947636, 0.15745356692355217
395, 3.9484008528784647, 1.9692586923865285, 1.1669136790803065, 0.9093010678761727, 2.2434565242491975, 0.0, 0.0, -2.0237773483401242, 0.1569487287661101
396, 3.958422174840085, 1.9783517030652904, 1.1893482443227985, 0.9093010678761727, 2.2434565242491975, 0.0, 0.0, -2.0537126184497763, 0.15741025085593474
397, 3.9684434968017057, 1.987444713744052, 1.2117828095652905, 0.9093010678761727, 2.2434565242491975, 0.0, 0.0, -2.0824766464165125, 0.15883774413034857
398, 3.978464818763326, 1.9965377244228137, 1.2342173748077825, 0.9093010678761727, 2.2434565242491975, 0.0, 0.0, -2.110067610137553, 0.1612298556526296
399, 3.9884861407249463, 2.0056307351015756, 1.2566519400502745, 0.9093010678761727, 2.2434565242491975, 0.0, 0.0, -2.136484706707115, 0.16458426992356046
400, 3.998507462686567, 2.014723745780337, 1.2790865052927665, 0.9093010678761727, 2.2434565242491975, 0.0, 0.0, -2.1617281507258563, 0.16889771115159147
401, 4.008528784648187, 2.023816756459099, 1.3015210705352585, 0.9093010678761727, 2.2434565242491975, 0.0, 0.0, -2.1857991716292147, 0.17416594647939088
402, 4.0185501066098075, 2.032909767137861, 1.3239556357777504, 0.9093010678761727, 2.2434565242491975, 0.0, 0.0, -2.208700010037636, 0.18038379016357575
403, 4.0285714285714285, 2.0420027778166223, 1.3463902010202424, 0.9093010678761727, 2.2434565242491975, 0.0, 0.0, -2.230433913132654, 0.18754510870349694
404, 4.038592750533049, 2.051095788495384, 1.3688247662627344, 0.9093010678761727, 2.2434565242491975, 0.0, 0.0, -2.2510051290637345, 0.1956428269139796
405, 4.0486140724946695, 2.0601887991741457, 1.3912593315052262, 0.9093010678761727, 2.2434565242491975, 0.0, 0.0, -2.2704189003917246, 0.20466893493600646
406, 4.05863539445629, 2.0692818098529075, 1.4136938967477182, 0.9093010678761727, 2.2434565242491975, 0.0, 0.0, -2.2886814565757567, 0.21461449617838269
407, 4.068656716417911, 2.0783748205316694, 1.4361284619902102, 0.9093010678761727, 2.2434565242491975, 0.0, 0.0, -2.3058000055113057, 0.22546965618249426
408, 4.078678038379531, 2.087467831210431, 1.4585630272327021, 0.9093010678761727, 2.2434565242491975, 0.0, 0.0, -2.3217827241281235, 0.237223652401366
409, 4.088699360341152, 2.096560841889193, 1.4809975924751941, 0.9093010678761727, 2.2434565242491975, 0.0, 0.0, -2.336638748057625, 0.24986482488330242
410, 4.098720682302772, 2.1056538525679547, 1.5034321577176861, 0.9093010678761727, 2.2434565242491975, 0.0, 0.0, -2.350378160380234, 0.2633806278494999
411, 4.108742004264392, 2.114746863246716, 1.5258667229601781, 0.9093010678761727, 2.2434565242491975, 0.0, 0.0, -2.363011979464138, 0.2777576421541299
412, 4.118763326226013, 2.123839873925478, 1.54830128820267, 0.9093010678761727, 2.2434565242491975, 0.0, 0.0, -2.374552145907723, 0.2929815886145152
413, 4.128784648187633, 2.13293288460424, 1.5707358534451623, 0.9093010678761727, 2.2434565242491975, 0.0, 0.0, -2.38501150859889, 0.3090373421981487
414, 4.138805970149254, 2.1420258952830014, 1.5931704186876543, 0.9093010678761727, 2.2434565242491975, 0.0, 0.0, -2.394403809905305, 0.32590894705246287
415, 4.148827292110874, 2.1511189059617633, 1.6156049839301458, 0.9093010678761727, 2.2434565242491975, 0.0, 0.0, -2.4027436700104885, 0.3435796323624096
416, 4.158848614072495, 2.1602119166405247, 1.6380395491726378, 0.9093010678761727, 2.2434565242491975, 0.0, 0.0, -2.41004657041146, 0.36203182902009146
417, 4.168869936034115, 2.1693049273192866, 1.66047411441513, 0.9093010678761727, 2.2434565242491975, 0.0, 0.0, -2.4163288365945355, 0.38124718708987504
418, 4.178891257995735, 2.1783979379980485, 1.682908679657622, 0.9093010678761727, 2.2434565242491975, 0.0, 0.0, -2.421607619906605, 0.40120659405162473
419, 4.188912579957356, 2.18749094867681, 1.705343244900114, 0.9093010678761727, 2.2434565242491975, 0.0, 0.0, -2.4259008786400726, 0.4218901938039268
420, 4.198933901918976, 2.196583959355572, 1.727777810142606, 0.9093010678761727, 2.2434565242491975, 0.0, 0.0, -2.429227358350358, 0.44327740640840907
421, 4.208955223880597, 2.2056769700343333, 1.750212375385098, 0.9093010678761727, 2.2434565242491975, 0.0, 0.0, -2.431606571425637, 0.4653469485555275
422, 4.218976545842217, 2.214769980713095, 1.77264694062759, 0.9093010678761727, 2.2434565242491975, 0.0, 0.0, -2.433058775929237, 0.48807685473147433
423, 4.228997867803837, 2.223862991391857, 1.795081505870082, 0.9093010678761727, 2.2434565242491975, 0.0, 0.0, -2.4336049537357756, 0.5114444990651628
424, 4.239019189765458, 2.232956002070619, 1.817516071112574, 0.9093010678761727, 2.2434565242491975, 0.0, 0.0, -2.4332667879828636, 0.5354266178335675
425, 4.249040511727078, 2.2420490127493804, 1.839950636355066, 0.9093010678761727, 2.2434565242491975, 0.0, 0.0, -2.4320666398608406, 0.5599993326030406
426, 4.259061833688699, 2.251142023428142, 1.8623852015975575, 0.9093010678761727, 2.2434565242491975, 0.0, 0.0, -2.4300275247636542, 0.5851381739835991
427, 4.2690831556503195, 2.2602350341069037, 1.8848197668400495, 0.9093010678761727, 2.2434565242491975, 0.0, 0.0, -2.4271730878246163, 0.6108181059725591
428, 4.2791044776119405, 2.2693280447856656, 1.9072543320825415, 0.9093010678761727, 2.2434565242491975, 0.0, 0.0, -2.4235275788613917, 0.6370135508633061
429, 4.2891257995735605, 2.2784210554644275, 1.9296888973250335, 0.9093010678761727, 2.2434565242491975, 0.0, 0.0, -2.4191158267551187, 0.6636984146944425
430, 4.2991471215351815, 2.287514066143189, 1.9521234625675254, 0.9093010678761727, 2.2434565242491975, 0.0, 0.0, -2.41396321328913, 0.6908461132139957
431, 4.309168443496802, 2.296607076821951, 1.9745580278100174, 0.9093010678761727, 2.2434565242491975, 0.0, 0.0, -2.4080956464732624, 0.7184295983328692
432, 4.319189765458423, 2.3057000875007123, 1.9969925930525094, 0.9093010678761727, 2.2434565242491975, 0.0, 0.0, -2.401539533380238, 0.7464213850412248
433, 4.329211087420043, 2.314793098179474, 2.0194271582950014, 0.9093010678761727, 2.2434565242491975, 0.0, 0.0, -2.3943217525210962, 0.7747935787610367
434, 4.339232409381663, 2.323886108858236, 2.0418617235374934, 0.9093010678761727, 2.2434565242491975, 0.0, 0.0, -2.3864696257870537, 0.8035179031076014
435, 4.349253731343283, 2.3329791195369975, 2.0642962887799854, 0.9093010678761727, 2.2434565242491975, 0.0, 0.0, -2.378010889985656, 0.8325657280324008
436, 4.359275053304904, 2.3420721302157594, 2.0867308540224774, 0.9093010678761727, 2.2434565242491975, 0.0, 0.0, -2.3689736679994047, 0.8619080983193292
437, 4.369296375266524, 2.351165140894521, 2.1091654192649694, 0.9093010678761727, 2.2434565242491975, 0.0, 0.0, -2.359386439595467, 0.89151576240593
438, 4.379317697228145, 2.360258151573283, 2.1315999845074614, 0.9093010678761727, 2.2434565242491975, 0.0, 0.0, -2.3492780119153767, 0.9213592015009896
439, 4.389339019189765, 2.3693511622520447, 2.1540345497499533, 0.9093010678761727, 2.2434565242491975, 0.0, 0.0, -2.33867748967395, 0.9514086589695142
440, 4.399360341151386, 2.378444172930806, 2.1764691149924453, 0.9093010678761727, 2.2434565242491975, 0.0, 0.0, -2.327614245096917, 0.9816341699558678
441, 4.409381663113006, 2.387537183609568, 2.1989036802349373, 0.9093010678761727, 2.2434565242491975, 0.0, 0.0, -2.316117887627033, 1.0120055912156032
442, 4.419402985074627, 2.3966301942883295, 2.2213382454774293, 0.9093010678761727, 2.2434565242491975, 0.0, 0.0, -2.3042182334286165, 1.0424926311263045
443, 4.429424307036247, 2.4057232049670914, 2.2437728107199213, 0.9093010678761727, 2.2434565242491975, 0.0, 0.0, -2.2919452747207045, 1.073064879847601
444, 4.439445628997868, 2.4148162156458532, 2.2662073759624133, 0.9093010678761727, 2.2434565242491975, 0.0, 0.0, -2.27932914896911, 1.103691839600333
445, 4.449466950959488, 2.423909226324615, 2.2886419412049053, 0.9093010678761727, 2.2434565242491975, 0.0, 0.0, -2.2664001079678635, 1.1343429550347623
446, 4.459488272921108, 2.4330022370033766, 2.3110765064473973, 0.9093010678761727, 2.2434565242491975, 0.0, 0.0, -2.253188486840564, 1.1649876436576059
447, 4.469509594882729, 2.4420952476821385, 2.3335110716898892, 0.9093010678761727, 2.2434565242491975, 0.0, 0.0, -2.2397246729922764, 1.1955953262876284
448, 4.479530916844349, 2.4511882583609, 2.3559456369323812, 0.9093010678761727, 2.2434565242491975, 0.0, 0.0, -2.2260390750426073, 1.2261354575094847
449, 4.489552238805969, 2.460281269039662, 2.3783802021748732, 0.9093010678761727, 2.2434565242491975, 0.0, 0.0, -2.21216209177066, 1.2565775560955295
450, 4.49957356076759, 2.4693742797184237, 2.400814767417365, 0.9093010678761727, 2.2434565242491975, 0.0, 0.0, -2.1981240811024825, 1.2868912353653046
451, 4.5095948827292105, 2.4784672903971856, 2.423249332659857, 0.9093010678761727, 2.2434565242491975, 0.0, 0.0, -2.1839553291716105, 1.3170462334525181
452, 4.5196162046908315, 2.487560301075947, 2.445683897902349, 0.9093010678761727, 2.2434565242491975, 0.0, 0.0, -2.1696860194832337, 1.3470124434493858
453, 4.529637526652452, 2.4966533117547085, 2.4681184631448407, 0.9093010678761727, 2.2434565242491975, 0.0, 0.0, -2.1553462022123564, 1.3767599433983466
454, 4.5396588486140725, 2.5057463224334704, 2.4905530283873327, 0.9093010678761727, 2.2434565242491975, 0.0, 0.0, -2.1409657636662245, 1.4062590261013088
455, 4.549680170575693, 2.5148393331122323, 2.5129875936298247, 0.9093010678761727, 2.2434565242491975, 0.0, 0.0, -2.1265743959411005, 1.4354802287167574
456, 4.559701492537314, 2.5239323437909937, 2.5354221588723167, 0.9093010678761727, 2.2434565242491975, 0.0, 0.0, -2.1122015668032685, 1.4643943621152837
457, 4.569722814498934, 2.5330253544697556, 2.5578567241148087, 0.9093010678761727, 2.2434565242491975, 0.0, 0.0, -2.097876489823924, 1.4929725399643123
458, 4.579744136460555, 2.542118365148517, 2.5802912893573007, 0.9093010678761727, 2.2434565242491975, 0.0, 0.0, -2.0836280947973203, 1.5211862075130833
459, 4.589765458422175, 2.551211375827279, 2.6027258545997927, 0.9093010678761727, 2.2434565242491975, 0.0, 0.0, -2.069484998471303, 1.5490071700492474
460, 4.599786780383795, 2.560304386506041, 2.6251604198422847, 0.9093010678761727, 2.2434565242491975, 0.0, 0.0, -2.055475475618986, 1.5764076209987483
461, 4.609808102345416, 2.5693973971848028, 2.6475949850847766, 0.9093010678761727, 2.2434565242491975, 0.0, 0.0, -2.04162743048002, 1.6033601696410256
462, 4.619829424307036, 2.578490407863564, 2.6700295503272686, 0.9093010678761727, 2.2434565242491975, 0.0, 0.0, -2.0279683685995105, 1.6298378684119528
463, 4.629850746268657, 2.5875834185423257, 2.6924641155697606, 0.9093010678761727, 2.2434565242491975, 0.0, 0.0, -2.0145253690922384, 1.6558142397673374
464, 4.639872068230277, 2.5966764292210875, 2.7148986808122526, 0.9093010678761727, 2.2434565242491975, 0.0, 0.0, -2.001325057359423, 1.681263302580235
465, 4.649893390191898, 2.6057694398998494, 2.7373332460547446, 0.9093010678761727, 2.2434565242491975, 0.0, 0.0, -1.9883935782847797, 1.7061595980458082
466, 4.659914712153518, 2.6148624505786113, 2.7597678112972366, 0.9093010678761727, 2.2434565242491975, 0.0, 0.0, -1.9757565699361843, 1.7304782150679392
467, 4.669936034115138, 2.6239554612573732, 2.7822023765397286, 0.9093010678761727, 2.2434565242491975, 0.0, 0.0, -1.9634391377986982, 1.75419481510232
468, 4.679957356076759, 2.6330484719361347, 2.8046369417822206, 0.9093010678761727, 2.2434565242491975, 0.0, 0.0, -1.9514658295642267, 1.777285656431289
469, 4.689978678038379, 2.639794261514825, 2.821280368449335, 0.44971930524604353, 1.1095617778076106, -44.97193052460435, -110.95617778076105, -2.549264223316241, 0.36159883666156495
470, 4.7, 2.6420428580410555, 2.8268281773383728, 0.0, 0.0, -44.97193052460435, -110.95617778076105, -2.7512519304748233, -0.18732070086427255
1, 0.0, -1.9656622827323655, -2.826893647255276, 0.10278819820187829, 0.05827022714686263, 10.278819820187834, 5.827022714686265, -0.938498783131345, 0.08923300647288587
2, 0.01002053388090349, -1.9641204597593374, -2.8260195938480734, 0.20557639640375658, 0.11654045429372525, 10.278819820187834, 5.827022714686265, -0.8841522933067347, 0.11586670944978605
3, 0.02004106776180698, -1.9615507548042903, -2.8245628381694017, 0.30836459460563487, 0.17481068144058787, 10.278819820187834, 5.827022714686265, -0.8278273275017639, 0.14082981633850167
4, 0.03006160164271047, -1.9579531678672246, -2.8225233802192617, 0.41115279280751316, 0.2330809085874505, 10.278819820187834, 5.827022714686265, -0.7695085516622574, 0.1641179539696001
5, 0.04008213552361396, -1.95332769894814, -2.8199012199976528, 0.5139409910093914, 0.2913511357343131, 10.278819820187834, 5.827022714686265, -0.7091744767811905, 0.18572522078407394
6, 0.05010266940451746, -1.9476743480470369, -2.8166963575045756, 0.6167291892112697, 0.34962136288117573, 10.278819820187834, 5.827022714686265, -0.6467974382406689, 0.20564440803274503
7, 0.06012320328542094, -1.9409931151639146, -2.8129087927400294, 0.719517387413148, 0.4078915900280384, 10.278819820187834, 5.827022714686265, -0.5823435702436917, 0.22386728458679728
8, 0.07014373716632444, -1.933284000298774, -2.8085385257040145, 0.8223055856150263, 0.466161817174901, 10.278819820187834, 5.827022714686265, -0.5157727761329275, 0.2403849455846678
9, 0.08016427104722793, -1.9245470034516141, -2.8035855563965315, 0.9250937838169045, 0.5244320443217635, 10.278819820187834, 5.827022714686265, -0.447038695629881, 0.2551882250979153
10, 0.09018480492813141, -1.9147821246224357, -2.7980498848175794, 1.0278819820187828, 0.5827022714686262, 10.278819820187834, 5.827022714686265, -0.37608867029920057, 0.2682681729004762
11, 0.10020533880903491, -1.9039893638112386, -2.7919315109671587, 1.1306701802206611, 0.6409724986154888, 10.278819820187834, 5.827022714686265, -0.30286370885561276, 0.27961659526164573
12, 0.1102258726899384, -1.8921687210180225, -2.7852304348452694, 1.2334583784225395, 0.6992427257623515, 10.278819820187834, 5.827022714686265, -0.22729845429113937, 0.28922665944322556
13, 0.12024640657084187, -1.8793201962427877, -2.777946656451912, 1.336246576624418, 0.7575129529092142, 10.278819820187834, 5.827022714686265, -0.14932115521348555, 0.2970935612556027
14, 0.13026694045174536, -1.8654437894855342, -2.7700801757870854, 1.4390347748262962, 0.8157831800560769, 10.278819820187834, 5.827022714686265, -0.06885364425821416, 0.30321525460643284
15, 0.14028747433264888, -1.850539500746262, -2.7616309928507903, 1.5418229730281743, 0.8740534072029391, 10.278819820187834, 5.827022714686265, 0.01418867302766269, 0.3075932414498794
16, 0.15030800821355236, -1.8346073300249708, -2.7525991076430265, 1.6446111712300526, 0.932323634349802, 10.278819820187834, 5.827022714686265, 0.09989681483053847, 0.3102334199052689
17, 0.16032854209445585, -1.8176472773216608, -2.742984520163794, 1.7473993694319312, 0.9905938614966647, 10.278819820187834, 5.827022714686265, 0.18836820057014259, 0.31114698755372006
18, 0.17034907597535934, -1.799659342636332, -2.732787230413093, 1.8501875676338093, 1.0488640886435274, 10.278819820187834, 5.827022714686265, 0.2797066038349326, 0.31035139603287765
19, 0.18036960985626282, -1.7806435259689848, -2.7220072383909235, 1.9529757658356874, 1.1071343157903897, 10.278819820187834, 5.827022714686265, 0.37402207451330227, 0.30787135202776394
20, 0.19039014373716634, -1.7605998273196184, -2.7106445440972853, 2.0557639640375656, 1.1654045429372524, 10.278819820187834, 5.827022714686265, 0.4714308229879066, 0.30373985859606345
21, 0.20041067761806983, -1.7400421876792425, -2.698990498667913, 2.055763964037567, 1.165404542937253, 0.0, 0.0, 0.2382486738424925, 0.281936252506659
22, 0.21043121149897331, -1.7194845480388667, -2.68733645323854, 2.055763964037567, 1.165404542937253, 0.0, 0.0, 0.27890988437370745, 0.2507957507626422
23, 0.2204517453798768, -1.6989269083984913, -2.675682407809168, 2.055763964037567, 1.165404542937253, 0.0, 0.0, 0.32008437358495323, 0.21996616092208454
24, 0.2304722792607803, -1.6783692687581155, -2.664028362379795, 2.055763964037567, 1.165404542937253, 0.0, 0.0, 0.36177352383753325, 0.189478672941231
25, 0.24049281314168375, -1.6578116291177398, -2.652374316950423, 2.055763964037567, 1.165404542937253, 0.0, 0.0, 0.40397829065619284, 0.15936412649467457
26, 0.25051334702258726, -1.6372539894773643, -2.64072027152105, 2.055763964037567, 1.165404542937253, 0.0, 0.0, 0.4466991833855052, 0.12965297908655404
27, 0.2605338809034907, -1.6166963498369884, -2.6290662260916777, 2.055763964037567, 1.165404542937253, 0.0, 0.0, 0.4899362462696705, 0.10037527455761541
28, 0.27055441478439424, -1.596138710196613, -2.617412180662305, 2.055763964037567, 1.165404542937253, 0.0, 0.0, 0.5336890399830743, 0.07156061202078468
29, 0.28057494866529775, -1.5755810705562372, -2.6057581352329326, 2.055763964037567, 1.165404542937253, 0.0, 0.0, 0.5779566236385361, 0.043238115257475895
30, 0.2905954825462012, -1.5550234309158615, -2.59410408980356, 2.055763964037567, 1.165404542937253, 0.0, 0.0, 0.622737537299632, 0.015436402606363808
31, 0.3006160164271047, -1.534465791275486, -2.5824500443741876, 2.055763964037567, 1.165404542937253, 0.0, 0.0, 0.6680297850230223, -0.01181644262414383
32, 0.3106365503080082, -1.5139081516351103, -2.5707959989448153, 2.055763964037567, 1.165404542937253, 0.0, 0.0, 0.7138308184561297, -0.03849290118906279
33, 0.3206570841889117, -1.4933505119947346, -2.5591419535154425, 2.055763964037567, 1.165404542937253, 0.0, 0.0, 0.7601375210149418, -0.06456604635549712
34, 0.33067761806981516, -1.472792872354359, -2.54748790808607, 2.055763964037567, 1.165404542937253, 0.0, 0.0, 0.8069461926661327, -0.09000957173731794
35, 0.3406981519507187, -1.4522352327139831, -2.5358338626566974, 2.055763964037567, 1.165404542937253, 0.0, 0.0, 0.8542525353370287, -0.11479781848699544
36, 0.35071868583162213, -1.4316775930736076, -2.524179817227325, 2.055763964037567, 1.165404542937253, 0.0, 0.0, 0.9020516389763116, -0.1389058018163717
37, 0.36073921971252565, -1.4111199534332322, -2.5125257717979523, 2.055763964037567, 1.165404542937253, 0.0, 0.0, 0.9503379682876564, -0.16230923681889176
38, 0.3707597535934291, -1.3905623137928562, -2.50087172636858, 2.055763964037567, 1.165404542937253, 0.0, 0.0, 0.9991053501577766, -0.18498456356649806
39, 0.3807802874743327, -1.3700046741524807, -2.4892176809392073, 2.055763964037567, 1.165404542937253, 0.0, 0.0, 1.0483469617996215, -0.20690897145517528
40, 0.39080082135523614, -1.349447034512105, -2.477563635509835, 2.055763964037567, 1.165404542937253, 0.0, 0.0, 1.0980553196307197, -0.22806042277389627
41, 0.40082135523613965, -1.3288893948717293, -2.465909590080462, 2.055763964037567, 1.165404542937253, 0.0, 0.0, 1.1482222689058228, -0.2484176754725287
42, 0.4108418891170431, -1.3083317552313538, -2.45425554465109, 2.055763964037567, 1.165404542937253, 0.0, 0.0, 1.198838974122269, -0.26796030510509417
43, 0.42086242299794663, -1.2877741155909779, -2.442601499221717, 2.055763964037567, 1.165404542937253, 0.0, 0.0, 1.249895910215584, -0.2866687259256303
44, 0.4308829568788501, -1.2672164759506024, -2.430947453792345, 2.055763964037567, 1.165404542937253, 0.0, 0.0, 1.3013828545620116, -0.3045242111147719
45, 0.4409034907597536, -1.2466588363102267, -2.4192934083629725, 2.055763964037567, 1.165404542937253, 0.0, 0.0, 1.3532888798038076, -0.32150891211609256
46, 0.45092402464065706, -1.226101196669851, -2.4076393629335997, 2.055763964037567, 1.165404542937253, 0.0, 0.0, 1.4056023475121842, -0.33760587706214573
47, 0.4609445585215606, -1.2055435570294755, -2.395985317504227, 2.055763964037567, 1.165404542937253, 0.0, 0.0, 1.4583109027019463, -0.3527990682711061
48, 0.47096509240246404, -1.1849859173890998, -2.3843312720748546, 2.055763964037567, 1.165404542937253, 0.0, 0.0, 1.511401469210865, -0.3670733787958721
49, 0.4809856262833675, -1.164428277748724, -2.3726772266454823, 2.055763964037567, 1.165404542937253, 0.0, 0.0, 1.5648602459559249, -0.3804146480084669
50, 0.49100616016427107, -1.1438706381083485, -2.3610231812161095, 2.055763964037567, 1.165404542937253, 0.0, 0.0, 1.6186727040776154, -0.39280967620358787
51, 0.5010266940451745, -1.1233129984679728, -2.3493691357867372, 2.055763964037567, 1.165404542937253, 0.0, 0.0, 1.6728235849824382, -0.404246238206158
52, 0.511047227926078, -1.1027553588275971, -2.3377150903573645, 2.055763964037567, 1.165404542937253, 0.0, 0.0, 1.7272968992928246, -0.4147130959687799
53, 0.5210677618069814, -1.0821977191872214, -2.326061044927992, 2.055763964037567, 1.165404542937253, 0.0, 0.0, 1.7820759267126574, -0.4242000101460295
54, 0.5310882956878851, -1.0616400795468457, -2.3144069994986194, 2.055763964037567, 1.165404542937253, 0.0, 0.0, 1.8371432168155613, -0.4326977506335943
55, 0.5411088295687885, -1.0410824399064702, -2.302752954069247, 2.055763964037567, 1.165404542937253, 0.0, 0.0, 1.892480590762111, -0.4401981060613347
56, 0.551129363449692, -1.0205248002660945, -2.2910989086398743, 2.055763964037567, 1.165404542937253, 0.0, 0.0, 1.9480691439510638, -0.44669389223042755
57, 0.5611498973305955, -0.9999671606257188, -2.279444863210502, 2.055763964037567, 1.165404542937253, 0.0, 0.0, 2.003889249608682, -0.4521789594858514
58, 0.571170431211499, -0.9794095209853432, -2.2677908177811297, 2.055763964037567, 1.165404542937253, 0.0, 0.0, 2.059920563319159, -0.45664819901657716
59, 0.5811909650924024, -0.9588518813449676, -2.256136772351757, 2.055763964037567, 1.165404542937253, 0.0, 0.0, 2.1161420284981114, -0.4600975480769338
60, 0.5912114989733059, -0.9382942417045919, -2.244482726922384, 2.055763964037567, 1.165404542937253, 0.0, 0.0, 2.1725318828100204, -0.46252399412374756
61, 0.6012320328542095, -0.9177366020642161, -2.232828681493012, 2.055763964037567, 1.165404542937253, 0.0, 0.0, 2.229067665529469, -0.46392557786497
62, 0.611252566735113, -0.8971789624238404, -2.2211746360636395, 2.055763964037567, 1.165404542937253, 0.0, 0.0, 2.285726225844914, -0.4643013952166444
63, 0.6212731006160164, -0.8766213227834647, -2.2095205906342668, 2.055763964037567, 1.165404542937253, 0.0, 0.0, 2.342483732102713, -0.46365159816618706
64, 0.63129363449692, -0.8560636831430892, -2.197866545204894, 2.055763964037567, 1.165404542937253, 0.0, 0.0, 2.399315681987999, -0.46197739454110365
65, 0.6413141683778234, -0.8355060435027135, -2.1862124997755217, 2.055763964037567, 1.165404542937253, 0.0, 0.0, 2.4561969136379815, -0.4592810466833832
66, 0.6513347022587269, -0.8149484038623378, -2.1745584543461494, 2.055763964037567, 1.165404542937253, 0.0, 0.0, 2.5131016176821364, -0.4555658690309634
67, 0.6613552361396303, -0.7943907642219623, -2.1629044089167766, 2.055763964037567, 1.165404542937253, 0.0, 0.0, 2.5700033502027315, -0.4508362246087765
68, 0.671375770020534, -0.7738331245815866, -2.1512503634874043, 2.055763964037567, 1.165404542937253, 0.0, 0.0, 2.626875046608033, -0.44509752043303585
69, 0.6813963039014374, -0.7532754849412109, -2.1395963180580315, 2.055763964037567, 1.165404542937253, 0.0, 0.0, 2.683689036409506, -0.43835620183353297
70, 0.6914168377823409, -0.7327178453008352, -2.127942272628659, 2.055763964037567, 1.165404542937253, 0.0, 0.0, 2.740417058893274, -0.43061974569984773
71, 0.7014373716632443, -0.7121602056604595, -2.1162882271992864, 2.055763964037567, 1.165404542937253, 0.0, 0.0, 2.797030279675063, -0.4218966526584893
72, 0.7114579055441479, -0.6916025660200837, -2.104634181769914, 2.055763964037567, 1.165404542937253, 0.0, 0.0, 2.8534993081268114, -0.41219643818909013
73, 0.7214784394250513, -0.6710449263797083, -2.0929801363405414, 2.055763964037567, 1.165404542937253, 0.0, 0.0, 2.9097942156621235, -0.40152962268888004
74, 0.7314989733059548, -0.6504872867393328, -2.081326090911169, 2.055763964037567, 1.165404542937253, 0.0, 0.0, 2.965884554866731, -0.3899077204957584
75, 0.7415195071868582, -0.629929647098957, -2.0696720454817967, 2.055763964037567, 1.165404542937253, 0.0, 0.0, 3.02173937945912, -0.37734322788135854
76, 0.7515400410677618, -0.6093720074585813, -2.058018000052424, 2.055763964037567, 1.165404542937253, 0.0, 0.0, 3.0773272650654975, -0.363849610026573
77, 0.7615605749486654, -0.5888143678182056, -2.046363954623051, 2.055763964037567, 1.165404542937253, 0.0, 0.0, 3.132616330792331, -0.34944128699305854
78, 0.7715811088295688, -0.5682567281778299, -2.034709909193679, 2.055763964037567, 1.165404542937253, 0.0, 0.0, 3.187574261578687, -0.33413361870528324
79, 0.7816016427104723, -0.5476990885374542, -2.0230558637643066, 2.055763964037567, 1.165404542937253, 0.0, 0.0, 3.24216833130971, -0.31794288895870637
80, 0.7916221765913758, -0.5271414488970785, -2.011401818334934, 2.055763964037567, 1.165404542937253, 0.0, 0.0, 3.2963654266716196, -0.30088628847068866
81, 0.8016427104722793, -0.5065838092567032, -1.9997477729055615, 2.055763964037567, 1.165404542937253, 0.0, 0.0, 3.3501320717277387, -0.2829818969917266
82, 0.8116632443531827, -0.4860261696163275, -1.988093727476189, 2.055763964037567, 1.165404542937253, 0.0, 0.0, 3.4034344531941554, -0.2642486644955757
83, 0.8216837782340862, -0.4654685299759518, -1.9764396820468164, 2.055763964037567, 1.165404542937253, 0.0, 0.0, 3.4562384463927645, -0.24470639146778594
84, 0.8317043121149896, -0.44491089033557607, -1.9647856366174439, 2.055763964037567, 1.165404542937253, 0.0, 0.0, 3.508509641858617, -0.2243757083131087
85, 0.8417248459958933, -0.42435325069520036, -1.9531315911880713, 2.055763964037567, 1.165404542937253, 0.0, 0.0, 3.5602133725776475, -0.20327805390314335
86, 0.8517453798767968, -0.40379561105482464, -1.9414775457586986, 2.055763964037567, 1.165404542937253, 0.0, 0.0, 3.611314741830091, -0.1814356532864908
87, 0.8617659137577002, -0.38323797141444893, -1.9298235003293263, 2.055763964037567, 1.165404542937253, 0.0, 0.0, 3.6617786516141093, -0.1588714945845423
88, 0.8717864476386037, -0.3626803317740732, -1.9181694548999535, 2.055763964037567, 1.165404542937253, 0.0, 0.0, 3.7115698316234136, -0.13560930509688285
89, 0.8818069815195072, -0.3421226921336977, -1.9065154094705812, 2.055763964037567, 1.165404542937253, 0.0, 0.0, 3.760652868751927, -0.11167352664110752
90, 0.8918275154004107, -0.32156505249332223, -1.8948613640412089, 2.055763964037567, 1.165404542937253, 0.0, 0.0, 3.808992237097874, -0.08708929015263522
91, 0.9018480492813141, -0.3010074128529465, -1.883207318611836, 2.055763964037567, 1.165404542937253, 0.0, 0.0, 3.8565523284389824, -0.0618823895708861
92, 0.9118685831622176, -0.2804497732125708, -1.8715532731824638, 2.055763964037567, 1.165404542937253, 0.0, 0.0, 3.9032974831498617, -0.03607925503891796
93, 0.9218891170431212, -0.2598921335721951, -1.859899227753091, 2.055763964037567, 1.165404542937253, 0.0, 0.0, 3.9491920215320295, -0.009706925444327386
94, 0.9319096509240247, -0.23933449393181938, -1.8482451823237187, 2.055763964037567, 1.165404542937253, 0.0, 0.0, 3.9942002755264268, 0.017206979670078226
95, 0.9419301848049281, -0.21877685429144367, -1.836591136894346, 2.055763964037567, 1.165404542937253, 0.0, 0.0, 4.038286620777779, 0.04463428879670572
96, 0.9519507186858316, -0.19821921465106795, -1.8249370914649734, 2.055763964037567, 1.165404542937253, 0.0, 0.0, 4.081415509019587, 0.07254630772491055
97, 0.961971252566735, -0.17766157501069268, -1.813283046035601, 2.055763964037567, 1.165404542937253, 0.0, 0.0, 4.123551500748088, 0.10091384934369119
98, 0.9719917864476386, -0.15710393537031697, -1.8016290006062285, 2.055763964037567, 1.165404542937253, 0.0, 0.0, 4.164659298153035, 0.1297072639544119
99, 0.9820123203285421, -0.13654629572994126, -1.789974955176856, 2.055763964037567, 1.165404542937253, 0.0, 0.0, 4.204703778272736, 0.15889647006209606
100, 0.9920328542094455, -0.11598865608956554, -1.7783209097474835, 2.055763964037567, 1.165404542937253, 0.0, 0.0, 4.243650026340434, 0.18845098561335055
101, 1.002053388090349, -0.09543101644918983, -1.766666864318111, 2.055763964037567, 1.165404542937253, 0.0, 0.0, 4.281463369288692, 0.21833995964849917
102, 1.0120739219712527, -0.07487337680881412, -1.7550128188887384, 2.055763964037567, 1.165404542937253, 0.0, 0.0, 4.318109409378174, 0.24853220433508577
103, 1.022094455852156, -0.054315737168438405, -1.7433587734593659, 2.055763964037567, 1.165404542937253, 0.0, 0.0, 4.353554057916931, 0.2789962273495088
104, 1.0321149897330595, -0.03375809752806269, -1.7317047280299933, 2.055763964037567, 1.165404542937253, 0.0, 0.0, 4.387763569035994, 0.3097002645731862
105, 1.0421355236139629, -0.013200457887686978, -1.7200506826006208, 2.055763964037567, 1.165404542937253, 0.0, 0.0, 4.420704573486929, 0.34061231306932765
106, 1.0521560574948665, 0.007357181752688291, -1.7083966371712482, 2.055763964037567, 1.165404542937253, 0.0, 0.0, 4.452344112426761, 0.37170016430609504
107, 1.0621765913757701, 0.027914821393064004, -1.6967425917418757, 2.055763964037567, 1.165404542937253, 0.0, 0.0, 4.482649671155597, 0.4029314375916834
108, 1.0721971252566735, 0.04847246103343972, -1.6850885463125032, 2.055763964037567, 1.165404542937253, 0.0, 0.0, 4.511589212772092, 0.43427361368662365
109, 1.082217659137577, 0.06903010067381565, -1.6734345008831306, 2.055763964037567, 1.165404542937253, 0.0, 0.0, 4.539131211711891, 0.46569406855844137
110, 1.0922381930184806, 0.08958774031419114, -1.661780455453758, 2.055763964037567, 1.165404542937253, 0.0, 0.0, 4.565244687134118, 0.49716010724363935
111, 1.102258726899384, 0.11014537995456664, -1.6501264100243855, 2.055763964037567, 1.165404542937253, 0.0, 0.0, 4.589899236120962, 0.5286389977818796
112, 1.1122792607802874, 0.13070301959494257, -1.638472364595013, 2.055763964037567, 1.165404542937253, 0.0, 0.0, 4.613065066655478, 0.5600980051871474
113, 1.122299794661191, 0.15126065923531806, -1.6268183191656405, 2.055763964037567, 1.165404542937253, 0.0, 0.0, 4.6347130303427875, 0.5915044254206535
114, 1.1323203285420944, 0.171818298875694, -1.615164273736268, 2.055763964037567, 1.165404542937253, 0.0, 0.0, 4.654814654839917, 0.6228256193302337
115, 1.142340862422998, 0.1923759385160695, -1.6035102283068954, 2.055763964037567, 1.165404542937253, 0.0, 0.0, 4.673342175959766, 0.6540290465210169
116, 1.1523613963039014, 0.21293357815644542, -1.5918561828775228, 2.055763964037567, 1.165404542937253, 0.0, 0.0, 4.690268569414737, 0.6850822991222364
117, 1.1623819301848048, 0.23349121779682092, -1.5802021374481503, 2.055763964037567, 1.165404542937253, 0.0, 0.0, 4.7055675821659255, 0.7159531354151365
118, 1.1724024640657082, 0.2540488574371964, -1.5685480920187778, 2.055763964037567, 1.165404542937253, 0.0, 0.0, 4.719213763343861, 0.7466095132870956
119, 1.1824229979466119, 0.27460649707757234, -1.5568940465894052, 2.055763964037567, 1.165404542937253, 0.0, 0.0, 4.731182494707239, 0.7770196234772493
120, 1.1924435318275155, 0.29516413671794783, -1.5452400011600327, 2.055763964037567, 1.165404542937253, 0.0, 0.0, 4.741450020606276, 0.8071519225791219
121, 1.202464065708419, 0.31572177635832377, -1.5335859557306601, 2.055763964037567, 1.165404542937253, 0.0, 0.0, 4.749993477417759, 0.8369751657660327
122, 1.2124845995893223, 0.33627941599869926, -1.5219319103012876, 2.055763964037567, 1.165404542937253, 0.0, 0.0, 4.756790922419199, 0.8664584392053121
123, 1.222505133470226, 0.3568370556390752, -1.510277864871915, 2.055763964037567, 1.165404542937253, 0.0, 0.0, 4.76182136207001, 0.8955711921277127
124, 1.2325256673511293, 0.3773946952794507, -1.4986238194425425, 2.055763964037567, 1.165404542937253, 0.0, 0.0, 4.765064779667963, 0.9242832685187279
125, 1.2425462012320327, 0.3979523349198266, -1.48696977401317, 2.055763964037567, 1.165404542937253, 0.0, 0.0, 4.766502162349815, 0.9525649383989562
126, 1.2525667351129364, 0.41850997456020167, -1.4753157285837977, 2.055763964037567, 1.165404542937253, 0.0, 0.0, 4.766115527405429, 0.9803869286610396
127, 1.26258726899384, 0.43906761420057716, -1.4636616831544251, 2.055763964037567, 1.165404542937253, 0.0, 0.0, 4.763887947875299, 1.0077204534312054
128, 1.2726078028747434, 0.4596252538409531, -1.4520076377250526, 2.055763964037567, 1.165404542937253, 0.0, 0.0, 4.759803577402023, 1.034537243923889
129, 1.2826283367556468, 0.4801828934813286, -1.44035359229568, 2.055763964037567, 1.165404542937253, 0.0, 0.0, 4.75384767430684, 1.0608095777584838
130, 1.2926488706365504, 0.5007405331217045, -1.4286995468663075, 2.055763964037567, 1.165404542937253, 0.0, 0.0, 4.746006624863026, 1.086510307707797
131, 1.3026694045174538, 0.52129817276208, -1.417045501436935, 2.055763964037567, 1.165404542937253, 0.0, 0.0, 4.7362679657386675, 1.1116128898483817
132, 1.3126899383983572, 0.541855812402456, -1.4053914560075624, 2.055763964037567, 1.165404542937253, 0.0, 0.0, 4.724620405581984, 1.136091411083549
133, 1.3227104722792606, 0.5624134520428314, -1.39373741057819, 2.055763964037567, 1.165404542937253, 0.0, 0.0, 4.711053845723173, 1.1599206160105036
134, 1.3327310061601643, 0.581646612751098, -1.381179827802898, 1.8472963359702648, 1.378100914177184, -15.203946971276551, 24.4685273295985, 3.8381244312784406, 1.3497212025328778
135, 1.342751540041068, 0.5993593787622367, -1.3661753922946462, 1.6952568662574992, 1.6227861874731688, -15.203946971276551, 24.4685273295985, 3.771158828574703, 1.500958073002069
136, 1.352772073921971, 0.6155517500762478, -1.3487241040534346, 1.5432173965447338, 1.8674714607691538, -15.203946971276551, 24.4685273295985, 3.705051503243519, 1.6504055552621586
137, 1.3627926078028747, 0.6302237266931314, -1.3288259630792632, 1.3911779268319686, 2.1121567340651386, -15.203946971276551, 24.4685273295985, 3.6398603948939363, 1.797973739046423
138, 1.3728131416837783, 0.6433753086128873, -1.3064809693721318, 1.239138457119203, 2.3568420073611236, -15.203946971276551, 24.4685273295985, 3.5756042532975263, 1.9435710401952153
139, 1.3828336755646817, 0.6550064958355154, -1.2816891229320406, 1.0870989874064376, 2.6015272806571086, -15.203946971276551, 24.4685273295985, 3.5122629473617417, 2.0871053013940406
140, 1.3928542094455854, 0.6651172883610159, -1.2544504237589897, 0.935059517693672, 2.8462125539530936, -15.203946971276551, 24.4685273295985, 3.4497780456207243, 2.228485231197613
141, 1.4028747433264885, 0.6737076861893888, -1.2247648718529789, 0.7830200479809066, 3.0908978272490786, -15.203946971276551, 24.4685273295985, 3.38805368020359, 2.3676221745369483
142, 1.4128952772073922, 0.6807776893206341, -1.1926324672140083, 0.6309805782681412, 3.335583100545063, -15.203946971276551, 24.4685273295985, 3.3269577104407824, 2.504432203386563
143, 1.4229158110882958, 0.6863272977547517, -1.1580532098420777, 0.47894110855537575, 3.580268373841048, -15.203946971276551, 24.4685273295985, 3.266323205820357, 2.6388385105381262
144, 1.4329363449691992, 0.6903565114917416, -1.1210270997371872, 0.32690163884261025, 3.8249536471370327, -15.203946971276551, 24.4685273295985, 3.2059502707150664, 2.770774082363894
145, 1.4429568788501026, 0.6928653305316038, -1.081554136899337, 0.17486216912984498, 4.069638920433018, -15.203946971276551, 24.4685273295985, 3.145608234964806, 2.9001846179652464
146, 1.452977412731006, 0.6938537548743384, -1.0396343213285268, 0.022822699417079262, 4.3143241937290036, -15.203946971276551, 24.4685273295985, 3.085038234806208, 3.0270316521338154
147, 1.4629979466119096, 0.6933217845199454, -0.9952676530247568, -0.12921677029568635, 4.559009467024988, -15.203946971276551, 24.4685273295985, 3.0239562075754702, 3.151295828098646
148, 1.4730184804928133, 0.6912694194684248, -0.9484541319880273, -0.2812562400084514, 4.803694740320972, -15.203946971276551, 24.4685273295985, 2.9620563208544537, 3.2729802531461436
149, 1.4830390143737164, 0.6876966597197764, -0.8991937582183376, -0.43329570972121684, 5.048380013616958, -15.203946971276551, 24.4685273295985, 2.899014852071631, 3.392113856007267
150, 1.49305954825462, 0.6826035052740004, -0.8474865317156881, -0.5853351794339825, 5.293065286912943, -15.203946971276551, 24.4685273295985, 2.8344945278099347, 3.508754649622487
151, 1.5030800821355237, 0.6759899561310968, -0.7933324524800787, -0.7373746491467481, 5.537750560208927, -15.203946971276551, 24.4685273295985, 2.7681493230378456, 3.622992786835427
152, 1.513100616016427, 0.6678560122910655, -0.7367315205115097, -0.8894141188595133, 5.782435833504912, -15.203946971276551, 24.4685273295985, 2.699629709028911, 3.734953280162456
153, 1.5231211498973307, 0.6582016737539065, -0.6776837358099806, -1.0414535885722784, 6.027121106800897, -15.203946971276551, 24.4685273295985, 2.6285883247794573, 3.844798240599477
154, 1.533141683778234, 0.6477871378681836, -0.617412524741971, -1.0414535885722804, 6.0271211068009, 0.0, 0.0, 3.469223494992392, 3.9805501180333214
155, 1.5431622176591375, 0.6373726019824608, -0.557141313673962, -1.0414535885722804, 6.0271211068009, 0.0, 0.0, 3.4640788953890316, 3.978937910119063
156, 1.5531827515400412, 0.626958066096738, -0.496870102605953, -1.0414535885722804, 6.0271211068009, 0.0, 0.0, 3.455294725364284, 3.974939721046357
157, 1.5632032854209446, 0.6165435302110152, -0.43659889153794407, -1.0414535885722804, 6.0271211068009, 0.0, 0.0, 3.4429713699267928, 3.968564191789797
158, 1.5732238193018482, 0.6061289943252924, -0.37632768046993526, -1.0414535885722804, 6.0271211068009, 0.0, 0.0, 3.4272182370115876, 3.9598258283796457
159, 1.5832443531827516, 0.5957144584395696, -0.3160564694019261, -1.0414535885722804, 6.0271211068009, 0.0, 0.0, 3.4081533737014325, 3.948744970711765
160, 1.593264887063655, 0.5852999225538468, -0.2557852583339171, -1.0414535885722804, 6.0271211068009, 0.0, 0.0, 3.3859030580172367, 3.9353477469980636
161, 1.6032854209445586, 0.574885386668124, -0.19551404726590826, -1.0414535885722804, 6.0271211068009, 0.0, 0.0, 3.360601367690416, 3.9196660139524946
162, 1.6133059548254618, 0.5644708507824012, -0.13524283619789923, -1.0414535885722804, 6.0271211068009, 0.0, 0.0, 3.332389727396905, 3.901737282842662
163, 1.6233264887063654, 0.5540563148966784, -0.0749716251298902, -1.0414535885722804, 6.0271211068009, 0.0, 0.0, 3.301416435994145, 3.8816046315718644
164, 1.633347022587269, 0.5436417790109556, -0.014700414061881162, -1.0414535885722804, 6.0271211068009, 0.0, 0.0, 3.267836175358647, 3.859316602990784
165, 1.6433675564681725, 0.5332272431252328, 0.04557079700612765, -1.0414535885722804, 6.0271211068009, 0.0, 0.0, 3.231809502472545, 3.8349270896720595
166, 1.653388090349076, 0.52281270723951, 0.10584200807413646, -1.0414535885722804, 6.0271211068009, 0.0, 0.0, 3.1935023264526747, 3.808495205414432
167, 1.6634086242299793, 0.5123981713537872, 0.1661132191421455, -1.0414535885722804, 6.0271211068009, 0.0, 0.0, 3.1530853722550827, 3.7800851437760636
168, 1.6734291581108829, 0.5019836354680645, 0.22638443021015453, -1.0414535885722804, 6.0271211068009, 0.0, 0.0, 3.110733632821376, 3.7497660239688364
169, 1.6834496919917865, 0.49156909958234163, 0.28665564127816334, -1.0414535885722804, 6.0271211068009, 0.0, 0.0, 3.066625811460811, 3.717611724476895
170, 1.69347022587269, 0.48115456369661885, 0.3469268523461724, -1.0414535885722804, 6.0271211068009, 0.0, 0.0, 3.020943756283565, 3.683700704793355
171, 1.7034907597535935, 0.470740027810896, 0.4071980634141814, -1.0414535885722804, 6.0271211068009, 0.0, 0.0, 2.9738718885160367, 3.6481158156987994
172, 1.713511293634497, 0.4603254919251732, 0.46746927448219044, -1.0414535885722804, 6.0271211068009, 0.0, 0.0, 2.9255966265383484, 3.610944098533936
173, 1.7235318275154003, 0.44991095603945047, 0.5277404855501993, -1.0414535885722804, 6.0271211068009, 0.0, 0.0, 2.8763058074875016, 3.5722765739464877
174, 1.733552361396304, 0.43949642015372764, 0.5880116966182083, -1.0414535885722804, 6.0271211068009, 0.0, 0.0, 2.826188108266756, 3.5322080206189312
175, 1.7435728952772074, 0.4290818842680048, 0.6482829076862173, -1.0414535885722804, 6.0271211068009, 0.0, 0.0, 2.775432467792978, 3.4908367445090933
176, 1.7535934291581108, 0.41866734838228203, 0.7085541187542264, -1.0414535885722804, 6.0271211068009, 0.0, 0.0, 2.724227512298817, 3.4482643391597
177, 1.7636139630390144, 0.40825281249655926, 0.768825329822235, -1.0414535885722804, 6.0271211068009, 0.0, 0.0, 2.6727609854858376, 3.4045954376558023
178, 1.7736344969199178, 0.3978382766108364, 0.829096540890244, -1.0414535885722804, 6.0271211068009, 0.0, 0.0, 2.621219185298207, 3.3599374568303877
179, 1.7836550308008214, 0.38742374072511365, 0.889367751958253, -1.0414535885722804, 6.0271211068009, 0.0, 0.0, 2.569786409054285, 3.3144003343384902
180, 1.7936755646817246, 0.3770092048393908, 0.949638963026262, -1.0414535885722804, 6.0271211068009, 0.0, 0.0, 2.5186444086357125, 3.2680962592386056
181, 1.8036960985626282, 0.36659466895366805, 1.009910174094271, -1.0414535885722804, 6.0271211068009, 0.0, 0.0, 2.467971857390449, 3.221139396737173
182, 1.8137166324435319, 0.35618013306794527, 1.0701813851622801, -1.0414535885722804, 6.0271211068009, 0.0, 0.0, 2.4179438303578205, 3.1736456077672837
183, 1.8237371663244353, 0.34576559718222244, 1.1304525962302892, -1.0414535885722804, 6.0271211068009, 0.0, 0.0, 2.3687312993702743, 3.125732164086526
184, 1.833757700205339, 0.33535106129649966, 1.1907238072982977, -1.0414535885722804, 6.0271211068009, 0.0, 0.0, 2.320500644528311, 3.077517459590986
185, 1.8437782340862423, 0.3249365254107769, 1.2509950183663068, -1.0414535885722804, 6.0271211068009, 0.0, 0.0, 2.2734131834822726, 3.0291207185528406
186, 1.8537987679671457, 0.31452198952505406, 1.3112662294343158, -1.0414535885722804, 6.0271211068009, 0.0, 0.0, 2.2276247198874906, 2.980661701497658
187, 1.8638193018480493, 0.3041074536393312, 1.3715374405023248, -1.0414535885722804, 6.0271211068009, 0.0, 0.0, 2.1832851123280483, 2.932260409444473
188, 1.8738398357289527, 0.29369291775360845, 1.4318086515703339, -1.0414535885722804, 6.0271211068009, 0.0, 0.0, 2.140537864929265, 2.8840367872368735
189, 1.8838603696098561, 0.2832783818678857, 1.492079862638343, -1.0414535885722804, 6.0271211068009, 0.0, 0.0, 2.099519740800341, 2.8361104266967363
190, 1.8938809034907598, 0.27286384598216284, 1.552351073706352, -1.0414535885722804, 6.0271211068009, 0.0, 0.0, 2.0603603993666373, 2.788600270333817
191, 1.9039014373716632, 0.26244931009644, 1.612622284774361, -1.0414535885722804, 6.0271211068009, 0.0, 0.0, 2.0231820585660523, 2.7416243163442164
192, 1.9139219712525668, 0.2520347742107173, 1.6728934958423696, -1.0414535885722804, 6.0271211068009, 0.0, 0.0, 1.9880991827963688, 2.695299325628697
193, 1.92394250513347, 0.24162023832499446, 1.7331647069103786, -1.0414535885722804, 6.0271211068009, 0.0, 0.0, 1.9552181974103626, 2.649740531558
194, 1.9339630390143736, 0.23215221493373922, 1.7888159635795982, -0.8992675497116973, 5.375803550039095, 9.506957882765603, -37.864423376572894, 2.3884277726903234, 1.9242161176182595
195, 1.9439835728952772, 0.2236348873307605, 1.8406807779111605, -0.8041979708840414, 4.9971593162733665, 9.506957882765603, -37.864423376572894, 2.472784674119877, 1.6841654644279995
196, 1.9540041067761806, 0.2160682555160584, 1.8887591499050653, -0.7091283920563856, 4.6185150825076375, 9.506957882765603, -37.864423376572894, 2.554385869221399, 1.4486078191867109
197, 1.9640246406570843, 0.20945231948963283, 1.933051079561313, -0.6140588132287295, 4.239870848741909, 9.506957882765603, -37.864423376572894, 2.633010174193526, 1.2174259663938352
198, 1.974045174537988, 0.2037870792514838, 1.9735565668799036, -0.5189892344010734, 3.8612266149761796, 9.506957882765603, -37.864423376572894, 2.7085474247671586, 0.9904769500913235
199, 1.984065708418891, 0.19907253480161136, 2.0102756118608367, -0.4239196555734175, 3.4825823812104515, 9.506957882765603, -37.864423376572894, 2.780974456640061, 0.7676009329825427
200, 1.9940862422997947, 0.19530868614001548, 2.0432082145041126, -0.3288500767457615, 3.1039381474447225, 9.506957882765603, -37.864423376572894, 2.850333071740898, 0.5486291198083526
201, 2.004106776180698, 0.19249553326669613, 2.072354374809731, -0.2337804979181055, 2.7252939136789935, 9.506957882765603, -37.864423376572894, 2.9167102128298072, 0.3333907498105755
202, 2.0141273100616015, 0.19063307618165337, 2.0977140927776925, -0.13871091909044964, 2.3466496799132646, 9.506957882765603, -37.864423376572894, 2.980220443731827, 0.1217191840473777
203, 2.0241478439425054, 0.18972131488488714, 2.1192873684079965, -0.04364134026279359, 1.9680054461475356, 9.506957882765603, -37.864423376572894, 3.0409907385717, -0.08654287243221459
204, 2.0341683778234083, 0.1897602493763975, 2.137074201700643, 0.05142823856486245, 1.5893612123818073, 9.506957882765603, -37.864423376572894, 3.0991475173653926, -0.2915389651429644
205, 2.044188911704312, 0.1907498796561844, 2.1510745926556325, 0.14649781739251844, 1.210716978616078, 9.506957882765603, -37.864423376572894, 3.1548058236030454, -0.49339524961754844
206, 2.0542094455852156, 0.19269020572424786, 2.1612885412729645, 0.24156739622017442, 0.8320727448503491, 9.506957882765603, -37.864423376572894, 3.208060518373405, -0.6922175646782227
207, 2.064229979466119, 0.19558122758058788, 2.1677160475526396, 0.3366369750478306, 0.4534285110846197, 9.506957882765603, -37.864423376572894, 3.2589793615886933, -0.8880891725851627
208, 2.074250513347023, 0.19942294522520443, 2.170357111494657, 0.4317065538754863, 0.07478427731889203, 9.506957882765603, -37.864423376572894, 3.307597860630992, -1.0810691259385647
209, 2.0842710472279258, 0.2042153586580976, 2.1692117330990173, 0.5267761327031423, -0.3038599564468367, 9.506957882765603, -37.864423376572894, 3.3539157871552345, -1.2711912300462327
210, 2.0942915811088296, 0.2099584678792673, 2.1642799123657204, 0.6218457115307983, -0.6825041902125659, 9.506957882765603, -37.864423376572894, 3.397895290985745, -1.4584635797091223
211, 2.104312114989733, 0.21665227288871358, 2.155561649294766, 0.7169152903584545, -1.0611484239782951, 9.506957882765603, -37.864423376572894, 3.4394605733718526, -1.6428686604529439
212, 2.1143326488706364, 0.22429677368643636, 2.1430569438861546, 0.8119848691861102, -1.4397926577440232, 9.506957882765603, -37.864423376572894, 3.4784991178100455, -1.8243640155981904
213, 2.1243531827515403, 0.23289197027243574, 2.1267657961398854, 0.9070544480137661, -1.8184368915097517, 9.506957882765603, -37.864423376572894, 3.5148645127599467, -2.002883491677443
214, 2.1343737166324432, 0.24196251475257352, 2.1085814272247876, 0.9070544480137673, -1.8184368915097564, 0.0, 0.0, 3.094436826271049, -1.584124157583964
215, 2.144394250513347, 0.2510330592327112, 2.0903970583096902, 0.9070544480137673, -1.8184368915097564, 0.0, 0.0, 3.0932234767249818, -1.577593558335122
216, 2.1544147843942505, 0.2601036037128489, 2.0722126893945925, 0.9070544480137673, -1.8184368915097564, 0.0, 0.0, 3.091793519441439, -1.5710109795645022
217, 2.164435318275154, 0.2691741481929865, 2.054028320479495, 0.9070544480137673, -1.8184368915097564, 0.0, 0.0, 3.0901470673509395, -1.5643770042295366
218, 2.1744558521560573, 0.2782446926731242, 2.035843951564398, 0.9070544480137673, -1.8184368915097564, 0.0, 0.0, 3.088284251140397, -1.5576922183753499
219, 2.184476386036961, 0.2873152371532619, 2.0176595826493, 0.9070544480137673, -1.8184368915097564, 0.0, 0.0, 3.086205219242691, -1.5509572110745047
220, 2.1944969199178646, 0.29638578163339957, 1.9994752137342025, 0.9070544480137673, -1.8184368915097564, 0.0, 0.0, 3.083910137824764, -1.5441725743668873
221, 2.204517453798768, 0.30545632611353724, 1.981290844819105, 0.9070544480137673, -1.8184368915097564, 0.0, 0.0, 3.0813991907742873, -1.5373389031997435
222, 2.2145379876796714, 0.3145268705936749, 1.9631064759040073, 0.9070544480137673, -1.8184368915097564, 0.0, 0.0, 3.078672579684861, -1.5304567953678785
223, 2.2245585215605748, 0.32359741507381257, 1.9449221069889098, 0.9070544480137673, -1.8184368915097564, 0.0, 0.0, 3.075730523839777, -1.523526851454022
224, 2.2345790554414786, 0.33266795955395023, 1.9267377380738122, 0.9070544480137673, -1.8184368915097564, 0.0, 0.0, 3.0725732601943236, -1.516549674769372
225, 2.244599589322382, 0.3417385040340879, 1.9085533691587147, 0.9070544480137673, -1.8184368915097564, 0.0, 0.0, 3.0692010433566486, -1.5095258712943243
226, 2.2546201232032854, 0.35080904851422556, 1.890369000243617, 0.9070544480137673, -1.8184368915097564, 0.0, 0.0, 3.065614145567179, -1.5024560496193908
227, 2.264640657084189, 0.35987959299436323, 1.8721846313285195, 0.9070544480137673, -1.8184368915097564, 0.0, 0.0, 3.0618128566765903, -1.4953408208863255
228, 2.2746611909650922, 0.3689501374745009, 1.854000262413422, 0.9070544480137673, -1.8184368915097564, 0.0, 0.0, 3.057797484122349, -1.4881807987294517
229, 2.284681724845996, 0.37802068195463856, 1.8358158934983244, 0.9070544480137673, -1.8184368915097564, 0.0, 0.0, 3.0535683529037945, -1.4809765992172097
230, 2.2947022587268995, 0.3870912264347762, 1.8176315245832269, 0.9070544480137673, -1.8184368915097564, 0.0, 0.0, 3.0491258055557995, -1.4737288407939269
231, 2.304722792607803, 0.3961617709149139, 1.7994471556681293, 0.9070544480137673, -1.8184368915097564, 0.0, 0.0, 3.044470202120994, -1.4664381442218164
232, 2.3147433264887063, 0.40523231539505156, 1.7812627867530317, 0.9070544480137673, -1.8184368915097564, 0.0, 0.0, 3.0396019201205444, -1.4591051325232154
233, 2.3247638603696097, 0.4143028598751892, 1.7630784178379342, 0.9070544480137673, -1.8184368915097564, 0.0, 0.0, 3.034521354523518, -1.4517304309230659
234, 2.3347843942505135, 0.4233734043553269, 1.7448940489228368, 0.9070544480137673, -1.8184368915097564, 0.0, 0.0, 3.0292289177148044, -1.444314666791648
235, 2.3448049281314165, 0.43244394883546455, 1.726709680007739, 0.9070544480137673, -1.8184368915097564, 0.0, 0.0, 3.023725039461623, -1.4368584695875688
236, 2.3548254620123203, 0.4415144933156022, 1.7085253110926415, 0.9070544480137673, -1.8184368915097564, 0.0, 0.0, 3.0180101668786, -1.4293624708010175
237, 2.3648459958932238, 0.4505850377957399, 1.690340942177544, 0.9070544480137673, -1.8184368915097564, 0.0, 0.0, 3.012084764391428, -1.4218273038972882
238, 2.374866529774127, 0.45965558227587755, 1.6721565732624466, 0.9070544480137673, -1.8184368915097564, 0.0, 0.0, 3.005949313699109, -1.4142536042605793
239, 2.384887063655031, 0.4687261267560152, 1.6539722043473488, 0.9070544480137673, -1.8184368915097564, 0.0, 0.0, 2.9996043137347845, -1.4066420091380754
240, 2.3949075975359344, 0.4777966712361529, 1.6357878354322513, 0.9070544480137673, -1.8184368915097564, 0.0, 0.0, 2.99305028062515, -1.3989931575843177
241, 2.404928131416838, 0.48686721571629055, 1.6176034665171537, 0.9070544480137673, -1.8184368915097564, 0.0, 0.0, 2.9862877476484675, -1.3913076904058643
242, 2.414948665297741, 0.4959377601964282, 1.5994190976020564, 0.9070544480137673, -1.8184368915097564, 0.0, 0.0, 2.9793172651911686, -1.3835862501062517
243, 2.4249691991786446, 0.5050083046765659, 1.5812347286869586, 0.9070544480137673, -1.8184368915097564, 0.0, 0.0, 2.9721394007030684, -1.3758294808312583
244, 2.4349897330595485, 0.5140788491567035, 1.5630503597718612, 0.9070544480137673, -1.8184368915097564, 0.0, 0.0, 2.9647547386511626, -1.3680380283144793
245, 2.445010266940452, 0.5231493936368412, 1.5448659908567635, 0.9070544480137673, -1.8184368915097564, 0.0, 0.0, 2.9571638804720495, -1.3602125398232092
246, 2.4550308008213553, 0.5322199381169789, 1.5266816219416661, 0.9070544480137673, -1.8184368915097564, 0.0, 0.0, 2.949367444522957, -1.3523536641046503
247, 2.4650513347022587, 0.5412904825971165, 1.5084972530265683, 0.9070544480137673, -1.8184368915097564, 0.0, 0.0, 2.941366066031381, -1.3444620513324352
248, 2.475071868583162, 0.5503610270772543, 1.490312884111471, 0.9070544480137673, -1.8184368915097564, 0.0, 0.0, 2.9331603970433475, -1.3365383530534842
249, 2.4850924024640655, 0.5594315715573919, 1.4721285151963732, 0.9070544480137673, -1.8184368915097564, 0.0, 0.0, 2.924751106370292, -1.3285832221351859
250, 2.4951129363449693, 0.5685021160375295, 1.4539441462812759, 0.9070544480137673, -1.8184368915097564, 0.0, 0.0, 2.9161388795345706, -1.3205973127129216
251, 2.5051334702258727, 0.5775726605176673, 1.435759777366178, 0.9070544480137673, -1.8184368915097564, 0.0, 0.0, 2.9073244187136087, -1.3125812801379184
252, 2.515154004106776, 0.5866432049978049, 1.4175754084510808, 0.9070544480137673, -1.8184368915097564, 0.0, 0.0, 2.8983084426826684, -1.3045357809254527
253, 2.52517453798768, 0.5957137494779425, 1.3993910395359832, 0.9070544480137673, -1.8184368915097564, 0.0, 0.0, 2.8890916867562755, -1.2964614727033967
254, 2.535195071868583, 0.6047842939580803, 1.3812066706208856, 0.9070544480137673, -1.8184368915097564, 0.0, 0.0, 2.879674902728282, -1.2883590141611112
255, 2.545215605749487, 0.613854838438218, 1.3630223017057879, 0.9070544480137673, -1.8184368915097564, 0.0, 0.0, 2.870058858810582, -1.2802290649986954
256, 2.55523613963039, 0.6229253829183556, 1.3448379327906905, 0.9070544480137673, -1.8184368915097564, 0.0, 0.0, 2.8602443395704826, -1.2720722858765883
257, 2.5652566735112936, 0.6319959273984933, 1.3266535638755927, 0.9070544480137673, -1.8184368915097564, 0.0, 0.0, 2.8502321458667375, -1.2638893383655279
258, 2.575277207392197, 0.641066471878631, 1.3084691949604952, 0.9070544480137673, -1.8184368915097564, 0.0, 0.0, 2.8400230947842457, -1.2556808848968728
259, 2.585297741273101, 0.6501370163587687, 1.2902848260453976, 0.9070544480137673, -1.8184368915097564, 0.0, 0.0, 2.8296180195674143, -1.2474475887132848
260, 2.595318275154004, 0.6592075608389063, 1.2721004571303003, 0.9070544480137673, -1.8184368915097564, 0.0, 0.0, 2.8190177695522136, -1.239190113819776
261, 2.6053388090349077, 0.668278105319044, 1.2539160882152027, 0.9070544480137673, -1.8184368915097564, 0.0, 0.0, 2.808223210096897, -1.2309091249351247
262, 2.615359342915811, 0.6773486497991816, 1.2357317193001052, 0.9070544480137673, -1.8184368915097564, 0.0, 0.0, 2.797235222511423, -1.2226052874436584
263, 2.6253798767967145, 0.6864191942793193, 1.2175473503850076, 0.9070544480137673, -1.8184368915097564, 0.0, 0.0, 2.786054703985562, -1.2142792673474065
264, 2.6354004106776183, 0.695489738759457, 1.19936298146991, 0.9070544480137673, -1.8184368915097564, 0.0, 0.0, 2.774682567515703, -1.2059317312186293
265, 2.6454209445585213, 0.7045602832395946, 1.1811786125548125, 0.9070544480137673, -1.8184368915097564, 0.0, 0.0, 2.763119741830373, -1.1975633461527146
266, 2.6554414784394247, 0.7136308277197324, 1.162994243639715, 0.9070544480137673, -1.8184368915097564, 0.0, 0.0, 2.751367171314455, -1.189174779721453
267, 2.6654620123203285, 0.72270137219987, 1.1448098747246174, 0.9070544480137673, -1.8184368915097564, 0.0, 0.0, 2.7394258159321403, -1.1807666999266848
268, 2.675482546201232, 0.7317719166800076, 1.1266255058095198, 0.9070544480137673, -1.8184368915097564, 0.0, 0.0, 2.7272966511485865, -1.17233977515433
269, 2.685503080082136, 0.7408424611601453, 1.1084411368944223, 0.9070544480137673, -1.8184368915097564, 0.0, 0.0, 2.7149806678503214, -1.1638946741287872
270, 2.695523613963039, 0.749913005640283, 1.0902567679793247, 0.9070544480137673, -1.8184368915097564, 0.0, 0.0, 2.702478872264372, -1.155432065867716
271, 2.705544147843942, 0.7589835501204206, 1.0720723990642271, 0.9070544480137673, -1.8184368915097564, 0.0, 0.0, 2.6897922858761465, -1.1469526196371933
272, 2.715564681724846, 0.7680540946005584, 1.0538880301491296, 0.9070544480137673, -1.8184368915097564, 0.0, 0.0, 2.676921945346055, -1.138457004907252
273, 2.7255852156057494, 0.7771246390806961, 1.035703661234032, 0.9070544480137673, -1.8184368915097564, 0.0, 0.0, 2.6638689024248983, -1.129945891307793
274, 2.7356057494866532, 0.7861951835608336, 1.0175192923189347, 0.9070544480137673, -1.8184368915097564, 0.0, 0.0, 2.6506342238680154, -1.1214199485848788
275, 2.7456262833675567, 0.7952657280409713, 0.9993349234038371, 0.9070544480137673, -1.8184368915097564, 0.0, 0.0, 2.637218991348193, -1.112879846557403
276, 2.7556468172484596, 0.804336272521109, 0.9811505544887393, 0.9070544480137673, -1.8184368915097564, 0.0, 0.0, 2.6236243013673732, -1.1043262550741368
277, 2.7656673511293635, 0.8134068170012466, 0.9629661855736418, 0.9070544480137673, -1.8184368915097564, 0.0, 0.0, 2.6098512651671237, -1.0957598439711538
278, 2.775687885010267, 0.8224773614813844, 0.9447818166585442, 0.9070544480137673, -1.8184368915097564, 0.0, 0.0, 2.5959010086379175, -1.0871812830296281
279, 2.7857084188911707, 0.8315479059615221, 0.9265974477434467, 0.9070544480137673, -1.8184368915097564, 0.0, 0.0, 2.581774672227198, -1.0785912419340082
280, 2.795728952772074, 0.8406184504416597, 0.9084130788283491, 0.9070544480137673, -1.8184368915097564, 0.0, 0.0, 2.5674734108462616, -1.0699903902305663
281, 2.805749486652977, 0.8496889949217974, 0.8902287099132515, 0.9070544480137673, -1.8184368915097564, 0.0, 0.0, 2.5529983937759515, -1.0613793972863166
282, 2.815770020533881, 0.8587595394019351, 0.872044340998154, 0.9070544480137673, -1.8184368915097564, 0.0, 0.0, 2.53835080457117, -1.0527589322483086
283, 2.8257905544147843, 0.8678300838820726, 0.8538599720830566, 0.9070544480137673, -1.8184368915097564, 0.0, 0.0, 2.5235318409642256, -1.0441296640032869
284, 2.835811088295688, 0.8769006283622103, 0.8356756031679591, 0.9070544480137673, -1.8184368915097564, 0.0, 0.0, 2.5085427147670156, -1.0354922611377195
285, 2.8458316221765916, 0.885971172842348, 0.8174912342528613, 0.9070544480137673, -1.8184368915097564, 0.0, 0.0, 2.4933846517720566, -1.026847391898194
286, 2.8558521560574945, 0.8950417173224857, 0.7993068653377637, 0.9070544480137673, -1.8184368915097564, 0.0, 0.0, 2.4780588916523643, -1.0181957241521749
287, 2.8658726899383984, 0.9041122618026234, 0.7811224964226662, 0.9070544480137673, -1.8184368915097564, 0.0, 0.0, 2.4625666878602, -1.0095379253491252
288, 2.875893223819302, 0.913182806282761, 0.7629381275075686, 0.9070544480137673, -1.8184368915097564, 0.0, 0.0, 2.446909307524684, -1.0008746624819864
289, 2.885913757700205, 0.9222533507628987, 0.7447537585924711, 0.9070544480137673, -1.8184368915097564, 0.0, 0.0, 2.4310880313482905, -0.9922066020490163
290, 2.895934291581109, 0.9313238952430363, 0.7265693896773737, 0.9070544480137673, -1.8184368915097564, 0.0, 0.0, 2.4151041535022233, -0.9835344100159817
291, 2.905954825462012, 0.940394439723174, 0.7083850207622762, 0.9070544480137673, -1.8184368915097564, 0.0, 0.0, 2.3989589815206966, -0.9748587517787013
292, 2.9159753593429154, 0.9494649842033117, 0.6902006518471786, 0.9070544480137673, -1.8184368915097564, 0.0, 0.0, 2.382653836194113, -0.9661802921259417
293, 2.9259958932238193, 0.9585355286834494, 0.672016282932081, 0.9070544480137673, -1.8184368915097564, 0.0, 0.0, 2.3661900514611514, -0.9574996952026553
294, 2.9360164271047227, 0.967606073163587, 0.6538319140169835, 0.9070544480137673, -1.8184368915097564, 0.0, 0.0, 2.3495689742997854, -0.9488176244735653
295, 2.9460369609856265, 0.9766766176437247, 0.6356475451018857, 0.9070544480137673, -1.8184368915097564, 0.0, 0.0, 2.332791964617224, -0.9401347426870883
296, 2.95605749486653, 0.9857471621238624, 0.6174631761867881, 0.9070544480137673, -1.8184368915097564, 0.0, 0.0, 2.315860395138798, -0.9314517118395949
297, 2.966078028747433, 0.994817706604, 0.5992788072716906, 0.9070544480137673, -1.8184368915097564, 0.0, 0.0, 2.298775651295785, -0.9227691931400033
298, 2.9760985626283367, 1.0038882510841378, 0.581094438356593, 0.9070544480137673, -1.8184368915097564, 0.0, 0.0, 2.2815391311122033, -0.9140878469747029
299, 2.98611909650924, 1.0129587955642754, 0.5629100694414957, 0.9070544480137673, -1.8184368915097564, 0.0, 0.0, 2.26415224509057, -0.9054083328728044
300, 2.996139630390144, 1.022029340044413, 0.5447257005263981, 0.9070544480137673, -1.8184368915097564, 0.0, 0.0, 2.246616416096621, -0.8967313094717116
301, 3.0061601642710474, 1.0310998845245507, 0.5265413316113006, 0.9070544480137673, -1.8184368915097564, 0.0, 0.0, 2.2289330792430366, -0.8880574344830131
302, 3.0161806981519503, 1.0401704290046883, 0.508356962696203, 0.9070544480137673, -1.8184368915097564, 0.0, 0.0, 2.211103681772154, -0.8793873646586868
303, 3.026201232032854, 1.049240973484826, 0.49017259378110545, 0.9070544480137673, -1.8184368915097564, 0.0, 0.0, 2.193129682937671, -0.8707217557576178
304, 3.0362217659137576, 1.0583115179649638, 0.4719882248660079, 0.9070544480137673, -1.8184368915097564, 0.0, 0.0, 2.1750125538853893, -0.8620612625124182
305, 3.0462422997946614, 1.0673820624451014, 0.4538038559509101, 0.9070544480137673, -1.8184368915097564, 0.0, 0.0, 2.156753777532958, -0.8534065385965536
306, 3.056262833675565, 1.0764526069252391, 0.43561948703581255, 0.9070544480137673, -1.8184368915097564, 0.0, 0.0, 2.1383548484486603, -0.8447582365917654
307, 3.066283367556468, 1.0855231514053767, 0.417435118120715, 0.9070544480137673, -1.8184368915097564, 0.0, 0.0, 2.1198172727292497, -0.8361170079557844
308, 3.0763039014373716, 1.0945936958855145, 0.39925074920561743, 0.9070544480137673, -1.8184368915097564, 0.0, 0.0, 2.101142567876821, -0.8274835029903371
309, 3.086324435318275, 1.103664240365652, 0.38106638029051987, 0.9070544480137673, -1.8184368915097564, 0.0, 0.0, 2.082332262674766, -0.8188583708094322
310, 3.096344969199179, 1.1127347848457898, 0.3628820113754223, 0.9070544480137673, -1.8184368915097564, 0.0, 0.0, 2.063387897062786, -0.8102422593079285
311, 3.1063655030800823, 1.1218053293259276, 0.34469764246032475, 0.9070544480137673, -1.8184368915097564, 0.0, 0.0, 2.0443110220109966, -0.8016358151303768
312, 3.1163860369609853, 1.1308758738060651, 0.3265132735452272, 0.9070544480137673, -1.8184368915097564, 0.0, 0.0, 2.0251031993931234, -0.7930396836401301
313, 3.126406570841889, 1.139946418286203, 0.3083289046301294, 0.9070544480137673, -1.8184368915097564, 0.0, 0.0, 2.0057660018587984, -0.7844545088887218
314, 3.1364271047227925, 1.1490169627663405, 0.29014453571503207, 0.9070544480137673, -1.8184368915097564, 0.0, 0.0, 1.986301012704978, -0.7758809335854984
315, 3.1464476386036964, 1.1580875072464782, 0.2719601667999343, 0.9070544480137673, -1.8184368915097564, 0.0, 0.0, 1.9667098257464768, -0.7673195990675107
316, 3.1564681724845998, 1.1671580517266158, 0.25377579788483695, 0.9070544480137673, -1.8184368915097564, 0.0, 0.0, 1.9469940451856487, -0.7587711452696522
317, 3.166488706365503, 1.1762285962067536, 0.23559142896973917, 0.9070544480137673, -1.8184368915097564, 0.0, 0.0, 1.9271552854811993, -0.7502362106950415
318, 3.1765092402464066, 1.1852991406868911, 0.21740706005464183, 0.9070544480137673, -1.8184368915097564, 0.0, 0.0, 1.9071951712161666, -0.741715432385645
319, 3.18652977412731, 1.1943696851670287, 0.1992226911395445, 0.9070544480137673, -1.8184368915097564, 0.0, 0.0, 1.8871153369650635, -0.7332094458931295
320, 3.1965503080082134, 1.2034402296471662, 0.1810383222244467, 0.9070544480137673, -1.8184368915097564, 0.0, 0.0, 1.866917427160199, -0.7247188852499459
321, 3.2065708418891172, 1.212510774127304, 0.16285395330934938, 0.9070544480137673, -1.8184368915097564, 0.0, 0.0, 1.8466030959571895, -0.7162443829406341
322, 3.2165913757700206, 1.2215813186074418, 0.1446695843942516, 0.9070544480137673, -1.8184368915097564, 0.0, 0.0, 1.826174007099671, -0.7077865698733422
323, 3.2266119096509236, 1.2306518630875793, 0.12648521547915426, 0.9070544480137673, -1.8184368915097564, 0.0, 0.0, 1.805631833783219, -0.6993460753515618
324, 3.2366324435318274, 1.2397224075677171, 0.10830084656405647, 0.9070544480137673, -1.8184368915097564, 0.0, 0.0, 1.7849782585184906, -0.6909235270460637
325, 3.246652977412731, 1.2487929520478547, 0.09011647764895914, 0.9070544480137673, -1.8184368915097564, 0.0, 0.0, 1.7642149729936067, -0.6825195509670374
326, 3.2566735112936347, 1.2578634965279925, 0.07193210873386136, 0.9070544480137673, -1.8184368915097564, 0.0, 0.0, 1.743343677935767, -0.6741347714364214
327, 3.266694045174538, 1.26693404100813, 0.05374773981876402, 0.9070544480137673, -1.8184368915097564, 0.0, 0.0, 1.7223660829721308, -0.6657698110604252
328, 3.276714579055441, 1.2760045854882678, 0.035563370903666236, 0.9070544480137673, -1.8184368915097564, 0.0, 0.0, 1.7012839064899588, -0.6574252907022307
329, 3.286735112936345, 1.2850751299684056, 0.0173790019885689, 0.9070544480137673, -1.8184368915097564, 0.0, 0.0, 1.6800988754960362, -0.6491018294548734
330, 3.2967556468172483, 1.2941456744485431, -0.0008053669265288832, 0.9070544480137673, -1.8184368915097564, 0.0, 0.0, 1.6588127254753855, -0.640800044614291
331, 3.306776180698152, 1.303216218928681, -0.018989735841626665, 0.9070544480137673, -1.8184368915097564, 0.0, 0.0, 1.637427200249274, -0.6325205516525423
332, 3.3167967145790556, 1.3122867634088184, -0.037174104756724, 0.9070544480137673, -1.8184368915097564, 0.0, 0.0, 1.6159440518325479, -0.6242639641911794
333, 3.3268172484599585, 1.3216016021979997, -0.054831628592415194, 0.9309150888913985, -1.66295215516352, -0.11375800534329461, 20.56004568111956, 2.2289693205056227, -0.3164114862912274
334, 3.3368377823408624, 1.3309050651866463, -0.07043314785999438, 0.9297775088379658, -1.4573516983523245, -0.11375800534329461, 20.56004568111956, 2.202462747706872, -0.20799275185975052
335, 3.3468583162217658, 1.340197152374759, -0.0839786625594616, 0.9286399287845329, -1.2517512415411292, -0.11375800534329461, 20.56004568111956, 2.173995174647825, -0.10145356222876833
336, 3.3568788501026696, 1.349477863762337, -0.09546817269081692, 0.9275023487310998, -1.0461507847299332, -0.11375800534329461, 20.56004568111956, 2.1437002236000855, 0.0032133245403342947
337, 3.366899383983573, 1.358747199349381, -0.10490167825406033, 0.9263647686776669, -0.8405503279187376, -0.11375800534329461, 20.56004568111956, 2.1116819041603785, 0.10601150200970799
338, 3.376919917864476, 1.3680051591358904, -0.1122791792491917, 0.925227188624234, -0.6349498711075422, -0.11375800534329461, 20.56004568111956, 2.078014580019076, 0.20694079873318655
339, 3.38694045174538, 1.3772517431218656, -0.11760067567621113, 0.924089608570801, -0.429349414296347, -0.11375800534329461, 20.56004568111956, 2.0427430653511607, 0.3059972787929478
340, 3.3969609856262832, 1.3864869513073064, -0.12086616753511864, 0.922952028517368, -0.22374895748515133, -0.11375800534329461, 20.56004568111956, 2.0058828262461947, 0.4031733595269959
341, 3.406981519507187, 1.395710783692213, -0.12207565482591416, 0.9218144484639351, -0.01814850067395568, -0.11375800534329461, 20.56004568111956, 1.9674202700345098, 0.4984580470138764
342, 3.4170020533880905, 1.404923240276585, -0.12122913754859774, 0.9206768684105022, 0.18745195613723975, -0.11375800534329461, 20.56004568111956, 1.9273131127440473, 0.5918372903940317
343, 3.427022587268994, 1.4141243210604229, -0.11832661570316938, 0.9195392883570692, 0.3930524129484352, -0.11375800534329461, 20.56004568111956, 1.885490822210445, 0.6832944565579085
344, 3.4370431211498973, 1.4233140260437265, -0.11336808928962903, 0.9184017083036362, 0.598652869759631, -0.11375800534329461, 20.56004568111956, 1.8418551415442872, 0.7728109270878469
345, 3.4470636550308007, 1.4324923552264957, -0.10635355830797674, 0.9172641282502034, 0.8042533265708266, -0.11375800534329461, 20.56004568111956, 1.7962807047189813, 0.860366819571724
346, 3.457084188911704, 1.4416593086087306, -0.09728302275821246, 0.9161265481967704, 1.0098537833820225, -0.11375800534329461, 20.56004568111956, 1.7486157629645254, 0.9459418354784848
347, 3.467104722792608, 1.450814886190431, -0.08615648264033635, 0.9149889681433375, 1.2154542401932176, -0.11375800534329461, 20.56004568111956, 1.6986830474151835, 1.029516236665442
348, 3.4771252566735114, 1.4599590879715973, -0.0729739379543482, 0.9138513880899046, 1.421054697004413, -0.11375800534329461, 20.56004568111956, 1.646280800032121, 1.1110719522403631
349, 3.4871457905544148, 1.4690919139522292, -0.05773538870024805, 0.9127138080364716, 1.6266551538156089, -0.11375800534329461, 20.56004568111956, 1.5911840111613782, 1.190593816893085
350, 3.497166324435318, 1.4782133641323267, -0.04044083487803596, 0.9115762279830387, 1.8322556106268044, -0.11375800534329461, 20.56004568111956, 1.5331459081318108, 1.2680709409068358
351, 3.5071868583162216, 1.4873234385118899, -0.021090276487712056, 0.9104386479296055, 2.0378560674379993, -0.11375800534329461, 20.56004568111956, 1.4718997449647575, 1.3434982108239402
352, 3.5172073921971254, 1.4964221370909188, 0.00031628647072395877, 0.9093010678761728, 2.243456524249195, -0.11375800534329461, 20.56004568111956, 1.4071609484503118, 1.4168779181404865
353, 3.527227926078029, 1.5055151477696807, 0.02275085171321617, 0.9093010678761727, 2.2434565242491975, 0.0, 0.0, 0.7159268921722499, 1.1637716073470075
354, 3.537248459958932, 1.5146081584484423, 0.04518541695570813, 0.9093010678761727, 2.2434565242491975, 0.0, 0.0, 0.6498242980172251, 1.1332576984375844
355, 3.5472689938398356, 1.523701169127204, 0.06761998219820012, 0.9093010678761727, 2.2434565242491975, 0.0, 0.0, 0.5836992039463911, 1.1027326968256852
356, 3.557289527720739, 1.5327941798059657, 0.09005454744069205, 0.9093010678761727, 2.2434565242491975, 0.0, 0.0, 0.5175869470067531, 1.0722271232059102
357, 3.567310061601643, 1.5418871904847276, 0.11248911268318398, 0.9093010678761727, 2.2434565242491975, 0.0, 0.0, 0.4515228423613056, 1.0417714786873693
358, 3.5773305954825463, 1.5509802011634892, 0.13492367792567597, 0.9093010678761727, 2.2434565242491975, 0.0, 0.0, 0.38554215154329696, 1.0113962143871356
359, 3.5873511293634492, 1.560073211842251, 0.15735824316816796, 0.9093010678761727, 2.2434565242491975, 0.0, 0.0, 0.3196800507625638, 0.9811317010735721
360, 3.597371663244353, 1.5691662225210128, 0.1797928084106599, 0.9093010678761727, 2.2434565242491975, 0.0, 0.0, 0.25397159929475044, 0.9510081988897469
361, 3.6073921971252565, 1.5782592331997745, 0.20222737365315183, 0.9093010678761727, 2.2434565242491975, 0.0, 0.0, 0.18845170798412741, 0.921055827187078
362, 3.6174127310061603, 1.5873522438785361, 0.22466193889564381, 0.9093010678761727, 2.2434565242491975, 0.0, 0.0, 0.12315510789060885, 0.8913045344992316
363, 3.6274332648870637, 1.5964452545572978, 0.24709650413813586, 0.9093010678761727, 2.2434565242491975, 0.0, 0.0, 0.05811631911144982, 0.8617840686861655
364, 3.6374537987679676, 1.6055382652360595, 0.26953106938062776, 0.9093010678761727, 2.2434565242491975, 0.0, 0.0, -0.006630380192088947, 0.8325239472780375
365, 3.6474743326488706, 1.6146312759148214, 0.29196563462311975, 0.9093010678761727, 2.2434565242491975, 0.0, 0.0, -0.07105098453301922, 0.8035534280484936
366, 3.657494866529774, 1.623724286593583, 0.31440019986561174, 0.9093010678761727, 2.2434565242491975, 0.0, 0.0, -0.13511179157196945, 0.7749014798466385
367, 3.667515400410678, 1.6328172972723447, 0.33683476510810373, 0.9093010678761727, 2.2434565242491975, 0.0, 0.0, -0.19877943229601563, 0.7465967537167106
368, 3.677535934291581, 1.6419103079511064, 0.3592693303505956, 0.9093010678761727, 2.2434565242491975, 0.0, 0.0, -0.26202090087365987, 0.7186675543342214
369, 3.6875564681724846, 1.651003318629868, 0.3817038955930876, 0.9093010678761727, 2.2434565242491975, 0.0, 0.0, -0.3248035841569841, 0.691141811786985
370, 3.697577002053388, 1.66009632930863, 0.4041384608355796, 0.9093010678761727, 2.2434565242491975, 0.0, 0.0, -0.38709529080232113, 0.6640470537291348
371, 3.7075975359342914, 1.6691893399873916, 0.42657302607807157, 0.9093010678761727, 2.2434565242491975, 0.0, 0.0, -0.44886427998116823, 0.637410377935841
372, 3.7176180698151953, 1.6782823506661533, 0.44900759132056345, 0.9093010678761727, 2.2434565242491975, 0.0, 0.0, -0.510079289653494, 0.6112584252860546
373, 3.7276386036960987, 1.6873753613449152, 0.47144215656305544, 0.9093010678761727, 2.2434565242491975, 0.0, 0.0, -0.5707095643759743, 0.585617353200169
374, 3.737659137577002, 1.6964683720236768, 0.4938767218055474, 0.9093010678761727, 2.2434565242491975, 0.0, 0.0, -0.630724882618189, 0.560512809559049
375, 3.7476796714579055, 1.7055613827024385, 0.5163112870480394, 0.9093010678761727, 2.2434565242491975, 0.0, 0.0, -0.6900955835602969, 0.5359699071303791
376, 3.757700205338809, 1.7146543933812002, 0.5387458522905313, 0.9093010678761727, 2.2434565242491975, 0.0, 0.0, -0.748792593346175, 0.5120131985278034
377, 3.7677207392197123, 1.7237474040599619, 0.5611804175330233, 0.9093010678761727, 2.2434565242491975, 0.0, 0.0, -0.8067874507665929, 0.48866665172777624
378, 3.777741273100616, 1.7328404147387237, 0.5836149827755153, 0.9093010678761727, 2.2434565242491975, 0.0, 0.0, -0.8640523323475291, 0.4659536261685031
379, 3.7877618069815195, 1.7419334254174854, 0.6060495480180073, 0.9093010678761727, 2.2434565242491975, 0.0, 0.0, -0.9205600768193125, 0.4438968494547664
380, 3.7977823408624225, 1.751026436096247, 0.6284841132604991, 0.9093010678761727, 2.2434565242491975, 0.0, 0.0, -0.9762842089429211, 0.42251839469182484
381, 3.8078028747433263, 1.7601194467750088, 0.6509186785029911, 0.9093010678761727, 2.2434565242491975, 0.0, 0.0, -1.0311989626703437, 0.40183965847095826
382, 3.8178234086242298, 1.7692124574537704, 0.6733532437454831, 0.9093010678761727, 2.2434565242491975, 0.0, 0.0, -1.0852793036166217, 0.38188133952857506
383, 3.8278439425051336, 1.7783054681325323, 0.695787808987975, 0.9093010678761727, 2.2434565242491975, 0.0, 0.0, -1.1385009508218333, 0.3626634181001267
384, 3.837864476386037, 1.787398478811294, 0.718222374230467, 0.9093010678761727, 2.2434565242491975, 0.0, 0.0, -1.190840397781982, 0.34420513598939306
385, 3.84788501026694, 1.7964914894900557, 0.740656939472959, 0.9093010678761727, 2.2434565242491975, 0.0, 0.0, -1.2422749327284996, 0.32652497737297714
386, 3.857905544147844, 1.8055845001688176, 0.763091504715451, 0.9093010678761727, 2.2434565242491975, 0.0, 0.0, -1.2927826581367663, 0.3096406503591307
387, 3.867926078028747, 1.8146775108475792, 0.785526069957943, 0.9093010678761727, 2.2434565242491975, 0.0, 0.0, -1.3423425094448442, 0.29356906931926885
388, 3.877946611909651, 1.823770521526341, 0.8079606352004348, 0.9093010678761727, 2.2434565242491975, 0.0, 0.0, -1.3909342729644025, 0.2783263380097709
389, 3.8879671457905545, 1.8328635322051026, 0.8303952004429268, 0.9093010678761727, 2.2434565242491975, 0.0, 0.0, -1.4385386029665699, 0.2639277335008765
390, 3.8979876796714583, 1.8419565428838642, 0.8528297656854188, 0.9093010678761727, 2.2434565242491975, 0.0, 0.0, -1.485137037926294, 0.25038769092868507
391, 3.9080082135523613, 1.8510495535626261, 0.8752643309279108, 0.9093010678761727, 2.2434565242491975, 0.0, 0.0, -1.5307120159096164, 0.23771978908544045
392, 3.9180287474332647, 1.8601425642413878, 0.8976988961704028, 0.9093010678761727, 2.2434565242491975, 0.0, 0.0, -1.5752468890890794, 0.22593673686246196
393, 3.9280492813141685, 1.8692355749201495, 0.9201334614128948, 0.9093010678761727, 2.2434565242491975, 0.0, 0.0, -1.6187259373733986, 0.21505036055921845
394, 3.938069815195072, 1.8783285855989114, 0.9425680266553867, 0.9093010678761727, 2.2434565242491975, 0.0, 0.0, -1.661134381138335, 0.20507159207119585
395, 3.948090349075976, 1.887421596277673, 0.9650025918978787, 0.9093010678761727, 2.2434565242491975, 0.0, 0.0, -1.7024583930466448, 0.19601045796832395
396, 3.9581108829568787, 1.8965146069564347, 0.9874371571403707, 0.9093010678761727, 2.2434565242491975, 0.0, 0.0, -1.7426851089458542, 0.1878760694748467
397, 3.968131416837782, 1.9056076176351966, 1.0098717223828626, 0.9093010678761727, 2.2434565242491975, 0.0, 0.0, -1.7818026378335088, 0.1806766133606219
398, 3.978151950718686, 1.914700628313958, 1.0323062876253546, 0.9093010678761727, 2.2434565242491975, 0.0, 0.0, -1.8198000708804696, 0.17441934375293222
399, 3.9881724845995894, 1.92379363899272, 1.0547408528678464, 0.9093010678761727, 2.2434565242491975, 0.0, 0.0, -1.8566674895037838, 0.1691105748769678
400, 3.998193018480493, 1.9328866496714814, 1.0771754181103383, 0.9093010678761727, 2.2434565242491975, 0.0, 0.0, -1.892395972481512, 0.16475567473222608
401, 4.008213552361396, 1.9419796603502433, 1.0996099833528303, 0.9093010678761727, 2.2434565242491975, 0.0, 0.0, -1.9269776021029579, 0.16135905971113185
402, 4.0182340862423, 1.9510726710290052, 1.1220445485953223, 0.9093010678761727, 2.2434565242491975, 0.0, 0.0, -1.960405469348559, 0.15892419016525527
403, 4.028254620123203, 1.9601656817077666, 1.1444791138378143, 0.9093010678761727, 2.2434565242491975, 0.0, 0.0, -1.9926736780947636, 0.15745356692355195
404, 4.038275154004107, 1.9692586923865285, 1.1669136790803063, 0.9093010678761727, 2.2434565242491975, 0.0, 0.0, -2.0237773483401242, 0.1569487287661101
405, 4.048295687885011, 1.9783517030652902, 1.1893482443227983, 0.9093010678761727, 2.2434565242491975, 0.0, 0.0, -2.053712618449776, 0.15741025085593474
406, 4.058316221765914, 1.9874447137440518, 1.21178280956529, 0.9093010678761727, 2.2434565242491975, 0.0, 0.0, -2.0824766464165116, 0.15883774413034835
407, 4.068336755646817, 1.9965377244228137, 1.234217374807782, 0.9093010678761727, 2.2434565242491975, 0.0, 0.0, -2.110067610137553, 0.1612298556526296
408, 4.0783572895277205, 2.005630735101575, 1.256651940050274, 0.9093010678761727, 2.2434565242491975, 0.0, 0.0, -2.136484706707114, 0.16458426992356023
409, 4.088377823408624, 2.014723745780337, 1.279086505292766, 0.9093010678761727, 2.2434565242491975, 0.0, 0.0, -2.1617281507258563, 0.16889771115159158
410, 4.098398357289528, 2.023816756459099, 1.301521070535258, 0.9093010678761727, 2.2434565242491975, 0.0, 0.0, -2.185799171629215, 0.17416594647939065
411, 4.108418891170431, 2.0329097671378604, 1.32395563577775, 0.9093010678761727, 2.2434565242491975, 0.0, 0.0, -2.2087000100376346, 0.18038379016357575
412, 4.118439425051334, 2.0420027778166223, 1.346390201020242, 0.9093010678761727, 2.2434565242491975, 0.0, 0.0, -2.2304339131326545, 0.18754510870349672
413, 4.128459958932238, 2.0510957884953838, 1.3688247662627337, 0.9093010678761727, 2.2434565242491975, 0.0, 0.0, -2.2510051290637327, 0.19564282691397938
414, 4.138480492813142, 2.0601887991741457, 1.3912593315052257, 0.9093010678761727, 2.2434565242491975, 0.0, 0.0, -2.270418900391725, 0.20466893493600635
415, 4.148501026694046, 2.0692818098529075, 1.4136938967477177, 0.9093010678761727, 2.2434565242491975, 0.0, 0.0, -2.2886814565757567, 0.21461449617838269
416, 4.158521560574949, 2.078374820531669, 1.4361284619902097, 0.9093010678761727, 2.2434565242491975, 0.0, 0.0, -2.305800005511305, 0.22546965618249415
417, 4.1685420944558516, 2.087467831210431, 1.4585630272327017, 0.9093010678761727, 2.2434565242491975, 0.0, 0.0, -2.3217827241281244, 0.23722365240136578
418, 4.178562628336755, 2.0965608418891923, 1.4809975924751937, 0.9093010678761727, 2.2434565242491975, 0.0, 0.0, -2.3366387480576236, 0.2498648248833023
419, 4.188583162217659, 2.1056538525679542, 1.5034321577176857, 0.9093010678761727, 2.2434565242491975, 0.0, 0.0, -2.350378160380233, 0.26338062784949956
420, 4.198603696098563, 2.114746863246716, 1.5258667229601777, 0.9093010678761727, 2.2434565242491975, 0.0, 0.0, -2.363011979464138, 0.2777576421541298
421, 4.208624229979466, 2.123839873925478, 1.5483012882026697, 0.9093010678761727, 2.2434565242491975, 0.0, 0.0, -2.374552145907723, 0.29298158861451495
422, 4.218644763860369, 2.1329328846042395, 1.5707358534451614, 0.9093010678761727, 2.2434565242491975, 0.0, 0.0, -2.3850115085988888, 0.30903734219814805
423, 4.228665297741273, 2.142025895283001, 1.5931704186876534, 0.9093010678761727, 2.2434565242491975, 0.0, 0.0, -2.394403809905305, 0.3259089470524621
424, 4.238685831622177, 2.151118905961763, 1.6156049839301454, 0.9093010678761727, 2.2434565242491975, 0.0, 0.0, -2.402743670010488, 0.34357963236240896
425, 4.248706365503081, 2.1602119166405247, 1.6380395491726374, 0.9093010678761727, 2.2434565242491975, 0.0, 0.0, -2.41004657041146, 0.36203182902009123
426, 4.2587268993839835, 2.1693049273192866, 1.6604741144151294, 0.9093010678761727, 2.2434565242491975, 0.0, 0.0, -2.4163288365945355, 0.3812471870898746
427, 4.2687474332648865, 2.178397937998048, 1.6829086796576214, 0.9093010678761727, 2.2434565242491975, 0.0, 0.0, -2.4216076199066046, 0.40120659405162407
428, 4.27876796714579, 2.18749094867681, 1.7053432449001134, 0.9093010678761727, 2.2434565242491975, 0.0, 0.0, -2.4259008786400735, 0.42189019380392634
429, 4.288788501026694, 2.1965839593555714, 1.7277778101426051, 0.9093010678761727, 2.2434565242491975, 0.0, 0.0, -2.429227358350358, 0.4432774064084082
430, 4.298809034907598, 2.2056769700343333, 1.750212375385097, 0.9093010678761727, 2.2434565242491975, 0.0, 0.0, -2.431606571425638, 0.46534694855552683
431, 4.308829568788501, 2.214769980713095, 1.772646940627589, 0.9093010678761727, 2.2434565242491975, 0.0, 0.0, -2.4330587759292377, 0.48807685473147366
432, 4.318850102669405, 2.2238629913918566, 1.795081505870081, 0.9093010678761727, 2.2434565242491975, 0.0, 0.0, -2.433604953735775, 0.5114444990651619
433, 4.328870636550308, 2.2329560020706185, 1.817516071112573, 0.9093010678761727, 2.2434565242491975, 0.0, 0.0, -2.433266787982863, 0.5354266178335665
434, 4.338891170431212, 2.24204901274938, 1.839950636355065, 0.9093010678761727, 2.2434565242491975, 0.0, 0.0, -2.432066639860841, 0.5599993326030396
435, 4.348911704312115, 2.251142023428142, 1.862385201597557, 0.9093010678761727, 2.2434565242491975, 0.0, 0.0, -2.4300275247636547, 0.5851381739835988
436, 4.3589322381930184, 2.2602350341069037, 1.884819766840049, 0.9093010678761727, 2.2434565242491975, 0.0, 0.0, -2.4271730878246167, 0.6108181059725588
437, 4.368952772073922, 2.269328044785665, 1.907254332082541, 0.9093010678761727, 2.2434565242491975, 0.0, 0.0, -2.4235275788613913, 0.6370135508633052
438, 4.378973305954825, 2.278421055464427, 1.929688897325033, 0.9093010678761727, 2.2434565242491975, 0.0, 0.0, -2.419115826755118, 0.6636984146944418
439, 4.388993839835729, 2.2875140661431885, 1.952123462567525, 0.9093010678761727, 2.2434565242491975, 0.0, 0.0, -2.4139632132891298, 0.6908461132139949
440, 4.399014373716632, 2.2966070768219504, 1.974558027810017, 0.9093010678761727, 2.2434565242491975, 0.0, 0.0, -2.4080956464732615, 0.7184295983328683
441, 4.409034907597536, 2.3057000875007123, 1.996992593052509, 0.9093010678761727, 2.2434565242491975, 0.0, 0.0, -2.4015395333802387, 0.7464213850412244
442, 4.41905544147844, 2.3147930981794738, 2.019427158295001, 0.9093010678761727, 2.2434565242491975, 0.0, 0.0, -2.394321752521096, 0.7747935787610362
443, 4.429075975359343, 2.3238861088582357, 2.041861723537493, 0.9093010678761727, 2.2434565242491975, 0.0, 0.0, -2.3864696257870546, 0.8035179031076005
444, 4.439096509240247, 2.3329791195369975, 2.064296288779985, 0.9093010678761727, 2.2434565242491975, 0.0, 0.0, -2.378010889985657, 0.8325657280324005
445, 4.4491170431211495, 2.342072130215759, 2.086730854022477, 0.9093010678761727, 2.2434565242491975, 0.0, 0.0, -2.3689736679994042, 0.8619080983193284
446, 4.459137577002053, 2.351165140894521, 2.109165419264969, 0.9093010678761727, 2.2434565242491975, 0.0, 0.0, -2.359386439595467, 0.8915157624059296
447, 4.469158110882957, 2.360258151573283, 2.131599984507461, 0.9093010678761727, 2.2434565242491975, 0.0, 0.0, -2.349278011915377, 0.9213592015009893
448, 4.47917864476386, 2.3693511622520442, 2.154034549749953, 0.9093010678761727, 2.2434565242491975, 0.0, 0.0, -2.3386774896739495, 0.9514086589695134
449, 4.489199178644764, 2.378444172930806, 2.176469114992445, 0.9093010678761727, 2.2434565242491975, 0.0, 0.0, -2.327614245096917, 0.9816341699558674
450, 4.499219712525667, 2.3875371836095676, 2.198903680234937, 0.9093010678761727, 2.2434565242491975, 0.0, 0.0, -2.316117887627033, 1.0120055912156023
451, 4.509240246406571, 2.3966301942883295, 2.221338245477429, 0.9093010678761727, 2.2434565242491975, 0.0, 0.0, -2.304218233428617, 1.042492631126304
452, 4.519260780287475, 2.4057232049670914, 2.243772810719921, 0.9093010678761727, 2.2434565242491975, 0.0, 0.0, -2.2919452747207054, 1.0730648798476004
453, 4.529281314168378, 2.4148162156458532, 2.266207375962413, 0.9093010678761727, 2.2434565242491975, 0.0, 0.0, -2.2793291489691105, 1.1036918396003326
454, 4.5393018480492815, 2.4239092263246147, 2.288641941204905, 0.9093010678761727, 2.2434565242491975, 0.0, 0.0, -2.266400107967863, 1.1343429550347615
455, 4.5493223819301845, 2.433002237003376, 2.311076506447397, 0.9093010678761727, 2.2434565242491975, 0.0, 0.0, -2.2531884868405636, 1.1649876436576052
456, 4.559342915811088, 2.442095247682138, 2.333511071689889, 0.9093010678761727, 2.2434565242491975, 0.0, 0.0, -2.2397246729922755, 1.1955953262876273
457, 4.569363449691992, 2.4511882583609, 2.355945636932381, 0.9093010678761727, 2.2434565242491975, 0.0, 0.0, -2.226039075042608, 1.2261354575094843
458, 4.579383983572895, 2.4602812690396614, 2.3783802021748723, 0.9093010678761727, 2.2434565242491975, 0.0, 0.0, -2.212162091770661, 1.2565775560955281
459, 4.589404517453799, 2.4693742797184233, 2.4008147674173643, 0.9093010678761727, 2.2434565242491975, 0.0, 0.0, -2.1981240811024825, 1.2868912353653033
460, 4.599425051334702, 2.4784672903971847, 2.4232493326598563, 0.9093010678761727, 2.2434565242491975, 0.0, 0.0, -2.1839553291716105, 1.3170462334525164
461, 4.609445585215606, 2.4875603010759466, 2.4456838979023483, 0.9093010678761727, 2.2434565242491975, 0.0, 0.0, -2.169686019483234, 1.3470124434493844
462, 4.61946611909651, 2.4966533117547085, 2.4681184631448403, 0.9093010678761727, 2.2434565242491975, 0.0, 0.0, -2.1553462022123573, 1.3767599433983462
463, 4.629486652977413, 2.5057463224334704, 2.4905530283873323, 0.9093010678761727, 2.2434565242491975, 0.0, 0.0, -2.140965763666225, 1.4062590261013084
464, 4.639507186858316, 2.514839333112232, 2.5129875936298243, 0.9093010678761727, 2.2434565242491975, 0.0, 0.0, -2.1265743959410996, 1.4354802287167565
465, 4.649527720739219, 2.5239323437909933, 2.5354221588723163, 0.9093010678761727, 2.2434565242491975, 0.0, 0.0, -2.112201566803269, 1.4643943621152828
466, 4.659548254620123, 2.533025354469755, 2.5578567241148082, 0.9093010678761727, 2.2434565242491975, 0.0, 0.0, -2.0978764898239244, 1.4929725399643115
467, 4.669568788501027, 2.542118365148517, 2.5802912893573002, 0.9093010678761727, 2.2434565242491975, 0.0, 0.0, -2.0836280947973207, 1.5211862075130829
468, 4.67958932238193, 2.551211375827279, 2.602725854599792, 0.9093010678761727, 2.2434565242491975, 0.0, 0.0, -2.0694849984713035, 1.549007170049247
469, 4.689609856262833, 2.560067445343122, 2.624575831066804, 0.8628990810308774, 2.128972066016515, -4.5415741106888285, -11.205116136929027, -2.144890530849601, 1.4233900231930288
470, 4.699630390143737, 2.5684693574478965, 2.6453052959201226, 0.8174833399239891, 2.016920904647225, -4.5415741106888285, -11.205116136929027, -2.1430290804351824, 1.3925126162613166
471, 4.709650924024641, 2.576417112141602, 2.6649142491597484, 0.7720675988171011, 1.9048697432779351, -4.5415741106888285, -11.205116136929027, -2.1433535940676807, 1.3599254150389017
472, 4.7196714579055445, 2.5839107094242384, 2.683402690785681, 0.7266518577102127, 1.7928185819086446, -4.5415741106888285, -11.205116136929027, -2.145746623000759, 1.3256709719308786
473, 4.7296919917864475, 2.5909501492958062, 2.700770620797921, 0.6812361166033244, 1.6807674205393544, -4.5415741106888285, -11.205116136929027, -2.1500895833366314, 1.2897941289458106
474, 4.7397125256673505, 2.597535431756305, 2.7170180391964682, 0.6358203754964361, 1.5687162591700643, -4.5415741106888285, -11.205116136929027, -2.1562643571370734, 1.2523411126475241
475, 4.749733059548254, 2.603666556805735, 2.7321449459813225, 0.5904046343895479, 1.456665097800774, -4.5415741106888285, -11.205116136929027, -2.1641547368440257, 1.2133587018384815
476, 4.759753593429158, 2.609343524444096, 2.746151341152484, 0.5449888932826596, 1.3446139364314837, -4.5415741106888285, -11.205116136929027, -2.1736477214825474, 1.1728934663804824
477, 4.769774127310062, 2.6145663346713883, 2.759037224709952, 0.49957315217577136, 1.2325627750621937, -4.5415741106888285, -11.205116136929027, -2.1846346735127122, 1.1309910750676144
478, 4.779794661190965, 2.6193349874876115, 2.7708025966537275, 0.45415741106888313, 1.1205116136929034, -4.5415741106888285, -11.205116136929027, -2.1970123453738974, 1.0876956701053708
479, 4.789815195071869, 2.6236494828927657, 2.7814474569838104, 0.40874166996199485, 1.0084604523236131, -4.5415741106888285, -11.205116136929027, -2.2106837847486522, 1.0430493055067238
480, 4.799835728952772, 2.6275098208868513, 2.7909718057001998, 0.3633259288551066, 0.8964092909543229, -4.5415741106888285, -11.205116136929027, -2.2255591273864246, 0.997091446578902
481, 4.809856262833676, 2.630916001469868, 2.7993756428028966, 0.31791018774821833, 0.7843581295850328, -4.5415741106888285, -11.205116136929027, -2.241556285990883, 0.9498585276323502
482, 4.8198767967145795, 2.633868024641816, 2.8066589682919005, 0.27249444664133, 0.6723069682157424, -4.5415741106888285, -11.205116136929027, -2.2586015432080204, 0.90138356508493
483, 4.829897330595482, 2.6363658904026943, 2.8128217821672115, 0.2270787055344418, 0.5602558068464523, -4.5415741106888285, -11.205116136929027, -2.2766300561734116, 0.8516958232495281
484, 4.839917864476386, 2.6384095987525042, 2.8178640844288294, 0.1816629644275536, 0.44820464547716227, -4.5415741106888285, -11.205116136929027, -2.29558627940273, 0.8008205302721233
485, 4.849938398357289, 2.6399991496912456, 2.821785875076755, 0.13624722332066527, 0.3361534841078719, -4.5415741106888285, -11.205116136929027, -2.315424312054544, 0.7487786419208254
486, 4.859958932238193, 2.641134543218918, 2.824587154110987, 0.09083148221377696, 0.22410232273858152, -4.5415741106888285, -11.205116136929027, -2.3361081747725336, 0.6955866512058746
487, 4.869979466119097, 2.6418157793355213, 2.8262679215315263, 0.045415741106888764, 0.11205116136929145, -4.5415741106888285, -11.205116136929027, -2.3576120204378244, 0.6412564421279859
488, 4.88, 2.6420428580410555, 2.8268281773383728, 5.672430163944288e-16, 1.3995200169919682e-15, -4.5415741106888285, -11.205116136929027, -2.379920282242668, 0.5857951862001228
